"Step","dulcet-rain-4 - train/sigreg","dulcet-rain-4 - train/sigreg__MIN","dulcet-rain-4 - train/sigreg__MAX"
"59","8.3125","8.3125","8.3125"
"72","8.3125","8.3125","8.3125"
"118","7.8125","7.8125","7.8125"
"148","7.40625","7.40625","7.40625"
"150","6.78125","6.78125","6.78125"
"153","7.90625","7.90625","7.90625"
"154","8.3125","8.3125","8.3125"
"163","7.53125","7.53125","7.53125"
"184","7.90625","7.90625","7.90625"
"224","7.21875","7.21875","7.21875"
"258","7.34375","7.34375","7.34375"
"265","7.4375","7.4375","7.4375"
"277","7.8125","7.8125","7.8125"
"280","8.4375","8.4375","8.4375"
"301","7.25","7.25","7.25"
"305","7.3125","7.3125","7.3125"
"318","8.3125","8.3125","8.3125"
"337","7.4375","7.4375","7.4375"
"353","8.375","8.375","8.375"
"389","7.5625","7.5625","7.5625"
"425","6.53125","6.53125","6.53125"
"430","8.125","8.125","8.125"
"477","7.875","7.875","7.875"
"515","8.75","8.75","8.75"
"534","7.8125","7.8125","7.8125"
"586","6.3125","6.3125","6.3125"
"614","6.5","6.5","6.5"
"647","6.3125","6.3125","6.3125"
"653","6.53125","6.53125","6.53125"
"753","6.6875","6.6875","6.6875"
"764","6.21875","6.21875","6.21875"
"790","7.03125","7.03125","7.03125"
"808","6.34375","6.34375","6.34375"
"924","6.25","6.25","6.25"
"950","5.9375","5.9375","5.9375"
"964","5.71875","5.71875","5.71875"
"967","6.625","6.625","6.625"
"993","7.46875","7.46875","7.46875"
"999","6","6","6"
"1000","5.6875","5.6875","5.6875"
"1023","5.8125","5.8125","5.8125"
"1052","6.28125","6.28125","6.28125"
"1069","6.4375","6.4375","6.4375"
"1077","5.75","5.75","5.75"
"1115","6.3125","6.3125","6.3125"
"1131","5.9375","5.9375","5.9375"
"1133","5.53125","5.53125","5.53125"
"1139","5.96875","5.96875","5.96875"
"1167","6.09375","6.09375","6.09375"
"1170","5.75","5.75","5.75"
"1186","5.5","5.5","5.5"
"1220","5.78125","5.78125","5.78125"
"1236","6.40625","6.40625","6.40625"
"1242","5.28125","5.28125","5.28125"
"1256","4.96875","4.96875","4.96875"
"1272","5.0625","5.0625","5.0625"
"1275","5.28125","5.28125","5.28125"
"1355","6.59375","6.59375","6.59375"
"1370","6.59375","6.59375","6.59375"
"1432","5.15625","5.15625","5.15625"
"1450","4.8125","4.8125","4.8125"
"1451","4.4375","4.4375","4.4375"
"1452","4.75","4.75","4.75"
"1474","5.1875","5.1875","5.1875"
"1506","5.375","5.375","5.375"
"1512","5.40625","5.40625","5.40625"
"1536","4.78125","4.78125","4.78125"
"1581","5.65625","5.65625","5.65625"
"1603","5","5","5"
"1691","5.375","5.375","5.375"
"1707","5.15625","5.15625","5.15625"
"1723","4.625","4.625","4.625"
"1746","5.96875","5.96875","5.96875"
"1765","6","6","6"
"1779","6.09375","6.09375","6.09375"
"1788","5.1875","5.1875","5.1875"
"1798","5.40625","5.40625","5.40625"
"1820","6.0625","6.0625","6.0625"
"1827","5.53125","5.53125","5.53125"
"1836","5.84375","5.84375","5.84375"
"1838","5.28125","5.28125","5.28125"
"1839","5.5","5.5","5.5"
"1903","5.53125","5.53125","5.53125"
"1939","6.21875","6.21875","6.21875"
"1950","5.28125","5.28125","5.28125"
"1962","5.375","5.375","5.375"
"1991","6.15625","6.15625","6.15625"
"1997","4.46875","4.46875","4.46875"
"2020","5.3125","5.3125","5.3125"
"2034","5.71875","5.71875","5.71875"
"2040","5.46875","5.46875","5.46875"
"2055","4.5625","4.5625","4.5625"
"2075","5.40625","5.40625","5.40625"
"2112","5.0625","5.0625","5.0625"
"2159","5.4375","5.4375","5.4375"
"2171","5.03125","5.03125","5.03125"
"2178","5.625","5.625","5.625"
"2191","5.84375","5.84375","5.84375"
"2194","5.9375","5.9375","5.9375"
"2196","5.5625","5.5625","5.5625"
"2208","5.53125","5.53125","5.53125"
"2270","5.21875","5.21875","5.21875"
"2290","4.59375","4.59375","4.59375"
"2302","4.75","4.75","4.75"
"2309","5.15625","5.15625","5.15625"
"2335","4.5625","4.5625","4.5625"
"2359","5.53125","5.53125","5.53125"
"2386","5.9375","5.9375","5.9375"
"2427","4.65625","4.65625","4.65625"
"2430","5.4375","5.4375","5.4375"
"2436","5.78125","5.78125","5.78125"
"2467","6.0625","6.0625","6.0625"
"2541","5.3125","5.3125","5.3125"
"2550","5.0625","5.0625","5.0625"
"2557","4.6875","4.6875","4.6875"
"2571","4.78125","4.78125","4.78125"
"2598","4.8125","4.8125","4.8125"
"2632","5.40625","5.40625","5.40625"
"2671","5.1875","5.1875","5.1875"
"2681","4.9375","4.9375","4.9375"
"2716","5.8125","5.8125","5.8125"
"2741","6.21875","6.21875","6.21875"
"2761","5.4375","5.4375","5.4375"
"2824","4.90625","4.90625","4.90625"
"2830","6.25","6.25","6.25"
"2842","5.71875","5.71875","5.71875"
"2883","4.65625","4.65625","4.65625"
"2920","5","5","5"
"2968","5.25","5.25","5.25"
"2985","5.59375","5.59375","5.59375"
"3013","5.96875","5.96875","5.96875"
"3039","4.9375","4.9375","4.9375"
"3078","5.5625","5.5625","5.5625"
"3083","5.09375","5.09375","5.09375"
"3101","5.9375","5.9375","5.9375"
"3106","5.625","5.625","5.625"
"3127","4.5625","4.5625","4.5625"
"3134","5.875","5.875","5.875"
"3173","5.375","5.375","5.375"
"3177","4.3125","4.3125","4.3125"
"3225","4.4375","4.4375","4.4375"
"3284","4.71875","4.71875","4.71875"
"3285","4.90625","4.90625","4.90625"
"3317","4.8125","4.8125","4.8125"
"3327","4.53125","4.53125","4.53125"
"3346","5.21875","5.21875","5.21875"
"3352","5.46875","5.46875","5.46875"
"3367","5.84375","5.84375","5.84375"
"3383","5.375","5.375","5.375"
"3428","4.90625","4.90625","4.90625"
"3455","4.71875","4.71875","4.71875"
"3505","4.8125","4.8125","4.8125"
"3517","4.625","4.625","4.625"
"3539","5.09375","5.09375","5.09375"
"3575","5","5","5"
"3607","5.0625","5.0625","5.0625"
"3614","5.84375","5.84375","5.84375"
"3620","5.375","5.375","5.375"
"3622","4.625","4.625","4.625"
"3668","5.28125","5.28125","5.28125"
"3685","3.90625","3.90625","3.90625"
"3752","4.25","4.25","4.25"
"3761","5.09375","5.09375","5.09375"
"3770","4.6875","4.6875","4.6875"
"3806","5.1875","5.1875","5.1875"
"3815","4.65625","4.65625","4.65625"
"3830","5.28125","5.28125","5.28125"
"3849","5.09375","5.09375","5.09375"
"3870","6.0625","6.0625","6.0625"
"3884","4.59375","4.59375","4.59375"
"3891","5.09375","5.09375","5.09375"
"3900","5.28125","5.28125","5.28125"
"3905","4.53125","4.53125","4.53125"
"3934","4.90625","4.90625","4.90625"
"4006","3.890625","3.890625","3.890625"
"4022","4.28125","4.28125","4.28125"
"4025","5.15625","5.15625","5.15625"
"4029","4.875","4.875","4.875"
"4045","5.625","5.625","5.625"
"4067","4.34375","4.34375","4.34375"
"4114","5.1875","5.1875","5.1875"
"4145","4.96875","4.96875","4.96875"
"4162","5.3125","5.3125","5.3125"
"4176","5.625","5.625","5.625"
"4177","5","5","5"
"4189","5.21875","5.21875","5.21875"
"4227","4.9375","4.9375","4.9375"
"4295","4.71875","4.71875","4.71875"
"4335","5.15625","5.15625","5.15625"
"4351","5.6875","5.6875","5.6875"
"4383","4.1875","4.1875","4.1875"
"4416","5.3125","5.3125","5.3125"
"4434","5.0625","5.0625","5.0625"
"4438","4.5625","4.5625","4.5625"
"4440","4.9375","4.9375","4.9375"
"4468","5.53125","5.53125","5.53125"
"4496","4.34375","4.34375","4.34375"
"4502","4.78125","4.78125","4.78125"
"4504","4.875","4.875","4.875"
"4520","4.46875","4.46875","4.46875"
"4542","5.125","5.125","5.125"
"4594","4.84375","4.84375","4.84375"
"4624","5.03125","5.03125","5.03125"
"4646","5.5625","5.5625","5.5625"
"4663","5","5","5"
"4666","5.125","5.125","5.125"
"4681","5.34375","5.34375","5.34375"
"4687","4.96875","4.96875","4.96875"
"4751","4.90625","4.90625","4.90625"
"4906","4.78125","4.78125","4.78125"
"4951","4.9375","4.9375","4.9375"
"5020","4.5625","4.5625","4.5625"
"5052","5.25","5.25","5.25"
"5055","5.125","5.125","5.125"
"5058","4.59375","4.59375","4.59375"
"5093","5.1875","5.1875","5.1875"
"5157","5.28125","5.28125","5.28125"
"5181","4.5625","4.5625","4.5625"
"5185","4.8125","4.8125","4.8125"
"5235","4.65625","4.65625","4.65625"
"5265","5.1875","5.1875","5.1875"
"5283","5.5625","5.5625","5.5625"
"5311","4.8125","4.8125","4.8125"
"5331","5.15625","5.15625","5.15625"
"5345","4.65625","4.65625","4.65625"
"5354","5","5","5"
"5364","4.34375","4.34375","4.34375"
"5366","5.1875","5.1875","5.1875"
"5378","4.625","4.625","4.625"
"5387","4.53125","4.53125","4.53125"
"5406","4.53125","4.53125","4.53125"
"5408","5.3125","5.3125","5.3125"
"5414","4.5625","4.5625","4.5625"
"5437","5.21875","5.21875","5.21875"
"5456","4.84375","4.84375","4.84375"
"5491","5","5","5"
"5501","5.375","5.375","5.375"
"5562","5.78125","5.78125","5.78125"
"5588","5.03125","5.03125","5.03125"
"5599","5","5","5"
"5611","4.71875","4.71875","4.71875"
"5614","4.84375","4.84375","4.84375"
"5622","4.96875","4.96875","4.96875"
"5680","5.03125","5.03125","5.03125"
"5733","4.875","4.875","4.875"
"5760","5.46875","5.46875","5.46875"
"5788","5.25","5.25","5.25"
"5792","4.53125","4.53125","4.53125"
"5843","4.5","4.5","4.5"
"5866","4.75","4.75","4.75"
"5924","4.5625","4.5625","4.5625"
"5957","4.53125","4.53125","4.53125"
"5967","5.6875","5.6875","5.6875"
"5976","5.125","5.125","5.125"
"5992","4.4375","4.4375","4.4375"
"6027","4.84375","4.84375","4.84375"
"6043","5.1875","5.1875","5.1875"
"6046","4.90625","4.90625","4.90625"
"6107","4.78125","4.78125","4.78125"
"6109","4.9375","4.9375","4.9375"
"6145","4.84375","4.84375","4.84375"
"6217","4.375","4.375","4.375"
"6242","4.8125","4.8125","4.8125"
"6253","4.875","4.875","4.875"
"6264","4.53125","4.53125","4.53125"
"6318","4.8125","4.8125","4.8125"
"6333","4.59375","4.59375","4.59375"
"6339","4.75","4.75","4.75"
"6343","4.5","4.5","4.5"
"6355","4.625","4.625","4.625"
"6378","4.3125","4.3125","4.3125"
"6391","5","5","5"
"6461","4.59375","4.59375","4.59375"
"6463","4.5625","4.5625","4.5625"
"6468","4.4375","4.4375","4.4375"
"6476","4.59375","4.59375","4.59375"
"6505","4.46875","4.46875","4.46875"
"6517","4.78125","4.78125","4.78125"
"6556","4.84375","4.84375","4.84375"
"6574","5.0625","5.0625","5.0625"
"6587","4.0625","4.0625","4.0625"
"6625","4.78125","4.78125","4.78125"
"6649","4.25","4.25","4.25"
"6666","4.125","4.125","4.125"
"6681","4.59375","4.59375","4.59375"
"6695","4.5","4.5","4.5"
"6698","4.25","4.25","4.25"
"6713","4.625","4.625","4.625"
"6714","4.84375","4.84375","4.84375"
"6717","4.53125","4.53125","4.53125"
"6764","4.78125","4.78125","4.78125"
"6771","4.6875","4.6875","4.6875"
"6781","4.1875","4.1875","4.1875"
"6785","4.71875","4.71875","4.71875"
"6804","5.15625","5.15625","5.15625"
"6849","4.46875","4.46875","4.46875"
"6851","4.75","4.75","4.75"
"6909","4.125","4.125","4.125"
"6967","4.40625","4.40625","4.40625"
"6978","4.28125","4.28125","4.28125"
"6996","4.625","4.625","4.625"
"7027","4.71875","4.71875","4.71875"
"7079","4.125","4.125","4.125"
"7084","4.71875","4.71875","4.71875"
"7087","4.28125","4.28125","4.28125"
"7100","4.34375","4.34375","4.34375"
"7136","4.34375","4.34375","4.34375"
"7224","4.28125","4.28125","4.28125"
"7236","5.0625","5.0625","5.0625"
"7262","4.4375","4.4375","4.4375"
"7263","4.21875","4.21875","4.21875"
"7272","4.28125","4.28125","4.28125"
"7299","5","5","5"
"7323","5.125","5.125","5.125"
"7325","4.25","4.25","4.25"
"7373","4.21875","4.21875","4.21875"
"7381","4.6875","4.6875","4.6875"
"7397","3.921875","3.921875","3.921875"
"7415","4.1875","4.1875","4.1875"
"7456","4.15625","4.15625","4.15625"
"7466","3.953125","3.953125","3.953125"
"7497","4.59375","4.59375","4.59375"
"7523","4.3125","4.3125","4.3125"
"7591","4.5","4.5","4.5"
"7625","4.25","4.25","4.25"
"7639","4.40625","4.40625","4.40625"
"7646","4.6875","4.6875","4.6875"
"7681","4.4375","4.4375","4.4375"
"7686","4","4","4"
"7692","3.8125","3.8125","3.8125"
"7696","4.53125","4.53125","4.53125"
"7734","4.5625","4.5625","4.5625"
"7736","3.90625","3.90625","3.90625"
"7743","4.125","4.125","4.125"
"7802","4.71875","4.71875","4.71875"
"7820","4.46875","4.46875","4.46875"
"7869","4.5625","4.5625","4.5625"
"7897","4.75","4.75","4.75"
"7927","4.03125","4.03125","4.03125"
"7934","4.625","4.625","4.625"
"7943","3.96875","3.96875","3.96875"
"7994","4.625","4.625","4.625"
"8019","4.15625","4.15625","4.15625"
"8021","4.21875","4.21875","4.21875"
"8045","3.890625","3.890625","3.890625"
"8077","3.71875","3.71875","3.71875"
"8117","4.3125","4.3125","4.3125"
"8178","4.53125","4.53125","4.53125"
"8193","3.84375","3.84375","3.84375"
"8236","4.40625","4.40625","4.40625"
"8258","4.4375","4.4375","4.4375"
"8262","4.78125","4.78125","4.78125"
"8267","4.34375","4.34375","4.34375"
"8288","4.53125","4.53125","4.53125"
"8310","4.375","4.375","4.375"
"8312","3.84375","3.84375","3.84375"
"8315","4.6875","4.6875","4.6875"
"8335","5.28125","5.28125","5.28125"
"8346","4.875","4.875","4.875"
"8358","4.09375","4.09375","4.09375"
"8359","3.953125","3.953125","3.953125"
"8362","4.09375","4.09375","4.09375"
"8364","4.15625","4.15625","4.15625"
"8400","4.28125","4.28125","4.28125"
"8441","5.21875","5.21875","5.21875"
"8453","4.3125","4.3125","4.3125"
"8495","4.34375","4.34375","4.34375"
"8502","4.0625","4.0625","4.0625"
"8572","4.0625","4.0625","4.0625"
"8598","4.3125","4.3125","4.3125"
"8650","3.90625","3.90625","3.90625"
"8690","4.375","4.375","4.375"
"8854","4.21875","4.21875","4.21875"
"8863","4.28125","4.28125","4.28125"
"8891","4","4","4"
"8936","4.125","4.125","4.125"
"8983","4.5625","4.5625","4.5625"
"9012","4.34375","4.34375","4.34375"
"9013","4.09375","4.09375","4.09375"
"9061","4.40625","4.40625","4.40625"
"9098","4.15625","4.15625","4.15625"
"9115","4.15625","4.15625","4.15625"
"9171","3.734375","3.734375","3.734375"
"9197","4.09375","4.09375","4.09375"
"9198","4.15625","4.15625","4.15625"
"9228","4.53125","4.53125","4.53125"
"9241","4.34375","4.34375","4.34375"
"9274","4.5625","4.5625","4.5625"
"9334","4.34375","4.34375","4.34375"
"9363","4.84375","4.84375","4.84375"
"9368","4.625","4.625","4.625"
"9377","4.46875","4.46875","4.46875"
"9379","4.5","4.5","4.5"
"9406","4.84375","4.84375","4.84375"
"9425","4.40625","4.40625","4.40625"
"9458","4.4375","4.4375","4.4375"
"9469","4.3125","4.3125","4.3125"
"9479","3.921875","3.921875","3.921875"
"9502","4.4375","4.4375","4.4375"
"9534","3.71875","3.71875","3.71875"
"9564","3.984375","3.984375","3.984375"
"9621","4","4","4"
"9637","4.125","4.125","4.125"
"9644","3.640625","3.640625","3.640625"
"9648","3.84375","3.84375","3.84375"
"9665","5.03125","5.03125","5.03125"
"9667","3.796875","3.796875","3.796875"
"9700","4.5","4.5","4.5"
"9713","4.28125","4.28125","4.28125"
"9784","4.21875","4.21875","4.21875"
"9787","4.71875","4.71875","4.71875"
"9822","4.375","4.375","4.375"
"9869","4.5","4.5","4.5"
"9885","3.890625","3.890625","3.890625"
"9916","4","4","4"
"9942","4.53125","4.53125","4.53125"
"9966","4.46875","4.46875","4.46875"
"10026","4.0625","4.0625","4.0625"
"10062","4.5625","4.5625","4.5625"
"10109","4.4375","4.4375","4.4375"
"10131","3.9375","3.9375","3.9375"
"10138","4.40625","4.40625","4.40625"
"10139","4","4","4"
"10140","3.84375","3.84375","3.84375"
"10186","4.1875","4.1875","4.1875"
"10193","4.5625","4.5625","4.5625"
"10197","4.71875","4.71875","4.71875"
"10200","4.375","4.375","4.375"
"10218","3.890625","3.890625","3.890625"
"10243","3.734375","3.734375","3.734375"
"10262","3.953125","3.953125","3.953125"
"10271","4.40625","4.40625","4.40625"
"10282","4.3125","4.3125","4.3125"
"10302","4.34375","4.34375","4.34375"
"10324","3.890625","3.890625","3.890625"
"10329","4.3125","4.3125","4.3125"
"10388","3.6875","3.6875","3.6875"
"10415","3.953125","3.953125","3.953125"
"10488","4.34375","4.34375","4.34375"
"10504","4.21875","4.21875","4.21875"
"10559","4.1875","4.1875","4.1875"
"10599","4","4","4"
"10641","4.15625","4.15625","4.15625"
"10663","3.328125","3.328125","3.328125"
"10698","4.5","4.5","4.5"
"10733","3.75","3.75","3.75"
"10766","3.578125","3.578125","3.578125"
"10809","4.5625","4.5625","4.5625"
"10815","4.6875","4.6875","4.6875"
"10821","3.484375","3.484375","3.484375"
"10843","4.53125","4.53125","4.53125"
"10932","3.875","3.875","3.875"
"10968","3.9375","3.9375","3.9375"
"10986","4.3125","4.3125","4.3125"
"11016","4.3125","4.3125","4.3125"
"11020","4.1875","4.1875","4.1875"
"11021","4.15625","4.15625","4.15625"
"11103","4.40625","4.40625","4.40625"
"11111","4.1875","4.1875","4.1875"
"11160","3.8125","3.8125","3.8125"
"11170","4.15625","4.15625","4.15625"
"11197","3.90625","3.90625","3.90625"
"11198","4.53125","4.53125","4.53125"
"11219","3.90625","3.90625","3.90625"
"11269","4.78125","4.78125","4.78125"
"11272","4.03125","4.03125","4.03125"
"11296","4.21875","4.21875","4.21875"
"11315","4","4","4"
"11338","4.09375","4.09375","4.09375"
"11343","4.34375","4.34375","4.34375"
"11347","4.375","4.375","4.375"
"11353","4.15625","4.15625","4.15625"
"11392","4.1875","4.1875","4.1875"
"11411","4.40625","4.40625","4.40625"
"11503","4.40625","4.40625","4.40625"
"11557","4.03125","4.03125","4.03125"
"11568","3.984375","3.984375","3.984375"
"11570","4.03125","4.03125","4.03125"
"11590","4.40625","4.40625","4.40625"
"11603","4.46875","4.46875","4.46875"
"11629","4.4375","4.4375","4.4375"
"11633","3.96875","3.96875","3.96875"
"11646","4.15625","4.15625","4.15625"
"11668","3.640625","3.640625","3.640625"
"11671","3.703125","3.703125","3.703125"
"11686","4.53125","4.53125","4.53125"
"11708","4.125","4.125","4.125"
"11711","3.859375","3.859375","3.859375"
"11781","4.3125","4.3125","4.3125"
"11836","3.90625","3.90625","3.90625"
"11853","4.53125","4.53125","4.53125"
"11919","4.125","4.125","4.125"
"11979","3.328125","3.328125","3.328125"
"12028","4.15625","4.15625","4.15625"
"12088","3.875","3.875","3.875"
"12098","4.0625","4.0625","4.0625"
"12109","3.984375","3.984375","3.984375"
"12124","4.25","4.25","4.25"
"12160","3.921875","3.921875","3.921875"
"12217","4.09375","4.09375","4.09375"
"12229","4.4375","4.4375","4.4375"
"12283","4.5625","4.5625","4.5625"
"12335","3.546875","3.546875","3.546875"
"12337","4.15625","4.15625","4.15625"
"12345","3.765625","3.765625","3.765625"
"12413","3.6875","3.6875","3.6875"
"12429","4.1875","4.1875","4.1875"
"12452","4.03125","4.03125","4.03125"
"12539","4.1875","4.1875","4.1875"
"12543","3.890625","3.890625","3.890625"
"12567","3.9375","3.9375","3.9375"
"12574","3.84375","3.84375","3.84375"
"12608","3.796875","3.796875","3.796875"
"12643","4.5625","4.5625","4.5625"
"12684","4.15625","4.15625","4.15625"
"12704","4.1875","4.1875","4.1875"
"12717","3.890625","3.890625","3.890625"
"12774","4.15625","4.15625","4.15625"
"12779","4.3125","4.3125","4.3125"
"12791","3.828125","3.828125","3.828125"
"12849","3.875","3.875","3.875"
"12851","3.59375","3.59375","3.59375"
"12862","4.125","4.125","4.125"
"12884","4.09375","4.09375","4.09375"
"12925","4.15625","4.15625","4.15625"
"12936","3.9375","3.9375","3.9375"
"12972","3.703125","3.703125","3.703125"
"12974","4.28125","4.28125","4.28125"
"12999","4.1875","4.1875","4.1875"
"13008","4.34375","4.34375","4.34375"
"13014","3.828125","3.828125","3.828125"
"13025","3.8125","3.8125","3.8125"
"13045","4.0625","4.0625","4.0625"
"13059","4.09375","4.09375","4.09375"
"13078","3.6875","3.6875","3.6875"
"13082","4.34375","4.34375","4.34375"
"13116","4.28125","4.28125","4.28125"
"13157","4.0625","4.0625","4.0625"
"13159","3.90625","3.90625","3.90625"
"13182","3.84375","3.84375","3.84375"
"13218","3.8125","3.8125","3.8125"
"13220","4.125","4.125","4.125"
"13281","3.84375","3.84375","3.84375"
"13302","3.25","3.25","3.25"
"13323","4.21875","4.21875","4.21875"
"13344","4.09375","4.09375","4.09375"
"13366","4.53125","4.53125","4.53125"
"13377","3.59375","3.59375","3.59375"
"13381","4.125","4.125","4.125"
"13385","3.984375","3.984375","3.984375"
"13402","4.0625","4.0625","4.0625"
"13433","3.96875","3.96875","3.96875"
"13498","4.1875","4.1875","4.1875"
"13501","3.71875","3.71875","3.71875"
"13538","4.21875","4.21875","4.21875"
"13543","3.75","3.75","3.75"
"13545","4.15625","4.15625","4.15625"
"13558","4.28125","4.28125","4.28125"
"13559","4.03125","4.03125","4.03125"
"13587","4.25","4.25","4.25"
"13608","4.0625","4.0625","4.0625"
"13611","4.09375","4.09375","4.09375"
"13632","4.28125","4.28125","4.28125"
"13636","4.03125","4.03125","4.03125"
"13642","3.9375","3.9375","3.9375"
"13649","4.1875","4.1875","4.1875"
"13705","4","4","4"
"13754","4.09375","4.09375","4.09375"
"13867","4.28125","4.28125","4.28125"
"13899","4.375","4.375","4.375"
"13947","4.28125","4.28125","4.28125"
"13995","4.0625","4.0625","4.0625"
"14004","3.828125","3.828125","3.828125"
"14021","3.78125","3.78125","3.78125"
"14046","3.546875","3.546875","3.546875"
"14065","4.25","4.25","4.25"
"14096","4.4375","4.4375","4.4375"
"14126","4.0625","4.0625","4.0625"
"14137","4.21875","4.21875","4.21875"
"14139","4.1875","4.1875","4.1875"
"14143","4.1875","4.1875","4.1875"
"14177","3.796875","3.796875","3.796875"
"14188","4.125","4.125","4.125"
"14217","4.0625","4.0625","4.0625"
"14225","4.25","4.25","4.25"
"14255","3.875","3.875","3.875"
"14294","4.28125","4.28125","4.28125"
"14301","3.96875","3.96875","3.96875"
"14339","3.84375","3.84375","3.84375"
"14346","3.671875","3.671875","3.671875"
"14385","4.15625","4.15625","4.15625"
"14427","3.8125","3.8125","3.8125"
"14466","3.5","3.5","3.5"
"14487","4.03125","4.03125","4.03125"
"14510","3.59375","3.59375","3.59375"
"14531","4","4","4"
"14533","4.15625","4.15625","4.15625"
"14564","3.78125","3.78125","3.78125"
"14578","4.1875","4.1875","4.1875"
"14616","3.5625","3.5625","3.5625"
"14683","3.9375","3.9375","3.9375"
"14695","3.375","3.375","3.375"
"14712","3.671875","3.671875","3.671875"
"14716","3.796875","3.796875","3.796875"
"14736","3.484375","3.484375","3.484375"
"14757","4","4","4"
"14766","4.125","4.125","4.125"
"14767","3.75","3.75","3.75"
"14772","3.828125","3.828125","3.828125"
"14773","3.890625","3.890625","3.890625"
"14782","3.75","3.75","3.75"
"14785","3.578125","3.578125","3.578125"
"14795","3.71875","3.71875","3.71875"
"14832","4.03125","4.03125","4.03125"
"14834","3.5625","3.5625","3.5625"
"14875","3.828125","3.828125","3.828125"
"14899","4.03125","4.03125","4.03125"
"14919","3.875","3.875","3.875"
"14934","3.875","3.875","3.875"
"14938","3.734375","3.734375","3.734375"
"14959","4.09375","4.09375","4.09375"
"14974","3.59375","3.59375","3.59375"
"14978","4.03125","4.03125","4.03125"
"14981","3.5","3.5","3.5"
"15005","4.125","4.125","4.125"
"15032","4.3125","4.3125","4.3125"
"15038","3.546875","3.546875","3.546875"
"15053","4.03125","4.03125","4.03125"
"15063","3.84375","3.84375","3.84375"
"15070","4.125","4.125","4.125"
"15149","3.96875","3.96875","3.96875"
"15182","3.828125","3.828125","3.828125"
"15190","3.984375","3.984375","3.984375"
"15201","4","4","4"
"15215","3.546875","3.546875","3.546875"
"15269","3.84375","3.84375","3.84375"
"15285","3.921875","3.921875","3.921875"
"15293","3.90625","3.90625","3.90625"
"15295","3.890625","3.890625","3.890625"
"15311","4.78125","4.78125","4.78125"
"15333","4.21875","4.21875","4.21875"
"15360","3.71875","3.71875","3.71875"
"15418","4.09375","4.09375","4.09375"
"15437","4","4","4"
"15473","3.453125","3.453125","3.453125"
"15495","4.09375","4.09375","4.09375"
"15511","4.03125","4.03125","4.03125"
"15519","3.40625","3.40625","3.40625"
"15527","3.84375","3.84375","3.84375"
"15558","4","4","4"
"15568","4.28125","4.28125","4.28125"
"15635","3.8125","3.8125","3.8125"
"15671","4","4","4"
"15696","3.640625","3.640625","3.640625"
"15698","3.90625","3.90625","3.90625"
"15744","3.78125","3.78125","3.78125"
"15745","3.765625","3.765625","3.765625"
"15788","3.765625","3.765625","3.765625"
"15799","4.4375","4.4375","4.4375"
"15801","4.09375","4.09375","4.09375"
"15857","3.890625","3.890625","3.890625"
"15871","4.46875","4.46875","4.46875"
"15879","4.03125","4.03125","4.03125"
"15897","4.03125","4.03125","4.03125"
"15909","4.125","4.125","4.125"
"15931","3.78125","3.78125","3.78125"
"15941","3.890625","3.890625","3.890625"
"15943","4.09375","4.09375","4.09375"
"15951","3.84375","3.84375","3.84375"
"15971","4.5625","4.5625","4.5625"
"15976","3.84375","3.84375","3.84375"
"15979","3.875","3.875","3.875"
"15995","3.796875","3.796875","3.796875"
"16008","3.984375","3.984375","3.984375"
"16029","4.03125","4.03125","4.03125"
"16105","4.03125","4.03125","4.03125"
"16145","3.953125","3.953125","3.953125"
"16171","4","4","4"
"16196","4","4","4"
"16199","4.21875","4.21875","4.21875"
"16237","4.125","4.125","4.125"
"16247","3.828125","3.828125","3.828125"
"16277","3.953125","3.953125","3.953125"
"16304","3.890625","3.890625","3.890625"
"16342","4","4","4"
"16363","3.578125","3.578125","3.578125"
"16369","3.453125","3.453125","3.453125"
"16403","3.703125","3.703125","3.703125"
"16407","3.375","3.375","3.375"
"16465","3.859375","3.859375","3.859375"
"16538","3.953125","3.953125","3.953125"
"16585","3.734375","3.734375","3.734375"
"16586","3.609375","3.609375","3.609375"
"16596","3.5625","3.5625","3.5625"
"16597","3.875","3.875","3.875"
"16600","4.09375","4.09375","4.09375"
"16612","3.796875","3.796875","3.796875"
"16673","4.03125","4.03125","4.03125"
"16677","3.5625","3.5625","3.5625"
"16679","3.78125","3.78125","3.78125"
"16684","4.03125","4.03125","4.03125"
"16692","3.984375","3.984375","3.984375"
"16705","3.609375","3.609375","3.609375"
"16711","3.78125","3.78125","3.78125"
"16728","4.09375","4.09375","4.09375"
"16749","3.25","3.25","3.25"
"16780","4.15625","4.15625","4.15625"
"16787","4.0625","4.0625","4.0625"
"16795","3.984375","3.984375","3.984375"
"16814","3.78125","3.78125","3.78125"
"16870","3.90625","3.90625","3.90625"
"16879","3.640625","3.640625","3.640625"
"16910","4.25","4.25","4.25"
"16941","3.71875","3.71875","3.71875"
"16949","3.609375","3.609375","3.609375"
"16958","3.40625","3.40625","3.40625"
"16973","3.421875","3.421875","3.421875"
"17063","3.71875","3.71875","3.71875"
"17120","3.953125","3.953125","3.953125"
"17171","3.890625","3.890625","3.890625"
"17226","4.15625","4.15625","4.15625"
"17264","3.625","3.625","3.625"
"17283","4.34375","4.34375","4.34375"
"17314","4.09375","4.09375","4.09375"
"17343","4.03125","4.03125","4.03125"
"17370","3.671875","3.671875","3.671875"
"17386","4.125","4.125","4.125"
"17389","3.984375","3.984375","3.984375"
"17394","3.75","3.75","3.75"
"17403","3.6875","3.6875","3.6875"
"17441","3.765625","3.765625","3.765625"
"17444","3.734375","3.734375","3.734375"
"17447","3.71875","3.71875","3.71875"
"17467","3.84375","3.84375","3.84375"
"17525","3.640625","3.640625","3.640625"
"17541","4.125","4.125","4.125"
"17580","3.75","3.75","3.75"
"17630","3.8125","3.8125","3.8125"
"17679","3.78125","3.78125","3.78125"
"17716","3.296875","3.296875","3.296875"
"17741","3.6875","3.6875","3.6875"
"17747","3.765625","3.765625","3.765625"
"17748","3.53125","3.53125","3.53125"
"17794","4.25","4.25","4.25"
"17809","3.609375","3.609375","3.609375"
"17822","4.1875","4.1875","4.1875"
"17827","4.09375","4.09375","4.09375"
"17844","4.0625","4.0625","4.0625"
"17855","4.25","4.25","4.25"
"17895","4.03125","4.03125","4.03125"
"17900","4.15625","4.15625","4.15625"
"18004","4.15625","4.15625","4.15625"
"18009","3.734375","3.734375","3.734375"
"18012","4.21875","4.21875","4.21875"
"18054","3.78125","3.78125","3.78125"
"18083","3.984375","3.984375","3.984375"
"18151","3.953125","3.953125","3.953125"
"18205","3.84375","3.84375","3.84375"
"18314","4.3125","4.3125","4.3125"
"18325","3.734375","3.734375","3.734375"
"18380","3.6875","3.6875","3.6875"
"18408","4","4","4"
"18425","3.796875","3.796875","3.796875"
"18466","4.1875","4.1875","4.1875"
"18477","3.625","3.625","3.625"
"18517","3.6875","3.6875","3.6875"
"18548","4.34375","4.34375","4.34375"
"18611","3.359375","3.359375","3.359375"
"18612","3.34375","3.34375","3.34375"
"18632","3.890625","3.890625","3.890625"
"18652","3.578125","3.578125","3.578125"
"18656","3.703125","3.703125","3.703125"
"18729","3.484375","3.484375","3.484375"
"18734","3.703125","3.703125","3.703125"
"18754","4.15625","4.15625","4.15625"
"18767","3.59375","3.59375","3.59375"
"18784","3.8125","3.8125","3.8125"
"18843","3.6875","3.6875","3.6875"
"18862","4.0625","4.0625","4.0625"
"18865","3.953125","3.953125","3.953125"
"18880","3.859375","3.859375","3.859375"
"18934","3.546875","3.546875","3.546875"
"18941","3.765625","3.765625","3.765625"
"18957","3.890625","3.890625","3.890625"
"18976","4.15625","4.15625","4.15625"
"19066","3.84375","3.84375","3.84375"
"19103","3.71875","3.71875","3.71875"
"19156","3.859375","3.859375","3.859375"
"19230","3.640625","3.640625","3.640625"
"19261","3.28125","3.28125","3.28125"
"19330","3.5","3.5","3.5"
"19360","4","4","4"
"19452","4.375","4.375","4.375"
"19478","3.734375","3.734375","3.734375"
"19480","3.671875","3.671875","3.671875"
"19514","3.78125","3.78125","3.78125"
"19543","3.46875","3.46875","3.46875"
"19546","3.484375","3.484375","3.484375"
"19559","4.09375","4.09375","4.09375"
"19572","3.625","3.625","3.625"
"19594","3.921875","3.921875","3.921875"
"19611","4.53125","4.53125","4.53125"
"19613","3.640625","3.640625","3.640625"
"19650","3.609375","3.609375","3.609375"
"19683","3.890625","3.890625","3.890625"
"19724","3.5625","3.5625","3.5625"
"19725","3.5625","3.5625","3.5625"
"19769","3.65625","3.65625","3.65625"
"19777","3.671875","3.671875","3.671875"
"19826","4.125","4.125","4.125"
"19853","3.640625","3.640625","3.640625"
"19871","3.734375","3.734375","3.734375"
"19930","3.734375","3.734375","3.734375"
"19944","3.4375","3.4375","3.4375"
"19949","3.796875","3.796875","3.796875"
"19965","3.5625","3.5625","3.5625"
"19966","3.4375","3.4375","3.4375"
"19972","3.53125","3.53125","3.53125"
"19977","3.6875","3.6875","3.6875"
"19982","3.75","3.75","3.75"
"20001","3.59375","3.59375","3.59375"
"20003","3.265625","3.265625","3.265625"
"20005","3.8125","3.8125","3.8125"
"20047","3.484375","3.484375","3.484375"
"20120","3.1875","3.1875","3.1875"
"20187","3.46875","3.46875","3.46875"
"20197","3.625","3.625","3.625"
"20251","3.734375","3.734375","3.734375"
"20275","3.984375","3.984375","3.984375"
"20276","3.875","3.875","3.875"
"20308","3.625","3.625","3.625"
"20333","3.96875","3.96875","3.96875"
"20382","3.1875","3.1875","3.1875"
"20440","3.984375","3.984375","3.984375"
"20454","4.15625","4.15625","4.15625"
"20465","3.40625","3.40625","3.40625"
"20489","3.9375","3.9375","3.9375"
"20493","4.09375","4.09375","4.09375"
"20503","3.9375","3.9375","3.9375"
"20505","3.59375","3.59375","3.59375"
"20531","3.78125","3.78125","3.78125"
"20603","3.546875","3.546875","3.546875"
"20645","3.796875","3.796875","3.796875"
"20675","3.484375","3.484375","3.484375"
"20724","3.90625","3.90625","3.90625"
"20728","3.625","3.625","3.625"
"20736","3.421875","3.421875","3.421875"
"20764","3.84375","3.84375","3.84375"
"20782","3.421875","3.421875","3.421875"
"20794","3.453125","3.453125","3.453125"
"20832","3.5625","3.5625","3.5625"
"20864","3.53125","3.53125","3.53125"
"20866","3.515625","3.515625","3.515625"
"20889","3.71875","3.71875","3.71875"
"20897","3.875","3.875","3.875"
"20904","4.4375","4.4375","4.4375"
"20923","3.859375","3.859375","3.859375"
"20937","3.953125","3.953125","3.953125"
"20941","3.859375","3.859375","3.859375"
"20995","3.015625","3.015625","3.015625"
"21041","4.03125","4.03125","4.03125"
"21048","3.640625","3.640625","3.640625"
"21117","3.421875","3.421875","3.421875"
"21118","3.609375","3.609375","3.609375"
"21121","3.390625","3.390625","3.390625"
"21126","3.578125","3.578125","3.578125"
"21154","3.640625","3.640625","3.640625"
"21172","3.53125","3.53125","3.53125"
"21188","3.703125","3.703125","3.703125"
"21219","3.53125","3.53125","3.53125"
"21230","3.4375","3.4375","3.4375"
"21234","3.78125","3.78125","3.78125"
"21264","3.59375","3.59375","3.59375"
"21355","3.984375","3.984375","3.984375"
"21385","3.734375","3.734375","3.734375"
"21395","3.484375","3.484375","3.484375"
"21409","3.953125","3.953125","3.953125"
"21428","3.5625","3.5625","3.5625"
"21481","3.859375","3.859375","3.859375"
"21545","3.34375","3.34375","3.34375"
"21562","3.796875","3.796875","3.796875"
"21564","3.828125","3.828125","3.828125"
"21566","3.578125","3.578125","3.578125"
"21571","3.8125","3.8125","3.8125"
"21576","4","4","4"
"21619","3.609375","3.609375","3.609375"
"21646","3.015625","3.015625","3.015625"
"21662","3.96875","3.96875","3.96875"
"21739","3.5","3.5","3.5"
"21765","3.4375","3.4375","3.4375"
"21802","3.875","3.875","3.875"
"21939","3.84375","3.84375","3.84375"
"21949","3.390625","3.390625","3.390625"
"21971","3.78125","3.78125","3.78125"
"21988","3.640625","3.640625","3.640625"
"22026","3.390625","3.390625","3.390625"
"22028","3.625","3.625","3.625"
"22058","3.453125","3.453125","3.453125"
"22097","3.671875","3.671875","3.671875"
"22149","3.765625","3.765625","3.765625"
"22160","3.578125","3.578125","3.578125"
"22161","4.0625","4.0625","4.0625"
"22303","3.28125","3.28125","3.28125"
"22319","3.734375","3.734375","3.734375"
"22346","3.4375","3.4375","3.4375"
"22359","3.578125","3.578125","3.578125"
"22383","3.75","3.75","3.75"
"22386","3.890625","3.890625","3.890625"
"22391","3.9375","3.9375","3.9375"
"22432","3.59375","3.59375","3.59375"
"22435","3.40625","3.40625","3.40625"
"22502","3.515625","3.515625","3.515625"
"22561","3.921875","3.921875","3.921875"
"22568","3.828125","3.828125","3.828125"
"22602","3.734375","3.734375","3.734375"
"22627","3.859375","3.859375","3.859375"
"22641","3.234375","3.234375","3.234375"
"22653","3.921875","3.921875","3.921875"
"22710","3.828125","3.828125","3.828125"
"22764","4","4","4"
"22789","3.375","3.375","3.375"
"22792","3.5625","3.5625","3.5625"
"22794","3.34375","3.34375","3.34375"
"22806","3.65625","3.65625","3.65625"
"22812","3.515625","3.515625","3.515625"
"22857","3.40625","3.40625","3.40625"
"22883","3.421875","3.421875","3.421875"
"22909","4.21875","4.21875","4.21875"
"22914","3.765625","3.765625","3.765625"
"22923","3.90625","3.90625","3.90625"
"22925","3.734375","3.734375","3.734375"
"22938","3.4375","3.4375","3.4375"
"22943","3.734375","3.734375","3.734375"
"22946","3.765625","3.765625","3.765625"
"22993","3.609375","3.609375","3.609375"
"23033","3.546875","3.546875","3.546875"
"23035","4","4","4"
"23037","3.5625","3.5625","3.5625"
"23054","3.15625","3.15625","3.15625"
"23077","3.265625","3.265625","3.265625"
"23089","3.53125","3.53125","3.53125"
"23095","3.515625","3.515625","3.515625"
"23161","3.859375","3.859375","3.859375"
"23168","3.609375","3.609375","3.609375"
"23209","3.515625","3.515625","3.515625"
"23240","3.5625","3.5625","3.5625"
"23303","3.78125","3.78125","3.78125"
"23323","3.296875","3.296875","3.296875"
"23355","3.609375","3.609375","3.609375"
"23372","3.75","3.75","3.75"
"23410","3.390625","3.390625","3.390625"
"23413","3.28125","3.28125","3.28125"
"23442","3.515625","3.515625","3.515625"
"23488","3.21875","3.21875","3.21875"
"23520","3.609375","3.609375","3.609375"
"23521","3.90625","3.90625","3.90625"
"23533","3.40625","3.40625","3.40625"
"23555","3.171875","3.171875","3.171875"
"23587","3.171875","3.171875","3.171875"
"23592","3.390625","3.390625","3.390625"
"23599","3.53125","3.53125","3.53125"
"23621","3.9375","3.9375","3.9375"
"23632","3.234375","3.234375","3.234375"
"23675","3.859375","3.859375","3.859375"
"23689","3.609375","3.609375","3.609375"
"23696","3.515625","3.515625","3.515625"
"23698","3.640625","3.640625","3.640625"
"23731","3.03125","3.03125","3.03125"
"23739","3.46875","3.46875","3.46875"
"23741","3.453125","3.453125","3.453125"
"23778","4.09375","4.09375","4.09375"
"23806","3.578125","3.578125","3.578125"
"23823","3.796875","3.796875","3.796875"
"23843","3.453125","3.453125","3.453125"
"23845","3.625","3.625","3.625"
"23944","3.484375","3.484375","3.484375"
"23952","3.46875","3.46875","3.46875"
"23959","3.34375","3.34375","3.34375"
"23974","3.71875","3.71875","3.71875"
"24026","3.921875","3.921875","3.921875"
"24043","3.375","3.375","3.375"
"24112","3.78125","3.78125","3.78125"
"24117","3.546875","3.546875","3.546875"
"24135","3.1875","3.1875","3.1875"
"24176","3.625","3.625","3.625"
"24200","3.25","3.25","3.25"
"24209","3.65625","3.65625","3.65625"
"24219","2.921875","2.921875","2.921875"
"24247","3.53125","3.53125","3.53125"
"24356","3.25","3.25","3.25"
"24372","3.84375","3.84375","3.84375"
"24380","3.90625","3.90625","3.90625"
"24463","3.484375","3.484375","3.484375"
"24465","3.640625","3.640625","3.640625"
"24470","3.84375","3.84375","3.84375"
"24510","3.546875","3.546875","3.546875"
"24531","3.46875","3.46875","3.46875"
"24542","3.5625","3.5625","3.5625"
"24546","3.703125","3.703125","3.703125"
"24552","3.328125","3.328125","3.328125"
"24570","3.875","3.875","3.875"
"24581","3.46875","3.46875","3.46875"
"24583","3.390625","3.390625","3.390625"
"24591","3.03125","3.03125","3.03125"
"24600","3.4375","3.4375","3.4375"
"24640","3.96875","3.96875","3.96875"
"24655","3.734375","3.734375","3.734375"
"24659","3.3125","3.3125","3.3125"
"24666","3.90625","3.90625","3.90625"
"24674","3.734375","3.734375","3.734375"
"24677","3.328125","3.328125","3.328125"
"24735","3.578125","3.578125","3.578125"
"24736","3.546875","3.546875","3.546875"
"24772","3.359375","3.359375","3.359375"
"24797","3.8125","3.8125","3.8125"
"24801","3.171875","3.171875","3.171875"
"24838","3.421875","3.421875","3.421875"
"24879","3.515625","3.515625","3.515625"
"24893","3.796875","3.796875","3.796875"
"24894","3.828125","3.828125","3.828125"
"24900","3.65625","3.65625","3.65625"
"24903","3.4375","3.4375","3.4375"
"24914","3.765625","3.765625","3.765625"
"24917","3.421875","3.421875","3.421875"
"24951","3.25","3.25","3.25"
"24982","3.359375","3.359375","3.359375"
"24990","3.390625","3.390625","3.390625"
"25009","3.453125","3.453125","3.453125"
"25010","3.65625","3.65625","3.65625"
"25088","3.28125","3.28125","3.28125"
"25109","3.765625","3.765625","3.765625"
"25110","3.640625","3.640625","3.640625"
"25136","3.453125","3.453125","3.453125"
"25138","3.75","3.75","3.75"
"25221","2.734375","2.734375","2.734375"
"25225","3.421875","3.421875","3.421875"
"25226","3.328125","3.328125","3.328125"
"25229","3.703125","3.703125","3.703125"
"25245","3.46875","3.46875","3.46875"
"25264","3.359375","3.359375","3.359375"
"25265","4","4","4"
"25315","3.296875","3.296875","3.296875"
"25361","3.203125","3.203125","3.203125"
"25394","3.25","3.25","3.25"
"25423","3.296875","3.296875","3.296875"
"25436","3.5","3.5","3.5"
"25466","3.171875","3.171875","3.171875"
"25473","3.53125","3.53125","3.53125"
"25542","3.4375","3.4375","3.4375"
"25559","3.328125","3.328125","3.328125"
"25564","3.234375","3.234375","3.234375"
"25588","3.359375","3.359375","3.359375"
"25625","4.03125","4.03125","4.03125"
"25651","3.71875","3.71875","3.71875"
"25666","4","4","4"
"25711","3.609375","3.609375","3.609375"
"25725","3.640625","3.640625","3.640625"
"25756","3.6875","3.6875","3.6875"
"25765","3.640625","3.640625","3.640625"
"25769","3.578125","3.578125","3.578125"
"25826","3.3125","3.3125","3.3125"
"25837","3.4375","3.4375","3.4375"
"25861","3.578125","3.578125","3.578125"
"25877","3.625","3.625","3.625"
"25891","3.4375","3.4375","3.4375"
"25932","3.484375","3.484375","3.484375"
"25936","3.359375","3.359375","3.359375"
"25983","2.9375","2.9375","2.9375"
"25985","3.3125","3.3125","3.3125"
"26011","3.484375","3.484375","3.484375"
"26018","3.15625","3.15625","3.15625"
"26024","3.4375","3.4375","3.4375"
"26029","3.6875","3.6875","3.6875"
"26044","3.296875","3.296875","3.296875"
"26048","3.375","3.375","3.375"
"26053","3.515625","3.515625","3.515625"
"26172","3.328125","3.328125","3.328125"
"26181","3.453125","3.453125","3.453125"
"26208","3.5","3.5","3.5"
"26219","3.59375","3.59375","3.59375"
"26246","3.3125","3.3125","3.3125"
"26354","3.40625","3.40625","3.40625"
"26399","3.203125","3.203125","3.203125"
"26453","3.296875","3.296875","3.296875"
"26465","3.484375","3.484375","3.484375"
"26481","3.46875","3.46875","3.46875"
"26486","3.40625","3.40625","3.40625"
"26499","3.609375","3.609375","3.609375"
"26541","3.328125","3.328125","3.328125"
"26552","3.546875","3.546875","3.546875"
"26570","3.59375","3.59375","3.59375"
"26571","3.40625","3.40625","3.40625"
"26598","3.796875","3.796875","3.796875"
"26634","3.453125","3.453125","3.453125"
"26646","3.265625","3.265625","3.265625"
"26687","3.5625","3.5625","3.5625"
"26691","3.359375","3.359375","3.359375"
"26714","4.0625","4.0625","4.0625"
"26752","3.546875","3.546875","3.546875"
"26775","3.40625","3.40625","3.40625"
"26798","3.5","3.5","3.5"
"26842","3.171875","3.171875","3.171875"
"26848","3.46875","3.46875","3.46875"
"26952","3.984375","3.984375","3.984375"
"27049","3.359375","3.359375","3.359375"
"27071","3.0625","3.0625","3.0625"
"27123","3.5625","3.5625","3.5625"
"27177","3.5","3.5","3.5"
"27194","3.34375","3.34375","3.34375"
"27233","3.6875","3.6875","3.6875"
"27291","3.296875","3.296875","3.296875"
"27292","3.59375","3.59375","3.59375"
"27300","3.640625","3.640625","3.640625"
"27305","3.140625","3.140625","3.140625"
"27343","3.828125","3.828125","3.828125"
"27354","3.328125","3.328125","3.328125"
"27378","3.4375","3.4375","3.4375"
"27396","3.125","3.125","3.125"
"27428","2.921875","2.921875","2.921875"
"27483","3.390625","3.390625","3.390625"
"27487","3.796875","3.796875","3.796875"
"27538","3.65625","3.65625","3.65625"
"27586","3.5","3.5","3.5"
"27598","3.359375","3.359375","3.359375"
"27603","3.484375","3.484375","3.484375"
"27683","3.40625","3.40625","3.40625"
"27688","3.359375","3.359375","3.359375"
"27693","3.515625","3.515625","3.515625"
"27722","3.15625","3.15625","3.15625"
"27772","3.65625","3.65625","3.65625"
"27777","3.03125","3.03125","3.03125"
"27794","3.703125","3.703125","3.703125"
"27825","3.671875","3.671875","3.671875"
"27846","3.515625","3.515625","3.515625"
"27863","3.125","3.125","3.125"
"27875","3.34375","3.34375","3.34375"
"27961","3.546875","3.546875","3.546875"
"28011","3.46875","3.46875","3.46875"
"28012","3.46875","3.46875","3.46875"
"28014","3.203125","3.203125","3.203125"
"28029","3.484375","3.484375","3.484375"
"28082","3.21875","3.21875","3.21875"
"28109","3.09375","3.09375","3.09375"
"28124","3.453125","3.453125","3.453125"
"28177","3.125","3.125","3.125"
"28178","3.515625","3.515625","3.515625"
"28187","3.9375","3.9375","3.9375"
"28207","3.5625","3.5625","3.5625"
"28210","3.578125","3.578125","3.578125"
"28212","3.5625","3.5625","3.5625"
"28221","3.296875","3.296875","3.296875"
"28227","3.453125","3.453125","3.453125"
"28267","3.3125","3.3125","3.3125"
"28282","3.71875","3.71875","3.71875"
"28292","3.140625","3.140625","3.140625"
"28293","3.796875","3.796875","3.796875"
"28326","3.84375","3.84375","3.84375"
"28338","3.390625","3.390625","3.390625"
"28368","3.359375","3.359375","3.359375"
"28380","3.59375","3.59375","3.59375"
"28435","3.234375","3.234375","3.234375"
"28440","3.484375","3.484375","3.484375"
"28490","3.1875","3.1875","3.1875"
"28504","3.453125","3.453125","3.453125"
"28548","3.53125","3.53125","3.53125"
"28555","3.65625","3.65625","3.65625"
"28600","3.703125","3.703125","3.703125"
"28614","3.46875","3.46875","3.46875"
"28680","3","3","3"
"28681","3.515625","3.515625","3.515625"
"28686","3.296875","3.296875","3.296875"
"28788","3.625","3.625","3.625"
"28796","3.671875","3.671875","3.671875"
"28807","3.53125","3.53125","3.53125"
"28813","3.796875","3.796875","3.796875"
"28817","3.28125","3.28125","3.28125"
"28851","3.671875","3.671875","3.671875"
"28902","3.359375","3.359375","3.359375"
"28921","3.5625","3.5625","3.5625"
"28939","3.28125","3.28125","3.28125"
"28962","2.96875","2.96875","2.96875"
"29014","3.984375","3.984375","3.984375"
"29036","3.453125","3.453125","3.453125"
"29085","3.421875","3.421875","3.421875"
"29090","3.1875","3.1875","3.1875"
"29104","2.859375","2.859375","2.859375"
"29118","3.375","3.375","3.375"
"29123","3.546875","3.546875","3.546875"
"29156","3.078125","3.078125","3.078125"
"29162","3.15625","3.15625","3.15625"
"29187","3.625","3.625","3.625"
"29209","3.453125","3.453125","3.453125"
"29229","3.46875","3.46875","3.46875"
"29254","3.125","3.125","3.125"
"29269","3.421875","3.421875","3.421875"
"29272","3.203125","3.203125","3.203125"
"29339","3.34375","3.34375","3.34375"
"29370","3.09375","3.09375","3.09375"
"29372","3.515625","3.515625","3.515625"
"29391","3.625","3.625","3.625"
"29419","3.3125","3.3125","3.3125"
"29480","3.328125","3.328125","3.328125"
"29558","3.34375","3.34375","3.34375"
"29571","3.546875","3.546875","3.546875"
"29673","3.609375","3.609375","3.609375"
"29681","3.671875","3.671875","3.671875"
"29682","3.96875","3.96875","3.96875"
"29684","3.625","3.625","3.625"
"29685","3.546875","3.546875","3.546875"
"29704","3.453125","3.453125","3.453125"
"29708","3.421875","3.421875","3.421875"
"29709","3.671875","3.671875","3.671875"
"29720","3.15625","3.15625","3.15625"
"29724","3.453125","3.453125","3.453125"
"29781","3.265625","3.265625","3.265625"
"29792","3.421875","3.421875","3.421875"
"29811","3.4375","3.4375","3.4375"
"29812","3.453125","3.453125","3.453125"
"29813","3.234375","3.234375","3.234375"
"29828","3.40625","3.40625","3.40625"
"29883","3.453125","3.453125","3.453125"
"29886","3.265625","3.265625","3.265625"
"29907","3.21875","3.21875","3.21875"
"29921","3.15625","3.15625","3.15625"
"29933","3.1875","3.1875","3.1875"
"30005","3.515625","3.515625","3.515625"
"30033","3.484375","3.484375","3.484375"
"30099","3.296875","3.296875","3.296875"
"30138","3.46875","3.46875","3.46875"
"30152","3.8125","3.8125","3.8125"
"30153","3.0625","3.0625","3.0625"
"30172","3.234375","3.234375","3.234375"
"30200","3.34375","3.34375","3.34375"
"30204","3.6875","3.6875","3.6875"
"30205","3.234375","3.234375","3.234375"
"30261","3.5","3.5","3.5"
"30277","3.296875","3.296875","3.296875"
"30309","3.359375","3.359375","3.359375"
"30375","3.140625","3.140625","3.140625"
"30426","2.9375","2.9375","2.9375"
"30469","3.5","3.5","3.5"
"30497","3.21875","3.21875","3.21875"
"30561","3.171875","3.171875","3.171875"
"30564","3.65625","3.65625","3.65625"
"30571","3.421875","3.421875","3.421875"
"30579","3.453125","3.453125","3.453125"
"30582","3.65625","3.65625","3.65625"
"30596","3.375","3.375","3.375"
"30632","3.609375","3.609375","3.609375"
"30670","3.40625","3.40625","3.40625"
"30675","3.921875","3.921875","3.921875"
"30677","3.5","3.5","3.5"
"30737","3.65625","3.65625","3.65625"
"30769","3.5625","3.5625","3.5625"
"30771","3.46875","3.46875","3.46875"
"30801","3.3125","3.3125","3.3125"
"30814","2.921875","2.921875","2.921875"
"30854","3.234375","3.234375","3.234375"
"30906","3.0625","3.0625","3.0625"
"30929","3.296875","3.296875","3.296875"
"30930","3.234375","3.234375","3.234375"
"30937","3.6875","3.6875","3.6875"
"30943","3.09375","3.09375","3.09375"
"30983","3.359375","3.359375","3.359375"
"30987","3.546875","3.546875","3.546875"
"31031","3.0625","3.0625","3.0625"
"31084","3.328125","3.328125","3.328125"
"31100","3","3","3"
"31107","2.921875","2.921875","2.921875"
"31110","3.28125","3.28125","3.28125"
"31194","3.109375","3.109375","3.109375"
"31195","3.03125","3.03125","3.03125"
"31204","3.640625","3.640625","3.640625"
"31245","3.53125","3.53125","3.53125"
"31286","3.546875","3.546875","3.546875"
"31304","3.125","3.125","3.125"
"31325","3.515625","3.515625","3.515625"
"31340","3.703125","3.703125","3.703125"
"31354","3.625","3.625","3.625"
"31357","3.25","3.25","3.25"
"31368","3.25","3.25","3.25"
"31388","3.65625","3.65625","3.65625"
"31408","3.21875","3.21875","3.21875"
"31420","3.6875","3.6875","3.6875"
"31456","3.5625","3.5625","3.5625"
"31495","3.09375","3.09375","3.09375"
"31504","3.5","3.5","3.5"
"31508","3.359375","3.359375","3.359375"
"31543","3.046875","3.046875","3.046875"
"31600","3.3125","3.3125","3.3125"
"31612","3.703125","3.703125","3.703125"
"31630","3.21875","3.21875","3.21875"
"31666","3.4375","3.4375","3.4375"
"31705","3.578125","3.578125","3.578125"
"31709","3.625","3.625","3.625"
"31720","3.828125","3.828125","3.828125"
"31735","3.171875","3.171875","3.171875"
"31743","3.1875","3.1875","3.1875"
"31747","3.515625","3.515625","3.515625"
"31750","3.25","3.25","3.25"
"31769","3.484375","3.484375","3.484375"
"31817","3.3125","3.3125","3.3125"
"31880","3.96875","3.96875","3.96875"
"31886","3.578125","3.578125","3.578125"
"31909","3.59375","3.59375","3.59375"
"31910","3","3","3"
"31952","3.25","3.25","3.25"
"31970","3.46875","3.46875","3.46875"
"31977","3.5","3.5","3.5"
"31993","3.5","3.5","3.5"
"32011","3.390625","3.390625","3.390625"
"32012","3.625","3.625","3.625"
"32020","3.21875","3.21875","3.21875"
"32076","3.234375","3.234375","3.234375"
"32079","3.640625","3.640625","3.640625"
"32082","3.34375","3.34375","3.34375"
"32090","3.65625","3.65625","3.65625"
"32106","3.0625","3.0625","3.0625"
"32146","3.265625","3.265625","3.265625"
"32156","3.09375","3.09375","3.09375"
"32164","3.28125","3.28125","3.28125"
"32175","3.453125","3.453125","3.453125"
"32189","3.40625","3.40625","3.40625"
"32190","3.203125","3.203125","3.203125"
"32194","3.171875","3.171875","3.171875"
"32210","3.21875","3.21875","3.21875"
"32214","3.5","3.5","3.5"
"32233","3.3125","3.3125","3.3125"
"32248","3.515625","3.515625","3.515625"
"32296","3.140625","3.140625","3.140625"
"32311","3.484375","3.484375","3.484375"
"32316","3.09375","3.09375","3.09375"
"32356","3.203125","3.203125","3.203125"
"32375","3.671875","3.671875","3.671875"
"32417","3.25","3.25","3.25"
"32434","3.421875","3.421875","3.421875"
"32441","3.3125","3.3125","3.3125"
"32448","3.28125","3.28125","3.28125"
"32519","3.34375","3.34375","3.34375"
"32541","3.78125","3.78125","3.78125"
"32580","3.5","3.5","3.5"
"32637","3.21875","3.21875","3.21875"
"32668","3.40625","3.40625","3.40625"
"32683","3.46875","3.46875","3.46875"
"32696","3.359375","3.359375","3.359375"
"32723","3.5625","3.5625","3.5625"
"32750","3.40625","3.40625","3.40625"
"32789","3.734375","3.734375","3.734375"
"32805","3.125","3.125","3.125"
"32825","3.515625","3.515625","3.515625"
"32832","3.28125","3.28125","3.28125"
"32862","3.34375","3.34375","3.34375"
"32881","3.21875","3.21875","3.21875"
"32924","3.03125","3.03125","3.03125"
"32933","3.203125","3.203125","3.203125"
"32953","3.625","3.625","3.625"
"33050","3.375","3.375","3.375"
"33061","3.28125","3.28125","3.28125"
"33062","3.21875","3.21875","3.21875"
"33068","3.296875","3.296875","3.296875"
"33088","2.921875","2.921875","2.921875"
"33131","3.1875","3.1875","3.1875"
"33139","3.265625","3.265625","3.265625"
"33177","3.03125","3.03125","3.03125"
"33267","3.125","3.125","3.125"
"33288","3.5","3.5","3.5"
"33335","3.21875","3.21875","3.21875"
"33343","3.453125","3.453125","3.453125"
"33346","3.296875","3.296875","3.296875"
"33355","3.421875","3.421875","3.421875"
"33381","3.03125","3.03125","3.03125"
"33450","3.359375","3.359375","3.359375"
"33469","3.296875","3.296875","3.296875"
"33483","3.125","3.125","3.125"
"33501","3.046875","3.046875","3.046875"
"33545","3.671875","3.671875","3.671875"
"33546","3.09375","3.09375","3.09375"
"33556","3.375","3.375","3.375"
"33561","3.375","3.375","3.375"
"33564","3.078125","3.078125","3.078125"
"33572","3.34375","3.34375","3.34375"
"33629","3.171875","3.171875","3.171875"
"33698","3.328125","3.328125","3.328125"
"33722","3.03125","3.03125","3.03125"
"33765","2.984375","2.984375","2.984375"
"33775","3.5625","3.5625","3.5625"
"33781","3.53125","3.53125","3.53125"
"33794","3.171875","3.171875","3.171875"
"33868","3.046875","3.046875","3.046875"
"33887","3.203125","3.203125","3.203125"
"33934","3.1875","3.1875","3.1875"
"33940","3.453125","3.453125","3.453125"
"33941","3.46875","3.46875","3.46875"
"34006","3.296875","3.296875","3.296875"
"34014","2.890625","2.890625","2.890625"
"34022","3.203125","3.203125","3.203125"
"34063","3.125","3.125","3.125"
"34114","3.421875","3.421875","3.421875"
"34122","3.59375","3.59375","3.59375"
"34137","3.328125","3.328125","3.328125"
"34146","3.1875","3.1875","3.1875"
"34161","3.484375","3.484375","3.484375"
"34176","3.109375","3.109375","3.109375"
"34223","3.6875","3.6875","3.6875"
"34224","3.34375","3.34375","3.34375"
"34244","3.34375","3.34375","3.34375"
"34322","3.46875","3.46875","3.46875"
"34346","3.203125","3.203125","3.203125"
"34364","3.046875","3.046875","3.046875"
"34381","3.515625","3.515625","3.515625"
"34410","3.453125","3.453125","3.453125"
"34418","3.09375","3.09375","3.09375"
"34459","3.4375","3.4375","3.4375"
"34481","3.390625","3.390625","3.390625"
"34509","3.4375","3.4375","3.4375"
"34558","3.171875","3.171875","3.171875"
"34561","3.46875","3.46875","3.46875"
"34564","2.96875","2.96875","2.96875"
"34610","3.078125","3.078125","3.078125"
"34615","3.375","3.375","3.375"
"34619","3.140625","3.140625","3.140625"
"34620","3.296875","3.296875","3.296875"
"34623","3.390625","3.390625","3.390625"
"34642","3.4375","3.4375","3.4375"
"34661","3.484375","3.484375","3.484375"
"34666","2.9375","2.9375","2.9375"
"34678","3.5","3.5","3.5"
"34694","3.21875","3.21875","3.21875"
"34707","3.8125","3.8125","3.8125"
"34760","3.484375","3.484375","3.484375"
"34761","3.375","3.375","3.375"
"34817","2.953125","2.953125","2.953125"
"34853","3.171875","3.171875","3.171875"
"34918","3.78125","3.78125","3.78125"
"34960","3.859375","3.859375","3.859375"
"34990","3.296875","3.296875","3.296875"
"35005","3.453125","3.453125","3.453125"
"35016","3.40625","3.40625","3.40625"
"35021","3.3125","3.3125","3.3125"
"35039","3.34375","3.34375","3.34375"
"35046","3.0625","3.0625","3.0625"
"35072","3.21875","3.21875","3.21875"
"35078","3.328125","3.328125","3.328125"
"35107","3.25","3.25","3.25"
"35122","3.59375","3.59375","3.59375"
"35129","3","3","3"
"35149","3","3","3"
"35171","3.484375","3.484375","3.484375"
"35184","3.5","3.5","3.5"
"35187","3.03125","3.03125","3.03125"
"35226","3.3125","3.3125","3.3125"
"35231","3.4375","3.4375","3.4375"
"35235","2.875","2.875","2.875"
"35239","3.4375","3.4375","3.4375"
"35272","2.890625","2.890625","2.890625"
"35294","3.0625","3.0625","3.0625"
"35321","2.90625","2.90625","2.90625"
"35333","3.5625","3.5625","3.5625"
"35340","3.328125","3.328125","3.328125"
"35347","3.4375","3.4375","3.4375"
"35352","3.3125","3.3125","3.3125"
"35375","3.203125","3.203125","3.203125"
"35379","2.984375","2.984375","2.984375"
"35395","3.296875","3.296875","3.296875"
"35417","3.171875","3.171875","3.171875"
"35425","3.390625","3.390625","3.390625"
"35451","2.9375","2.9375","2.9375"
"35478","3.140625","3.140625","3.140625"
"35496","3.5","3.5","3.5"
"35534","2.9375","2.9375","2.9375"
"35539","3.734375","3.734375","3.734375"
"35547","3.609375","3.609375","3.609375"
"35595","3.234375","3.234375","3.234375"
"35604","3","3","3"
"35633","3.40625","3.40625","3.40625"
"35653","3.46875","3.46875","3.46875"
"35760","3.609375","3.609375","3.609375"
"35767","3.40625","3.40625","3.40625"
"35791","3.171875","3.171875","3.171875"
"35822","3.1875","3.1875","3.1875"
"35842","3.0625","3.0625","3.0625"
"35848","2.953125","2.953125","2.953125"
"35856","3.125","3.125","3.125"
"35858","3.09375","3.09375","3.09375"
"35895","3.796875","3.796875","3.796875"
"35920","3.375","3.375","3.375"
"35942","2.9375","2.9375","2.9375"
"35996","3.640625","3.640625","3.640625"
"36011","3.390625","3.390625","3.390625"
"36018","3.34375","3.34375","3.34375"
"36025","3.046875","3.046875","3.046875"
"36072","3.34375","3.34375","3.34375"
"36136","3.5625","3.5625","3.5625"
"36142","3.6875","3.6875","3.6875"
"36179","3.5625","3.5625","3.5625"
"36213","3.03125","3.03125","3.03125"
"36240","2.765625","2.765625","2.765625"
"36272","3.5","3.5","3.5"
"36281","3.28125","3.28125","3.28125"
"36324","3.375","3.375","3.375"
"36327","2.90625","2.90625","2.90625"
"36381","3.109375","3.109375","3.109375"
"36403","3.90625","3.90625","3.90625"
"36484","3.171875","3.171875","3.171875"
"36518","3.390625","3.390625","3.390625"
"36532","3.40625","3.40625","3.40625"
"36534","2.984375","2.984375","2.984375"
"36536","3.390625","3.390625","3.390625"
"36545","3.109375","3.109375","3.109375"
"36552","3.375","3.375","3.375"
"36568","3.546875","3.546875","3.546875"
"36588","3.53125","3.53125","3.53125"
"36639","3.453125","3.453125","3.453125"
"36671","3.125","3.125","3.125"
"36704","3.140625","3.140625","3.140625"
"36722","3.171875","3.171875","3.171875"
"36762","2.953125","2.953125","2.953125"
"36768","3.328125","3.328125","3.328125"
"36830","3.765625","3.765625","3.765625"
"36837","3.3125","3.3125","3.3125"
"36840","3.359375","3.359375","3.359375"
"36865","3.0625","3.0625","3.0625"
"36866","3.28125","3.28125","3.28125"
"36889","2.984375","2.984375","2.984375"
"36892","3.296875","3.296875","3.296875"
"36906","3.25","3.25","3.25"
"36909","3.296875","3.296875","3.296875"
"36931","3.21875","3.21875","3.21875"
"36942","3.328125","3.328125","3.328125"
"36961","2.734375","2.734375","2.734375"
"36964","3.40625","3.40625","3.40625"
"36969","3.4375","3.4375","3.4375"
"36974","3.390625","3.390625","3.390625"
"36978","3.375","3.375","3.375"
"37021","2.71875","2.71875","2.71875"
"37057","3.125","3.125","3.125"
"37078","3.109375","3.109375","3.109375"
"37079","3.484375","3.484375","3.484375"
"37086","3.265625","3.265625","3.265625"
"37113","3.109375","3.109375","3.109375"
"37116","3.28125","3.28125","3.28125"
"37138","3.015625","3.015625","3.015625"
"37141","3.734375","3.734375","3.734375"
"37149","3.1875","3.1875","3.1875"
"37163","3.171875","3.171875","3.171875"
"37182","3.15625","3.15625","3.15625"
"37211","3.375","3.375","3.375"
"37262","3.671875","3.671875","3.671875"
"37337","3.28125","3.28125","3.28125"
"37341","2.921875","2.921875","2.921875"
"37355","3.03125","3.03125","3.03125"
"37367","3.40625","3.40625","3.40625"
"37378","3.3125","3.3125","3.3125"
"37407","3.359375","3.359375","3.359375"
"37414","3.171875","3.171875","3.171875"
"37592","3.3125","3.3125","3.3125"
"37628","3.21875","3.21875","3.21875"
"37661","2.828125","2.828125","2.828125"
"37717","3.046875","3.046875","3.046875"
"37718","3.3125","3.3125","3.3125"
"37742","2.90625","2.90625","2.90625"
"37747","2.9375","2.9375","2.9375"
"37781","3.484375","3.484375","3.484375"
"37785","3.109375","3.109375","3.109375"
"37788","3.328125","3.328125","3.328125"
"37804","3.15625","3.15625","3.15625"
"37837","3.21875","3.21875","3.21875"
"37853","3.140625","3.140625","3.140625"
"37858","3.15625","3.15625","3.15625"
"37921","2.96875","2.96875","2.96875"
"37956","3.15625","3.15625","3.15625"
"37960","3.21875","3.21875","3.21875"
"37982","3.515625","3.515625","3.515625"
"37984","3.15625","3.15625","3.15625"
"38027","3.53125","3.53125","3.53125"
"38031","3.28125","3.28125","3.28125"
"38041","3.34375","3.34375","3.34375"
"38057","3.296875","3.296875","3.296875"
"38147","2.90625","2.90625","2.90625"
"38163","3.015625","3.015625","3.015625"
"38168","3.625","3.625","3.625"
"38172","3.484375","3.484375","3.484375"
"38186","3.03125","3.03125","3.03125"
"38189","3.453125","3.453125","3.453125"
"38195","3.515625","3.515625","3.515625"
"38203","3.078125","3.078125","3.078125"
"38244","3.078125","3.078125","3.078125"
"38311","3.15625","3.15625","3.15625"
"38325","3.0625","3.0625","3.0625"
"38328","3.515625","3.515625","3.515625"
"38368","3.484375","3.484375","3.484375"
"38430","3.234375","3.234375","3.234375"
"38433","3.28125","3.28125","3.28125"
"38514","2.9375","2.9375","2.9375"
"38550","3.09375","3.09375","3.09375"
"38638","3.25","3.25","3.25"
"38652","3.203125","3.203125","3.203125"
"38662","3.1875","3.1875","3.1875"
"38697","3.421875","3.421875","3.421875"
"38712","3.109375","3.109375","3.109375"
"38774","3.09375","3.09375","3.09375"
"38793","3.28125","3.28125","3.28125"
"38824","2.875","2.875","2.875"
"38830","3.265625","3.265625","3.265625"
"38864","3.046875","3.046875","3.046875"
"38922","3.375","3.375","3.375"
"38933","2.984375","2.984375","2.984375"
"38960","3.015625","3.015625","3.015625"
"38977","3.140625","3.140625","3.140625"
"39010","3.34375","3.34375","3.34375"
"39047","3.03125","3.03125","3.03125"
"39051","3.15625","3.15625","3.15625"
"39066","3.28125","3.28125","3.28125"
"39087","3.15625","3.15625","3.15625"
"39091","3.09375","3.09375","3.09375"
"39096","2.921875","2.921875","2.921875"
"39220","3.125","3.125","3.125"
"39279","3.6875","3.6875","3.6875"
"39294","3.234375","3.234375","3.234375"
"39328","3.0625","3.0625","3.0625"
"39334","3.671875","3.671875","3.671875"
"39396","3.21875","3.21875","3.21875"
"39397","3.125","3.125","3.125"
"39406","3.125","3.125","3.125"
"39412","2.90625","2.90625","2.90625"
"39419","3.46875","3.46875","3.46875"
"39423","3.375","3.375","3.375"
"39424","3.3125","3.3125","3.3125"
"39425","3.328125","3.328125","3.328125"
"39454","3.21875","3.21875","3.21875"
"39463","3.109375","3.109375","3.109375"
"39468","2.96875","2.96875","2.96875"
"39479","3.078125","3.078125","3.078125"
"39503","3","3","3"
"39519","2.875","2.875","2.875"
"39544","2.96875","2.96875","2.96875"
"39556","2.890625","2.890625","2.890625"
"39564","3.203125","3.203125","3.203125"
"39569","3.84375","3.84375","3.84375"
"39611","3.390625","3.390625","3.390625"
"39672","2.984375","2.984375","2.984375"
"39708","3.484375","3.484375","3.484375"
"39716","3.359375","3.359375","3.359375"
"39729","3.25","3.25","3.25"
"39769","3.390625","3.390625","3.390625"
"39773","3.03125","3.03125","3.03125"
"39777","3.421875","3.421875","3.421875"
"39805","3.59375","3.59375","3.59375"
"39834","3.265625","3.265625","3.265625"
"39850","3.53125","3.53125","3.53125"
"39870","3.109375","3.109375","3.109375"
"39898","3.484375","3.484375","3.484375"
"39928","3.46875","3.46875","3.46875"
"39939","3.484375","3.484375","3.484375"
"39976","3.078125","3.078125","3.078125"
"39996","3.0625","3.0625","3.0625"
"40025","3.359375","3.359375","3.359375"
"40105","3.296875","3.296875","3.296875"
"40107","2.6875","2.6875","2.6875"
"40119","2.953125","2.953125","2.953125"
"40126","2.859375","2.859375","2.859375"
"40201","3.265625","3.265625","3.265625"
"40211","2.890625","2.890625","2.890625"
"40266","3.5","3.5","3.5"
"40280","3.390625","3.390625","3.390625"
"40294","3.140625","3.140625","3.140625"
"40366","3.203125","3.203125","3.203125"
"40387","3.34375","3.34375","3.34375"
"40399","3.03125","3.03125","3.03125"
"40413","3.125","3.125","3.125"
"40429","3.78125","3.78125","3.78125"
"40430","2.921875","2.921875","2.921875"
"40487","3.109375","3.109375","3.109375"
"40503","3.171875","3.171875","3.171875"
"40530","2.921875","2.921875","2.921875"
"40554","3.1875","3.1875","3.1875"
"40610","3.375","3.375","3.375"
"40617","3.28125","3.28125","3.28125"
"40618","3.265625","3.265625","3.265625"
"40645","3.046875","3.046875","3.046875"
"40660","3.28125","3.28125","3.28125"
"40667","3.140625","3.140625","3.140625"
"40689","3.25","3.25","3.25"
"40713","3.0625","3.0625","3.0625"
"40717","3.078125","3.078125","3.078125"
"40727","3.09375","3.09375","3.09375"
"40737","3.09375","3.09375","3.09375"
"40803","3.09375","3.09375","3.09375"
"40815","3.265625","3.265625","3.265625"
"40816","3.453125","3.453125","3.453125"
"40820","2.765625","2.765625","2.765625"
"40861","3.296875","3.296875","3.296875"
"40902","3.21875","3.21875","3.21875"
"40907","3.828125","3.828125","3.828125"
"40913","3.53125","3.53125","3.53125"
"40945","3.578125","3.578125","3.578125"
"40965","3.546875","3.546875","3.546875"
"40970","3.09375","3.09375","3.09375"
"41043","2.96875","2.96875","2.96875"
"41082","3.125","3.125","3.125"
"41097","3.328125","3.328125","3.328125"
"41154","3.21875","3.21875","3.21875"
"41158","3.1875","3.1875","3.1875"
"41185","3.125","3.125","3.125"
"41188","3.0625","3.0625","3.0625"
"41237","3.28125","3.28125","3.28125"
"41247","3.09375","3.09375","3.09375"
"41301","3.21875","3.21875","3.21875"
"41347","3.4375","3.4375","3.4375"
"41373","3.15625","3.15625","3.15625"
"41403","3.234375","3.234375","3.234375"
"41414","2.84375","2.84375","2.84375"
"41438","3.046875","3.046875","3.046875"
"41445","3.078125","3.078125","3.078125"
"41466","3.171875","3.171875","3.171875"
"41488","3.078125","3.078125","3.078125"
"41493","3.3125","3.3125","3.3125"
"41509","3.015625","3.015625","3.015625"
"41525","3.34375","3.34375","3.34375"
"41556","3.15625","3.15625","3.15625"
"41601","3.6875","3.6875","3.6875"
"41646","3.359375","3.359375","3.359375"
"41696","3.109375","3.109375","3.109375"
"41753","3.34375","3.34375","3.34375"
"41783","3.125","3.125","3.125"
"41793","2.96875","2.96875","2.96875"
"41841","3.28125","3.28125","3.28125"
"41846","3.3125","3.3125","3.3125"
"41850","3.453125","3.453125","3.453125"
"41912","3.0625","3.0625","3.0625"
"41922","3.140625","3.140625","3.140625"
"41933","2.703125","2.703125","2.703125"
"41981","3.265625","3.265625","3.265625"
"42064","3.4375","3.4375","3.4375"
"42107","3.3125","3.3125","3.3125"
"42119","3.1875","3.1875","3.1875"
"42139","2.9375","2.9375","2.9375"
"42155","3.3125","3.3125","3.3125"
"42185","3.265625","3.265625","3.265625"
"42294","3.1875","3.1875","3.1875"
"42309","3.359375","3.359375","3.359375"
"42315","3.15625","3.15625","3.15625"
"42330","3","3","3"
"42352","3.578125","3.578125","3.578125"
"42366","3.375","3.375","3.375"
"42376","3.03125","3.03125","3.03125"
"42381","2.984375","2.984375","2.984375"
"42400","2.953125","2.953125","2.953125"
"42406","2.890625","2.890625","2.890625"
"42443","3.25","3.25","3.25"
"42450","3.625","3.625","3.625"
"42452","3.109375","3.109375","3.109375"
"42467","2.828125","2.828125","2.828125"
"42491","3.15625","3.15625","3.15625"
"42492","3.34375","3.34375","3.34375"
"42533","2.828125","2.828125","2.828125"
"42586","3.515625","3.515625","3.515625"
"42613","3.34375","3.34375","3.34375"
"42652","2.75","2.75","2.75"
"42660","3.3125","3.3125","3.3125"
"42671","3.515625","3.515625","3.515625"
"42691","3.484375","3.484375","3.484375"
"42710","3.296875","3.296875","3.296875"
"42730","3.28125","3.28125","3.28125"
"42735","3.09375","3.09375","3.09375"
"42741","3.078125","3.078125","3.078125"
"42764","2.859375","2.859375","2.859375"
"42777","3.34375","3.34375","3.34375"
"42797","3.28125","3.28125","3.28125"
"42799","2.84375","2.84375","2.84375"
"42824","3.28125","3.28125","3.28125"
"42926","3.296875","3.296875","3.296875"
"42945","3.640625","3.640625","3.640625"
"42976","3.265625","3.265625","3.265625"
"42984","3.328125","3.328125","3.328125"
"43035","3.328125","3.328125","3.328125"
"43059","3.203125","3.203125","3.203125"
"43069","3.71875","3.71875","3.71875"
"43174","2.875","2.875","2.875"
"43212","3.328125","3.328125","3.328125"
"43222","3.375","3.375","3.375"
"43234","3.171875","3.171875","3.171875"
"43235","2.828125","2.828125","2.828125"
"43248","2.703125","2.703125","2.703125"
"43269","3.34375","3.34375","3.34375"
"43312","3.40625","3.40625","3.40625"
"43371","2.8125","2.8125","2.8125"
"43382","3.5625","3.5625","3.5625"
"43423","3.515625","3.515625","3.515625"
"43431","3.484375","3.484375","3.484375"
"43433","2.84375","2.84375","2.84375"
"43466","3.28125","3.28125","3.28125"
"43492","3.15625","3.15625","3.15625"
"43497","3.46875","3.46875","3.46875"
"43512","3.421875","3.421875","3.421875"
"43554","3.171875","3.171875","3.171875"
"43587","3.3125","3.3125","3.3125"
"43659","3.34375","3.34375","3.34375"
"43673","3.53125","3.53125","3.53125"
"43686","3.203125","3.203125","3.203125"
"43692","3.015625","3.015625","3.015625"
"43699","2.859375","2.859375","2.859375"
"43724","3.296875","3.296875","3.296875"
"43733","3.359375","3.359375","3.359375"
"43743","3.25","3.25","3.25"
"43775","3.234375","3.234375","3.234375"
"43799","3.0625","3.0625","3.0625"
"43874","2.9375","2.9375","2.9375"
"43888","3.46875","3.46875","3.46875"
"43931","2.78125","2.78125","2.78125"
"43958","2.890625","2.890625","2.890625"
"43971","3.859375","3.859375","3.859375"
"43972","3.453125","3.453125","3.453125"
"43977","3.484375","3.484375","3.484375"
"43998","3","3","3"
"43999","3.078125","3.078125","3.078125"
"44001","3.265625","3.265625","3.265625"
"44003","3.125","3.125","3.125"
"44018","3.21875","3.21875","3.21875"
"44021","2.78125","2.78125","2.78125"
"44049","2.546875","2.546875","2.546875"
"44052","3.09375","3.09375","3.09375"
"44083","3.140625","3.140625","3.140625"
"44116","3.09375","3.09375","3.09375"
"44149","3.203125","3.203125","3.203125"
"44181","3.015625","3.015625","3.015625"
"44199","3.28125","3.28125","3.28125"
"44224","3.15625","3.15625","3.15625"
"44235","3.53125","3.53125","3.53125"
"44242","3.046875","3.046875","3.046875"
"44301","2.890625","2.890625","2.890625"
"44321","3.21875","3.21875","3.21875"
"44386","3.40625","3.40625","3.40625"
"44410","3.53125","3.53125","3.53125"
"44421","3.421875","3.421875","3.421875"
"44448","3.296875","3.296875","3.296875"
"44461","2.953125","2.953125","2.953125"
"44514","3.015625","3.015625","3.015625"
"44527","3","3","3"
"44576","3.140625","3.140625","3.140625"
"44584","3.140625","3.140625","3.140625"
"44626","3.25","3.25","3.25"
"44639","3.25","3.25","3.25"
"44663","3","3","3"
"44715","3.25","3.25","3.25"
"44781","2.984375","2.984375","2.984375"
"44791","2.859375","2.859375","2.859375"
"44798","2.96875","2.96875","2.96875"
"44806","2.859375","2.859375","2.859375"
"44855","3.109375","3.109375","3.109375"
"44857","2.765625","2.765625","2.765625"
"44865","3.140625","3.140625","3.140625"
"44879","3.484375","3.484375","3.484375"
"44931","3.40625","3.40625","3.40625"
"44951","2.765625","2.765625","2.765625"
"44957","3.15625","3.15625","3.15625"
"44981","3.171875","3.171875","3.171875"
"45069","2.96875","2.96875","2.96875"
"45080","3.734375","3.734375","3.734375"
"45086","3.4375","3.4375","3.4375"
"45093","3.328125","3.328125","3.328125"
"45101","3.21875","3.21875","3.21875"
"45111","3.28125","3.28125","3.28125"
"45117","3.125","3.125","3.125"
"45138","3.265625","3.265625","3.265625"
"45151","3.453125","3.453125","3.453125"
"45160","3.515625","3.515625","3.515625"
"45190","3.09375","3.09375","3.09375"
"45191","3.1875","3.1875","3.1875"
"45201","2.9375","2.9375","2.9375"
"45264","3.171875","3.171875","3.171875"
"45296","3.203125","3.203125","3.203125"
"45317","3.046875","3.046875","3.046875"
"45343","2.84375","2.84375","2.84375"
"45346","3.6875","3.6875","3.6875"
"45352","3","3","3"
"45390","3.21875","3.21875","3.21875"
"45429","3.09375","3.09375","3.09375"
"45468","3.0625","3.0625","3.0625"
"45484","3.359375","3.359375","3.359375"
"45495","3.21875","3.21875","3.21875"
"45554","3.15625","3.15625","3.15625"
"45563","3.15625","3.15625","3.15625"
"45566","3.359375","3.359375","3.359375"
"45576","3.03125","3.03125","3.03125"
"45650","3.390625","3.390625","3.390625"
"45651","3.078125","3.078125","3.078125"
"45679","2.953125","2.953125","2.953125"
"45681","3.046875","3.046875","3.046875"
"45701","3.203125","3.203125","3.203125"
"45709","2.96875","2.96875","2.96875"
"45738","3.3125","3.3125","3.3125"
"45739","2.890625","2.890625","2.890625"
"45741","3.171875","3.171875","3.171875"
"45762","3.046875","3.046875","3.046875"
"45797","3.171875","3.171875","3.171875"
"45860","2.96875","2.96875","2.96875"
"45862","3.5625","3.5625","3.5625"
"45877","2.875","2.875","2.875"
"45884","3.359375","3.359375","3.359375"
"45894","3.078125","3.078125","3.078125"
"45899","2.96875","2.96875","2.96875"
"45904","3.046875","3.046875","3.046875"
"45954","3.234375","3.234375","3.234375"
"45964","3.15625","3.15625","3.15625"
"45969","3.109375","3.109375","3.109375"
"45972","2.859375","2.859375","2.859375"
"45989","3.296875","3.296875","3.296875"
"46010","3.1875","3.1875","3.1875"
"46047","3.078125","3.078125","3.078125"
"46078","2.984375","2.984375","2.984375"
"46135","2.890625","2.890625","2.890625"
"46157","3.046875","3.046875","3.046875"
"46172","3.25","3.25","3.25"
"46183","2.8125","2.8125","2.8125"
"46204","3.25","3.25","3.25"
"46223","3.0625","3.0625","3.0625"
"46281","2.921875","2.921875","2.921875"
"46304","3.34375","3.34375","3.34375"
"46398","3.46875","3.46875","3.46875"
"46411","3.109375","3.109375","3.109375"
"46432","3.09375","3.09375","3.09375"
"46435","2.9375","2.9375","2.9375"
"46495","3.03125","3.03125","3.03125"
"46497","2.828125","2.828125","2.828125"
"46524","3.1875","3.1875","3.1875"
"46529","3.09375","3.09375","3.09375"
"46547","2.984375","2.984375","2.984375"
"46557","3.125","3.125","3.125"
"46567","3.40625","3.40625","3.40625"
"46581","3.453125","3.453125","3.453125"
"46607","2.96875","2.96875","2.96875"
"46681","3.078125","3.078125","3.078125"
"46682","3.03125","3.03125","3.03125"
"46700","2.890625","2.890625","2.890625"
"46712","3.296875","3.296875","3.296875"
"46719","2.875","2.875","2.875"
"46723","3.15625","3.15625","3.15625"
"46784","3.203125","3.203125","3.203125"
"46788","2.734375","2.734375","2.734375"
"46791","3.34375","3.34375","3.34375"
"46848","3.796875","3.796875","3.796875"
"46871","3","3","3"
"46890","3.1875","3.1875","3.1875"
"46914","3.265625","3.265625","3.265625"
"46951","3.234375","3.234375","3.234375"
"46988","3.03125","3.03125","3.03125"
"46991","3.078125","3.078125","3.078125"
"47107","3.09375","3.09375","3.09375"
"47112","3.15625","3.15625","3.15625"
"47124","3.234375","3.234375","3.234375"
"47130","2.890625","2.890625","2.890625"
"47163","3.6875","3.6875","3.6875"
"47164","3.046875","3.046875","3.046875"
"47169","3.15625","3.15625","3.15625"
"47190","3.296875","3.296875","3.296875"
"47197","3.046875","3.046875","3.046875"
"47220","3.046875","3.046875","3.046875"
"47223","2.953125","2.953125","2.953125"
"47243","3","3","3"
"47267","3.265625","3.265625","3.265625"
"47374","2.984375","2.984375","2.984375"
"47516","3.015625","3.015625","3.015625"
"47548","2.71875","2.71875","2.71875"
"47577","3.546875","3.546875","3.546875"
"47584","3.578125","3.578125","3.578125"
"47614","3.078125","3.078125","3.078125"
"47640","2.59375","2.59375","2.59375"
"47657","3.203125","3.203125","3.203125"
"47659","2.703125","2.703125","2.703125"
"47677","3.03125","3.03125","3.03125"
"47685","2.9375","2.9375","2.9375"
"47688","3.03125","3.03125","3.03125"
"47714","3.125","3.125","3.125"
"47751","3.390625","3.390625","3.390625"
"47862","3.234375","3.234375","3.234375"
"47863","2.703125","2.703125","2.703125"
"47865","2.515625","2.515625","2.515625"
"47867","3.046875","3.046875","3.046875"
"47897","3.1875","3.1875","3.1875"
"47900","2.953125","2.953125","2.953125"
"47930","3.21875","3.21875","3.21875"
"47952","3","3","3"
"47954","3.578125","3.578125","3.578125"
"47961","3.296875","3.296875","3.296875"
"47964","2.875","2.875","2.875"
"47980","3.40625","3.40625","3.40625"
"47986","3.75","3.75","3.75"
"48033","3.359375","3.359375","3.359375"
"48036","2.9375","2.9375","2.9375"
"48070","3.109375","3.109375","3.109375"
"48095","3.140625","3.140625","3.140625"
"48119","3.078125","3.078125","3.078125"
"48120","3.265625","3.265625","3.265625"
"48123","2.859375","2.859375","2.859375"
"48133","2.953125","2.953125","2.953125"
"48160","2.828125","2.828125","2.828125"
"48258","3.296875","3.296875","3.296875"
"48262","2.796875","2.796875","2.796875"
"48265","2.75","2.75","2.75"
"48269","3","3","3"
"48272","3.515625","3.515625","3.515625"
"48277","3.40625","3.40625","3.40625"
"48295","3.28125","3.28125","3.28125"
"48306","3.0625","3.0625","3.0625"
"48393","3.046875","3.046875","3.046875"
"48398","2.921875","2.921875","2.921875"
"48422","3.1875","3.1875","3.1875"
"48450","3.046875","3.046875","3.046875"
"48466","3.25","3.25","3.25"
"48467","3.25","3.25","3.25"
"48496","2.859375","2.859375","2.859375"
"48497","3.140625","3.140625","3.140625"
"48525","3.390625","3.390625","3.390625"
"48533","2.984375","2.984375","2.984375"
"48587","2.953125","2.953125","2.953125"
"48589","3.421875","3.421875","3.421875"
"48594","3.1875","3.1875","3.1875"
"48609","3.359375","3.359375","3.359375"
"48629","3.1875","3.1875","3.1875"
"48633","3","3","3"
"48649","3.109375","3.109375","3.109375"
"48663","3.265625","3.265625","3.265625"
"48666","2.984375","2.984375","2.984375"
"48698","3.4375","3.4375","3.4375"
"48700","3.25","3.25","3.25"
"48716","3.234375","3.234375","3.234375"
"48717","2.71875","2.71875","2.71875"
"48744","3.171875","3.171875","3.171875"
"48803","3.21875","3.21875","3.21875"
"48853","3.15625","3.15625","3.15625"
"48916","2.75","2.75","2.75"
"48922","3.3125","3.3125","3.3125"
"48933","3.140625","3.140625","3.140625"
"48936","3.5","3.5","3.5"
"48951","3.328125","3.328125","3.328125"
"48958","3.1875","3.1875","3.1875"
"48964","2.96875","2.96875","2.96875"
"48970","2.640625","2.640625","2.640625"
"48972","2.828125","2.828125","2.828125"
"49004","2.765625","2.765625","2.765625"
"49012","3.015625","3.015625","3.015625"
"49020","3.296875","3.296875","3.296875"
"49021","3.34375","3.34375","3.34375"
"49048","3.015625","3.015625","3.015625"
"49052","3.296875","3.296875","3.296875"
"49056","3.484375","3.484375","3.484375"
"49075","3.15625","3.15625","3.15625"
"49077","3.171875","3.171875","3.171875"
"49080","3.03125","3.03125","3.03125"
"49114","3.234375","3.234375","3.234375"
"49116","2.953125","2.953125","2.953125"
"49151","3.25","3.25","3.25"
"49164","3.125","3.125","3.125"
"49187","2.75","2.75","2.75"
"49189","2.796875","2.796875","2.796875"
"49201","2.859375","2.859375","2.859375"
"49270","3.359375","3.359375","3.359375"
"49274","3.03125","3.03125","3.03125"
"49308","2.78125","2.78125","2.78125"
"49311","2.984375","2.984375","2.984375"
"49313","3.015625","3.015625","3.015625"
"49329","3.03125","3.03125","3.03125"
"49345","3","3","3"
"49389","3.109375","3.109375","3.109375"
"49393","2.953125","2.953125","2.953125"
"49401","3.1875","3.1875","3.1875"
"49434","2.515625","2.515625","2.515625"
"49437","2.875","2.875","2.875"
"49472","2.890625","2.890625","2.890625"
"49516","3.125","3.125","3.125"
"49528","3.28125","3.28125","3.28125"
"49573","2.796875","2.796875","2.796875"
"49622","3.296875","3.296875","3.296875"
"49648","2.921875","2.921875","2.921875"
"49657","2.796875","2.796875","2.796875"
"49662","2.640625","2.640625","2.640625"
"49694","2.875","2.875","2.875"
"49700","3.046875","3.046875","3.046875"
"49716","2.984375","2.984375","2.984375"
"49737","2.640625","2.640625","2.640625"
"49743","3.046875","3.046875","3.046875"
"49779","3.140625","3.140625","3.140625"
"49822","3.34375","3.34375","3.34375"
"49843","2.796875","2.796875","2.796875"
"49868","3.34375","3.34375","3.34375"
"49869","3.28125","3.28125","3.28125"
"49889","3.015625","3.015625","3.015625"
"49892","2.765625","2.765625","2.765625"
"49893","3.015625","3.015625","3.015625"
"49894","2.84375","2.84375","2.84375"
"49959","2.828125","2.828125","2.828125"
"49981","2.59375","2.59375","2.59375"
"50010","2.859375","2.859375","2.859375"
"50014","3.015625","3.015625","3.015625"
"50029","3.1875","3.1875","3.1875"
"50083","3.125","3.125","3.125"
"50108","2.875","2.875","2.875"
"50111","3.03125","3.03125","3.03125"
"50122","2.65625","2.65625","2.65625"
"50128","3.078125","3.078125","3.078125"
"50137","3.046875","3.046875","3.046875"
"50148","2.9375","2.9375","2.9375"
"50161","2.734375","2.734375","2.734375"
"50189","3.15625","3.15625","3.15625"
"50213","2.734375","2.734375","2.734375"
"50221","2.890625","2.890625","2.890625"
"50243","3.09375","3.09375","3.09375"
"50259","3.28125","3.28125","3.28125"
"50280","2.796875","2.796875","2.796875"
"50289","2.953125","2.953125","2.953125"
"50296","2.828125","2.828125","2.828125"
"50370","3.140625","3.140625","3.140625"
"50395","3.0625","3.0625","3.0625"
"50415","3.0625","3.0625","3.0625"
"50434","2.8125","2.8125","2.8125"
"50475","2.796875","2.796875","2.796875"
"50512","2.875","2.875","2.875"
"50525","2.796875","2.796875","2.796875"
"50527","2.71875","2.71875","2.71875"
"50543","2.75","2.75","2.75"
"50555","3.109375","3.109375","3.109375"
"50564","3","3","3"
"50569","3.109375","3.109375","3.109375"
"50579","2.953125","2.953125","2.953125"
"50600","3.203125","3.203125","3.203125"
"50612","2.859375","2.859375","2.859375"
"50709","2.59375","2.59375","2.59375"
"50751","2.4375","2.4375","2.4375"
"50753","2.890625","2.890625","2.890625"
"50772","2.984375","2.984375","2.984375"
"50791","3.078125","3.078125","3.078125"
"50792","2.84375","2.84375","2.84375"
"50810","3.234375","3.234375","3.234375"
"50847","3.09375","3.09375","3.09375"
"50876","3.015625","3.015625","3.015625"
"50892","3.3125","3.3125","3.3125"
"50904","3.1875","3.1875","3.1875"
"50913","3.015625","3.015625","3.015625"
"50936","3.046875","3.046875","3.046875"
"50977","2.75","2.75","2.75"
"51013","3.109375","3.109375","3.109375"
"51040","2.828125","2.828125","2.828125"
"51052","2.609375","2.609375","2.609375"
"51060","2.59375","2.59375","2.59375"
"51071","2.96875","2.96875","2.96875"
"51085","2.75","2.75","2.75"
"51087","2.578125","2.578125","2.578125"
"51122","2.953125","2.953125","2.953125"
"51151","2.9375","2.9375","2.9375"
"51172","3.4375","3.4375","3.4375"
"51177","2.8125","2.8125","2.8125"
"51202","3.25","3.25","3.25"
"51253","3.25","3.25","3.25"
"51278","3.1875","3.1875","3.1875"
"51326","3.09375","3.09375","3.09375"
"51351","2.71875","2.71875","2.71875"
"51393","2.703125","2.703125","2.703125"
"51421","3.125","3.125","3.125"
"51423","2.875","2.875","2.875"
"51424","2.921875","2.921875","2.921875"
"51461","2.8125","2.8125","2.8125"
"51480","2.765625","2.765625","2.765625"
"51526","2.65625","2.65625","2.65625"
"51542","2.953125","2.953125","2.953125"
"51552","2.828125","2.828125","2.828125"
"51572","3.109375","3.109375","3.109375"
"51585","2.84375","2.84375","2.84375"
"51602","3.203125","3.203125","3.203125"
"51612","2.6875","2.6875","2.6875"
"51632","2.765625","2.765625","2.765625"
"51637","2.84375","2.84375","2.84375"
"51639","2.828125","2.828125","2.828125"
"51659","2.984375","2.984375","2.984375"
"51747","2.84375","2.84375","2.84375"
"51758","2.6875","2.6875","2.6875"
"51806","2.78125","2.78125","2.78125"
"51810","2.796875","2.796875","2.796875"
"51813","3.3125","3.3125","3.3125"
"51819","2.921875","2.921875","2.921875"
"51822","3.25","3.25","3.25"
"51831","3.1875","3.1875","3.1875"
"51852","2.921875","2.921875","2.921875"
"51858","2.921875","2.921875","2.921875"
"51867","2.796875","2.796875","2.796875"
"51890","2.953125","2.953125","2.953125"
"51894","3.03125","3.03125","3.03125"
"51901","2.921875","2.921875","2.921875"
"51926","2.765625","2.765625","2.765625"
"51937","2.6875","2.6875","2.6875"
"51975","2.71875","2.71875","2.71875"
"51981","2.890625","2.890625","2.890625"
"52005","2.796875","2.796875","2.796875"
"52059","2.90625","2.90625","2.90625"
"52125","3.015625","3.015625","3.015625"
"52150","2.828125","2.828125","2.828125"
"52163","2.671875","2.671875","2.671875"
"52180","2.765625","2.765625","2.765625"
"52183","2.84375","2.84375","2.84375"
"52303","3.09375","3.09375","3.09375"
"52309","2.3125","2.3125","2.3125"
"52356","2.90625","2.90625","2.90625"
"52381","2.96875","2.96875","2.96875"
"52385","3.171875","3.171875","3.171875"
"52408","2.5625","2.5625","2.5625"
"52428","2.9375","2.9375","2.9375"
"52441","2.65625","2.65625","2.65625"
"52491","3.0625","3.0625","3.0625"
"52520","3.09375","3.09375","3.09375"
"52542","2.671875","2.671875","2.671875"
"52558","2.625","2.625","2.625"
"52578","3.15625","3.15625","3.15625"
"52599","2.984375","2.984375","2.984375"
"52624","2.84375","2.84375","2.84375"
"52660","2.90625","2.90625","2.90625"
"52691","2.734375","2.734375","2.734375"
"52720","2.78125","2.78125","2.78125"
"52747","3.09375","3.09375","3.09375"
"52757","3.109375","3.109375","3.109375"
"52774","2.734375","2.734375","2.734375"
"52802","2.671875","2.671875","2.671875"
"52804","2.90625","2.90625","2.90625"
"52888","2.75","2.75","2.75"
"52936","3.125","3.125","3.125"
"52947","2.65625","2.65625","2.65625"
"52955","3.359375","3.359375","3.359375"
"52987","3","3","3"
"52997","3.203125","3.203125","3.203125"
"53068","2.765625","2.765625","2.765625"
"53089","2.859375","2.859375","2.859375"
"53092","2.96875","2.96875","2.96875"
"53096","2.34375","2.34375","2.34375"
"53099","2.609375","2.609375","2.609375"
"53103","2.921875","2.921875","2.921875"
"53113","2.796875","2.796875","2.796875"
"53119","3.109375","3.109375","3.109375"
"53122","2.609375","2.609375","2.609375"
"53128","2.5","2.5","2.5"
"53145","2.96875","2.96875","2.96875"
"53190","2.75","2.75","2.75"
"53229","2.578125","2.578125","2.578125"
"53233","3.109375","3.109375","3.109375"
"53239","2.6875","2.6875","2.6875"
"53249","2.546875","2.546875","2.546875"
"53352","3.03125","3.03125","3.03125"
"53376","2.921875","2.921875","2.921875"
"53432","2.71875","2.71875","2.71875"
"53465","3.25","3.25","3.25"
"53549","3.296875","3.296875","3.296875"
"53555","2.75","2.75","2.75"
"53567","2.78125","2.78125","2.78125"
"53576","3.125","3.125","3.125"
"53580","3.203125","3.203125","3.203125"
"53608","2.53125","2.53125","2.53125"
"53634","2.828125","2.828125","2.828125"
"53664","3.421875","3.421875","3.421875"
"53691","2.9375","2.9375","2.9375"
"53731","2.765625","2.765625","2.765625"
"53749","2.859375","2.859375","2.859375"
"53767","3.078125","3.078125","3.078125"
"53778","2.859375","2.859375","2.859375"
"53788","3.296875","3.296875","3.296875"
"53852","2.875","2.875","2.875"
"53867","3.328125","3.328125","3.328125"
"53872","2.734375","2.734375","2.734375"
"53902","3.359375","3.359375","3.359375"
"53920","2.828125","2.828125","2.828125"
"53953","2.71875","2.71875","2.71875"
"53977","2.765625","2.765625","2.765625"
"53978","3.15625","3.15625","3.15625"
"53981","3.015625","3.015625","3.015625"
"54005","2.671875","2.671875","2.671875"
"54086","3.015625","3.015625","3.015625"
"54099","2.859375","2.859375","2.859375"
"54125","2.890625","2.890625","2.890625"
"54145","2.859375","2.859375","2.859375"
"54154","2.921875","2.921875","2.921875"
"54160","2.953125","2.953125","2.953125"
"54289","2.890625","2.890625","2.890625"
"54335","2.59375","2.59375","2.59375"
"54366","2.734375","2.734375","2.734375"
"54369","2.703125","2.703125","2.703125"
"54394","2.75","2.75","2.75"
"54398","2.859375","2.859375","2.859375"
"54438","3.03125","3.03125","3.03125"
"54453","2.75","2.75","2.75"
"54462","2.625","2.625","2.625"
"54464","2.484375","2.484375","2.484375"
"54509","2.71875","2.71875","2.71875"
"54540","2.921875","2.921875","2.921875"
"54554","3","3","3"
"54562","2.78125","2.78125","2.78125"
"54598","2.390625","2.390625","2.390625"
"54600","2.640625","2.640625","2.640625"
"54626","2.8125","2.8125","2.8125"
"54635","2.96875","2.96875","2.96875"
"54654","2.609375","2.609375","2.609375"
"54697","2.75","2.75","2.75"
"54714","2.796875","2.796875","2.796875"
"54746","2.875","2.875","2.875"
"54748","2.984375","2.984375","2.984375"
"54769","2.46875","2.46875","2.46875"
"54782","2.796875","2.796875","2.796875"
"54790","3.125","3.125","3.125"
"54795","2.875","2.875","2.875"
"54872","2.9375","2.9375","2.9375"
"54873","3","3","3"
"54893","2.796875","2.796875","2.796875"
"54904","3.125","3.125","3.125"
"54922","2.6875","2.6875","2.6875"
"54929","2.75","2.75","2.75"
"54960","2.796875","2.796875","2.796875"
"55003","2.859375","2.859375","2.859375"
"55010","2.875","2.875","2.875"
"55031","2.890625","2.890625","2.890625"
"55037","2.8125","2.8125","2.8125"
"55039","2.875","2.875","2.875"
"55117","3.046875","3.046875","3.046875"
"55126","3","3","3"
"55145","2.765625","2.765625","2.765625"
"55146","2.5625","2.5625","2.5625"
"55210","2.78125","2.78125","2.78125"
"55230","3","3","3"
"55233","3.25","3.25","3.25"
"55276","2.984375","2.984375","2.984375"
"55297","3.015625","3.015625","3.015625"
"55349","2.9375","2.9375","2.9375"
"55357","2.671875","2.671875","2.671875"
"55390","2.953125","2.953125","2.953125"
"55402","3.078125","3.078125","3.078125"
"55433","2.984375","2.984375","2.984375"
"55438","3.1875","3.1875","3.1875"
"55468","2.859375","2.859375","2.859375"
"55487","2.9375","2.9375","2.9375"
"55488","2.8125","2.8125","2.8125"
"55527","2.765625","2.765625","2.765625"
"55538","2.4375","2.4375","2.4375"
"55635","2.90625","2.90625","2.90625"
"55640","2.84375","2.84375","2.84375"
"55648","3.203125","3.203125","3.203125"
"55710","2.75","2.75","2.75"
"55828","2.96875","2.96875","2.96875"
"55832","3.25","3.25","3.25"
"55833","2.578125","2.578125","2.578125"
"55841","2.78125","2.78125","2.78125"
"55850","2.6875","2.6875","2.6875"
"55858","2.578125","2.578125","2.578125"
"55872","3.03125","3.03125","3.03125"
"55897","2.765625","2.765625","2.765625"
"55910","3.265625","3.265625","3.265625"
"55912","2.875","2.875","2.875"
"55917","2.828125","2.828125","2.828125"
"55959","2.984375","2.984375","2.984375"
"55960","2.65625","2.65625","2.65625"
"55971","2.578125","2.578125","2.578125"
"56020","2.828125","2.828125","2.828125"
"56034","2.890625","2.890625","2.890625"
"56051","2.890625","2.890625","2.890625"
"56134","2.953125","2.953125","2.953125"
"56138","2.984375","2.984375","2.984375"
"56210","3.109375","3.109375","3.109375"
"56217","3.078125","3.078125","3.078125"
"56223","3.015625","3.015625","3.015625"
"56251","3.078125","3.078125","3.078125"
"56256","2.796875","2.796875","2.796875"
"56262","2.859375","2.859375","2.859375"
"56265","2.703125","2.703125","2.703125"
"56266","2.890625","2.890625","2.890625"
"56273","2.8125","2.8125","2.8125"
"56335","2.65625","2.65625","2.65625"
"56377","3.0625","3.0625","3.0625"
"56386","2.90625","2.90625","2.90625"
"56393","2.859375","2.859375","2.859375"
"56405","2.875","2.875","2.875"
"56414","2.6875","2.6875","2.6875"
"56434","2.765625","2.765625","2.765625"
"56439","2.71875","2.71875","2.71875"
"56445","3.015625","3.015625","3.015625"
"56477","2.796875","2.796875","2.796875"
"56571","2.90625","2.90625","2.90625"
"56612","2.84375","2.84375","2.84375"
"56619","2.625","2.625","2.625"
"56632","2.765625","2.765625","2.765625"
"56633","2.75","2.75","2.75"
"56682","2.640625","2.640625","2.640625"
"56705","2.859375","2.859375","2.859375"
"56737","2.5625","2.5625","2.5625"
"56770","2.890625","2.890625","2.890625"
"56819","2.84375","2.84375","2.84375"
"56840","3.03125","3.03125","3.03125"
"56865","3.03125","3.03125","3.03125"
"56882","2.734375","2.734375","2.734375"
"56907","3.046875","3.046875","3.046875"
"56918","2.84375","2.84375","2.84375"
"56928","2.90625","2.90625","2.90625"
"56933","2.875","2.875","2.875"
"56937","2.84375","2.84375","2.84375"
"56939","2.78125","2.78125","2.78125"
"56968","3.09375","3.09375","3.09375"
"56983","2.796875","2.796875","2.796875"
"57023","2.796875","2.796875","2.796875"
"57030","3.109375","3.109375","3.109375"
"57037","2.75","2.75","2.75"
"57046","3.0625","3.0625","3.0625"
"57124","2.578125","2.578125","2.578125"
"57134","3.140625","3.140625","3.140625"
"57158","2.890625","2.890625","2.890625"
"57225","2.546875","2.546875","2.546875"
"57229","3.28125","3.28125","3.28125"
"57237","3.0625","3.0625","3.0625"
"57245","2.90625","2.90625","2.90625"
"57257","2.984375","2.984375","2.984375"
"57265","3.15625","3.15625","3.15625"
"57362","3","3","3"
"57368","3","3","3"
"57403","2.734375","2.734375","2.734375"
"57414","2.78125","2.78125","2.78125"
"57474","3.0625","3.0625","3.0625"
"57498","2.734375","2.734375","2.734375"
"57508","2.765625","2.765625","2.765625"
"57535","2.921875","2.921875","2.921875"
"57559","3.015625","3.015625","3.015625"
"57604","2.65625","2.65625","2.65625"
"57606","2.859375","2.859375","2.859375"
"57613","2.828125","2.828125","2.828125"
"57620","3.09375","3.09375","3.09375"
"57627","2.6875","2.6875","2.6875"
"57639","2.921875","2.921875","2.921875"
"57657","2.5625","2.5625","2.5625"
"57659","2.734375","2.734375","2.734375"
"57694","2.90625","2.90625","2.90625"
"57707","3.234375","3.234375","3.234375"
"57721","2.875","2.875","2.875"
"57732","3.109375","3.109375","3.109375"
"57775","3.109375","3.109375","3.109375"
"57801","2.59375","2.59375","2.59375"
"57862","2.640625","2.640625","2.640625"
"57936","2.609375","2.609375","2.609375"
"57953","2.734375","2.734375","2.734375"
"58067","2.484375","2.484375","2.484375"
"58072","2.921875","2.921875","2.921875"
"58103","2.546875","2.546875","2.546875"
"58114","3.1875","3.1875","3.1875"
"58136","2.609375","2.609375","2.609375"
"58145","2.90625","2.90625","2.90625"
"58234","2.515625","2.515625","2.515625"
"58243","2.625","2.625","2.625"
"58284","2.9375","2.9375","2.9375"
"58307","3.140625","3.140625","3.140625"
"58312","2.78125","2.78125","2.78125"
"58343","3.09375","3.09375","3.09375"
"58379","2.8125","2.8125","2.8125"
"58382","2.671875","2.671875","2.671875"
"58392","2.71875","2.71875","2.71875"
"58425","2.8125","2.8125","2.8125"
"58457","2.671875","2.671875","2.671875"
"58485","2.828125","2.828125","2.828125"
"58532","3.21875","3.21875","3.21875"
"58569","2.75","2.75","2.75"
"58584","2.703125","2.703125","2.703125"
"58620","2.90625","2.90625","2.90625"
"58641","2.9375","2.9375","2.9375"
"58671","2.59375","2.59375","2.59375"
"58688","2.671875","2.671875","2.671875"
"58708","2.90625","2.90625","2.90625"
"58718","2.96875","2.96875","2.96875"
"58746","2.609375","2.609375","2.609375"
"58748","2.90625","2.90625","2.90625"
"58821","3.203125","3.203125","3.203125"
"58875","2.78125","2.78125","2.78125"
"58876","2.65625","2.65625","2.65625"
"58916","2.859375","2.859375","2.859375"
"58979","2.5","2.5","2.5"
"59004","2.84375","2.84375","2.84375"
"59014","2.78125","2.78125","2.78125"
"59049","2.921875","2.921875","2.921875"
"59063","2.765625","2.765625","2.765625"
"59101","2.765625","2.765625","2.765625"
"59104","2.625","2.625","2.625"
"59121","2.625","2.625","2.625"
"59133","2.671875","2.671875","2.671875"
"59205","2.921875","2.921875","2.921875"
"59207","2.8125","2.8125","2.8125"
"59238","2.890625","2.890625","2.890625"
"59368","2.46875","2.46875","2.46875"
"59434","2.828125","2.828125","2.828125"
"59450","2.640625","2.640625","2.640625"
"59499","2.75","2.75","2.75"
"59507","2.8125","2.8125","2.8125"
"59539","2.640625","2.640625","2.640625"
"59558","3","3","3"
"59572","2.359375","2.359375","2.359375"
"59586","2.625","2.625","2.625"
"59596","2.8125","2.8125","2.8125"
"59606","3.109375","3.109375","3.109375"
"59607","2.8125","2.8125","2.8125"
"59621","2.640625","2.640625","2.640625"
"59623","3","3","3"
"59625","2.734375","2.734375","2.734375"
"59650","2.9375","2.9375","2.9375"
"59671","2.75","2.75","2.75"
"59692","2.703125","2.703125","2.703125"
"59708","2.703125","2.703125","2.703125"
"59711","2.765625","2.765625","2.765625"
"59788","2.765625","2.765625","2.765625"
"59795","2.671875","2.671875","2.671875"
"59797","2.84375","2.84375","2.84375"
"59810","2.890625","2.890625","2.890625"
"59815","2.546875","2.546875","2.546875"
"59838","2.875","2.875","2.875"
"59874","2.96875","2.96875","2.96875"
"59877","2.90625","2.90625","2.90625"
"59892","3","3","3"
"59921","2.453125","2.453125","2.453125"
"60001","3.265625","3.265625","3.265625"
"60003","2.875","2.875","2.875"
"60025","2.609375","2.609375","2.609375"
"60088","2.859375","2.859375","2.859375"
"60123","3.140625","3.140625","3.140625"
"60179","2.75","2.75","2.75"
"60198","2.703125","2.703125","2.703125"
"60252","2.609375","2.609375","2.609375"
"60313","2.796875","2.796875","2.796875"
"60343","3.140625","3.140625","3.140625"
"60415","2.84375","2.84375","2.84375"
"60456","3.15625","3.15625","3.15625"
"60506","2.65625","2.65625","2.65625"
"60511","2.671875","2.671875","2.671875"
"60517","2.65625","2.65625","2.65625"
"60519","2.796875","2.796875","2.796875"
"60552","2.609375","2.609375","2.609375"
"60619","3.03125","3.03125","3.03125"
"60659","2.734375","2.734375","2.734375"
"60678","2.90625","2.90625","2.90625"
"60704","2.578125","2.578125","2.578125"
"60719","2.703125","2.703125","2.703125"
"60741","2.5625","2.5625","2.5625"
"60754","3.0625","3.0625","3.0625"
"60755","2.6875","2.6875","2.6875"
"60794","2.875","2.875","2.875"
"60828","2.703125","2.703125","2.703125"
"60830","2.703125","2.703125","2.703125"
"60834","2.53125","2.53125","2.53125"
"60856","2.546875","2.546875","2.546875"
"60873","2.921875","2.921875","2.921875"
"60884","3.0625","3.0625","3.0625"
"60887","2.609375","2.609375","2.609375"
"60898","2.734375","2.734375","2.734375"
"60922","2.8125","2.8125","2.8125"
"60983","2.859375","2.859375","2.859375"
"60990","2.75","2.75","2.75"
"61084","2.984375","2.984375","2.984375"
"61127","2.609375","2.609375","2.609375"
"61129","2.609375","2.609375","2.609375"
"61133","2.703125","2.703125","2.703125"
"61147","3.078125","3.078125","3.078125"
"61167","2.90625","2.90625","2.90625"
"61193","2.84375","2.84375","2.84375"
"61217","2.453125","2.453125","2.453125"
"61228","2.71875","2.71875","2.71875"
"61284","2.96875","2.96875","2.96875"
"61287","2.625","2.625","2.625"
"61289","2.640625","2.640625","2.640625"
"61332","2.75","2.75","2.75"
"61335","3","3","3"
"61362","2.65625","2.65625","2.65625"
"61418","2.546875","2.546875","2.546875"
"61419","2.4375","2.4375","2.4375"
"61447","2.828125","2.828125","2.828125"
"61460","2.90625","2.90625","2.90625"
"61463","2.703125","2.703125","2.703125"
"61494","2.859375","2.859375","2.859375"
"61531","3.09375","3.09375","3.09375"
"61557","2.671875","2.671875","2.671875"
"61571","2.90625","2.90625","2.90625"
"61597","2.765625","2.765625","2.765625"
"61606","2.625","2.625","2.625"
"61627","2.75","2.75","2.75"
"61648","2.78125","2.78125","2.78125"
"61696","2.71875","2.71875","2.71875"
"61732","2.578125","2.578125","2.578125"
"61831","2.78125","2.78125","2.78125"
"61858","2.859375","2.859375","2.859375"
"61902","3.015625","3.015625","3.015625"
"61913","2.796875","2.796875","2.796875"
"61940","2.71875","2.71875","2.71875"
"61942","2.890625","2.890625","2.890625"
"61965","2.609375","2.609375","2.609375"
"62027","2.5","2.5","2.5"
"62060","2.984375","2.984375","2.984375"
"62105","3.078125","3.078125","3.078125"
"62123","2.578125","2.578125","2.578125"
"62125","3.03125","3.03125","3.03125"
"62145","2.703125","2.703125","2.703125"
"62180","2.53125","2.53125","2.53125"
"62215","2.75","2.75","2.75"
"62270","2.84375","2.84375","2.84375"
"62283","2.5625","2.5625","2.5625"
"62317","2.640625","2.640625","2.640625"
"62341","2.828125","2.828125","2.828125"
"62349","2.671875","2.671875","2.671875"
"62355","3.015625","3.015625","3.015625"
"62374","2.8125","2.8125","2.8125"
"62413","2.96875","2.96875","2.96875"
"62428","2.8125","2.8125","2.8125"
"62435","2.59375","2.59375","2.59375"
"62470","2.484375","2.484375","2.484375"
"62474","2.5","2.5","2.5"
"62496","2.859375","2.859375","2.859375"
"62569","2.671875","2.671875","2.671875"
"62595","2.84375","2.84375","2.84375"
"62605","2.625","2.625","2.625"
"62670","2.90625","2.90625","2.90625"
"62680","2.953125","2.953125","2.953125"
"62712","3","3","3"
"62743","2.875","2.875","2.875"
"62803","3.015625","3.015625","3.015625"
"62831","2.609375","2.609375","2.609375"
"62836","2.796875","2.796875","2.796875"
"62884","2.875","2.875","2.875"
"62942","2.578125","2.578125","2.578125"
"62986","3.0625","3.0625","3.0625"
"62993","2.59375","2.59375","2.59375"
"63027","2.40625","2.40625","2.40625"
"63039","2.484375","2.484375","2.484375"
"63106","2.375","2.375","2.375"
"63135","3.125","3.125","3.125"
"63173","2.6875","2.6875","2.6875"
"63177","2.953125","2.953125","2.953125"
"63188","3.09375","3.09375","3.09375"
"63193","2.609375","2.609375","2.609375"
"63260","2.609375","2.609375","2.609375"
"63359","2.71875","2.71875","2.71875"
"63372","2.8125","2.8125","2.8125"
"63385","2.96875","2.96875","2.96875"
"63387","2.609375","2.609375","2.609375"
"63415","2.984375","2.984375","2.984375"
"63425","2.765625","2.765625","2.765625"
"63444","2.4375","2.4375","2.4375"
"63457","2.71875","2.71875","2.71875"
"63473","2.796875","2.796875","2.796875"
"63488","3.0625","3.0625","3.0625"
"63499","2.859375","2.859375","2.859375"
"63528","2.921875","2.921875","2.921875"
"63577","2.609375","2.609375","2.609375"
"63606","2.6875","2.6875","2.6875"
"63608","2.578125","2.578125","2.578125"
"63621","2.734375","2.734375","2.734375"
"63624","3.078125","3.078125","3.078125"
"63625","3","3","3"
"63634","2.453125","2.453125","2.453125"
"63650","2.765625","2.765625","2.765625"
"63681","2.9375","2.9375","2.9375"
"63722","2.484375","2.484375","2.484375"
"63761","2.5625","2.5625","2.5625"
"63764","2.828125","2.828125","2.828125"
"63770","2.8125","2.8125","2.8125"
"63775","2.90625","2.90625","2.90625"
"63778","2.796875","2.796875","2.796875"
"63887","2.828125","2.828125","2.828125"
"63903","2.8125","2.8125","2.8125"
"63907","2.875","2.875","2.875"
"63946","2.59375","2.59375","2.59375"
"63948","2.9375","2.9375","2.9375"
"64002","2.78125","2.78125","2.78125"
"64035","3.015625","3.015625","3.015625"
"64062","2.859375","2.859375","2.859375"
"64143","2.609375","2.609375","2.609375"
"64160","2.984375","2.984375","2.984375"
"64172","2.96875","2.96875","2.96875"
"64182","2.75","2.75","2.75"
"64185","2.734375","2.734375","2.734375"
"64186","2.734375","2.734375","2.734375"
"64232","2.5625","2.5625","2.5625"
"64276","2.921875","2.921875","2.921875"
"64331","2.78125","2.78125","2.78125"
"64365","2.796875","2.796875","2.796875"
"64390","2.8125","2.8125","2.8125"
"64398","2.8125","2.8125","2.8125"
"64406","2.5","2.5","2.5"
"64407","2.671875","2.671875","2.671875"
"64430","2.9375","2.9375","2.9375"
"64437","2.8125","2.8125","2.8125"
"64454","2.875","2.875","2.875"
"64464","3.046875","3.046875","3.046875"
"64480","2.75","2.75","2.75"
"64517","2.921875","2.921875","2.921875"
"64526","3.140625","3.140625","3.140625"
"64533","2.84375","2.84375","2.84375"
"64552","2.984375","2.984375","2.984375"
"64581","2.71875","2.71875","2.71875"
"64606","2.640625","2.640625","2.640625"
"64630","2.921875","2.921875","2.921875"
"64632","2.75","2.75","2.75"
"64660","2.71875","2.71875","2.71875"
"64667","2.78125","2.78125","2.78125"
"64672","2.921875","2.921875","2.921875"
"64680","2.40625","2.40625","2.40625"
"64731","2.859375","2.859375","2.859375"
"64733","2.671875","2.671875","2.671875"
"64751","2.609375","2.609375","2.609375"
"64783","2.4375","2.4375","2.4375"
"64785","2.4375","2.4375","2.4375"
"64802","2.53125","2.53125","2.53125"
"64803","3.171875","3.171875","3.171875"
"64816","2.796875","2.796875","2.796875"
"64843","2.421875","2.421875","2.421875"
"64856","2.453125","2.453125","2.453125"
"64898","2.671875","2.671875","2.671875"
"64916","2.75","2.75","2.75"
"64935","3.28125","3.28125","3.28125"
"64973","2.515625","2.515625","2.515625"
"64977","2.671875","2.671875","2.671875"
"64992","2.96875","2.96875","2.96875"
"65003","2.390625","2.390625","2.390625"
"65007","3.046875","3.046875","3.046875"
"65008","2.734375","2.734375","2.734375"
"65087","2.59375","2.59375","2.59375"
"65152","2.765625","2.765625","2.765625"
"65174","2.859375","2.859375","2.859375"
"65188","3.015625","3.015625","3.015625"
"65226","2.6875","2.6875","2.6875"
"65240","2.75","2.75","2.75"
"65250","2.53125","2.53125","2.53125"
"65277","3.21875","3.21875","3.21875"
"65302","2.546875","2.546875","2.546875"
"65313","3.03125","3.03125","3.03125"
"65330","2.609375","2.609375","2.609375"
"65358","2.65625","2.65625","2.65625"
"65362","2.609375","2.609375","2.609375"
"65372","2.78125","2.78125","2.78125"
"65398","2.8125","2.8125","2.8125"
"65434","2.703125","2.703125","2.703125"
"65453","2.5","2.5","2.5"
"65501","2.734375","2.734375","2.734375"
"65510","2.71875","2.71875","2.71875"
"65533","2.84375","2.84375","2.84375"
"65594","2.4375","2.4375","2.4375"
"65647","2.71875","2.71875","2.71875"
"65673","2.75","2.75","2.75"
"65700","2.3125","2.3125","2.3125"
"65707","2.5625","2.5625","2.5625"
"65739","2.65625","2.65625","2.65625"
"65804","2.765625","2.765625","2.765625"
"65854","2.953125","2.953125","2.953125"
"65855","2.8125","2.8125","2.8125"
"65857","2.609375","2.609375","2.609375"
"65862","2.609375","2.609375","2.609375"
"65946","2.984375","2.984375","2.984375"
"66024","2.6875","2.6875","2.6875"
"66043","3.078125","3.078125","3.078125"
"66072","2.609375","2.609375","2.609375"
"66113","2.703125","2.703125","2.703125"
"66127","2.828125","2.828125","2.828125"
"66131","2.46875","2.46875","2.46875"
"66137","2.9375","2.9375","2.9375"
"66149","2.671875","2.671875","2.671875"
"66160","2.578125","2.578125","2.578125"
"66181","2.6875","2.6875","2.6875"
"66186","3.015625","3.015625","3.015625"
"66194","2.625","2.625","2.625"
"66237","2.59375","2.59375","2.59375"
"66311","2.734375","2.734375","2.734375"
"66315","2.953125","2.953125","2.953125"
"66319","2.46875","2.46875","2.46875"
"66342","2.765625","2.765625","2.765625"
"66378","3","3","3"
"66396","2.828125","2.828125","2.828125"
"66428","2.6875","2.6875","2.6875"
"66497","3.015625","3.015625","3.015625"
"66530","2.828125","2.828125","2.828125"
"66554","2.84375","2.84375","2.84375"
"66556","2.953125","2.953125","2.953125"
"66560","2.609375","2.609375","2.609375"
"66561","2.953125","2.953125","2.953125"
"66587","2.65625","2.65625","2.65625"
"66601","2.890625","2.890625","2.890625"
"66602","2.390625","2.390625","2.390625"
"66622","3.09375","3.09375","3.09375"
"66630","2.921875","2.921875","2.921875"
"66650","2.890625","2.890625","2.890625"
"66656","2.609375","2.609375","2.609375"
"66677","2.921875","2.921875","2.921875"
"66712","2.75","2.75","2.75"
"66740","2.609375","2.609375","2.609375"
"66780","2.75","2.75","2.75"
"66804","2.875","2.875","2.875"
"66835","2.21875","2.21875","2.21875"
"66841","2.59375","2.59375","2.59375"
"66845","2.40625","2.40625","2.40625"
"66858","2.671875","2.671875","2.671875"
"66859","2.453125","2.453125","2.453125"
"66874","2.5625","2.5625","2.5625"
"66875","2.375","2.375","2.375"
"66918","2.859375","2.859375","2.859375"
"66959","3.03125","3.03125","3.03125"
"66960","2.625","2.625","2.625"
"66979","2.640625","2.640625","2.640625"
"66982","2.90625","2.90625","2.90625"
"66984","2.90625","2.90625","2.90625"
"67007","2.59375","2.59375","2.59375"
"67008","2.453125","2.453125","2.453125"
"67017","2.78125","2.78125","2.78125"
"67049","2.59375","2.59375","2.59375"
"67068","2.953125","2.953125","2.953125"
"67072","2.84375","2.84375","2.84375"
"67077","2.75","2.75","2.75"
"67139","2.4375","2.4375","2.4375"
"67140","2.53125","2.53125","2.53125"
"67142","2.59375","2.59375","2.59375"
"67176","2.703125","2.703125","2.703125"
"67201","2.546875","2.546875","2.546875"
"67202","2.671875","2.671875","2.671875"
"67205","2.578125","2.578125","2.578125"
"67223","2.65625","2.65625","2.65625"
"67261","2.796875","2.796875","2.796875"
"67268","2.765625","2.765625","2.765625"
"67285","2.6875","2.6875","2.6875"
"67311","2.796875","2.796875","2.796875"
"67327","2.8125","2.8125","2.8125"
"67341","2.828125","2.828125","2.828125"
"67380","2.71875","2.71875","2.71875"
"67392","3.0625","3.0625","3.0625"
"67393","2.875","2.875","2.875"
"67406","2.90625","2.90625","2.90625"
"67409","2.671875","2.671875","2.671875"
"67447","2.71875","2.71875","2.71875"
"67450","2.5","2.5","2.5"
"67495","3.03125","3.03125","3.03125"
"67547","2.890625","2.890625","2.890625"
"67569","2.671875","2.671875","2.671875"
"67573","3.09375","3.09375","3.09375"
"67598","2.765625","2.765625","2.765625"
"67602","2.890625","2.890625","2.890625"
"67609","3.078125","3.078125","3.078125"
"67696","2.578125","2.578125","2.578125"
"67710","2.53125","2.53125","2.53125"
"67735","2.859375","2.859375","2.859375"
"67751","2.921875","2.921875","2.921875"
"67776","2.375","2.375","2.375"
"67790","2.796875","2.796875","2.796875"
"67791","2.765625","2.765625","2.765625"
"67835","2.9375","2.9375","2.9375"
"67839","2.34375","2.34375","2.34375"
"67848","2.90625","2.90625","2.90625"
"67851","2.65625","2.65625","2.65625"
"67863","2.75","2.75","2.75"
"67877","2.953125","2.953125","2.953125"
"67902","2.75","2.75","2.75"
"67921","2.703125","2.703125","2.703125"
"67932","2.5625","2.5625","2.5625"
"67951","2.796875","2.796875","2.796875"
"67952","2.703125","2.703125","2.703125"
"67962","2.375","2.375","2.375"
"67966","2.75","2.75","2.75"
"67967","2.859375","2.859375","2.859375"
"67978","2.6875","2.6875","2.6875"
"67990","2.71875","2.71875","2.71875"
"68016","3.109375","3.109375","3.109375"
"68018","2.859375","2.859375","2.859375"
"68052","3.15625","3.15625","3.15625"
"68058","2.46875","2.46875","2.46875"
"68097","2.75","2.75","2.75"
"68103","2.546875","2.546875","2.546875"
"68112","2.984375","2.984375","2.984375"
"68120","2.703125","2.703125","2.703125"
"68165","2.8125","2.8125","2.8125"
"68173","2.734375","2.734375","2.734375"
"68228","2.734375","2.734375","2.734375"
"68265","3.03125","3.03125","3.03125"
"68268","2.890625","2.890625","2.890625"
"68327","2.46875","2.46875","2.46875"
"68342","2.625","2.625","2.625"
"68378","2.8125","2.8125","2.8125"
"68395","2.5","2.5","2.5"
"68420","2.65625","2.65625","2.65625"
"68422","2.703125","2.703125","2.703125"
"68476","2.5625","2.5625","2.5625"
"68491","2.40625","2.40625","2.40625"
"68493","2.75","2.75","2.75"
"68505","3","3","3"
"68507","2.765625","2.765625","2.765625"
"68508","2.90625","2.90625","2.90625"
"68541","2.640625","2.640625","2.640625"
"68561","2.984375","2.984375","2.984375"
"68640","3.109375","3.109375","3.109375"
"68646","3.3125","3.3125","3.3125"
"68662","2.8125","2.8125","2.8125"
"68701","2.421875","2.421875","2.421875"
"68721","2.734375","2.734375","2.734375"
"68770","2.828125","2.828125","2.828125"
"68796","2.625","2.625","2.625"
"68805","2.546875","2.546875","2.546875"
"68814","2.84375","2.84375","2.84375"
"68825","2.640625","2.640625","2.640625"
"68837","2.984375","2.984375","2.984375"
"68845","3.09375","3.09375","3.09375"
"68903","2.734375","2.734375","2.734375"
"68930","2.8125","2.8125","2.8125"
"68933","2.375","2.375","2.375"
"68958","2.40625","2.40625","2.40625"
"69018","2.84375","2.84375","2.84375"
"69020","2.765625","2.765625","2.765625"
"69030","2.703125","2.703125","2.703125"
"69100","2.84375","2.84375","2.84375"
"69102","2.515625","2.515625","2.515625"
"69104","2.890625","2.890625","2.890625"
"69169","2.75","2.75","2.75"
"69199","2.578125","2.578125","2.578125"
"69200","2.84375","2.84375","2.84375"
"69208","2.40625","2.40625","2.40625"
"69222","2.625","2.625","2.625"
"69259","2.703125","2.703125","2.703125"
"69278","2.53125","2.53125","2.53125"
"69282","2.8125","2.8125","2.8125"
"69288","2.328125","2.328125","2.328125"
"69313","2.625","2.625","2.625"
"69355","2.78125","2.78125","2.78125"
"69361","2.734375","2.734375","2.734375"
"69367","2.28125","2.28125","2.28125"
"69372","2.671875","2.671875","2.671875"
"69390","3","3","3"
"69412","3.015625","3.015625","3.015625"
"69436","3","3","3"
"69437","2.953125","2.953125","2.953125"
"69471","2.875","2.875","2.875"
"69525","2.53125","2.53125","2.53125"
"69530","3.03125","3.03125","3.03125"
"69537","2.6875","2.6875","2.6875"
"69539","2.828125","2.828125","2.828125"
"69570","2.578125","2.578125","2.578125"
"69576","2.484375","2.484375","2.484375"
"69614","2.59375","2.59375","2.59375"
"69636","2.515625","2.515625","2.515625"
"69640","2.671875","2.671875","2.671875"
"69656","2.921875","2.921875","2.921875"
"69671","2.375","2.375","2.375"
"69678","2.765625","2.765625","2.765625"
"69687","2.65625","2.65625","2.65625"
"69701","2.5625","2.5625","2.5625"
"69738","2.5625","2.5625","2.5625"
"69762","2.421875","2.421875","2.421875"
"69778","2.703125","2.703125","2.703125"
"69867","2.28125","2.28125","2.28125"
"69869","2.640625","2.640625","2.640625"
"69907","2.703125","2.703125","2.703125"
"69914","2.875","2.875","2.875"
"69916","2.75","2.75","2.75"
"69956","2.90625","2.90625","2.90625"
"69989","2.625","2.625","2.625"
"70004","2.75","2.75","2.75"
"70045","2.78125","2.78125","2.78125"
"70086","2.390625","2.390625","2.390625"
"70101","2.71875","2.71875","2.71875"
"70139","2.453125","2.453125","2.453125"
"70147","2.515625","2.515625","2.515625"
"70164","3.09375","3.09375","3.09375"
"70183","2.671875","2.671875","2.671875"
"70208","2.90625","2.90625","2.90625"
"70213","2.84375","2.84375","2.84375"
"70216","3.078125","3.078125","3.078125"
"70231","2.453125","2.453125","2.453125"
"70243","2.765625","2.765625","2.765625"
"70248","2.90625","2.90625","2.90625"
"70268","2.359375","2.359375","2.359375"
"70274","2.453125","2.453125","2.453125"
"70300","2.671875","2.671875","2.671875"
"70351","2.625","2.625","2.625"
"70438","2.671875","2.671875","2.671875"
"70467","2.453125","2.453125","2.453125"
"70498","2.640625","2.640625","2.640625"
"70524","2.609375","2.609375","2.609375"
"70527","2.71875","2.71875","2.71875"
"70548","2.5625","2.5625","2.5625"
"70578","2.765625","2.765625","2.765625"
"70587","2.546875","2.546875","2.546875"
"70593","3.046875","3.046875","3.046875"
"70598","2.890625","2.890625","2.890625"
"70637","2.921875","2.921875","2.921875"
"70655","2.65625","2.65625","2.65625"
"70679","3.15625","3.15625","3.15625"
"70682","2.609375","2.609375","2.609375"
"70814","2.484375","2.484375","2.484375"
"70855","2.4375","2.4375","2.4375"
"70869","2.578125","2.578125","2.578125"
"70876","2.875","2.875","2.875"
"70884","2.75","2.75","2.75"
"70941","2.8125","2.8125","2.8125"
"70957","2.625","2.625","2.625"
"70959","2.75","2.75","2.75"
"70985","3.03125","3.03125","3.03125"
"70996","2.65625","2.65625","2.65625"
"71024","2.609375","2.609375","2.609375"
"71075","2.578125","2.578125","2.578125"
"71086","2.765625","2.765625","2.765625"
"71092","2.609375","2.609375","2.609375"
"71111","2.6875","2.6875","2.6875"
"71167","2.671875","2.671875","2.671875"
"71174","2.421875","2.421875","2.421875"
"71176","2.375","2.375","2.375"
"71230","2.78125","2.78125","2.78125"
"71238","2.515625","2.515625","2.515625"
"71244","2.546875","2.546875","2.546875"
"71250","2.515625","2.515625","2.515625"
"71261","3.078125","3.078125","3.078125"
"71305","2.796875","2.796875","2.796875"
"71307","2.84375","2.84375","2.84375"
"71364","2.953125","2.953125","2.953125"
"71385","2.46875","2.46875","2.46875"
"71416","2.65625","2.65625","2.65625"
"71423","3","3","3"
"71549","2.625","2.625","2.625"
"71555","2.734375","2.734375","2.734375"
"71583","2.71875","2.71875","2.71875"
"71598","2.75","2.75","2.75"
"71622","2.609375","2.609375","2.609375"
"71645","2.546875","2.546875","2.546875"
"71648","2.46875","2.46875","2.46875"
"71656","2.640625","2.640625","2.640625"
"71672","2.84375","2.84375","2.84375"
"71693","2.71875","2.71875","2.71875"
"71699","2.703125","2.703125","2.703125"
"71719","2.828125","2.828125","2.828125"
"71752","2.53125","2.53125","2.53125"
"71789","2.75","2.75","2.75"
"71791","3.265625","3.265625","3.265625"
"71798","2.515625","2.515625","2.515625"
"71851","2.625","2.625","2.625"
"71879","2.765625","2.765625","2.765625"
"71933","2.8125","2.8125","2.8125"
"71962","2.609375","2.609375","2.609375"
"72050","2.671875","2.671875","2.671875"
"72097","2.890625","2.890625","2.890625"
"72111","2.6875","2.6875","2.6875"
"72163","2.65625","2.65625","2.65625"
"72199","2.5625","2.5625","2.5625"
"72224","2.734375","2.734375","2.734375"
"72233","2.53125","2.53125","2.53125"
"72254","2.65625","2.65625","2.65625"
"72263","2.546875","2.546875","2.546875"
"72281","2.875","2.875","2.875"
"72302","2.359375","2.359375","2.359375"
"72305","2.75","2.75","2.75"
"72339","2.234375","2.234375","2.234375"
"72351","2.59375","2.59375","2.59375"
"72446","2.84375","2.84375","2.84375"
"72516","3.03125","3.03125","3.03125"
"72522","2.578125","2.578125","2.578125"
"72550","2.75","2.75","2.75"
"72554","2.71875","2.71875","2.71875"
"72570","2.5","2.5","2.5"
"72609","2.953125","2.953125","2.953125"
"72615","2.5","2.5","2.5"
"72653","2.5625","2.5625","2.5625"
"72655","2.78125","2.78125","2.78125"
"72704","2.8125","2.8125","2.8125"
"72717","2.375","2.375","2.375"
"72723","2.5625","2.5625","2.5625"
"72725","2.65625","2.65625","2.65625"
"72731","2.609375","2.609375","2.609375"
"72772","2.765625","2.765625","2.765625"
"72787","2.453125","2.453125","2.453125"
"72826","2.640625","2.640625","2.640625"
"72843","2.703125","2.703125","2.703125"
"72857","2.84375","2.84375","2.84375"
"72858","2.515625","2.515625","2.515625"
"72893","2.953125","2.953125","2.953125"
"72909","2.6875","2.6875","2.6875"
"73040","2.578125","2.578125","2.578125"
"73068","2.671875","2.671875","2.671875"
"73096","2.71875","2.71875","2.71875"
"73099","2.859375","2.859375","2.859375"
"73157","2.53125","2.53125","2.53125"
"73188","2.671875","2.671875","2.671875"
"73196","2.515625","2.515625","2.515625"
"73205","2.84375","2.84375","2.84375"
"73212","2.46875","2.46875","2.46875"
"73311","2.96875","2.96875","2.96875"
"73317","2.59375","2.59375","2.59375"
"73353","2.84375","2.84375","2.84375"
"73391","2.671875","2.671875","2.671875"
"73461","2.609375","2.609375","2.609375"
"73504","2.71875","2.71875","2.71875"
"73518","2.515625","2.515625","2.515625"
"73569","2.390625","2.390625","2.390625"
"73596","2.75","2.75","2.75"
"73608","2.953125","2.953125","2.953125"
"73627","2.625","2.625","2.625"
"73657","2.59375","2.59375","2.59375"
"73671","2.578125","2.578125","2.578125"
"73707","2.75","2.75","2.75"
"73713","2.65625","2.65625","2.65625"
"73740","2.890625","2.890625","2.890625"
"73786","2.65625","2.65625","2.65625"
"73868","3","3","3"
"73884","2.484375","2.484375","2.484375"
"73892","2.46875","2.46875","2.46875"
"73954","2.890625","2.890625","2.890625"
"73963","2.703125","2.703125","2.703125"
"73965","2.578125","2.578125","2.578125"
"73992","2.65625","2.65625","2.65625"
"74015","2.875","2.875","2.875"
"74025","2.65625","2.65625","2.65625"
"74040","2.84375","2.84375","2.84375"
"74056","2.78125","2.78125","2.78125"
"74093","2.3125","2.3125","2.3125"
"74124","2.75","2.75","2.75"
"74138","2.625","2.625","2.625"
"74203","2.96875","2.96875","2.96875"
"74207","2.671875","2.671875","2.671875"
"74238","2.5625","2.5625","2.5625"
"74280","2.5","2.5","2.5"
"74283","2.71875","2.71875","2.71875"
"74316","2.953125","2.953125","2.953125"
"74320","2.46875","2.46875","2.46875"
"74339","2.515625","2.515625","2.515625"
"74449","2.484375","2.484375","2.484375"
"74451","2.375","2.375","2.375"
"74476","2.78125","2.78125","2.78125"
"74478","2.703125","2.703125","2.703125"
"74481","2.734375","2.734375","2.734375"
"74490","2.6875","2.6875","2.6875"
"74492","2.609375","2.609375","2.609375"
"74494","2.671875","2.671875","2.671875"
"74547","2.828125","2.828125","2.828125"
"74548","2.828125","2.828125","2.828125"
"74616","2.640625","2.640625","2.640625"
"74635","2.8125","2.8125","2.8125"
"74637","2.46875","2.46875","2.46875"
"74661","2.671875","2.671875","2.671875"
"74678","2.578125","2.578125","2.578125"
"74760","2.359375","2.359375","2.359375"
"74763","2.65625","2.65625","2.65625"
"74796","2.34375","2.34375","2.34375"
"74812","2.703125","2.703125","2.703125"
"74816","3.015625","3.015625","3.015625"
"74839","2.734375","2.734375","2.734375"
"74848","2.671875","2.671875","2.671875"
"74853","2.703125","2.703125","2.703125"
"74873","2.546875","2.546875","2.546875"
"74921","2.71875","2.71875","2.71875"
"74974","2.25","2.25","2.25"
"74989","2.453125","2.453125","2.453125"
"74999","2.6875","2.6875","2.6875"
"75026","2.59375","2.59375","2.59375"
"75052","2.484375","2.484375","2.484375"
"75063","2.6875","2.6875","2.6875"
"75107","2.53125","2.53125","2.53125"
"75130","2.65625","2.65625","2.65625"
"75197","2.703125","2.703125","2.703125"
"75199","2.6875","2.6875","2.6875"
"75247","2.3125","2.3125","2.3125"
"75267","2.78125","2.78125","2.78125"
"75348","2.625","2.625","2.625"
"75363","2.5625","2.5625","2.5625"
"75372","2.875","2.875","2.875"
"75445","2.625","2.625","2.625"
"75453","2.8125","2.8125","2.8125"
"75464","2.640625","2.640625","2.640625"
"75482","2.609375","2.609375","2.609375"
"75497","3.1875","3.1875","3.1875"
"75509","2.375","2.375","2.375"
"75517","2.0625","2.0625","2.0625"
"75595","2.53125","2.53125","2.53125"
"75600","2.46875","2.46875","2.46875"
"75629","2.3125","2.3125","2.3125"
"75634","2.46875","2.46875","2.46875"
"75653","2.546875","2.546875","2.546875"
"75687","2.828125","2.828125","2.828125"
"75706","2.4375","2.4375","2.4375"
"75739","2.59375","2.59375","2.59375"
"75795","2.171875","2.171875","2.171875"
"75818","2.78125","2.78125","2.78125"
"75840","2.65625","2.65625","2.65625"
"75934","2.53125","2.53125","2.53125"
"75955","2.625","2.625","2.625"
"75957","2.484375","2.484375","2.484375"
"75991","2.71875","2.71875","2.71875"
"76018","2.328125","2.328125","2.328125"
"76021","2.703125","2.703125","2.703125"
"76031","2.734375","2.734375","2.734375"
"76048","2.9375","2.9375","2.9375"
"76082","2.34375","2.34375","2.34375"
"76106","2.34375","2.34375","2.34375"
"76115","2.9375","2.9375","2.9375"
"76116","2.65625","2.65625","2.65625"
"76146","2.9375","2.9375","2.9375"
"76188","3.0625","3.0625","3.0625"
"76212","2.328125","2.328125","2.328125"
"76236","2.4375","2.4375","2.4375"
"76287","2.953125","2.953125","2.953125"
"76295","2.5625","2.5625","2.5625"
"76337","2.609375","2.609375","2.609375"
"76342","2.65625","2.65625","2.65625"
"76361","2.796875","2.796875","2.796875"
"76374","2.328125","2.328125","2.328125"
"76401","2.640625","2.640625","2.640625"
"76427","2.859375","2.859375","2.859375"
"76446","2.234375","2.234375","2.234375"
"76455","2.890625","2.890625","2.890625"
"76470","2.71875","2.71875","2.71875"
"76518","2.796875","2.796875","2.796875"
"76543","2.609375","2.609375","2.609375"
"76573","2.796875","2.796875","2.796875"
"76594","2.453125","2.453125","2.453125"
"76667","2.546875","2.546875","2.546875"
"76692","2.765625","2.765625","2.765625"
"76698","2.625","2.625","2.625"
"76702","2.890625","2.890625","2.890625"
"76718","2.453125","2.453125","2.453125"
"76740","2.671875","2.671875","2.671875"
"76777","2.625","2.625","2.625"
"76782","2.515625","2.515625","2.515625"
"76855","2.921875","2.921875","2.921875"
"76874","2.0625","2.0625","2.0625"
"76893","2.40625","2.40625","2.40625"
"76916","2.4375","2.4375","2.4375"
"76977","2.578125","2.578125","2.578125"
"76978","2.390625","2.390625","2.390625"
"77026","2.453125","2.453125","2.453125"
"77057","2.796875","2.796875","2.796875"
"77074","2.5","2.5","2.5"
"77088","2.515625","2.515625","2.515625"
"77121","2.515625","2.515625","2.515625"
"77143","2.734375","2.734375","2.734375"
"77145","2.640625","2.640625","2.640625"
"77178","2.640625","2.640625","2.640625"
"77186","2.375","2.375","2.375"
"77239","2.9375","2.9375","2.9375"
"77339","2.65625","2.65625","2.65625"
"77359","2.65625","2.65625","2.65625"
"77382","2.65625","2.65625","2.65625"
"77387","2.53125","2.53125","2.53125"
"77434","2.609375","2.609375","2.609375"
"77435","2.59375","2.59375","2.59375"
"77494","2.59375","2.59375","2.59375"
"77505","2.796875","2.796875","2.796875"
"77561","2.828125","2.828125","2.828125"
"77623","2.828125","2.828125","2.828125"
"77629","2.609375","2.609375","2.609375"
"77631","2.671875","2.671875","2.671875"
"77662","2.234375","2.234375","2.234375"
"77663","2.328125","2.328125","2.328125"
"77704","2.546875","2.546875","2.546875"
"77725","2.703125","2.703125","2.703125"
"77742","2.546875","2.546875","2.546875"
"77748","2.609375","2.609375","2.609375"
"77751","2.859375","2.859375","2.859375"
"77765","2.46875","2.46875","2.46875"
"77796","2.765625","2.765625","2.765625"
"77812","2.40625","2.40625","2.40625"
"77814","2.640625","2.640625","2.640625"
"77820","2.453125","2.453125","2.453125"
"77834","2.6875","2.6875","2.6875"
"77837","2.671875","2.671875","2.671875"
"77840","2.453125","2.453125","2.453125"
"77877","2.625","2.625","2.625"
"77891","2.25","2.25","2.25"
"77934","2.3125","2.3125","2.3125"
"77962","2.78125","2.78125","2.78125"
"77995","2.921875","2.921875","2.921875"
"78020","2.40625","2.40625","2.40625"
"78043","2.734375","2.734375","2.734375"
"78095","2.625","2.625","2.625"
"78117","2.5625","2.5625","2.5625"
"78119","2.828125","2.828125","2.828125"
"78140","2.28125","2.28125","2.28125"
"78161","2.546875","2.546875","2.546875"
"78163","2.640625","2.640625","2.640625"
"78190","2.765625","2.765625","2.765625"
"78210","2.46875","2.46875","2.46875"
"78287","2.375","2.375","2.375"
"78300","2.453125","2.453125","2.453125"
"78304","2.34375","2.34375","2.34375"
"78312","2.78125","2.78125","2.78125"
"78338","2.625","2.625","2.625"
"78370","2.71875","2.71875","2.71875"
"78378","2.25","2.25","2.25"
"78410","2.890625","2.890625","2.890625"
"78434","2.328125","2.328125","2.328125"
"78536","2.515625","2.515625","2.515625"
"78577","2.46875","2.46875","2.46875"
"78584","2.515625","2.515625","2.515625"
"78601","2.515625","2.515625","2.515625"
"78604","2.796875","2.796875","2.796875"
"78614","2.265625","2.265625","2.265625"
"78633","2.75","2.75","2.75"
"78698","3","3","3"
"78719","2.765625","2.765625","2.765625"
"78721","2.625","2.625","2.625"
"78724","2.84375","2.84375","2.84375"
"78769","2.40625","2.40625","2.40625"
"78780","2.578125","2.578125","2.578125"
"78871","2.265625","2.265625","2.265625"
"78877","2.59375","2.59375","2.59375"
"78885","2.875","2.875","2.875"
"78913","2.515625","2.515625","2.515625"
"78948","2.46875","2.46875","2.46875"
"78956","2.296875","2.296875","2.296875"
"78997","2.296875","2.296875","2.296875"
"79032","2.703125","2.703125","2.703125"
"79076","2.6875","2.6875","2.6875"
"79098","2.703125","2.703125","2.703125"
"79104","2.28125","2.28125","2.28125"
"79109","2.46875","2.46875","2.46875"
"79148","2.453125","2.453125","2.453125"
"79153","2.5","2.5","2.5"
"79186","2.59375","2.59375","2.59375"
"79230","2.5625","2.5625","2.5625"
"79273","2.484375","2.484375","2.484375"
"79287","2.34375","2.34375","2.34375"
"79288","2.515625","2.515625","2.515625"
"79330","2.25","2.25","2.25"
"79339","2.609375","2.609375","2.609375"
"79343","2.796875","2.796875","2.796875"
"79349","2.46875","2.46875","2.46875"
"79353","2.53125","2.53125","2.53125"
"79379","2.734375","2.734375","2.734375"
"79385","2.5625","2.5625","2.5625"
"79393","2.515625","2.515625","2.515625"
"79464","2.0625","2.0625","2.0625"
"79536","2.53125","2.53125","2.53125"
"79559","3.1875","3.1875","3.1875"
"79571","2.5625","2.5625","2.5625"
"79573","2.734375","2.734375","2.734375"
"79604","2.5","2.5","2.5"
"79613","2.53125","2.53125","2.53125"
"79647","2.671875","2.671875","2.671875"
"79668","2.765625","2.765625","2.765625"
"79684","2.921875","2.921875","2.921875"
"79703","2.6875","2.6875","2.6875"
"79712","2.484375","2.484375","2.484375"
"79727","2.578125","2.578125","2.578125"
"79728","2.703125","2.703125","2.703125"
"79753","2.515625","2.515625","2.515625"
"79775","2.796875","2.796875","2.796875"
"79786","2.5625","2.5625","2.5625"
"79792","2.53125","2.53125","2.53125"
"79802","2.375","2.375","2.375"
"79827","2.296875","2.296875","2.296875"
"79828","2.171875","2.171875","2.171875"
"79837","2.484375","2.484375","2.484375"
"79842","2.296875","2.296875","2.296875"
"79889","2.625","2.625","2.625"
"79916","2.375","2.375","2.375"
"79918","2.109375","2.109375","2.109375"
"79942","2.6875","2.6875","2.6875"
"79952","2.6875","2.6875","2.6875"
"79956","2.234375","2.234375","2.234375"
"79963","2.546875","2.546875","2.546875"
"79972","2.34375","2.34375","2.34375"
"79979","2.703125","2.703125","2.703125"
"79992","2.328125","2.328125","2.328125"
"79996","2.546875","2.546875","2.546875"
"80050","2.984375","2.984375","2.984375"
"80053","2.875","2.875","2.875"
"80115","2.609375","2.609375","2.609375"
"80135","2.625","2.625","2.625"
"80145","2.421875","2.421875","2.421875"
"80191","2.65625","2.65625","2.65625"
"80202","2.578125","2.578125","2.578125"
"80207","2.53125","2.53125","2.53125"
"80225","2.640625","2.640625","2.640625"
"80249","2.53125","2.53125","2.53125"
"80297","2.703125","2.703125","2.703125"
"80306","2.46875","2.46875","2.46875"
"80336","2.5625","2.5625","2.5625"
"80388","2.5","2.5","2.5"
"80404","2.5625","2.5625","2.5625"
"80406","2.1875","2.1875","2.1875"
"80501","2.46875","2.46875","2.46875"
"80520","2.203125","2.203125","2.203125"
"80588","2.5625","2.5625","2.5625"
"80594","2.34375","2.34375","2.34375"
"80605","2.421875","2.421875","2.421875"
"80607","2.484375","2.484375","2.484375"
"80617","2.71875","2.71875","2.71875"
"80632","2.5625","2.5625","2.5625"
"80646","2.609375","2.609375","2.609375"
"80668","2.3125","2.3125","2.3125"
"80675","2.421875","2.421875","2.421875"
"80679","2.625","2.625","2.625"
"80716","2.578125","2.578125","2.578125"
"80750","2.53125","2.53125","2.53125"
"80753","2.578125","2.578125","2.578125"
"80759","2.578125","2.578125","2.578125"
"80773","2.796875","2.796875","2.796875"
"80788","2.515625","2.515625","2.515625"
"80827","2.359375","2.359375","2.359375"
"80862","2.328125","2.328125","2.328125"
"80865","2.203125","2.203125","2.203125"
"80868","2.28125","2.28125","2.28125"
"80875","2.71875","2.71875","2.71875"
"80892","2.59375","2.59375","2.59375"
"80937","2.75","2.75","2.75"
"80947","2.546875","2.546875","2.546875"
"81085","2.40625","2.40625","2.40625"
"81090","2.390625","2.390625","2.390625"
"81160","2.5625","2.5625","2.5625"
"81201","2.546875","2.546875","2.546875"
"81218","2.40625","2.40625","2.40625"
"81309","2.421875","2.421875","2.421875"
"81320","2.265625","2.265625","2.265625"
"81351","2.53125","2.53125","2.53125"
"81408","2.3125","2.3125","2.3125"
"81414","2.671875","2.671875","2.671875"
"81424","2.703125","2.703125","2.703125"
"81459","2.28125","2.28125","2.28125"
"81460","2.734375","2.734375","2.734375"
"81545","2.390625","2.390625","2.390625"
"81555","2.359375","2.359375","2.359375"
"81566","2.390625","2.390625","2.390625"
"81573","2.34375","2.34375","2.34375"
"81677","2.46875","2.46875","2.46875"
"81718","2.84375","2.84375","2.84375"
"81728","2.484375","2.484375","2.484375"
"81757","2.546875","2.546875","2.546875"
"81767","2.609375","2.609375","2.609375"
"81810","2.5","2.5","2.5"
"81829","2.734375","2.734375","2.734375"
"81831","2.625","2.625","2.625"
"81840","2.53125","2.53125","2.53125"
"81875","2.46875","2.46875","2.46875"
"81905","2.421875","2.421875","2.421875"
"81908","2.40625","2.40625","2.40625"
"81998","2.484375","2.484375","2.484375"
"82039","2.484375","2.484375","2.484375"
"82054","2.125","2.125","2.125"
"82071","2.84375","2.84375","2.84375"
"82086","2.4375","2.4375","2.4375"
"82096","2.46875","2.46875","2.46875"
"82102","2.765625","2.765625","2.765625"
"82133","2.890625","2.890625","2.890625"
"82163","2.234375","2.234375","2.234375"
"82225","2.375","2.375","2.375"
"82245","2.5625","2.5625","2.5625"
"82258","2.703125","2.703125","2.703125"
"82295","2.4375","2.4375","2.4375"
"82334","2.625","2.625","2.625"
"82355","2.75","2.75","2.75"
"82363","2.484375","2.484375","2.484375"
"82366","2.5","2.5","2.5"
"82367","2.65625","2.65625","2.65625"
"82374","2.671875","2.671875","2.671875"
"82391","2.453125","2.453125","2.453125"
"82404","2.71875","2.71875","2.71875"
"82446","2.3125","2.3125","2.3125"
"82453","2.6875","2.6875","2.6875"
"82459","2.8125","2.8125","2.8125"
"82474","2.515625","2.515625","2.515625"
"82492","2.34375","2.34375","2.34375"
"82505","2.5","2.5","2.5"
"82530","2.453125","2.453125","2.453125"
"82613","2.25","2.25","2.25"
"82625","2.765625","2.765625","2.765625"
"82632","2.296875","2.296875","2.296875"
"82642","2.6875","2.6875","2.6875"
"82653","2.765625","2.765625","2.765625"
"82670","2.53125","2.53125","2.53125"
"82679","2.375","2.375","2.375"
"82700","2.34375","2.34375","2.34375"
"82727","2.515625","2.515625","2.515625"
"82747","2.59375","2.59375","2.59375"
"82752","2.34375","2.34375","2.34375"
"82766","2.15625","2.15625","2.15625"
"82776","2.4375","2.4375","2.4375"
"82796","2.734375","2.734375","2.734375"
"82802","2.546875","2.546875","2.546875"
"82836","2.75","2.75","2.75"
"82847","2.390625","2.390625","2.390625"
"82853","2.53125","2.53125","2.53125"
"82864","2.46875","2.46875","2.46875"
"82872","2.53125","2.53125","2.53125"
"82890","2.5625","2.5625","2.5625"
"82926","2.40625","2.40625","2.40625"
"82958","2.5","2.5","2.5"
"82961","2.609375","2.609375","2.609375"
"82966","2.578125","2.578125","2.578125"
"83006","2.359375","2.359375","2.359375"
"83031","2.375","2.375","2.375"
"83033","2.546875","2.546875","2.546875"
"83050","2.375","2.375","2.375"
"83053","2.578125","2.578125","2.578125"
"83070","2.640625","2.640625","2.640625"
"83086","2.359375","2.359375","2.359375"
"83111","2.4375","2.4375","2.4375"
"83151","2.453125","2.453125","2.453125"
"83206","2.75","2.75","2.75"
"83217","2.28125","2.28125","2.28125"
"83299","2.84375","2.84375","2.84375"
"83314","2.6875","2.6875","2.6875"
"83320","2.484375","2.484375","2.484375"
"83326","2.4375","2.4375","2.4375"
"83364","2.390625","2.390625","2.390625"
"83401","2.5","2.5","2.5"
"83403","2.484375","2.484375","2.484375"
"83404","2.53125","2.53125","2.53125"
"83405","2.46875","2.46875","2.46875"
"83423","2.59375","2.59375","2.59375"
"83452","2.328125","2.328125","2.328125"
"83473","2.609375","2.609375","2.609375"
"83494","2.5625","2.5625","2.5625"
"83541","2.515625","2.515625","2.515625"
"83551","2.5625","2.5625","2.5625"
"83555","2.578125","2.578125","2.578125"
"83573","2.453125","2.453125","2.453125"
"83579","2.46875","2.46875","2.46875"
"83583","2.40625","2.40625","2.40625"
"83586","2.421875","2.421875","2.421875"
"83623","2.234375","2.234375","2.234375"
"83642","2.71875","2.71875","2.71875"
"83661","2.46875","2.46875","2.46875"
"83681","2.359375","2.359375","2.359375"
"83704","2.390625","2.390625","2.390625"
"83710","2.390625","2.390625","2.390625"
"83724","2.484375","2.484375","2.484375"
"83726","2.453125","2.453125","2.453125"
"83743","2.796875","2.796875","2.796875"
"83784","2.5625","2.5625","2.5625"
"83796","2.390625","2.390625","2.390625"
"83800","2.5625","2.5625","2.5625"
"83820","2.65625","2.65625","2.65625"
"83824","2.453125","2.453125","2.453125"
"83829","2","2","2"
"83854","2.21875","2.21875","2.21875"
"83884","2.5625","2.5625","2.5625"
"83898","2.578125","2.578125","2.578125"
"83899","2.203125","2.203125","2.203125"
"83962","2.84375","2.84375","2.84375"
"83969","2.5","2.5","2.5"
"83993","2.734375","2.734375","2.734375"
"83997","2.375","2.375","2.375"
"84012","2.453125","2.453125","2.453125"
"84024","2.6875","2.6875","2.6875"
"84035","2.4375","2.4375","2.4375"
"84057","2.640625","2.640625","2.640625"
"84061","2.140625","2.140625","2.140625"
"84074","2.46875","2.46875","2.46875"
"84098","2.46875","2.46875","2.46875"
"84113","2.59375","2.59375","2.59375"
"84117","2.765625","2.765625","2.765625"
"84138","2.421875","2.421875","2.421875"
"84199","2.25","2.25","2.25"
"84237","2.109375","2.109375","2.109375"
"84282","2.375","2.375","2.375"
"84292","2.703125","2.703125","2.703125"
"84365","2.578125","2.578125","2.578125"
"84370","2.390625","2.390625","2.390625"
"84388","2.390625","2.390625","2.390625"
"84408","2.3125","2.3125","2.3125"
"84411","2.46875","2.46875","2.46875"
"84417","2.265625","2.265625","2.265625"
"84430","2.609375","2.609375","2.609375"
"84431","2.59375","2.59375","2.59375"
"84442","2.328125","2.328125","2.328125"
"84452","2.78125","2.78125","2.78125"
"84454","2.796875","2.796875","2.796875"
"84458","2.625","2.625","2.625"
"84474","2.578125","2.578125","2.578125"
"84489","2.71875","2.71875","2.71875"
"84516","2.375","2.375","2.375"
"84544","2.484375","2.484375","2.484375"
"84554","2.3125","2.3125","2.3125"
"84657","2.1875","2.1875","2.1875"
"84672","2.609375","2.609375","2.609375"
"84679","2.484375","2.484375","2.484375"
"84682","2.609375","2.609375","2.609375"
"84696","2.46875","2.46875","2.46875"
"84712","2.53125","2.53125","2.53125"
"84761","2.328125","2.328125","2.328125"
"84782","2.6875","2.6875","2.6875"
"84796","2.5","2.5","2.5"
"84807","2.671875","2.671875","2.671875"
"84811","2.625","2.625","2.625"
"84829","2.65625","2.65625","2.65625"
"84830","3.03125","3.03125","3.03125"
"84846","2.703125","2.703125","2.703125"
"84855","2.671875","2.671875","2.671875"
"84897","2.671875","2.671875","2.671875"
"84945","2.328125","2.328125","2.328125"
"84992","2.3125","2.3125","2.3125"
"85015","2.78125","2.78125","2.78125"
"85018","2.4375","2.4375","2.4375"
"85025","2.296875","2.296875","2.296875"
"85054","2.796875","2.796875","2.796875"
"85070","2.640625","2.640625","2.640625"
"85295","2.453125","2.453125","2.453125"
"85349","2.5625","2.5625","2.5625"
"85398","2.5","2.5","2.5"
"85405","2.796875","2.796875","2.796875"
"85440","2.53125","2.53125","2.53125"
"85448","2.328125","2.328125","2.328125"
"85450","2.28125","2.28125","2.28125"
"85480","2.25","2.25","2.25"
"85527","2.546875","2.546875","2.546875"
"85533","2.4375","2.4375","2.4375"
"85560","2.640625","2.640625","2.640625"
"85562","2.359375","2.359375","2.359375"
"85577","2.390625","2.390625","2.390625"
"85603","2.4375","2.4375","2.4375"
"85607","2.421875","2.421875","2.421875"
"85641","2.390625","2.390625","2.390625"
"85698","2.09375","2.09375","2.09375"
"85741","2.578125","2.578125","2.578125"
"85868","2.453125","2.453125","2.453125"
"85893","2.5625","2.5625","2.5625"
"85956","2.453125","2.453125","2.453125"
"85982","2.296875","2.296875","2.296875"
"86009","2.65625","2.65625","2.65625"
"86044","2.734375","2.734375","2.734375"
"86051","2.5625","2.5625","2.5625"
"86066","2.421875","2.421875","2.421875"
"86086","2.265625","2.265625","2.265625"
"86134","2.234375","2.234375","2.234375"
"86152","2.734375","2.734375","2.734375"
"86195","2.578125","2.578125","2.578125"
"86259","2.390625","2.390625","2.390625"
"86277","2.203125","2.203125","2.203125"
"86295","2.59375","2.59375","2.59375"
"86312","2.4375","2.4375","2.4375"
"86345","2.515625","2.515625","2.515625"
"86352","2.5","2.5","2.5"
"86374","2.1875","2.1875","2.1875"
"86390","2.796875","2.796875","2.796875"
"86399","2.5","2.5","2.5"
"86458","2.578125","2.578125","2.578125"
"86459","2.421875","2.421875","2.421875"
"86462","2.515625","2.515625","2.515625"
"86466","2.234375","2.234375","2.234375"
"86485","2.421875","2.421875","2.421875"
"86489","2.578125","2.578125","2.578125"
"86514","2.359375","2.359375","2.359375"
"86541","2.65625","2.65625","2.65625"
"86610","2.203125","2.203125","2.203125"
"86618","2.875","2.875","2.875"
"86643","2.625","2.625","2.625"
"86672","2.40625","2.40625","2.40625"
"86681","2.5","2.5","2.5"
"86705","2.5","2.5","2.5"
"86745","2.578125","2.578125","2.578125"
"86748","2.125","2.125","2.125"
"86788","2.515625","2.515625","2.515625"
"86793","2.21875","2.21875","2.21875"
"86847","2.59375","2.59375","2.59375"
"86857","2.25","2.25","2.25"
"86883","2.421875","2.421875","2.421875"
"86892","2.390625","2.390625","2.390625"
"86918","2.34375","2.34375","2.34375"
"86998","2.28125","2.28125","2.28125"
"87009","2.625","2.625","2.625"
"87071","2.46875","2.46875","2.46875"
"87079","2.171875","2.171875","2.171875"
"87142","2.71875","2.71875","2.71875"
"87145","2.625","2.625","2.625"
"87147","2.765625","2.765625","2.765625"
"87152","2.625","2.625","2.625"
"87175","2.546875","2.546875","2.546875"
"87193","2.390625","2.390625","2.390625"
"87215","2.390625","2.390625","2.390625"
"87219","2.21875","2.21875","2.21875"
"87223","2.3125","2.3125","2.3125"
"87250","2.75","2.75","2.75"
"87255","2.578125","2.578125","2.578125"
"87288","2.140625","2.140625","2.140625"
"87294","2.265625","2.265625","2.265625"
"87300","2.4375","2.4375","2.4375"
"87309","2.421875","2.421875","2.421875"
"87324","2.4375","2.4375","2.4375"
"87352","2.15625","2.15625","2.15625"
"87358","2.546875","2.546875","2.546875"
"87387","2.53125","2.53125","2.53125"
"87417","2.40625","2.40625","2.40625"
"87424","2.21875","2.21875","2.21875"
"87446","2.5625","2.5625","2.5625"
"87449","2.28125","2.28125","2.28125"
"87546","2.40625","2.40625","2.40625"
"87555","2.328125","2.328125","2.328125"
"87587","2.28125","2.28125","2.28125"
"87593","2.953125","2.953125","2.953125"
"87596","2.546875","2.546875","2.546875"
"87612","2.59375","2.59375","2.59375"
"87617","2.734375","2.734375","2.734375"
"87658","2.671875","2.671875","2.671875"
"87691","2.265625","2.265625","2.265625"
"87698","2.375","2.375","2.375"
"87721","2.546875","2.546875","2.546875"
"87725","2.125","2.125","2.125"
"87755","2.15625","2.15625","2.15625"
"87798","2.421875","2.421875","2.421875"
"87799","2.640625","2.640625","2.640625"
"87808","2.484375","2.484375","2.484375"
"87818","2.203125","2.203125","2.203125"
"87834","2.796875","2.796875","2.796875"
"87879","2.625","2.625","2.625"
"87901","2.40625","2.40625","2.40625"
"87981","2.546875","2.546875","2.546875"
"88006","2.65625","2.65625","2.65625"
"88029","2.265625","2.265625","2.265625"
"88030","2.125","2.125","2.125"
"88038","2.78125","2.78125","2.78125"
"88042","3.109375","3.109375","3.109375"
"88043","2.375","2.375","2.375"
"88046","2.640625","2.640625","2.640625"
"88071","2.515625","2.515625","2.515625"
"88098","2.140625","2.140625","2.140625"
"88103","2.515625","2.515625","2.515625"
"88109","2.546875","2.546875","2.546875"
"88121","2.40625","2.40625","2.40625"
"88140","2.546875","2.546875","2.546875"
"88169","2.53125","2.53125","2.53125"
"88209","2.40625","2.40625","2.40625"
"88212","2.28125","2.28125","2.28125"
"88264","2.375","2.375","2.375"
"88340","2.34375","2.34375","2.34375"
"88382","2.078125","2.078125","2.078125"
"88402","2.53125","2.53125","2.53125"
"88414","2.421875","2.421875","2.421875"
"88418","2.6875","2.6875","2.6875"
"88430","2.453125","2.453125","2.453125"
"88461","2.421875","2.421875","2.421875"
"88467","2.890625","2.890625","2.890625"
"88475","2.625","2.625","2.625"
"88533","2.125","2.125","2.125"
"88539","2.53125","2.53125","2.53125"
"88552","2.53125","2.53125","2.53125"
"88564","2.96875","2.96875","2.96875"
"88566","2.796875","2.796875","2.796875"
"88593","2.59375","2.59375","2.59375"
"88597","2.359375","2.359375","2.359375"
"88603","2.4375","2.4375","2.4375"
"88618","2.46875","2.46875","2.46875"
"88622","2.40625","2.40625","2.40625"
"88692","2.53125","2.53125","2.53125"
"88698","2.265625","2.265625","2.265625"
"88743","2.5","2.5","2.5"
"88793","2.53125","2.53125","2.53125"
"88795","2.546875","2.546875","2.546875"
"88836","2.609375","2.609375","2.609375"
"88924","2.296875","2.296875","2.296875"
"88926","2.53125","2.53125","2.53125"
"88941","2.546875","2.546875","2.546875"
"88942","2.984375","2.984375","2.984375"
"88944","2.59375","2.59375","2.59375"
"88967","2.75","2.75","2.75"
"89014","2.59375","2.59375","2.59375"
"89040","2.34375","2.34375","2.34375"
"89049","2.265625","2.265625","2.265625"
"89053","2.59375","2.59375","2.59375"
"89060","2.15625","2.15625","2.15625"
"89093","2.40625","2.40625","2.40625"
"89126","2.453125","2.453125","2.453125"
"89164","2.3125","2.3125","2.3125"
"89169","2.28125","2.28125","2.28125"
"89183","2.375","2.375","2.375"
"89188","2.65625","2.65625","2.65625"
"89218","2.328125","2.328125","2.328125"
"89233","2.3125","2.3125","2.3125"
"89242","2.46875","2.46875","2.46875"
"89309","2.234375","2.234375","2.234375"
"89323","2.265625","2.265625","2.265625"
"89358","2.296875","2.296875","2.296875"
"89378","2.234375","2.234375","2.234375"
"89382","2.3125","2.3125","2.3125"
"89385","2.40625","2.40625","2.40625"
"89396","2.5625","2.5625","2.5625"
"89403","2.453125","2.453125","2.453125"
"89410","2.53125","2.53125","2.53125"
"89418","2.359375","2.359375","2.359375"
"89424","2.703125","2.703125","2.703125"
"89467","2.421875","2.421875","2.421875"
"89469","2.453125","2.453125","2.453125"
"89527","2.09375","2.09375","2.09375"
"89542","2.53125","2.53125","2.53125"
"89630","2.640625","2.640625","2.640625"
"89653","2.765625","2.765625","2.765625"
"89674","2.765625","2.765625","2.765625"
"89682","2.765625","2.765625","2.765625"
"89707","2.375","2.375","2.375"
"89716","2.140625","2.140625","2.140625"
"89740","2.359375","2.359375","2.359375"
"89767","2.40625","2.40625","2.40625"
"89786","2.4375","2.4375","2.4375"
"89805","2.390625","2.390625","2.390625"
"89810","3.015625","3.015625","3.015625"
"89823","2.640625","2.640625","2.640625"
"89828","2.390625","2.390625","2.390625"
"89865","2.328125","2.328125","2.328125"
"89906","2.515625","2.515625","2.515625"
"89928","2.65625","2.65625","2.65625"
"89949","2.34375","2.34375","2.34375"
"90006","2.171875","2.171875","2.171875"
"90045","2.5625","2.5625","2.5625"
"90083","2.390625","2.390625","2.390625"
"90085","2.703125","2.703125","2.703125"
"90144","2.46875","2.46875","2.46875"
"90146","2.1875","2.1875","2.1875"
"90147","2.6875","2.6875","2.6875"
"90166","2.59375","2.59375","2.59375"
"90167","2.078125","2.078125","2.078125"
"90173","2.46875","2.46875","2.46875"
"90216","2.359375","2.359375","2.359375"
"90231","2.5625","2.5625","2.5625"
"90240","2.40625","2.40625","2.40625"
"90243","2.359375","2.359375","2.359375"
"90245","2.15625","2.15625","2.15625"
"90292","2.421875","2.421875","2.421875"
"90310","2.40625","2.40625","2.40625"
"90327","2.1875","2.1875","2.1875"
"90348","2.578125","2.578125","2.578125"
"90377","2.765625","2.765625","2.765625"
"90386","2.390625","2.390625","2.390625"
"90413","2.46875","2.46875","2.46875"
"90428","2.515625","2.515625","2.515625"
"90430","2.515625","2.515625","2.515625"
"90456","2.4375","2.4375","2.4375"
"90473","2.65625","2.65625","2.65625"
"90478","2.265625","2.265625","2.265625"
"90496","2.453125","2.453125","2.453125"
"90502","2.515625","2.515625","2.515625"
"90517","2.390625","2.390625","2.390625"
"90527","2.84375","2.84375","2.84375"
"90583","2.359375","2.359375","2.359375"
"90606","2.671875","2.671875","2.671875"
"90611","2.546875","2.546875","2.546875"
"90646","2.359375","2.359375","2.359375"
"90670","2.5","2.5","2.5"
"90809","2.40625","2.40625","2.40625"
"90875","2.5","2.5","2.5"
"90971","2.40625","2.40625","2.40625"
"90981","2.328125","2.328125","2.328125"
"91131","2.140625","2.140625","2.140625"
"91133","2.5625","2.5625","2.5625"
"91135","2.21875","2.21875","2.21875"
"91196","2.21875","2.21875","2.21875"
"91202","2.09375","2.09375","2.09375"
"91224","2.34375","2.34375","2.34375"
"91235","2.546875","2.546875","2.546875"
"91270","2.625","2.625","2.625"
"91282","2.59375","2.59375","2.59375"
"91288","2.859375","2.859375","2.859375"
"91291","2.4375","2.4375","2.4375"
"91307","2.484375","2.484375","2.484375"
"91344","2.59375","2.59375","2.59375"
"91386","2.515625","2.515625","2.515625"
"91388","2.546875","2.546875","2.546875"
"91393","2.5625","2.5625","2.5625"
"91431","2.703125","2.703125","2.703125"
"91449","2.390625","2.390625","2.390625"
"91493","2.328125","2.328125","2.328125"
"91544","2.5625","2.5625","2.5625"
"91557","2.703125","2.703125","2.703125"
"91582","2.234375","2.234375","2.234375"
"91603","2.203125","2.203125","2.203125"
"91636","1.9609375","1.9609375","1.9609375"
"91649","2.703125","2.703125","2.703125"
"91657","2.1875","2.1875","2.1875"
"91679","2.578125","2.578125","2.578125"
"91696","2.1875","2.1875","2.1875"
"91706","2.3125","2.3125","2.3125"
"91717","2.65625","2.65625","2.65625"
"91736","2.328125","2.328125","2.328125"
"91752","2.375","2.375","2.375"
"91766","2.65625","2.65625","2.65625"
"91770","2.71875","2.71875","2.71875"
"91875","2.65625","2.65625","2.65625"
"91897","2.421875","2.421875","2.421875"
"91902","2.203125","2.203125","2.203125"
"91920","2.46875","2.46875","2.46875"
"91936","2.609375","2.609375","2.609375"
"91937","2.5625","2.5625","2.5625"
"91951","2.3125","2.3125","2.3125"
"91982","2.546875","2.546875","2.546875"
"92016","2.203125","2.203125","2.203125"
"92030","2.234375","2.234375","2.234375"
"92052","2.5625","2.5625","2.5625"
"92076","2.375","2.375","2.375"
"92102","2.5625","2.5625","2.5625"
"92113","2.671875","2.671875","2.671875"
"92121","2.34375","2.34375","2.34375"
"92134","2.859375","2.859375","2.859375"
"92142","2.53125","2.53125","2.53125"
"92150","2.203125","2.203125","2.203125"
"92161","2.109375","2.109375","2.109375"
"92173","2.453125","2.453125","2.453125"
"92179","2.703125","2.703125","2.703125"
"92186","2.484375","2.484375","2.484375"
"92202","2.046875","2.046875","2.046875"
"92203","2.125","2.125","2.125"
"92240","2.671875","2.671875","2.671875"
"92245","2.484375","2.484375","2.484375"
"92257","2.34375","2.34375","2.34375"
"92261","2.3125","2.3125","2.3125"
"92303","2.203125","2.203125","2.203125"
"92334","2.453125","2.453125","2.453125"
"92341","2.140625","2.140625","2.140625"
"92386","1.9375","1.9375","1.9375"
"92393","2.34375","2.34375","2.34375"
"92415","2.640625","2.640625","2.640625"
"92493","2.34375","2.34375","2.34375"
"92504","2.375","2.375","2.375"
"92531","2.234375","2.234375","2.234375"
"92549","2.515625","2.515625","2.515625"
"92615","2.1875","2.1875","2.1875"
"92618","2.328125","2.328125","2.328125"
"92649","2.078125","2.078125","2.078125"
"92651","2.046875","2.046875","2.046875"
"92687","2.421875","2.421875","2.421875"
"92702","2.421875","2.421875","2.421875"
"92721","2.609375","2.609375","2.609375"
"92824","2.625","2.625","2.625"
"92843","2.453125","2.453125","2.453125"
"92864","2.5","2.5","2.5"
"92868","2.21875","2.21875","2.21875"
"92886","2.296875","2.296875","2.296875"
"92894","2.546875","2.546875","2.546875"
"92919","2.421875","2.421875","2.421875"
"92969","2.328125","2.328125","2.328125"
"92973","2.296875","2.296875","2.296875"
"93006","2.46875","2.46875","2.46875"
"93016","2.140625","2.140625","2.140625"
"93039","2.421875","2.421875","2.421875"
"93059","2.46875","2.46875","2.46875"
"93098","2.46875","2.46875","2.46875"
"93100","2.5625","2.5625","2.5625"
"93110","2.6875","2.6875","2.6875"
"93132","3.046875","3.046875","3.046875"
"93151","2.234375","2.234375","2.234375"
"93162","2.3125","2.3125","2.3125"
"93170","2.390625","2.390625","2.390625"
"93216","2.5","2.5","2.5"
"93229","2.4375","2.4375","2.4375"
"93250","2.578125","2.578125","2.578125"
"93251","2.875","2.875","2.875"
"93258","2.234375","2.234375","2.234375"
"93266","2.453125","2.453125","2.453125"
"93288","2.375","2.375","2.375"
"93312","2.46875","2.46875","2.46875"
"93325","2.453125","2.453125","2.453125"
"93327","2.453125","2.453125","2.453125"
"93368","2.203125","2.203125","2.203125"
"93390","2.53125","2.53125","2.53125"
"93397","2.296875","2.296875","2.296875"
"93402","2.375","2.375","2.375"
"93425","2.28125","2.28125","2.28125"
"93434","2.328125","2.328125","2.328125"
"93481","2.59375","2.59375","2.59375"
"93541","2.421875","2.421875","2.421875"
"93566","2.25","2.25","2.25"
"93595","2","2","2"
"93608","2.625","2.625","2.625"
"93621","2.734375","2.734375","2.734375"
"93633","2.34375","2.34375","2.34375"
"93641","2.46875","2.46875","2.46875"
"93660","2.5","2.5","2.5"
"93698","2.453125","2.453125","2.453125"
"93705","2.796875","2.796875","2.796875"
"93772","2.34375","2.34375","2.34375"
"93780","2.625","2.625","2.625"
"93784","2.375","2.375","2.375"
"93786","2.390625","2.390625","2.390625"
"93791","2.484375","2.484375","2.484375"
"93798","2.078125","2.078125","2.078125"
"93805","2.328125","2.328125","2.328125"
"93816","2.375","2.375","2.375"
"93841","2.46875","2.46875","2.46875"
"93878","2.078125","2.078125","2.078125"
"93895","2.359375","2.359375","2.359375"
"93932","2.5","2.5","2.5"
"93988","2.421875","2.421875","2.421875"
"94018","2.34375","2.34375","2.34375"
"94019","2.40625","2.40625","2.40625"
"94052","2.765625","2.765625","2.765625"
"94059","2.109375","2.109375","2.109375"
"94067","2.46875","2.46875","2.46875"
"94104","2.171875","2.171875","2.171875"
"94126","2.515625","2.515625","2.515625"
"94134","2.359375","2.359375","2.359375"
"94162","2.265625","2.265625","2.265625"
"94168","2.4375","2.4375","2.4375"
"94230","2.34375","2.34375","2.34375"
"94245","2.3125","2.3125","2.3125"
"94271","2.421875","2.421875","2.421875"
"94278","2.296875","2.296875","2.296875"
"94282","2.375","2.375","2.375"
"94298","2.359375","2.359375","2.359375"
"94326","2.421875","2.421875","2.421875"
"94336","2.125","2.125","2.125"
"94388","2.390625","2.390625","2.390625"
"94401","2.5","2.5","2.5"
"94428","2.640625","2.640625","2.640625"
"94435","2.5","2.5","2.5"
"94443","2.390625","2.390625","2.390625"
"94462","2.390625","2.390625","2.390625"
"94475","2.5","2.5","2.5"
"94507","2.375","2.375","2.375"
"94510","2.53125","2.53125","2.53125"
"94545","2.328125","2.328125","2.328125"
"94556","2.46875","2.46875","2.46875"
"94564","2.5","2.5","2.5"
"94581","2.0625","2.0625","2.0625"
"94650","2.0625","2.0625","2.0625"
"94681","2.53125","2.53125","2.53125"
"94750","2.203125","2.203125","2.203125"
"94765","2.421875","2.421875","2.421875"
"94783","2.265625","2.265625","2.265625"
"94806","2.765625","2.765625","2.765625"
"94836","2.34375","2.34375","2.34375"
"94863","2.484375","2.484375","2.484375"
"94893","2.3125","2.3125","2.3125"
"94918","2.71875","2.71875","2.71875"
"94940","2.3125","2.3125","2.3125"
"94951","2.515625","2.515625","2.515625"
"94962","2.0625","2.0625","2.0625"
"94975","2.515625","2.515625","2.515625"
"95001","2.21875","2.21875","2.21875"
"95005","2.484375","2.484375","2.484375"
"95070","2.25","2.25","2.25"
"95096","2.203125","2.203125","2.203125"
"95147","2.375","2.375","2.375"
"95157","2.34375","2.34375","2.34375"
"95175","2.59375","2.59375","2.59375"
"95194","2.28125","2.28125","2.28125"
"95225","2.5625","2.5625","2.5625"
"95242","2.328125","2.328125","2.328125"
"95308","2.265625","2.265625","2.265625"
"95324","2.3125","2.3125","2.3125"
"95350","2.65625","2.65625","2.65625"
"95353","2.640625","2.640625","2.640625"
"95372","2.15625","2.15625","2.15625"
"95376","2.53125","2.53125","2.53125"
"95378","2.328125","2.328125","2.328125"
"95465","2.46875","2.46875","2.46875"
"95500","2.359375","2.359375","2.359375"
"95548","2.296875","2.296875","2.296875"
"95574","2.40625","2.40625","2.40625"
"95595","2.375","2.375","2.375"
"95600","2.5625","2.5625","2.5625"
"95644","2.46875","2.46875","2.46875"
"95675","2.5625","2.5625","2.5625"
"95698","2.390625","2.390625","2.390625"
"95711","2.578125","2.578125","2.578125"
"95727","2.546875","2.546875","2.546875"
"95732","2.328125","2.328125","2.328125"
"95784","2.296875","2.296875","2.296875"
"95788","2.40625","2.40625","2.40625"
"95823","2.5","2.5","2.5"
"95841","2.953125","2.953125","2.953125"
"95860","2.53125","2.53125","2.53125"
"95871","2.59375","2.59375","2.59375"
"95886","2.3125","2.3125","2.3125"
"95887","2.3125","2.3125","2.3125"
"95906","2.46875","2.46875","2.46875"
"95912","2.453125","2.453125","2.453125"
"95921","2.265625","2.265625","2.265625"
"95932","2.265625","2.265625","2.265625"
"95984","2.5","2.5","2.5"
"96009","2.375","2.375","2.375"
"96077","2.609375","2.609375","2.609375"
"96104","2.828125","2.828125","2.828125"
"96131","2.34375","2.34375","2.34375"
"96150","2.265625","2.265625","2.265625"
"96167","2.09375","2.09375","2.09375"
"96188","2.09375","2.09375","2.09375"
"96202","2.390625","2.390625","2.390625"
"96205","2.265625","2.265625","2.265625"
"96209","2.53125","2.53125","2.53125"
"96276","2.65625","2.65625","2.65625"
"96348","2.109375","2.109375","2.109375"
"96367","2.296875","2.296875","2.296875"
"96388","2.4375","2.4375","2.4375"
"96396","2.296875","2.296875","2.296875"
"96405","2.21875","2.21875","2.21875"
"96416","2.21875","2.21875","2.21875"
"96418","2.21875","2.21875","2.21875"
"96442","2.484375","2.484375","2.484375"
"96488","2.53125","2.53125","2.53125"
"96502","2.625","2.625","2.625"
"96505","1.96875","1.96875","1.96875"
"96537","2.296875","2.296875","2.296875"
"96561","2.46875","2.46875","2.46875"
"96587","2.6875","2.6875","2.6875"
"96645","2.234375","2.234375","2.234375"
"96671","2.359375","2.359375","2.359375"
"96711","2.40625","2.40625","2.40625"
"96739","2.40625","2.40625","2.40625"
"96793","2.34375","2.34375","2.34375"
"96799","2.484375","2.484375","2.484375"
"96820","2.140625","2.140625","2.140625"
"96847","2.5625","2.5625","2.5625"
"96851","2.0625","2.0625","2.0625"
"96908","2.328125","2.328125","2.328125"
"96933","2.234375","2.234375","2.234375"
"96936","2.4375","2.4375","2.4375"
"96979","2.359375","2.359375","2.359375"
"97048","2.390625","2.390625","2.390625"
"97073","2.484375","2.484375","2.484375"
"97089","2.234375","2.234375","2.234375"
"97116","2.71875","2.71875","2.71875"
"97134","2.328125","2.328125","2.328125"
"97141","2.6875","2.6875","2.6875"
"97160","2.625","2.625","2.625"
"97165","2.359375","2.359375","2.359375"
"97186","2.140625","2.140625","2.140625"
"97219","2.140625","2.140625","2.140625"
"97244","2.5625","2.5625","2.5625"
"97306","2.265625","2.265625","2.265625"
"97332","2.421875","2.421875","2.421875"
"97392","2.203125","2.203125","2.203125"
"97418","2.046875","2.046875","2.046875"
"97452","2.203125","2.203125","2.203125"
"97480","2.421875","2.421875","2.421875"
"97502","2.359375","2.359375","2.359375"
"97505","2.359375","2.359375","2.359375"
"97515","2.0625","2.0625","2.0625"
"97522","2.171875","2.171875","2.171875"
"97538","2.296875","2.296875","2.296875"
"97540","2.203125","2.203125","2.203125"
"97613","2.265625","2.265625","2.265625"
"97634","2.609375","2.609375","2.609375"
"97659","2.359375","2.359375","2.359375"
"97696","2.546875","2.546875","2.546875"
"97711","2.421875","2.421875","2.421875"
"97742","2.28125","2.28125","2.28125"
"97762","2.375","2.375","2.375"
"97801","2.0625","2.0625","2.0625"
"97806","2.28125","2.28125","2.28125"
"97822","2.453125","2.453125","2.453125"
"97848","2.515625","2.515625","2.515625"
"97861","2.359375","2.359375","2.359375"
"97891","2.140625","2.140625","2.140625"
"97908","2.40625","2.40625","2.40625"
"97910","2.34375","2.34375","2.34375"
"97923","2.359375","2.359375","2.359375"
"98012","2.40625","2.40625","2.40625"
"98024","2.5625","2.5625","2.5625"
"98066","2.125","2.125","2.125"
"98091","2.40625","2.40625","2.40625"
"98110","2.140625","2.140625","2.140625"
"98157","2.25","2.25","2.25"
"98164","2.40625","2.40625","2.40625"
"98165","2.15625","2.15625","2.15625"
"98190","2.265625","2.265625","2.265625"
"98211","2.6875","2.6875","2.6875"
"98213","2.15625","2.15625","2.15625"
"98240","2.265625","2.265625","2.265625"
"98320","2.25","2.25","2.25"
"98330","2.375","2.375","2.375"
"98340","2.40625","2.40625","2.40625"
"98362","2.140625","2.140625","2.140625"
"98434","2.421875","2.421875","2.421875"
"98471","2.296875","2.296875","2.296875"
"98475","2.46875","2.46875","2.46875"
"98548","2.296875","2.296875","2.296875"
"98551","2.40625","2.40625","2.40625"
"98553","2.4375","2.4375","2.4375"
"98673","2.078125","2.078125","2.078125"
"98745","2.078125","2.078125","2.078125"
"98769","2.375","2.375","2.375"
"98816","2.234375","2.234375","2.234375"
"98935","2.15625","2.15625","2.15625"
"98947","2.25","2.25","2.25"
"98971","2.28125","2.28125","2.28125"
"98998","1.984375","1.984375","1.984375"
"99007","2.40625","2.40625","2.40625"
"99014","2.46875","2.46875","2.46875"
"99023","2.375","2.375","2.375"
"99030","2.046875","2.046875","2.046875"
"99047","2.453125","2.453125","2.453125"
"99048","2.359375","2.359375","2.359375"
"99059","2.53125","2.53125","2.53125"
"99062","2.390625","2.390625","2.390625"
"99094","1.9375","1.9375","1.9375"
"99114","2.296875","2.296875","2.296875"
"99133","2.40625","2.40625","2.40625"
"99158","2.328125","2.328125","2.328125"
"99211","2.546875","2.546875","2.546875"
"99282","2.359375","2.359375","2.359375"
"99304","2.421875","2.421875","2.421875"
"99316","2.109375","2.109375","2.109375"
"99345","2.125","2.125","2.125"
"99352","2.40625","2.40625","2.40625"
"99454","2.203125","2.203125","2.203125"
"99491","2.609375","2.609375","2.609375"
"99497","2.265625","2.265625","2.265625"
"99502","2.328125","2.328125","2.328125"
"99608","2.296875","2.296875","2.296875"
"99735","2.109375","2.109375","2.109375"
"99777","2.640625","2.640625","2.640625"
"99780","2.59375","2.59375","2.59375"
"99799","2.453125","2.453125","2.453125"
"99804","2.421875","2.421875","2.421875"
"99812","2.5","2.5","2.5"
"99894","2.6875","2.6875","2.6875"
"99909","2.25","2.25","2.25"
"99917","2.421875","2.421875","2.421875"
"99964","2.34375","2.34375","2.34375"
"100034","2.40625","2.40625","2.40625"
"100038","2.15625","2.15625","2.15625"
"100051","2.140625","2.140625","2.140625"
"100071","2.421875","2.421875","2.421875"
"100078","2.28125","2.28125","2.28125"
"100097","2.625","2.625","2.625"
"100116","2.59375","2.59375","2.59375"
"100134","2.34375","2.34375","2.34375"
"100153","2.15625","2.15625","2.15625"
"100159","2.375","2.375","2.375"
"100204","2.359375","2.359375","2.359375"
"100210","2.3125","2.3125","2.3125"
"100220","2.453125","2.453125","2.453125"
"100249","2.375","2.375","2.375"
"100262","2.5","2.5","2.5"
"100287","2.0625","2.0625","2.0625"
"100308","2.671875","2.671875","2.671875"
"100317","2.4375","2.4375","2.4375"
"100326","2.046875","2.046875","2.046875"
"100336","2.359375","2.359375","2.359375"
"100363","2.140625","2.140625","2.140625"
"100410","2.40625","2.40625","2.40625"
"100463","2.15625","2.15625","2.15625"
"100465","2.640625","2.640625","2.640625"
"100490","2.296875","2.296875","2.296875"
"100511","2.453125","2.453125","2.453125"
"100512","2.46875","2.46875","2.46875"
"100526","2.640625","2.640625","2.640625"
"100645","2.296875","2.296875","2.296875"
"100661","2.4375","2.4375","2.4375"
"100721","2.671875","2.671875","2.671875"
"100727","2.140625","2.140625","2.140625"
"100737","2.4375","2.4375","2.4375"
"100750","2.21875","2.21875","2.21875"
"100782","2.90625","2.90625","2.90625"
"100793","2.6875","2.6875","2.6875"
"100794","2.140625","2.140625","2.140625"
"100813","2.546875","2.546875","2.546875"
"100820","2.578125","2.578125","2.578125"
"100833","2.375","2.375","2.375"
"100848","2.140625","2.140625","2.140625"
"100853","2.390625","2.390625","2.390625"
"100857","2.15625","2.15625","2.15625"
"100874","2.265625","2.265625","2.265625"
"100909","2.40625","2.40625","2.40625"
"100934","2.21875","2.21875","2.21875"
"100957","2.1875","2.1875","2.1875"
"100966","2.328125","2.328125","2.328125"
"100977","1.96875","1.96875","1.96875"
"100998","2.640625","2.640625","2.640625"
"101000","2.640625","2.640625","2.640625"
"101023","2.203125","2.203125","2.203125"
"101031","2.5625","2.5625","2.5625"
"101067","2.609375","2.609375","2.609375"
"101073","2.328125","2.328125","2.328125"
"101081","2.28125","2.28125","2.28125"
"101105","2.265625","2.265625","2.265625"
"101131","2.203125","2.203125","2.203125"
"101135","2.5","2.5","2.5"
"101158","2.5625","2.5625","2.5625"
"101204","2.3125","2.3125","2.3125"
"101210","2.375","2.375","2.375"
"101216","2.296875","2.296875","2.296875"
"101225","2.328125","2.328125","2.328125"
"101246","2.40625","2.40625","2.40625"
"101288","2.015625","2.015625","2.015625"
"101382","2.5625","2.5625","2.5625"
"101461","2.796875","2.796875","2.796875"
"101462","2.53125","2.53125","2.53125"
"101470","2.71875","2.71875","2.71875"
"101471","2.515625","2.515625","2.515625"
"101485","2.453125","2.453125","2.453125"
"101507","2.359375","2.359375","2.359375"
"101510","2.4375","2.4375","2.4375"
"101530","2.328125","2.328125","2.328125"
"101531","2.234375","2.234375","2.234375"
"101533","2.671875","2.671875","2.671875"
"101564","1.9765625","1.9765625","1.9765625"
"101602","2.203125","2.203125","2.203125"
"101612","2.359375","2.359375","2.359375"
"101624","2.15625","2.15625","2.15625"
"101641","2.5","2.5","2.5"
"101656","2.28125","2.28125","2.28125"
"101662","2.078125","2.078125","2.078125"
"101667","2.234375","2.234375","2.234375"
"101671","2.28125","2.28125","2.28125"
"101719","2.25","2.25","2.25"
"101730","2.3125","2.3125","2.3125"
"101739","2.28125","2.28125","2.28125"
"101750","2.15625","2.15625","2.15625"
"101775","2.171875","2.171875","2.171875"
"101822","2.4375","2.4375","2.4375"
"101837","2.359375","2.359375","2.359375"
"101882","2.25","2.25","2.25"
"101885","2.15625","2.15625","2.15625"
"101886","2.25","2.25","2.25"
"101972","2.25","2.25","2.25"
"102022","2.125","2.125","2.125"
"102033","2.3125","2.3125","2.3125"
"102040","2.203125","2.203125","2.203125"
"102113","2.421875","2.421875","2.421875"
"102171","2.1875","2.1875","2.1875"
"102173","2.25","2.25","2.25"
"102198","2.125","2.125","2.125"
"102201","2.484375","2.484375","2.484375"
"102203","2.46875","2.46875","2.46875"
"102205","2.40625","2.40625","2.40625"
"102233","2.34375","2.34375","2.34375"
"102244","2.453125","2.453125","2.453125"
"102248","2.3125","2.3125","2.3125"
"102281","2.15625","2.15625","2.15625"
"102282","2.234375","2.234375","2.234375"
"102372","2.359375","2.359375","2.359375"
"102392","2.34375","2.34375","2.34375"
"102440","2.296875","2.296875","2.296875"
"102442","2.296875","2.296875","2.296875"
"102447","2.203125","2.203125","2.203125"
"102454","2.484375","2.484375","2.484375"
"102458","2.34375","2.34375","2.34375"
"102463","2.234375","2.234375","2.234375"
"102471","2.34375","2.34375","2.34375"
"102550","2.171875","2.171875","2.171875"
"102599","2.296875","2.296875","2.296875"
"102604","2.296875","2.296875","2.296875"
"102655","2.375","2.375","2.375"
"102663","2.5625","2.5625","2.5625"
"102695","2.1875","2.1875","2.1875"
"102720","2.265625","2.265625","2.265625"
"102732","2.328125","2.328125","2.328125"
"102741","2.0625","2.0625","2.0625"
"102782","2.328125","2.328125","2.328125"
"102786","2.71875","2.71875","2.71875"
"102788","2.421875","2.421875","2.421875"
"102804","2.28125","2.28125","2.28125"
"102830","2.640625","2.640625","2.640625"
"102844","2.59375","2.59375","2.59375"
"102895","2.140625","2.140625","2.140625"
"102896","2.46875","2.46875","2.46875"
"102913","2.09375","2.09375","2.09375"
"102937","2.046875","2.046875","2.046875"
"102960","2.15625","2.15625","2.15625"
"103004","2.140625","2.140625","2.140625"
"103031","2.375","2.375","2.375"
"103108","2.359375","2.359375","2.359375"
"103113","2.5625","2.5625","2.5625"
"103127","2.390625","2.390625","2.390625"
"103138","2.421875","2.421875","2.421875"
"103224","2.265625","2.265625","2.265625"
"103278","2.390625","2.390625","2.390625"
"103281","2.25","2.25","2.25"
"103323","2.40625","2.40625","2.40625"
"103336","2.421875","2.421875","2.421875"
"103350","2.65625","2.65625","2.65625"
"103355","2.375","2.375","2.375"
"103359","2.578125","2.578125","2.578125"
"103374","1.9765625","1.9765625","1.9765625"
"103396","1.96875","1.96875","1.96875"
"103409","2.15625","2.15625","2.15625"
"103462","2.203125","2.203125","2.203125"
"103482","2.140625","2.140625","2.140625"
"103499","2.421875","2.421875","2.421875"
"103547","2.484375","2.484375","2.484375"
"103553","2.640625","2.640625","2.640625"
"103577","2.359375","2.359375","2.359375"
"103585","2.46875","2.46875","2.46875"
"103602","2.390625","2.390625","2.390625"
"103613","2.328125","2.328125","2.328125"
"103629","2.15625","2.15625","2.15625"
"103677","2.4375","2.4375","2.4375"
"103679","2.171875","2.171875","2.171875"
"103681","2.03125","2.03125","2.03125"
"103704","2.5625","2.5625","2.5625"
"103719","2.46875","2.46875","2.46875"
"103768","2.40625","2.40625","2.40625"
"103810","2.359375","2.359375","2.359375"
"103842","2.515625","2.515625","2.515625"
"103860","2.390625","2.390625","2.390625"
"103861","2.171875","2.171875","2.171875"
"103871","2.515625","2.515625","2.515625"
"103891","2.15625","2.15625","2.15625"
"103896","2.765625","2.765625","2.765625"
"103908","2.34375","2.34375","2.34375"
"103926","2.296875","2.296875","2.296875"
"103960","2.640625","2.640625","2.640625"
"103980","2.25","2.25","2.25"
"103982","2.234375","2.234375","2.234375"
"103987","2.671875","2.671875","2.671875"
"104068","2.59375","2.59375","2.59375"
"104096","2.625","2.625","2.625"
"104131","2.203125","2.203125","2.203125"
"104203","2.0625","2.0625","2.0625"
"104254","2.078125","2.078125","2.078125"
"104256","2.46875","2.46875","2.46875"
"104266","2.046875","2.046875","2.046875"
"104267","2.203125","2.203125","2.203125"
"104299","2.296875","2.296875","2.296875"
"104309","2.28125","2.28125","2.28125"
"104330","2.453125","2.453125","2.453125"
"104366","2.546875","2.546875","2.546875"
"104375","2.21875","2.21875","2.21875"
"104398","2.390625","2.390625","2.390625"
"104400","2.140625","2.140625","2.140625"
"104441","2.390625","2.390625","2.390625"
"104457","2.390625","2.390625","2.390625"
"104458","2.21875","2.21875","2.21875"
"104467","2.40625","2.40625","2.40625"
"104492","2.34375","2.34375","2.34375"
"104529","1.9140625","1.9140625","1.9140625"
"104554","2.609375","2.609375","2.609375"
"104584","2.3125","2.3125","2.3125"
"104593","2.265625","2.265625","2.265625"
"104601","2.375","2.375","2.375"
"104630","2.046875","2.046875","2.046875"
"104647","2.125","2.125","2.125"
"104648","2.4375","2.4375","2.4375"
"104719","2.359375","2.359375","2.359375"
"104762","2.265625","2.265625","2.265625"
"104908","2.203125","2.203125","2.203125"
"104915","2.359375","2.359375","2.359375"
"104949","2.171875","2.171875","2.171875"
"104978","2.203125","2.203125","2.203125"
"105022","2.203125","2.203125","2.203125"
"105049","2.125","2.125","2.125"
"105062","2.40625","2.40625","2.40625"
"105072","2.609375","2.609375","2.609375"
"105087","2.03125","2.03125","2.03125"
"105092","2.359375","2.359375","2.359375"
"105096","2.203125","2.203125","2.203125"
"105215","2.265625","2.265625","2.265625"
"105218","2.25","2.25","2.25"
"105224","2.328125","2.328125","2.328125"
"105289","2.21875","2.21875","2.21875"
"105290","2.421875","2.421875","2.421875"
"105329","2.28125","2.28125","2.28125"
"105331","2.265625","2.265625","2.265625"
"105334","2.421875","2.421875","2.421875"
"105410","2.328125","2.328125","2.328125"
"105439","1.984375","1.984375","1.984375"
"105482","2.515625","2.515625","2.515625"
"105483","2.078125","2.078125","2.078125"
"105541","2.390625","2.390625","2.390625"
"105549","2.625","2.625","2.625"
"105553","2.625","2.625","2.625"
"105576","2.234375","2.234375","2.234375"
"105610","2.203125","2.203125","2.203125"
"105622","2.203125","2.203125","2.203125"
"105647","2.421875","2.421875","2.421875"
"105685","2.515625","2.515625","2.515625"
"105691","2.453125","2.453125","2.453125"
"105720","2.375","2.375","2.375"
"105726","2.28125","2.28125","2.28125"
"105743","2.265625","2.265625","2.265625"
"105750","2.421875","2.421875","2.421875"
"105783","2.671875","2.671875","2.671875"
"105808","2.203125","2.203125","2.203125"
"105832","2.234375","2.234375","2.234375"
"105844","2.125","2.125","2.125"
"105910","2.515625","2.515625","2.515625"
"105921","2.21875","2.21875","2.21875"
"105954","2.140625","2.140625","2.140625"
"106013","2.734375","2.734375","2.734375"
"106038","2.53125","2.53125","2.53125"
"106109","2.203125","2.203125","2.203125"
"106120","2.515625","2.515625","2.515625"
"106182","2.109375","2.109375","2.109375"
"106204","2.40625","2.40625","2.40625"
"106220","2.5","2.5","2.5"
"106225","2.59375","2.59375","2.59375"
"106259","2.1875","2.1875","2.1875"
"106270","2.234375","2.234375","2.234375"
"106289","2.3125","2.3125","2.3125"
"106295","1.8046875","1.8046875","1.8046875"
"106326","2.4375","2.4375","2.4375"
"106381","2.109375","2.109375","2.109375"
"106411","2.40625","2.40625","2.40625"
"106436","2.140625","2.140625","2.140625"
"106447","2.359375","2.359375","2.359375"
"106464","2.5","2.5","2.5"
"106480","2.328125","2.328125","2.328125"
"106495","1.9921875","1.9921875","1.9921875"
"106497","2.1875","2.1875","2.1875"
"106509","2.453125","2.453125","2.453125"
"106528","2.21875","2.21875","2.21875"
"106531","2.59375","2.59375","2.59375"
"106539","2.46875","2.46875","2.46875"
"106543","2.421875","2.421875","2.421875"
"106574","2.28125","2.28125","2.28125"
"106652","2.296875","2.296875","2.296875"
"106674","2.296875","2.296875","2.296875"
"106713","2.375","2.375","2.375"
"106724","2.171875","2.171875","2.171875"
"106738","2.609375","2.609375","2.609375"
"106741","2.3125","2.3125","2.3125"
"106775","2.453125","2.453125","2.453125"
"106793","2.796875","2.796875","2.796875"
"106817","2.453125","2.453125","2.453125"
"106858","2.421875","2.421875","2.421875"
"106867","2.0625","2.0625","2.0625"
"106885","2.3125","2.3125","2.3125"
"106927","2.46875","2.46875","2.46875"
"106933","2.015625","2.015625","2.015625"
"106943","2.078125","2.078125","2.078125"
"106947","2.21875","2.21875","2.21875"
"106969","2.484375","2.484375","2.484375"
"106975","2.625","2.625","2.625"
"106977","2.390625","2.390625","2.390625"
"106998","2.53125","2.53125","2.53125"
"107035","2.28125","2.28125","2.28125"
"107095","2.71875","2.71875","2.71875"
"107096","2.34375","2.34375","2.34375"
"107107","2.296875","2.296875","2.296875"
"107128","2.5","2.5","2.5"
"107196","2.28125","2.28125","2.28125"
"107247","2.34375","2.34375","2.34375"
"107257","2.296875","2.296875","2.296875"
"107360","2.296875","2.296875","2.296875"
"107441","2.25","2.25","2.25"
"107443","2.703125","2.703125","2.703125"
"107451","2.359375","2.359375","2.359375"
"107457","2.171875","2.171875","2.171875"
"107476","2.34375","2.34375","2.34375"
"107487","2.53125","2.53125","2.53125"
"107492","2.109375","2.109375","2.109375"
"107493","2.390625","2.390625","2.390625"
"107508","2.109375","2.109375","2.109375"
"107597","2.390625","2.390625","2.390625"
"107611","2.40625","2.40625","2.40625"
"107636","2.46875","2.46875","2.46875"
"107644","2.171875","2.171875","2.171875"
"107653","2.015625","2.015625","2.015625"
"107658","2.34375","2.34375","2.34375"
"107666","2.5","2.5","2.5"
"107684","2.078125","2.078125","2.078125"
"107691","2.4375","2.4375","2.4375"
"107725","2.375","2.375","2.375"
"107738","2.390625","2.390625","2.390625"
"107739","2.453125","2.453125","2.453125"
"107747","2.28125","2.28125","2.28125"
"107748","2.5625","2.5625","2.5625"
"107790","2.75","2.75","2.75"
"107795","2.515625","2.515625","2.515625"
"107803","2.40625","2.40625","2.40625"
"107908","2.5","2.5","2.5"
"107911","2.015625","2.015625","2.015625"
"107916","2.265625","2.265625","2.265625"
"107979","2.265625","2.265625","2.265625"
"108017","2.078125","2.078125","2.078125"
"108019","2","2","2"
"108028","2.375","2.375","2.375"
"108050","2.15625","2.15625","2.15625"
"108100","2.078125","2.078125","2.078125"
"108105","1.9609375","1.9609375","1.9609375"
"108151","2.546875","2.546875","2.546875"
"108155","2.25","2.25","2.25"
"108168","2.46875","2.46875","2.46875"
"108196","2.171875","2.171875","2.171875"
"108202","2.234375","2.234375","2.234375"
"108241","2.34375","2.34375","2.34375"
"108256","2.59375","2.59375","2.59375"
"108270","2.046875","2.046875","2.046875"
"108275","2.421875","2.421875","2.421875"
"108289","1.8515625","1.8515625","1.8515625"
"108298","2.453125","2.453125","2.453125"
"108326","2.28125","2.28125","2.28125"
"108351","2.046875","2.046875","2.046875"
"108364","2.484375","2.484375","2.484375"
"108385","2.609375","2.609375","2.609375"
"108413","2.421875","2.421875","2.421875"
"108465","2.328125","2.328125","2.328125"
"108508","2.125","2.125","2.125"
"108515","2.03125","2.03125","2.03125"
"108549","2.546875","2.546875","2.546875"
"108560","2.09375","2.09375","2.09375"
"108709","2.140625","2.140625","2.140625"
"108718","2.375","2.375","2.375"
"108736","2.234375","2.234375","2.234375"
"108792","2.328125","2.328125","2.328125"
"108798","2.171875","2.171875","2.171875"
"108863","2.328125","2.328125","2.328125"
"108880","2.078125","2.078125","2.078125"
"108887","2.265625","2.265625","2.265625"
"108948","2.296875","2.296875","2.296875"
"108949","2.484375","2.484375","2.484375"
"109005","2.265625","2.265625","2.265625"
"109024","2.21875","2.21875","2.21875"
"109107","2.328125","2.328125","2.328125"
"109135","2.375","2.375","2.375"
"109179","2.34375","2.34375","2.34375"
"109233","2.109375","2.109375","2.109375"
"109256","2.328125","2.328125","2.328125"
"109259","2.296875","2.296875","2.296875"
"109260","2.15625","2.15625","2.15625"
"109309","2.21875","2.21875","2.21875"
"109316","2.75","2.75","2.75"
"109320","2.265625","2.265625","2.265625"
"109408","2.28125","2.28125","2.28125"
"109473","2.25","2.25","2.25"
"109476","2.5625","2.5625","2.5625"
"109477","2.078125","2.078125","2.078125"
"109513","2.25","2.25","2.25"
"109533","2.140625","2.140625","2.140625"
"109576","2.46875","2.46875","2.46875"
"109604","2.375","2.375","2.375"
"109606","2.34375","2.34375","2.34375"
"109616","2.328125","2.328125","2.328125"
"109635","2.046875","2.046875","2.046875"
"109650","2.15625","2.15625","2.15625"
"109737","2.171875","2.171875","2.171875"
"109742","2.265625","2.265625","2.265625"
"109840","2.203125","2.203125","2.203125"
"109849","2.453125","2.453125","2.453125"
"109884","2.515625","2.515625","2.515625"
"109889","2.203125","2.203125","2.203125"
"109932","2.640625","2.640625","2.640625"
"109949","2.4375","2.4375","2.4375"
"109957","2.390625","2.390625","2.390625"
"109980","2.328125","2.328125","2.328125"
"110029","2.40625","2.40625","2.40625"
"110131","2.140625","2.140625","2.140625"
"110155","2.203125","2.203125","2.203125"
"110158","2.046875","2.046875","2.046875"
"110163","2.171875","2.171875","2.171875"
"110195","2.375","2.375","2.375"
"110218","2.484375","2.484375","2.484375"
"110227","2.15625","2.15625","2.15625"
"110264","2.125","2.125","2.125"
"110280","2.359375","2.359375","2.359375"
"110290","2.421875","2.421875","2.421875"
"110311","2.4375","2.4375","2.4375"
"110338","2.390625","2.390625","2.390625"
"110347","2.53125","2.53125","2.53125"
"110367","2.1875","2.1875","2.1875"
"110374","2.5625","2.5625","2.5625"
"110377","2.375","2.375","2.375"
"110385","2.109375","2.109375","2.109375"
"110390","1.96875","1.96875","1.96875"
"110445","2.265625","2.265625","2.265625"
"110454","2.25","2.25","2.25"
"110458","2.15625","2.15625","2.15625"
"110469","2.34375","2.34375","2.34375"
"110487","2.234375","2.234375","2.234375"
"110492","2","2","2"
"110506","1.9453125","1.9453125","1.9453125"
"110507","2.171875","2.171875","2.171875"
"110537","2.125","2.125","2.125"
"110581","2.171875","2.171875","2.171875"
"110598","2.125","2.125","2.125"
"110613","2.703125","2.703125","2.703125"
"110630","2.265625","2.265625","2.265625"
"110633","2.171875","2.171875","2.171875"
"110642","2.359375","2.359375","2.359375"
"110652","2.484375","2.484375","2.484375"
"110664","2.640625","2.640625","2.640625"
"110675","2.09375","2.09375","2.09375"
"110679","2.296875","2.296875","2.296875"
"110685","2.5625","2.5625","2.5625"
"110688","2.6875","2.6875","2.6875"
"110689","2.46875","2.46875","2.46875"
"110692","2.203125","2.203125","2.203125"
"110814","1.9765625","1.9765625","1.9765625"
"110850","2.203125","2.203125","2.203125"
"110885","1.9453125","1.9453125","1.9453125"
"110892","2.515625","2.515625","2.515625"
"110979","2.5","2.5","2.5"
"110993","2.234375","2.234375","2.234375"
"111013","2.03125","2.03125","2.03125"
"111021","2.046875","2.046875","2.046875"
"111031","2.328125","2.328125","2.328125"
"111087","2.453125","2.453125","2.453125"
"111141","2.0625","2.0625","2.0625"
"111149","2.390625","2.390625","2.390625"
"111162","2.140625","2.140625","2.140625"
"111163","2.203125","2.203125","2.203125"
"111181","2.109375","2.109375","2.109375"
"111194","2.53125","2.53125","2.53125"
"111197","2.359375","2.359375","2.359375"
"111201","1.9296875","1.9296875","1.9296875"
"111246","2.1875","2.1875","2.1875"
"111257","2.21875","2.21875","2.21875"
"111281","2.203125","2.203125","2.203125"
"111326","2.421875","2.421875","2.421875"
"111330","2.796875","2.796875","2.796875"
"111334","2.46875","2.46875","2.46875"
"111394","2.421875","2.421875","2.421875"
"111410","2.203125","2.203125","2.203125"
"111426","2.5","2.5","2.5"
"111462","2.109375","2.109375","2.109375"
"111526","2.3125","2.3125","2.3125"
"111538","2.453125","2.453125","2.453125"
"111540","2.578125","2.578125","2.578125"
"111570","2.203125","2.203125","2.203125"
"111660","2.109375","2.109375","2.109375"
"111665","2.78125","2.78125","2.78125"
"111667","2.75","2.75","2.75"
"111673","2.359375","2.359375","2.359375"
"111677","2.359375","2.359375","2.359375"
"111711","2.46875","2.46875","2.46875"
"111731","2.1875","2.1875","2.1875"
"111733","1.9765625","1.9765625","1.9765625"
"111787","3.03125","3.03125","3.03125"
"111834","2.328125","2.328125","2.328125"
"111874","2.328125","2.328125","2.328125"
"111882","2.421875","2.421875","2.421875"
"112019","2.171875","2.171875","2.171875"
"112059","2.40625","2.40625","2.40625"
"112087","2.265625","2.265625","2.265625"
"112102","2.125","2.125","2.125"
"112137","2.15625","2.15625","2.15625"
"112138","2.21875","2.21875","2.21875"
"112149","2.4375","2.4375","2.4375"
"112165","2.28125","2.28125","2.28125"
"112167","2.453125","2.453125","2.453125"
"112196","2","2","2"
"112276","2.078125","2.078125","2.078125"
"112305","2.53125","2.53125","2.53125"
"112357","2.3125","2.3125","2.3125"
"112374","2.171875","2.171875","2.171875"
"112386","2.375","2.375","2.375"
"112406","2.5625","2.5625","2.5625"
"112445","2.578125","2.578125","2.578125"
"112467","2.015625","2.015625","2.015625"
"112471","2.640625","2.640625","2.640625"
"112532","2.140625","2.140625","2.140625"
"112539","2.296875","2.296875","2.296875"
"112544","2.125","2.125","2.125"
"112545","2.1875","2.1875","2.1875"
"112546","1.984375","1.984375","1.984375"
"112566","2.1875","2.1875","2.1875"
"112576","2.40625","2.40625","2.40625"
"112589","2.203125","2.203125","2.203125"
"112603","2.03125","2.03125","2.03125"
"112646","2.328125","2.328125","2.328125"
"112667","2.125","2.125","2.125"
"112697","2.171875","2.171875","2.171875"
"112701","2.21875","2.21875","2.21875"
"112744","2.5625","2.5625","2.5625"
"112768","2.03125","2.03125","2.03125"
"112797","2.328125","2.328125","2.328125"
"112814","2.421875","2.421875","2.421875"
"112856","2.46875","2.46875","2.46875"
"112886","2.484375","2.484375","2.484375"
"112891","2.09375","2.09375","2.09375"
"112913","1.9453125","1.9453125","1.9453125"
"112919","2.484375","2.484375","2.484375"
"112920","2.390625","2.390625","2.390625"
"112983","2.421875","2.421875","2.421875"
"113034","2.453125","2.453125","2.453125"
"113073","2.265625","2.265625","2.265625"
"113139","2.078125","2.078125","2.078125"
"113249","2.390625","2.390625","2.390625"
"113256","1.984375","1.984375","1.984375"
"113276","2.1875","2.1875","2.1875"
"113284","2.171875","2.171875","2.171875"
"113290","2.109375","2.109375","2.109375"
"113305","2.28125","2.28125","2.28125"
"113329","2.71875","2.71875","2.71875"
"113416","2.203125","2.203125","2.203125"
"113422","2","2","2"
"113430","2.203125","2.203125","2.203125"
"113518","2.234375","2.234375","2.234375"
"113569","2.125","2.125","2.125"
"113571","2.265625","2.265625","2.265625"
"113583","2.03125","2.03125","2.03125"
"113593","2.203125","2.203125","2.203125"
"113631","2.453125","2.453125","2.453125"
"113640","2.03125","2.03125","2.03125"
"113648","1.8359375","1.8359375","1.8359375"
"113656","2.484375","2.484375","2.484375"
"113699","2.109375","2.109375","2.109375"
"113701","2.1875","2.1875","2.1875"
"113708","2.203125","2.203125","2.203125"
"113709","2.265625","2.265625","2.265625"
"113710","2.375","2.375","2.375"
"113731","2.4375","2.4375","2.4375"
"113773","2.125","2.125","2.125"
"113784","2.5","2.5","2.5"
"113822","2.25","2.25","2.25"
"113832","2.421875","2.421875","2.421875"
"113837","2.5","2.5","2.5"
"113846","2.078125","2.078125","2.078125"
"113893","2.421875","2.421875","2.421875"
"113927","2.375","2.375","2.375"
"113933","2.484375","2.484375","2.484375"
"113934","2.328125","2.328125","2.328125"
"113943","2.125","2.125","2.125"
"113985","2","2","2"
"114000","2.1875","2.1875","2.1875"
"114031","2.265625","2.265625","2.265625"
"114059","2.203125","2.203125","2.203125"
"114080","2.140625","2.140625","2.140625"
"114123","2.09375","2.09375","2.09375"
"114143","2.40625","2.40625","2.40625"
"114160","2.609375","2.609375","2.609375"
"114251","2.375","2.375","2.375"
"114268","2.109375","2.109375","2.109375"
"114273","2.421875","2.421875","2.421875"
"114287","2.3125","2.3125","2.3125"
"114310","2.171875","2.171875","2.171875"
"114373","2.28125","2.28125","2.28125"
"114385","2.296875","2.296875","2.296875"
"114389","2.59375","2.59375","2.59375"
"114410","2.078125","2.078125","2.078125"
"114475","2.75","2.75","2.75"
"114494","2.46875","2.46875","2.46875"
"114530","2.140625","2.140625","2.140625"
"114531","2.453125","2.453125","2.453125"
"114537","2.515625","2.515625","2.515625"
"114576","2.125","2.125","2.125"
"114595","2.3125","2.3125","2.3125"
"114596","2.203125","2.203125","2.203125"
"114601","2.25","2.25","2.25"
"114612","2.203125","2.203125","2.203125"
"114619","2.359375","2.359375","2.359375"
"114660","2.546875","2.546875","2.546875"
"114666","2.34375","2.34375","2.34375"
"114691","2.171875","2.171875","2.171875"
"114712","2.28125","2.28125","2.28125"
"114740","2.140625","2.140625","2.140625"
"114802","2.328125","2.328125","2.328125"
"114804","2.25","2.25","2.25"
"114817","2.65625","2.65625","2.65625"
"114826","2.375","2.375","2.375"
"114855","2.375","2.375","2.375"
"114860","2.109375","2.109375","2.109375"
"114869","2.421875","2.421875","2.421875"
"114877","2.25","2.25","2.25"
"114924","2.1875","2.1875","2.1875"
"114962","2.21875","2.21875","2.21875"
"114984","2.1875","2.1875","2.1875"
"115028","2.3125","2.3125","2.3125"
"115049","2.0625","2.0625","2.0625"
"115055","1.8984375","1.8984375","1.8984375"
"115065","2.421875","2.421875","2.421875"
"115096","2.390625","2.390625","2.390625"
"115100","2.46875","2.46875","2.46875"
"115134","2.484375","2.484375","2.484375"
"115138","2.1875","2.1875","2.1875"
"115165","2.421875","2.421875","2.421875"
"115169","2.46875","2.46875","2.46875"
"115180","2.109375","2.109375","2.109375"
"115294","2.328125","2.328125","2.328125"
"115302","2","2","2"
"115307","1.953125","1.953125","1.953125"
"115315","1.9296875","1.9296875","1.9296875"
"115320","2.390625","2.390625","2.390625"
"115329","2.15625","2.15625","2.15625"
"115349","2.1875","2.1875","2.1875"
"115444","2.359375","2.359375","2.359375"
"115477","2.390625","2.390625","2.390625"
"115513","2.40625","2.40625","2.40625"
"115519","2.25","2.25","2.25"
"115527","2.40625","2.40625","2.40625"
"115542","2","2","2"
"115573","2.375","2.375","2.375"
"115580","2.375","2.375","2.375"
"115583","2.21875","2.21875","2.21875"
"115597","2.234375","2.234375","2.234375"
"115645","2.15625","2.15625","2.15625"
"115652","2.328125","2.328125","2.328125"
"115669","2.265625","2.265625","2.265625"
"115672","2.5625","2.5625","2.5625"
"115718","2.703125","2.703125","2.703125"
"115721","2.359375","2.359375","2.359375"
"115728","1.9921875","1.9921875","1.9921875"
"115753","2.03125","2.03125","2.03125"
"115809","2.453125","2.453125","2.453125"
"115837","2.375","2.375","2.375"
"115872","2.0625","2.0625","2.0625"
"115884","2.265625","2.265625","2.265625"
"115891","2.515625","2.515625","2.515625"
"115911","2.0625","2.0625","2.0625"
"115917","2.09375","2.09375","2.09375"
"115932","2.5","2.5","2.5"
"115963","2.265625","2.265625","2.265625"
"115984","2.03125","2.03125","2.03125"
"116004","2.046875","2.046875","2.046875"
"116048","2.484375","2.484375","2.484375"
"116068","2.25","2.25","2.25"
"116083","2.015625","2.015625","2.015625"
"116106","2.375","2.375","2.375"
"116123","2.46875","2.46875","2.46875"
"116141","2.03125","2.03125","2.03125"
"116152","2.171875","2.171875","2.171875"
"116204","2.3125","2.3125","2.3125"
"116243","2.46875","2.46875","2.46875"
"116244","2.078125","2.078125","2.078125"
"116248","2.59375","2.59375","2.59375"
"116266","2.25","2.25","2.25"
"116294","2.171875","2.171875","2.171875"
"116298","2.3125","2.3125","2.3125"
"116316","2.1875","2.1875","2.1875"
"116350","2.390625","2.390625","2.390625"
"116359","2.25","2.25","2.25"
"116412","2.8125","2.8125","2.8125"
"116424","2.21875","2.21875","2.21875"
"116488","2.59375","2.59375","2.59375"
"116519","2.109375","2.109375","2.109375"
"116534","2.390625","2.390625","2.390625"
"116559","1.9921875","1.9921875","1.9921875"
"116616","2.109375","2.109375","2.109375"
"116675","1.8203125","1.8203125","1.8203125"
"116685","1.9609375","1.9609375","1.9609375"
"116695","2.171875","2.171875","2.171875"
"116707","2.28125","2.28125","2.28125"
"116723","2.390625","2.390625","2.390625"
"116757","2.578125","2.578125","2.578125"
"116813","2.140625","2.140625","2.140625"
"116814","2.015625","2.015625","2.015625"
"116815","1.96875","1.96875","1.96875"
"116821","2.296875","2.296875","2.296875"
"116868","2.3125","2.3125","2.3125"
"116874","2.140625","2.140625","2.140625"
"116899","2","2","2"
"116954","2.40625","2.40625","2.40625"
"116965","2.046875","2.046875","2.046875"
"116981","2.328125","2.328125","2.328125"
"116990","2.390625","2.390625","2.390625"
"117002","2.265625","2.265625","2.265625"
"117027","2.453125","2.453125","2.453125"
"117085","2.28125","2.28125","2.28125"
"117104","2.359375","2.359375","2.359375"
"117190","2.625","2.625","2.625"
"117257","2.203125","2.203125","2.203125"
"117292","2.125","2.125","2.125"
"117320","2.453125","2.453125","2.453125"
"117323","2.453125","2.453125","2.453125"
"117363","1.953125","1.953125","1.953125"
"117371","2.34375","2.34375","2.34375"
"117372","2.125","2.125","2.125"
"117374","2.765625","2.765625","2.765625"
"117426","2.0625","2.0625","2.0625"
"117462","2.375","2.375","2.375"
"117492","1.90625","1.90625","1.90625"
"117541","2.3125","2.3125","2.3125"
"117553","2.34375","2.34375","2.34375"
"117573","2.453125","2.453125","2.453125"
"117618","2.28125","2.28125","2.28125"
"117643","2.171875","2.171875","2.171875"
"117659","2.21875","2.21875","2.21875"
"117671","2.296875","2.296875","2.296875"
"117681","2.203125","2.203125","2.203125"
"117703","2.28125","2.28125","2.28125"
"117705","2.1875","2.1875","2.1875"
"117720","2.046875","2.046875","2.046875"
"117746","2.09375","2.09375","2.09375"
"117778","2.3125","2.3125","2.3125"
"117783","2.25","2.25","2.25"
"117805","2","2","2"
"117902","2.4375","2.4375","2.4375"
"117905","2.4375","2.4375","2.4375"
"117915","2.1875","2.1875","2.1875"
"117974","2.4375","2.4375","2.4375"
"118031","2.421875","2.421875","2.421875"
"118082","1.8828125","1.8828125","1.8828125"
"118092","1.984375","1.984375","1.984375"
"118120","2.140625","2.140625","2.140625"
"118131","2.328125","2.328125","2.328125"
"118159","2.15625","2.15625","2.15625"
"118192","2.421875","2.421875","2.421875"
"118212","2.0625","2.0625","2.0625"
"118267","2.140625","2.140625","2.140625"
"118275","2.0625","2.0625","2.0625"
"118308","2.046875","2.046875","2.046875"
"118325","2.171875","2.171875","2.171875"
"118380","2.015625","2.015625","2.015625"
"118395","2.21875","2.21875","2.21875"
"118435","2.015625","2.015625","2.015625"
"118450","2.453125","2.453125","2.453125"
"118465","2.171875","2.171875","2.171875"
"118482","2.1875","2.1875","2.1875"
"118511","2.40625","2.40625","2.40625"
"118526","2.25","2.25","2.25"
"118547","2.34375","2.34375","2.34375"
"118580","2.15625","2.15625","2.15625"
"118582","2.265625","2.265625","2.265625"
"118588","2.203125","2.203125","2.203125"
"118637","2.359375","2.359375","2.359375"
"118642","2.109375","2.109375","2.109375"
"118659","2.109375","2.109375","2.109375"
"118661","2.078125","2.078125","2.078125"
"118694","2.140625","2.140625","2.140625"
"118712","2.28125","2.28125","2.28125"
"118737","2.734375","2.734375","2.734375"
"118833","1.9140625","1.9140625","1.9140625"
"118841","2.234375","2.234375","2.234375"
"118848","2.453125","2.453125","2.453125"
"118853","2.09375","2.09375","2.09375"
"118877","2.078125","2.078125","2.078125"
"118907","2.046875","2.046875","2.046875"
"118988","2.4375","2.4375","2.4375"
"118992","2.25","2.25","2.25"
"119018","2.3125","2.3125","2.3125"
"119027","2.109375","2.109375","2.109375"
"119036","2.25","2.25","2.25"
"119040","2.265625","2.265625","2.265625"
"119045","1.9453125","1.9453125","1.9453125"
"119073","1.984375","1.984375","1.984375"
"119075","2.265625","2.265625","2.265625"
"119103","2.53125","2.53125","2.53125"
"119147","2.21875","2.21875","2.21875"
"119155","2.46875","2.46875","2.46875"
"119224","2.046875","2.046875","2.046875"
"119237","2.28125","2.28125","2.28125"
"119249","1.9921875","1.9921875","1.9921875"
"119252","2.390625","2.390625","2.390625"
"119277","2.34375","2.34375","2.34375"
"119282","2.203125","2.203125","2.203125"
"119292","2.25","2.25","2.25"
"119316","2.09375","2.09375","2.09375"
"119336","2.203125","2.203125","2.203125"
"119347","2.46875","2.46875","2.46875"
"119368","2.296875","2.296875","2.296875"
"119374","2.25","2.25","2.25"
"119412","2.1875","2.1875","2.1875"
"119425","1.796875","1.796875","1.796875"
"119448","2.1875","2.1875","2.1875"
"119468","2.21875","2.21875","2.21875"
"119629","2","2","2"
"119632","2.03125","2.03125","2.03125"
"119638","2.1875","2.1875","2.1875"
"119642","2.265625","2.265625","2.265625"
"119645","2.1875","2.1875","2.1875"
"119655","2.390625","2.390625","2.390625"
"119696","2.5","2.5","2.5"
"119704","2.546875","2.546875","2.546875"
"119711","2.296875","2.296875","2.296875"
"119718","2.09375","2.09375","2.09375"
"119732","2.234375","2.234375","2.234375"
"119753","2.21875","2.21875","2.21875"
"119788","2.3125","2.3125","2.3125"
"119795","2.421875","2.421875","2.421875"
"119821","2.34375","2.34375","2.34375"
"119823","2.21875","2.21875","2.21875"
"119828","2.40625","2.40625","2.40625"
"119831","2.421875","2.421875","2.421875"
"119832","2.34375","2.34375","2.34375"
"119837","2.3125","2.3125","2.3125"
"119892","2.28125","2.28125","2.28125"
"119894","2.296875","2.296875","2.296875"
"119923","2.421875","2.421875","2.421875"
"119971","2.296875","2.296875","2.296875"
"119975","2.09375","2.09375","2.09375"
"120027","2.453125","2.453125","2.453125"
"120038","1.953125","1.953125","1.953125"
"120052","2.0625","2.0625","2.0625"
"120068","2.15625","2.15625","2.15625"
"120115","2.15625","2.15625","2.15625"
"120118","2.28125","2.28125","2.28125"
"120134","1.890625","1.890625","1.890625"
"120166","2.125","2.125","2.125"
"120207","2.3125","2.3125","2.3125"
"120304","2.625","2.625","2.625"
"120311","2.25","2.25","2.25"
"120313","1.9609375","1.9609375","1.9609375"
"120320","2.203125","2.203125","2.203125"
"120334","2.46875","2.46875","2.46875"
"120343","2.078125","2.078125","2.078125"
"120447","1.9765625","1.9765625","1.9765625"
"120467","2.203125","2.203125","2.203125"
"120483","2.28125","2.28125","2.28125"
"120490","2.40625","2.40625","2.40625"
"120531","2.21875","2.21875","2.21875"
"120535","1.9921875","1.9921875","1.9921875"
"120558","2.53125","2.53125","2.53125"
"120601","2.4375","2.4375","2.4375"
"120632","2.15625","2.15625","2.15625"
"120683","2.375","2.375","2.375"
"120745","2.390625","2.390625","2.390625"
"120797","2.421875","2.421875","2.421875"
"120818","2.078125","2.078125","2.078125"
"120821","2.078125","2.078125","2.078125"
"120847","2.328125","2.328125","2.328125"
"120862","2.484375","2.484375","2.484375"
"120880","2.375","2.375","2.375"
"120969","2.421875","2.421875","2.421875"
"120981","2.21875","2.21875","2.21875"
"120985","2.1875","2.1875","2.1875"
"120995","2.046875","2.046875","2.046875"
"121006","2.3125","2.3125","2.3125"
"121055","2.15625","2.15625","2.15625"
"121058","1.9609375","1.9609375","1.9609375"
"121065","2.171875","2.171875","2.171875"
"121070","2.40625","2.40625","2.40625"
"121087","2.28125","2.28125","2.28125"
"121094","2.25","2.25","2.25"
"121146","2.328125","2.328125","2.328125"
"121162","1.875","1.875","1.875"
"121174","2.421875","2.421875","2.421875"
"121178","2.1875","2.1875","2.1875"
"121188","2.15625","2.15625","2.15625"
"121194","2.296875","2.296875","2.296875"
"121204","1.9140625","1.9140625","1.9140625"
"121210","2.1875","2.1875","2.1875"
"121218","2.1875","2.1875","2.1875"
"121249","2.109375","2.109375","2.109375"
"121262","2.28125","2.28125","2.28125"
"121263","2.203125","2.203125","2.203125"
"121266","2.171875","2.171875","2.171875"
"121269","1.984375","1.984375","1.984375"
"121282","2.1875","2.1875","2.1875"
"121294","2.453125","2.453125","2.453125"
"121306","2.625","2.625","2.625"
"121315","2.296875","2.296875","2.296875"
"121367","2.140625","2.140625","2.140625"
"121385","2.265625","2.265625","2.265625"
"121397","2.078125","2.078125","2.078125"
"121420","2.34375","2.34375","2.34375"
"121449","2.453125","2.453125","2.453125"
"121451","2.578125","2.578125","2.578125"
"121542","2.53125","2.53125","2.53125"
"121580","2.28125","2.28125","2.28125"
"121583","2.28125","2.28125","2.28125"
"121597","2.171875","2.171875","2.171875"
"121598","2.25","2.25","2.25"
"121620","1.96875","1.96875","1.96875"
"121623","2.25","2.25","2.25"
"121632","1.8515625","1.8515625","1.8515625"
"121644","2.46875","2.46875","2.46875"
"121647","2.65625","2.65625","2.65625"
"121651","2.0625","2.0625","2.0625"
"121670","2.203125","2.203125","2.203125"
"121789","2.4375","2.4375","2.4375"
"121802","2.140625","2.140625","2.140625"
"121842","2.203125","2.203125","2.203125"
"121867","2.46875","2.46875","2.46875"
"121876","2.4375","2.4375","2.4375"
"121968","2.328125","2.328125","2.328125"
"121984","2.1875","2.1875","2.1875"
"121991","2.53125","2.53125","2.53125"
"122010","2.109375","2.109375","2.109375"
"122045","2.09375","2.09375","2.09375"
"122054","2.5625","2.5625","2.5625"
"122059","2.53125","2.53125","2.53125"
"122109","2.171875","2.171875","2.171875"
"122125","2.3125","2.3125","2.3125"
"122162","2.265625","2.265625","2.265625"
"122165","2.265625","2.265625","2.265625"
"122175","2.140625","2.140625","2.140625"
"122181","2.4375","2.4375","2.4375"
"122218","2.28125","2.28125","2.28125"
"122224","2.328125","2.328125","2.328125"
"122279","2.40625","2.40625","2.40625"
"122327","2","2","2"
"122342","2.28125","2.28125","2.28125"
"122350","2.1875","2.1875","2.1875"
"122352","2.015625","2.015625","2.015625"
"122357","1.8671875","1.8671875","1.8671875"
"122400","2.34375","2.34375","2.34375"
"122404","2.21875","2.21875","2.21875"
"122524","2.28125","2.28125","2.28125"
"122537","2.453125","2.453125","2.453125"
"122584","2.078125","2.078125","2.078125"
"122593","2.5","2.5","2.5"
"122624","2.25","2.25","2.25"
"122630","2.109375","2.109375","2.109375"
"122642","2.75","2.75","2.75"
"122649","2.21875","2.21875","2.21875"
"122659","2.40625","2.40625","2.40625"
"122678","2.1875","2.1875","2.1875"
"122752","2.328125","2.328125","2.328125"
"122754","2.375","2.375","2.375"
"122778","2.234375","2.234375","2.234375"
"122806","2.21875","2.21875","2.21875"
"122816","2.140625","2.140625","2.140625"
"122840","2.03125","2.03125","2.03125"
"122842","2.109375","2.109375","2.109375"
"122887","2.390625","2.390625","2.390625"
"122940","2.234375","2.234375","2.234375"
"123031","2.203125","2.203125","2.203125"
"123035","2.15625","2.15625","2.15625"
"123039","2.34375","2.34375","2.34375"
"123057","2.5625","2.5625","2.5625"
"123067","2.34375","2.34375","2.34375"
"123076","2.171875","2.171875","2.171875"
"123097","1.8359375","1.8359375","1.8359375"
"123116","2.109375","2.109375","2.109375"
"123124","2.3125","2.3125","2.3125"
"123180","2.484375","2.484375","2.484375"
"123210","2.484375","2.484375","2.484375"
"123234","2.3125","2.3125","2.3125"
"123306","2.515625","2.515625","2.515625"
"123316","2.5","2.5","2.5"
"123320","1.9453125","1.9453125","1.9453125"
"123342","2.203125","2.203125","2.203125"
"123354","2.375","2.375","2.375"
"123379","2.21875","2.21875","2.21875"
"123388","2.234375","2.234375","2.234375"
"123394","2.03125","2.03125","2.03125"
"123435","1.8828125","1.8828125","1.8828125"
"123445","1.9921875","1.9921875","1.9921875"
"123457","1.9296875","1.9296875","1.9296875"
"123463","2.03125","2.03125","2.03125"
"123480","2.0625","2.0625","2.0625"
"123525","2.296875","2.296875","2.296875"
"123621","1.921875","1.921875","1.921875"
"123645","2.03125","2.03125","2.03125"
"123693","2.328125","2.328125","2.328125"
"123799","2.28125","2.28125","2.28125"
"123802","2.34375","2.34375","2.34375"
"123810","2.46875","2.46875","2.46875"
"123813","2.328125","2.328125","2.328125"
"123858","2.28125","2.28125","2.28125"
"123860","2.21875","2.21875","2.21875"
"123900","2.203125","2.203125","2.203125"
"123915","2.15625","2.15625","2.15625"
"123918","2.46875","2.46875","2.46875"
"123923","2.0625","2.0625","2.0625"
"123932","2.28125","2.28125","2.28125"
"123947","2.484375","2.484375","2.484375"
"123973","2.4375","2.4375","2.4375"
"123979","2.203125","2.203125","2.203125"
"123992","2.109375","2.109375","2.109375"
"124007","2.3125","2.3125","2.3125"
"124066","2.296875","2.296875","2.296875"
"124083","2.28125","2.28125","2.28125"
"124093","2.296875","2.296875","2.296875"
"124168","2.09375","2.09375","2.09375"
"124197","2.03125","2.03125","2.03125"
"124199","2.171875","2.171875","2.171875"
"124204","2.21875","2.21875","2.21875"
"124209","2.25","2.25","2.25"
"124210","2.21875","2.21875","2.21875"
"124243","2.453125","2.453125","2.453125"
"124248","2.265625","2.265625","2.265625"
"124270","2.296875","2.296875","2.296875"
"124338","1.9765625","1.9765625","1.9765625"
"124361","2.203125","2.203125","2.203125"
"124372","2.078125","2.078125","2.078125"
"124388","2.328125","2.328125","2.328125"
"124396","2.421875","2.421875","2.421875"
"124432","2.3125","2.3125","2.3125"
"124455","2.1875","2.1875","2.1875"
"124467","2.3125","2.3125","2.3125"
"124468","2.484375","2.484375","2.484375"
"124505","2.296875","2.296875","2.296875"
"124517","2.3125","2.3125","2.3125"
"124585","2.53125","2.53125","2.53125"
"124599","2.265625","2.265625","2.265625"
"124661","2.515625","2.515625","2.515625"
"124696","2.3125","2.3125","2.3125"
"124699","1.953125","1.953125","1.953125"
"124733","2.375","2.375","2.375"
"124761","1.796875","1.796875","1.796875"
"124764","2.390625","2.390625","2.390625"
"124780","2.203125","2.203125","2.203125"
"124785","2.34375","2.34375","2.34375"
"124806","2.015625","2.015625","2.015625"
"124823","2.0625","2.0625","2.0625"
"124884","2.484375","2.484375","2.484375"
"124889","2.265625","2.265625","2.265625"
"124913","2.15625","2.15625","2.15625"
"124924","2.453125","2.453125","2.453125"
"124943","2.0625","2.0625","2.0625"
"124953","1.9609375","1.9609375","1.9609375"
"124970","2.265625","2.265625","2.265625"
"124986","2.046875","2.046875","2.046875"
"125005","2.5625","2.5625","2.5625"
"125020","2.28125","2.28125","2.28125"
"125033","2.109375","2.109375","2.109375"
"125049","2.125","2.125","2.125"
"125104","2.15625","2.15625","2.15625"
"125108","2.3125","2.3125","2.3125"
"125128","2.28125","2.28125","2.28125"
"125131","1.9140625","1.9140625","1.9140625"
"125166","2.0625","2.0625","2.0625"
"125174","2.546875","2.546875","2.546875"
"125197","2.265625","2.265625","2.265625"
"125213","2.5625","2.5625","2.5625"
"125267","2.25","2.25","2.25"
"125270","2.265625","2.265625","2.265625"
"125271","2.3125","2.3125","2.3125"
"125292","2.28125","2.28125","2.28125"
"125335","2.109375","2.109375","2.109375"
"125363","2.09375","2.09375","2.09375"
"125375","2.328125","2.328125","2.328125"
"125398","2.453125","2.453125","2.453125"
"125451","2.078125","2.078125","2.078125"
"125460","2.078125","2.078125","2.078125"
"125462","2.3125","2.3125","2.3125"
"125488","2.09375","2.09375","2.09375"
"125558","2.109375","2.109375","2.109375"
"125577","2.359375","2.359375","2.359375"
"125594","2","2","2"
"125614","2.359375","2.359375","2.359375"
"125658","2.125","2.125","2.125"
"125692","1.9453125","1.9453125","1.9453125"
"125728","2.0625","2.0625","2.0625"
"125756","2.1875","2.1875","2.1875"
"125807","2.109375","2.109375","2.109375"
"125811","2.296875","2.296875","2.296875"
"125812","2.296875","2.296875","2.296875"
"125821","2.296875","2.296875","2.296875"
"125825","2.21875","2.21875","2.21875"
"125846","2.328125","2.328125","2.328125"
"125884","1.9296875","1.9296875","1.9296875"
"125896","2.40625","2.40625","2.40625"
"125902","2.21875","2.21875","2.21875"
"125918","2.109375","2.109375","2.109375"
"125929","2.296875","2.296875","2.296875"
"125936","2.78125","2.78125","2.78125"
"125938","2.734375","2.734375","2.734375"
"125954","2.15625","2.15625","2.15625"
"125955","2.078125","2.078125","2.078125"
"126031","2.078125","2.078125","2.078125"
"126096","2.3125","2.3125","2.3125"
"126102","2.140625","2.140625","2.140625"
"126144","2.6875","2.6875","2.6875"
"126145","2.328125","2.328125","2.328125"
"126155","2.28125","2.28125","2.28125"
"126157","2.03125","2.03125","2.03125"
"126243","2.15625","2.15625","2.15625"
"126275","2.5625","2.5625","2.5625"
"126278","2.03125","2.03125","2.03125"
"126291","2.34375","2.34375","2.34375"
"126300","2.390625","2.390625","2.390625"
"126322","2.390625","2.390625","2.390625"
"126338","2.21875","2.21875","2.21875"
"126363","2.125","2.125","2.125"
"126368","2.359375","2.359375","2.359375"
"126398","2.28125","2.28125","2.28125"
"126428","2.328125","2.328125","2.328125"
"126519","2.28125","2.28125","2.28125"
"126536","2.25","2.25","2.25"
"126568","2.21875","2.21875","2.21875"
"126578","2.171875","2.171875","2.171875"
"126627","2.03125","2.03125","2.03125"
"126639","2.46875","2.46875","2.46875"
"126670","2.484375","2.484375","2.484375"
"126671","2","2","2"
"126685","2.28125","2.28125","2.28125"
"126695","2.6875","2.6875","2.6875"
"126705","2.1875","2.1875","2.1875"
"126714","2.4375","2.4375","2.4375"
"126719","1.984375","1.984375","1.984375"
"126732","2.4375","2.4375","2.4375"
"126745","2.0625","2.0625","2.0625"
"126792","2.390625","2.390625","2.390625"
"126884","1.8828125","1.8828125","1.8828125"
"126886","2.234375","2.234375","2.234375"
"126960","2.0625","2.0625","2.0625"
"127076","2.15625","2.15625","2.15625"
"127130","1.828125","1.828125","1.828125"
"127136","2.3125","2.3125","2.3125"
"127138","2.21875","2.21875","2.21875"
"127209","2.390625","2.390625","2.390625"
"127255","2.65625","2.65625","2.65625"
"127274","2.125","2.125","2.125"
"127311","2.40625","2.40625","2.40625"
"127326","2.25","2.25","2.25"
"127335","2.125","2.125","2.125"
"127367","2.109375","2.109375","2.109375"
"127378","1.984375","1.984375","1.984375"
"127404","2.390625","2.390625","2.390625"
"127421","2.28125","2.28125","2.28125"
"127422","2.390625","2.390625","2.390625"
"127443","2.171875","2.171875","2.171875"
"127457","2.171875","2.171875","2.171875"
"127482","2.03125","2.03125","2.03125"
"127501","2.265625","2.265625","2.265625"
"127511","2.03125","2.03125","2.03125"
"127518","2.015625","2.015625","2.015625"
"127534","2.125","2.125","2.125"
"127535","2.1875","2.1875","2.1875"
"127541","2.6875","2.6875","2.6875"
"127598","2.4375","2.4375","2.4375"
"127599","2.609375","2.609375","2.609375"
"127620","2.03125","2.03125","2.03125"
"127641","2.328125","2.328125","2.328125"
"127649","2.0625","2.0625","2.0625"
"127675","2.3125","2.3125","2.3125"
"127695","2.3125","2.3125","2.3125"
"127730","2.15625","2.15625","2.15625"
"127739","2.125","2.125","2.125"
"127807","2.40625","2.40625","2.40625"
"127811","2.34375","2.34375","2.34375"
"127863","2.21875","2.21875","2.21875"
"127912","2.1875","2.1875","2.1875"
"127929","1.9609375","1.9609375","1.9609375"
"127930","2.234375","2.234375","2.234375"
"127931","2.546875","2.546875","2.546875"
"127949","2.59375","2.59375","2.59375"
"127960","2.21875","2.21875","2.21875"
"127963","2.140625","2.140625","2.140625"
"127969","2.125","2.125","2.125"
"127987","2.046875","2.046875","2.046875"
"127997","2.21875","2.21875","2.21875"
"127999","2.234375","2.234375","2.234375"
"128065","2.359375","2.359375","2.359375"
"128071","2.09375","2.09375","2.09375"
"128084","2.140625","2.140625","2.140625"
"128129","2.28125","2.28125","2.28125"
"128158","2.15625","2.15625","2.15625"
"128160","2.125","2.125","2.125"
"128205","2.375","2.375","2.375"
"128209","2.25","2.25","2.25"
"128251","2.09375","2.09375","2.09375"
"128255","1.9921875","1.9921875","1.9921875"
"128326","2.703125","2.703125","2.703125"
"128329","2.28125","2.28125","2.28125"
"128361","2.40625","2.40625","2.40625"
"128394","2.28125","2.28125","2.28125"
"128459","2.078125","2.078125","2.078125"
"128464","2.1875","2.1875","2.1875"
"128466","2.0625","2.0625","2.0625"
"128469","2.078125","2.078125","2.078125"
"128471","1.9921875","1.9921875","1.9921875"
"128562","2.265625","2.265625","2.265625"
"128572","2.328125","2.328125","2.328125"
"128590","2.265625","2.265625","2.265625"
"128601","2.265625","2.265625","2.265625"
"128608","2.453125","2.453125","2.453125"
"128634","2.4375","2.4375","2.4375"
"128646","1.9453125","1.9453125","1.9453125"
"128657","2.09375","2.09375","2.09375"
"128704","2.0625","2.0625","2.0625"
"128705","2.078125","2.078125","2.078125"
"128741","2.359375","2.359375","2.359375"
"128748","2.21875","2.21875","2.21875"
"128758","2.296875","2.296875","2.296875"
"128759","2.1875","2.1875","2.1875"
"128787","2.171875","2.171875","2.171875"
"128794","2.203125","2.203125","2.203125"
"128860","2.171875","2.171875","2.171875"
"128873","2.484375","2.484375","2.484375"
"128916","2.21875","2.21875","2.21875"
"128929","2.328125","2.328125","2.328125"
"128931","2.109375","2.109375","2.109375"
"128938","2.546875","2.546875","2.546875"
"128948","2.25","2.25","2.25"
"128949","2.203125","2.203125","2.203125"
"128988","2.234375","2.234375","2.234375"
"129016","2.125","2.125","2.125"
"129045","2.234375","2.234375","2.234375"
"129101","2.0625","2.0625","2.0625"
"129103","2.484375","2.484375","2.484375"
"129111","2.28125","2.28125","2.28125"
"129121","2.25","2.25","2.25"
"129169","2.265625","2.265625","2.265625"
"129244","2","2","2"
"129259","1.9609375","1.9609375","1.9609375"
"129280","2.171875","2.171875","2.171875"
"129371","2.5","2.5","2.5"
"129379","2.5","2.5","2.5"
"129458","2.09375","2.09375","2.09375"
"129460","2.171875","2.171875","2.171875"
"129473","2.03125","2.03125","2.03125"
"129504","2.40625","2.40625","2.40625"
"129505","2.296875","2.296875","2.296875"
"129532","2.046875","2.046875","2.046875"
"129588","2.1875","2.1875","2.1875"
"129622","2.171875","2.171875","2.171875"
"129641","2.265625","2.265625","2.265625"
"129662","2.328125","2.328125","2.328125"
"129687","2.203125","2.203125","2.203125"
"129737","2.046875","2.046875","2.046875"
"129745","2.140625","2.140625","2.140625"
"129798","2.296875","2.296875","2.296875"
"129818","1.9765625","1.9765625","1.9765625"
"129842","2.15625","2.15625","2.15625"
"129856","2.296875","2.296875","2.296875"
"129868","2.171875","2.171875","2.171875"
"129876","2.109375","2.109375","2.109375"
"129890","2.1875","2.1875","2.1875"
"129959","2.078125","2.078125","2.078125"
"129991","2.21875","2.21875","2.21875"
"130031","2.015625","2.015625","2.015625"
"130075","2.21875","2.21875","2.21875"
"130098","2.5625","2.5625","2.5625"
"130104","2.421875","2.421875","2.421875"
"130108","2.078125","2.078125","2.078125"
"130114","2.140625","2.140625","2.140625"
"130220","2.34375","2.34375","2.34375"
"130222","2.28125","2.28125","2.28125"
"130224","2.34375","2.34375","2.34375"
"130272","2.28125","2.28125","2.28125"
"130302","2.15625","2.15625","2.15625"
"130406","2.484375","2.484375","2.484375"
"130483","2.1875","2.1875","2.1875"
"130498","2.375","2.375","2.375"
"130520","2.125","2.125","2.125"
"130527","2.234375","2.234375","2.234375"
"130531","2.171875","2.171875","2.171875"
"130538","2.046875","2.046875","2.046875"
"130595","2.3125","2.3125","2.3125"
"130602","2.1875","2.1875","2.1875"
"130629","2.0625","2.0625","2.0625"
"130630","2.078125","2.078125","2.078125"
"130659","2.515625","2.515625","2.515625"
"130731","1.9921875","1.9921875","1.9921875"
"130760","2.078125","2.078125","2.078125"
"130802","2.265625","2.265625","2.265625"
"130828","2.140625","2.140625","2.140625"
"130874","2.5625","2.5625","2.5625"
"130880","2.34375","2.34375","2.34375"
"130887","2.4375","2.4375","2.4375"
"130922","2.21875","2.21875","2.21875"
"130944","2.59375","2.59375","2.59375"
"131011","2.109375","2.109375","2.109375"
"131018","2.375","2.375","2.375"
"131023","2.5","2.5","2.5"
"131024","2.34375","2.34375","2.34375"
"131041","2.53125","2.53125","2.53125"
"131058","2.0625","2.0625","2.0625"
"131076","2.359375","2.359375","2.359375"
"131085","2.28125","2.28125","2.28125"
"131136","2.265625","2.265625","2.265625"
"131147","2.265625","2.265625","2.265625"
"131167","1.96875","1.96875","1.96875"
"131169","1.921875","1.921875","1.921875"
"131186","2.265625","2.265625","2.265625"
"131327","2.140625","2.140625","2.140625"
"131334","2.375","2.375","2.375"
"131393","2.375","2.375","2.375"
"131418","2.203125","2.203125","2.203125"
"131436","2.484375","2.484375","2.484375"
"131476","1.9765625","1.9765625","1.9765625"
"131519","2.125","2.125","2.125"
"131524","2","2","2"
"131550","2.34375","2.34375","2.34375"
"131594","2.0625","2.0625","2.0625"
"131617","2.03125","2.03125","2.03125"
"131669","2.359375","2.359375","2.359375"
"131687","2.1875","2.1875","2.1875"
"131730","2.53125","2.53125","2.53125"
"131793","2.25","2.25","2.25"
"131795","2.453125","2.453125","2.453125"
"131801","1.9765625","1.9765625","1.9765625"
"131809","2.046875","2.046875","2.046875"
"131822","2.515625","2.515625","2.515625"
"131836","2.1875","2.1875","2.1875"
"131876","1.9765625","1.9765625","1.9765625"
"131917","2.4375","2.4375","2.4375"
"131927","2.0625","2.0625","2.0625"
"131943","2.40625","2.40625","2.40625"
"132001","2.125","2.125","2.125"
"132005","2.375","2.375","2.375"
"132019","2.15625","2.15625","2.15625"
"132036","1.9296875","1.9296875","1.9296875"
"132048","1.890625","1.890625","1.890625"
"132120","2.109375","2.109375","2.109375"
"132121","2.140625","2.140625","2.140625"
"132156","2.21875","2.21875","2.21875"
"132219","2.4375","2.4375","2.4375"
"132232","2.25","2.25","2.25"
"132288","2.171875","2.171875","2.171875"
"132292","2.140625","2.140625","2.140625"
"132317","2.421875","2.421875","2.421875"
"132330","2.265625","2.265625","2.265625"
"132352","2.25","2.25","2.25"
"132364","2.703125","2.703125","2.703125"
"132390","2.328125","2.328125","2.328125"
"132413","2.0625","2.0625","2.0625"
"132420","2.390625","2.390625","2.390625"
"132449","2.109375","2.109375","2.109375"
"132454","2.375","2.375","2.375"
"132482","2.359375","2.359375","2.359375"
"132533","2.40625","2.40625","2.40625"
"132579","2.109375","2.109375","2.109375"
"132587","2.15625","2.15625","2.15625"
"132606","2.328125","2.328125","2.328125"
"132673","2.09375","2.09375","2.09375"
"132751","2.125","2.125","2.125"
"132774","2.203125","2.203125","2.203125"
"132817","2.296875","2.296875","2.296875"
"132852","2.078125","2.078125","2.078125"
"132865","2.21875","2.21875","2.21875"
"132881","2.15625","2.15625","2.15625"
"132896","2.5","2.5","2.5"
"132926","2.96875","2.96875","2.96875"
"132947","2.109375","2.109375","2.109375"
"132993","2.5625","2.5625","2.5625"
"133010","2.328125","2.328125","2.328125"
"133041","2","2","2"
"133055","2.140625","2.140625","2.140625"
"133119","2.171875","2.171875","2.171875"
"133148","2.296875","2.296875","2.296875"
"133173","2.25","2.25","2.25"
"133190","2.546875","2.546875","2.546875"
"133201","2.609375","2.609375","2.609375"
"133228","2.28125","2.28125","2.28125"
"133262","2","2","2"
"133269","2.3125","2.3125","2.3125"
"133278","2.34375","2.34375","2.34375"
"133297","2.203125","2.203125","2.203125"
"133312","2.34375","2.34375","2.34375"
"133363","1.9765625","1.9765625","1.9765625"
"133398","2","2","2"
"133401","2.21875","2.21875","2.21875"
"133424","2.453125","2.453125","2.453125"
"133490","2.328125","2.328125","2.328125"
"133508","2.1875","2.1875","2.1875"
"133563","1.9453125","1.9453125","1.9453125"
"133600","2.453125","2.453125","2.453125"
"133611","2.21875","2.21875","2.21875"
"133621","2.359375","2.359375","2.359375"
"133645","2.03125","2.03125","2.03125"
"133662","2.421875","2.421875","2.421875"
"133732","2.0625","2.0625","2.0625"
"133735","2.1875","2.1875","2.1875"
"133759","2.03125","2.03125","2.03125"
"133798","2.265625","2.265625","2.265625"
"133802","2.359375","2.359375","2.359375"
"133811","2.203125","2.203125","2.203125"
"133823","1.9921875","1.9921875","1.9921875"
"133880","2.03125","2.03125","2.03125"
"133885","2.46875","2.46875","2.46875"
"133930","1.984375","1.984375","1.984375"
"133974","2.0625","2.0625","2.0625"
"134010","2.078125","2.078125","2.078125"
"134049","2.03125","2.03125","2.03125"
"134123","2.3125","2.3125","2.3125"
"134154","2.390625","2.390625","2.390625"
"134155","2.25","2.25","2.25"
"134156","2.234375","2.234375","2.234375"
"134236","2.03125","2.03125","2.03125"
"134285","2.15625","2.15625","2.15625"
"134296","2.46875","2.46875","2.46875"
"134311","1.96875","1.96875","1.96875"
"134313","2.234375","2.234375","2.234375"
"134317","2.203125","2.203125","2.203125"
"134327","2.25","2.25","2.25"
"134355","2.265625","2.265625","2.265625"
"134418","2.265625","2.265625","2.265625"
"134419","2.46875","2.46875","2.46875"
"134462","2.5625","2.5625","2.5625"
"134499","2.03125","2.03125","2.03125"
"134503","2.296875","2.296875","2.296875"
"134504","2.171875","2.171875","2.171875"
"134553","2.21875","2.21875","2.21875"
"134581","1.90625","1.90625","1.90625"
"134604","1.9765625","1.9765625","1.9765625"
"134653","2.484375","2.484375","2.484375"
"134690","2.3125","2.3125","2.3125"
"134702","2.203125","2.203125","2.203125"
"134809","2.03125","2.03125","2.03125"
"134824","2.109375","2.109375","2.109375"
"134829","1.984375","1.984375","1.984375"
"134875","2.1875","2.1875","2.1875"
"134882","2.171875","2.171875","2.171875"
"134933","2.59375","2.59375","2.59375"
"134953","2.15625","2.15625","2.15625"
"134954","1.953125","1.953125","1.953125"
"134968","1.8359375","1.8359375","1.8359375"
"134983","2.203125","2.203125","2.203125"
"134997","2.09375","2.09375","2.09375"
"135011","2.3125","2.3125","2.3125"
"135028","1.890625","1.890625","1.890625"
"135033","1.8984375","1.8984375","1.8984375"
"135037","2.28125","2.28125","2.28125"
"135047","1.9375","1.9375","1.9375"
"135105","2.328125","2.328125","2.328125"
"135146","2.1875","2.1875","2.1875"
"135153","2.4375","2.4375","2.4375"
"135175","2.03125","2.03125","2.03125"
"135194","2.09375","2.09375","2.09375"
"135205","2.21875","2.21875","2.21875"
"135309","1.921875","1.921875","1.921875"
"135338","2.375","2.375","2.375"
"135365","2.09375","2.09375","2.09375"
"135389","2.015625","2.015625","2.015625"
"135400","2.140625","2.140625","2.140625"
"135442","2.328125","2.328125","2.328125"
"135506","2.046875","2.046875","2.046875"
"135539","2.234375","2.234375","2.234375"
"135574","2.5625","2.5625","2.5625"
"135612","2.171875","2.171875","2.171875"
"135648","2.28125","2.28125","2.28125"
"135687","1.90625","1.90625","1.90625"
"135739","2.53125","2.53125","2.53125"
"135755","2.203125","2.203125","2.203125"
"135788","2.25","2.25","2.25"
"135859","2.28125","2.28125","2.28125"
"135961","1.9375","1.9375","1.9375"
"135992","2.390625","2.390625","2.390625"
"135993","2.25","2.25","2.25"
"136006","2.109375","2.109375","2.109375"
"136015","2.734375","2.734375","2.734375"
"136044","2.3125","2.3125","2.3125"
"136046","2.296875","2.296875","2.296875"
"136054","2.03125","2.03125","2.03125"
"136067","2.0625","2.0625","2.0625"
"136162","2.25","2.25","2.25"
"136169","2.125","2.125","2.125"
"136186","2.15625","2.15625","2.15625"
"136199","2.140625","2.140625","2.140625"
"136216","2.109375","2.109375","2.109375"
"136220","2","2","2"
"136224","2.328125","2.328125","2.328125"
"136225","2.265625","2.265625","2.265625"
"136256","1.84375","1.84375","1.84375"
"136274","2.234375","2.234375","2.234375"
"136295","1.9453125","1.9453125","1.9453125"
"136316","2.4375","2.4375","2.4375"
"136355","2.265625","2.265625","2.265625"
"136485","1.90625","1.90625","1.90625"
"136504","2.375","2.375","2.375"
"136551","1.8828125","1.8828125","1.8828125"
"136558","2.359375","2.359375","2.359375"
"136570","2.375","2.375","2.375"
"136578","2.3125","2.3125","2.3125"
"136580","2.421875","2.421875","2.421875"
"136592","2.34375","2.34375","2.34375"
"136606","2.140625","2.140625","2.140625"
"136641","2.421875","2.421875","2.421875"
"136642","2.171875","2.171875","2.171875"
"136662","2.328125","2.328125","2.328125"
"136686","2.28125","2.28125","2.28125"
"136709","2.078125","2.078125","2.078125"
"136734","2.53125","2.53125","2.53125"
"136762","2.40625","2.40625","2.40625"
"136770","2.296875","2.296875","2.296875"
"136791","2.359375","2.359375","2.359375"
"136796","2.25","2.25","2.25"
"136814","2.453125","2.453125","2.453125"
"136837","2.671875","2.671875","2.671875"
"136894","2.046875","2.046875","2.046875"
"136960","2.296875","2.296875","2.296875"
"136962","2.328125","2.328125","2.328125"
"137003","1.953125","1.953125","1.953125"
"137022","2.484375","2.484375","2.484375"
"137025","2.109375","2.109375","2.109375"
"137047","2.15625","2.15625","2.15625"
"137092","2.375","2.375","2.375"
"137125","2.4375","2.4375","2.4375"
"137130","2.046875","2.046875","2.046875"
"137153","2.234375","2.234375","2.234375"
"137168","2.0625","2.0625","2.0625"
"137178","2.109375","2.109375","2.109375"
"137202","2.21875","2.21875","2.21875"
"137209","2.09375","2.09375","2.09375"
"137233","1.9296875","1.9296875","1.9296875"
"137254","2.34375","2.34375","2.34375"
"137260","2.359375","2.359375","2.359375"
"137333","2.109375","2.109375","2.109375"
"137383","2.234375","2.234375","2.234375"
"137418","2.265625","2.265625","2.265625"
"137446","2.25","2.25","2.25"
"137453","2.5","2.5","2.5"
"137482","2.21875","2.21875","2.21875"
"137485","2.578125","2.578125","2.578125"
"137487","2.171875","2.171875","2.171875"
"137490","2.5","2.5","2.5"
"137497","2.265625","2.265625","2.265625"
"137543","2","2","2"
"137553","1.984375","1.984375","1.984375"
"137578","2.234375","2.234375","2.234375"
"137602","2.375","2.375","2.375"
"137606","2.125","2.125","2.125"
"137611","2.265625","2.265625","2.265625"
"137632","2.40625","2.40625","2.40625"
"137655","2.15625","2.15625","2.15625"
"137676","2.203125","2.203125","2.203125"
"137692","2.171875","2.171875","2.171875"
"137732","2.140625","2.140625","2.140625"
"137785","2.203125","2.203125","2.203125"
"137793","2.25","2.25","2.25"
"137810","2.1875","2.1875","2.1875"
"137836","2.25","2.25","2.25"
"137859","2.125","2.125","2.125"
"137869","2.171875","2.171875","2.171875"
"137910","2.421875","2.421875","2.421875"
"137919","2.25","2.25","2.25"
"137925","2.765625","2.765625","2.765625"
"137937","2.21875","2.21875","2.21875"
"138020","2.265625","2.265625","2.265625"
"138043","1.96875","1.96875","1.96875"
"138048","2.25","2.25","2.25"
"138084","2.03125","2.03125","2.03125"
"138108","1.9921875","1.9921875","1.9921875"
"138136","2.109375","2.109375","2.109375"
"138213","2.0625","2.0625","2.0625"
"138232","2.125","2.125","2.125"
"138238","2.53125","2.53125","2.53125"
"138259","2.171875","2.171875","2.171875"
"138285","2.5","2.5","2.5"
"138296","2.5","2.5","2.5"
"138379","2.40625","2.40625","2.40625"
"138399","2.015625","2.015625","2.015625"
"138406","1.90625","1.90625","1.90625"
"138448","1.9609375","1.9609375","1.9609375"
"138480","2.515625","2.515625","2.515625"
"138486","2.171875","2.171875","2.171875"
"138489","2.3125","2.3125","2.3125"
"138503","2.296875","2.296875","2.296875"
"138525","2.03125","2.03125","2.03125"
"138532","2.203125","2.203125","2.203125"
"138561","2.265625","2.265625","2.265625"
"138583","1.90625","1.90625","1.90625"
"138615","2.484375","2.484375","2.484375"
"138655","2.171875","2.171875","2.171875"
"138663","2.078125","2.078125","2.078125"
"138688","2.125","2.125","2.125"
"138705","2.09375","2.09375","2.09375"
"138734","2.40625","2.40625","2.40625"
"138739","2.234375","2.234375","2.234375"
"138762","2.171875","2.171875","2.171875"
"138823","2.5","2.5","2.5"
"138871","2.421875","2.421875","2.421875"
"138937","1.9921875","1.9921875","1.9921875"
"138945","2.140625","2.140625","2.140625"
"138958","2.609375","2.609375","2.609375"
"138996","2.28125","2.28125","2.28125"
"138997","2.140625","2.140625","2.140625"
"139036","2.359375","2.359375","2.359375"
"139057","2.09375","2.09375","2.09375"
"139063","2.109375","2.109375","2.109375"
"139069","2.234375","2.234375","2.234375"
"139097","2.328125","2.328125","2.328125"
"139121","2.34375","2.34375","2.34375"
"139236","2.515625","2.515625","2.515625"
"139279","2.328125","2.328125","2.328125"
"139281","2.046875","2.046875","2.046875"
"139299","2.328125","2.328125","2.328125"
"139339","2.109375","2.109375","2.109375"
"139443","2.109375","2.109375","2.109375"
"139451","2.21875","2.21875","2.21875"
"139455","2","2","2"
"139461","2.25","2.25","2.25"
"139476","2.28125","2.28125","2.28125"
"139478","2.28125","2.28125","2.28125"
"139515","2.34375","2.34375","2.34375"
"139547","2.03125","2.03125","2.03125"
"139585","2.0625","2.0625","2.0625"
"139645","2.21875","2.21875","2.21875"
"139653","2.265625","2.265625","2.265625"
"139660","2.296875","2.296875","2.296875"
"139675","2.046875","2.046875","2.046875"
"139695","2.15625","2.15625","2.15625"
"139703","1.8828125","1.8828125","1.8828125"
"139729","2.515625","2.515625","2.515625"
"139742","2.34375","2.34375","2.34375"
"139752","2.59375","2.59375","2.59375"
"139760","2.03125","2.03125","2.03125"
"139772","2.078125","2.078125","2.078125"
"139794","2.125","2.125","2.125"
"139821","2.265625","2.265625","2.265625"
"139826","1.9140625","1.9140625","1.9140625"
"139855","1.984375","1.984375","1.984375"
"139869","2.578125","2.578125","2.578125"
"139889","2.28125","2.28125","2.28125"
"139912","2.203125","2.203125","2.203125"
"139920","2.15625","2.15625","2.15625"
"139955","2.046875","2.046875","2.046875"
"139975","2.296875","2.296875","2.296875"
"139999","2.296875","2.296875","2.296875"
"140007","2.09375","2.09375","2.09375"
"140036","2.15625","2.15625","2.15625"
"140118","2.375","2.375","2.375"
"140121","2.15625","2.15625","2.15625"
"140123","2.28125","2.28125","2.28125"
"140138","2.578125","2.578125","2.578125"
"140150","2.609375","2.609375","2.609375"
"140153","2.34375","2.34375","2.34375"
"140161","2.15625","2.15625","2.15625"
"140163","2.0625","2.0625","2.0625"
"140165","2.28125","2.28125","2.28125"
"140196","2.421875","2.421875","2.421875"
"140214","1.9375","1.9375","1.9375"
"140241","2.3125","2.3125","2.3125"
"140280","2.015625","2.015625","2.015625"
"140350","2.71875","2.71875","2.71875"
"140356","2.0625","2.0625","2.0625"
"140379","2.296875","2.296875","2.296875"
"140386","2.265625","2.265625","2.265625"
"140393","2.359375","2.359375","2.359375"
"140396","2.28125","2.28125","2.28125"
"140493","2.328125","2.328125","2.328125"
"140500","2.21875","2.21875","2.21875"
"140531","2.078125","2.078125","2.078125"
"140593","2.25","2.25","2.25"
"140598","2.125","2.125","2.125"
"140658","2.28125","2.28125","2.28125"
"140715","2","2","2"
"140726","2.109375","2.109375","2.109375"
"140746","2.1875","2.1875","2.1875"
"140777","2.265625","2.265625","2.265625"
"140785","2.078125","2.078125","2.078125"
"140797","2.046875","2.046875","2.046875"
"140824","2.484375","2.484375","2.484375"
"140830","2.28125","2.28125","2.28125"
"140837","2.015625","2.015625","2.015625"
"140926","2.15625","2.15625","2.15625"
"140939","2.375","2.375","2.375"
"140968","2.0625","2.0625","2.0625"
"140984","2","2","2"
"140989","2.15625","2.15625","2.15625"
"140993","2.265625","2.265625","2.265625"
"141018","2.15625","2.15625","2.15625"
"141053","2.203125","2.203125","2.203125"
"141093","2.015625","2.015625","2.015625"
"141102","2.328125","2.328125","2.328125"
"141164","2.078125","2.078125","2.078125"
"141166","2.140625","2.140625","2.140625"
"141191","2.203125","2.203125","2.203125"
"141207","2.59375","2.59375","2.59375"
"141217","2.390625","2.390625","2.390625"
"141220","2.515625","2.515625","2.515625"
"141235","2.453125","2.453125","2.453125"
"141271","2.40625","2.40625","2.40625"
"141307","2.03125","2.03125","2.03125"
"141347","2.34375","2.34375","2.34375"
"141380","2.46875","2.46875","2.46875"
"141436","2.109375","2.109375","2.109375"
"141437","2.03125","2.03125","2.03125"
"141438","2.125","2.125","2.125"
"141490","2.171875","2.171875","2.171875"
"141491","1.9609375","1.9609375","1.9609375"
"141496","2.203125","2.203125","2.203125"
"141510","2.296875","2.296875","2.296875"
"141539","2.078125","2.078125","2.078125"
"141551","2.21875","2.21875","2.21875"
"141557","2.421875","2.421875","2.421875"
"141559","2.125","2.125","2.125"
"141571","2.09375","2.09375","2.09375"
"141582","2.5","2.5","2.5"
"141589","2.328125","2.328125","2.328125"
"141632","2.203125","2.203125","2.203125"
"141640","2.1875","2.1875","2.1875"
"141660","2.171875","2.171875","2.171875"
"141691","1.796875","1.796875","1.796875"
"141699","2.21875","2.21875","2.21875"
"141720","2.328125","2.328125","2.328125"
"141726","2.3125","2.3125","2.3125"
"141730","2.328125","2.328125","2.328125"
"141775","2.4375","2.4375","2.4375"
"141798","2.15625","2.15625","2.15625"
"141848","2.421875","2.421875","2.421875"
"141853","2.40625","2.40625","2.40625"
"141860","2.125","2.125","2.125"
"141861","2.40625","2.40625","2.40625"
"141900","2.28125","2.28125","2.28125"
"141929","2.703125","2.703125","2.703125"
"141950","2.171875","2.171875","2.171875"
"141951","1.8671875","1.8671875","1.8671875"
"141959","2.1875","2.1875","2.1875"
"142010","2.296875","2.296875","2.296875"
"142016","2.359375","2.359375","2.359375"
"142022","2.4375","2.4375","2.4375"
"142036","2.25","2.25","2.25"
"142037","2.125","2.125","2.125"
"142055","2.21875","2.21875","2.21875"
"142117","1.8828125","1.8828125","1.8828125"
"142169","2.09375","2.09375","2.09375"
"142210","2.1875","2.1875","2.1875"
"142244","2.296875","2.296875","2.296875"
"142265","2.171875","2.171875","2.171875"
"142321","2.28125","2.28125","2.28125"
"142353","2.421875","2.421875","2.421875"
"142382","2.078125","2.078125","2.078125"
"142437","2.390625","2.390625","2.390625"
"142505","2.0625","2.0625","2.0625"
"142535","2.296875","2.296875","2.296875"
"142547","2.359375","2.359375","2.359375"
"142554","1.9765625","1.9765625","1.9765625"
"142625","2.25","2.25","2.25"
"142631","2.40625","2.40625","2.40625"
"142647","2.34375","2.34375","2.34375"
"142660","2.28125","2.28125","2.28125"
"142719","2.078125","2.078125","2.078125"
"142732","2.3125","2.3125","2.3125"
"142757","2.125","2.125","2.125"
"142810","2.09375","2.09375","2.09375"
"142832","2.34375","2.34375","2.34375"
"142900","2.25","2.25","2.25"
"142907","1.9921875","1.9921875","1.9921875"
"142919","2.234375","2.234375","2.234375"
"142960","1.8515625","1.8515625","1.8515625"
"142970","2.21875","2.21875","2.21875"
"142974","2.4375","2.4375","2.4375"
"142976","1.921875","1.921875","1.921875"
"143031","2.453125","2.453125","2.453125"
"143033","2.25","2.25","2.25"
"143067","2","2","2"
"143074","2.03125","2.03125","2.03125"
"143087","2.328125","2.328125","2.328125"
"143144","2.03125","2.03125","2.03125"
"143159","1.9921875","1.9921875","1.9921875"
"143172","2.375","2.375","2.375"
"143177","2.1875","2.1875","2.1875"
"143180","1.8671875","1.8671875","1.8671875"
"143194","2.234375","2.234375","2.234375"
"143239","2.140625","2.140625","2.140625"
"143256","2.28125","2.28125","2.28125"
"143303","2.203125","2.203125","2.203125"
"143319","2.03125","2.03125","2.03125"
"143335","2.3125","2.3125","2.3125"
"143344","1.8828125","1.8828125","1.8828125"
"143475","2.375","2.375","2.375"
"143514","2.40625","2.40625","2.40625"
"143586","2.171875","2.171875","2.171875"
"143599","2.15625","2.15625","2.15625"
"143638","2.203125","2.203125","2.203125"
"143640","2.375","2.375","2.375"
"143649","2.625","2.625","2.625"
"143667","1.9140625","1.9140625","1.9140625"
"143678","2.375","2.375","2.375"
"143683","2","2","2"
"143692","1.734375","1.734375","1.734375"
"143694","2.421875","2.421875","2.421875"
"143747","2.359375","2.359375","2.359375"
"143757","2.1875","2.1875","2.1875"
"143776","2.234375","2.234375","2.234375"
"143828","2.734375","2.734375","2.734375"
"143849","2.203125","2.203125","2.203125"
"143850","1.7265625","1.7265625","1.7265625"
"143918","2.140625","2.140625","2.140625"
"143942","2.265625","2.265625","2.265625"
"143952","2.078125","2.078125","2.078125"
"143961","2.21875","2.21875","2.21875"
"143971","2.203125","2.203125","2.203125"
"144013","1.96875","1.96875","1.96875"
"144015","1.8046875","1.8046875","1.8046875"
"144016","2.28125","2.28125","2.28125"
"144030","2.140625","2.140625","2.140625"
"144046","2.140625","2.140625","2.140625"
"144050","2.203125","2.203125","2.203125"
"144131","2.234375","2.234375","2.234375"
"144140","2.4375","2.4375","2.4375"
"144146","2.109375","2.109375","2.109375"
"144150","2.265625","2.265625","2.265625"
"144161","2.296875","2.296875","2.296875"
"144162","1.9375","1.9375","1.9375"
"144196","2.609375","2.609375","2.609375"
"144213","2.03125","2.03125","2.03125"
"144262","2.0625","2.0625","2.0625"
"144302","2.546875","2.546875","2.546875"
"144303","2.203125","2.203125","2.203125"
"144316","2.4375","2.4375","2.4375"
"144362","2.078125","2.078125","2.078125"
"144411","2.390625","2.390625","2.390625"
"144446","1.9765625","1.9765625","1.9765625"
"144488","2.203125","2.203125","2.203125"
"144494","2.09375","2.09375","2.09375"
"144512","2.015625","2.015625","2.015625"
"144518","2.265625","2.265625","2.265625"
"144534","2.15625","2.15625","2.15625"
"144574","2.421875","2.421875","2.421875"
"144616","2.453125","2.453125","2.453125"
"144623","2.03125","2.03125","2.03125"
"144630","2.46875","2.46875","2.46875"
"144633","1.9609375","1.9609375","1.9609375"
"144650","2.375","2.375","2.375"
"144680","2.375","2.375","2.375"
"144683","2.40625","2.40625","2.40625"
"144691","2.078125","2.078125","2.078125"
"144734","2.609375","2.609375","2.609375"
"144736","2.234375","2.234375","2.234375"
"144743","2.15625","2.15625","2.15625"
"144748","2.234375","2.234375","2.234375"
"144769","2.375","2.375","2.375"
"144802","2.203125","2.203125","2.203125"
"144814","2.21875","2.21875","2.21875"
"144859","2.046875","2.046875","2.046875"
"144869","2.046875","2.046875","2.046875"
"144874","2.296875","2.296875","2.296875"
"144891","2.546875","2.546875","2.546875"
"144941","2.40625","2.40625","2.40625"
"144996","2.453125","2.453125","2.453125"
"145003","2.125","2.125","2.125"
"145007","2.421875","2.421875","2.421875"
"145009","2.234375","2.234375","2.234375"
"145014","2.125","2.125","2.125"
"145020","2.171875","2.171875","2.171875"
"145035","2.046875","2.046875","2.046875"
"145076","2.1875","2.1875","2.1875"
"145095","2.0625","2.0625","2.0625"
"145096","2.09375","2.09375","2.09375"
"145105","2.09375","2.09375","2.09375"
"145114","2.53125","2.53125","2.53125"
"145125","2.421875","2.421875","2.421875"
"145130","2.375","2.375","2.375"
"145149","2.296875","2.296875","2.296875"
"145157","2.5","2.5","2.5"
"145171","2.125","2.125","2.125"
"145176","2.34375","2.34375","2.34375"
"145205","2.4375","2.4375","2.4375"
"145226","2.0625","2.0625","2.0625"
"145301","2.296875","2.296875","2.296875"
"145361","2.203125","2.203125","2.203125"
"145402","2.1875","2.1875","2.1875"
"145446","2.21875","2.21875","2.21875"
"145448","2.3125","2.3125","2.3125"
"145474","2.328125","2.328125","2.328125"
"145528","1.9453125","1.9453125","1.9453125"
"145542","2.046875","2.046875","2.046875"
"145548","2.453125","2.453125","2.453125"
"145561","2.25","2.25","2.25"
"145589","2.359375","2.359375","2.359375"
"145590","2.15625","2.15625","2.15625"
"145593","2.171875","2.171875","2.171875"
"145598","2.171875","2.171875","2.171875"
"145599","2.265625","2.265625","2.265625"
"145624","1.9765625","1.9765625","1.9765625"
"145625","1.9453125","1.9453125","1.9453125"
"145636","2.21875","2.21875","2.21875"
"145658","2.234375","2.234375","2.234375"
"145679","2.109375","2.109375","2.109375"
"145687","2.09375","2.09375","2.09375"
"145730","2.265625","2.265625","2.265625"
"145800","2.0625","2.0625","2.0625"
"145806","2.25","2.25","2.25"
"145838","2.140625","2.140625","2.140625"
"145851","2.0625","2.0625","2.0625"
"145852","2.59375","2.59375","2.59375"
"145882","1.984375","1.984375","1.984375"
"145935","2.265625","2.265625","2.265625"
"145943","2.078125","2.078125","2.078125"
"145952","1.984375","1.984375","1.984375"
"145962","2.3125","2.3125","2.3125"
"145987","2.21875","2.21875","2.21875"
"146019","2.1875","2.1875","2.1875"
"146059","2.234375","2.234375","2.234375"
"146061","2.09375","2.09375","2.09375"
"146095","2.1875","2.1875","2.1875"
"146116","2.421875","2.421875","2.421875"
"146121","2.03125","2.03125","2.03125"
"146122","2.15625","2.15625","2.15625"
"146127","2.328125","2.328125","2.328125"
"146129","1.90625","1.90625","1.90625"
"146140","2.125","2.125","2.125"
"146162","2.03125","2.03125","2.03125"
"146168","2.375","2.375","2.375"
"146169","2.515625","2.515625","2.515625"
"146172","2.046875","2.046875","2.046875"
"146199","2.171875","2.171875","2.171875"
"146281","1.90625","1.90625","1.90625"
"146311","2.109375","2.109375","2.109375"
"146336","2.078125","2.078125","2.078125"
"146374","2.15625","2.15625","2.15625"
"146382","2.1875","2.1875","2.1875"
"146387","2.09375","2.09375","2.09375"
"146414","2.21875","2.21875","2.21875"
"146429","2.25","2.25","2.25"
"146447","1.9609375","1.9609375","1.9609375"
"146448","2.1875","2.1875","2.1875"
"146458","1.8671875","1.8671875","1.8671875"
"146466","1.9765625","1.9765625","1.9765625"
"146500","2.375","2.375","2.375"
"146503","2.296875","2.296875","2.296875"
"146525","2.359375","2.359375","2.359375"
"146552","2.296875","2.296875","2.296875"
"146557","2.078125","2.078125","2.078125"
"146586","2.046875","2.046875","2.046875"
"146628","2.171875","2.171875","2.171875"
"146639","2.15625","2.15625","2.15625"
"146652","2.015625","2.015625","2.015625"
"146700","2.390625","2.390625","2.390625"
"146743","2.0625","2.0625","2.0625"
"146752","2.09375","2.09375","2.09375"
"146776","2.0625","2.0625","2.0625"
"146795","2.171875","2.171875","2.171875"
"146832","2.1875","2.1875","2.1875"
"146836","2.171875","2.171875","2.171875"
"146874","1.9140625","1.9140625","1.9140625"
"146887","2.0625","2.0625","2.0625"
"146983","2.078125","2.078125","2.078125"
"146988","2.25","2.25","2.25"
"147060","2.25","2.25","2.25"
"147071","2.109375","2.109375","2.109375"
"147104","2.375","2.375","2.375"
"147114","2.015625","2.015625","2.015625"
"147138","2.3125","2.3125","2.3125"
"147170","2.125","2.125","2.125"
"147172","2.46875","2.46875","2.46875"
"147200","2.0625","2.0625","2.0625"
"147214","2.21875","2.21875","2.21875"
"147285","2.46875","2.46875","2.46875"
"147339","2.328125","2.328125","2.328125"
"147344","2.296875","2.296875","2.296875"
"147348","2.296875","2.296875","2.296875"
"147350","2.21875","2.21875","2.21875"
"147352","2.5625","2.5625","2.5625"
"147413","2.203125","2.203125","2.203125"
"147417","2.015625","2.015625","2.015625"
"147421","2.125","2.125","2.125"
"147441","2.3125","2.3125","2.3125"
"147462","2.21875","2.21875","2.21875"
"147496","2.328125","2.328125","2.328125"
"147530","1.9140625","1.9140625","1.9140625"
"147531","2.3125","2.3125","2.3125"
"147532","2.09375","2.09375","2.09375"
"147561","2.03125","2.03125","2.03125"
"147579","2.15625","2.15625","2.15625"
"147581","2.03125","2.03125","2.03125"
"147589","2.125","2.125","2.125"
"147602","2.109375","2.109375","2.109375"
"147657","2.4375","2.4375","2.4375"
"147676","2.484375","2.484375","2.484375"
"147681","2.46875","2.46875","2.46875"
"147693","2.046875","2.046875","2.046875"
"147731","2.328125","2.328125","2.328125"
"147742","1.9609375","1.9609375","1.9609375"
"147816","2.125","2.125","2.125"
"147826","2.125","2.125","2.125"
"147839","2.171875","2.171875","2.171875"
"147845","2.046875","2.046875","2.046875"
"147852","2.390625","2.390625","2.390625"
"147878","2.109375","2.109375","2.109375"
"147890","1.9765625","1.9765625","1.9765625"
"147900","2.09375","2.09375","2.09375"
"147921","2.5","2.5","2.5"
"147970","2.203125","2.203125","2.203125"
"148008","2.140625","2.140625","2.140625"
"148039","2.203125","2.203125","2.203125"
"148077","2.015625","2.015625","2.015625"
"148087","1.8984375","1.8984375","1.8984375"
"148120","2.296875","2.296875","2.296875"
"148150","2.34375","2.34375","2.34375"
"148153","2.109375","2.109375","2.109375"
"148158","2.1875","2.1875","2.1875"
"148174","2.453125","2.453125","2.453125"
"148206","1.9453125","1.9453125","1.9453125"
"148216","2.125","2.125","2.125"
"148222","2.234375","2.234375","2.234375"
"148245","2.34375","2.34375","2.34375"
"148248","2.125","2.125","2.125"
"148256","1.96875","1.96875","1.96875"
"148312","2.125","2.125","2.125"
"148336","2.046875","2.046875","2.046875"
"148380","2.171875","2.171875","2.171875"
"148386","2.09375","2.09375","2.09375"
"148431","2.03125","2.03125","2.03125"
"148437","2.140625","2.140625","2.140625"
"148452","2.03125","2.03125","2.03125"
"148503","2.296875","2.296875","2.296875"
"148534","2.203125","2.203125","2.203125"
"148552","2.15625","2.15625","2.15625"
"148572","2.34375","2.34375","2.34375"
"148575","2.34375","2.34375","2.34375"
"148591","2.25","2.25","2.25"
"148597","2.421875","2.421875","2.421875"
"148612","1.953125","1.953125","1.953125"
"148614","1.796875","1.796875","1.796875"
"148628","2.078125","2.078125","2.078125"
"148632","2.15625","2.15625","2.15625"
"148640","2.609375","2.609375","2.609375"
"148644","2.390625","2.390625","2.390625"
"148649","2.390625","2.390625","2.390625"
"148671","2.1875","2.1875","2.1875"
"148692","2.078125","2.078125","2.078125"
"148702","2.4375","2.4375","2.4375"
"148729","2.046875","2.046875","2.046875"
"148733","2.140625","2.140625","2.140625"
"148758","1.984375","1.984375","1.984375"
"148760","2.234375","2.234375","2.234375"
"148768","2.609375","2.609375","2.609375"
"148783","2.15625","2.15625","2.15625"
"148904","2.390625","2.390625","2.390625"
"148914","1.953125","1.953125","1.953125"
"148923","2.203125","2.203125","2.203125"
"148955","2.15625","2.15625","2.15625"
"149017","2.328125","2.328125","2.328125"
"149023","1.9765625","1.9765625","1.9765625"
"149060","2.171875","2.171875","2.171875"
"149093","2.1875","2.1875","2.1875"
"149217","2.59375","2.59375","2.59375"
"149228","2.34375","2.34375","2.34375"
"149249","2.078125","2.078125","2.078125"
"149255","2.28125","2.28125","2.28125"
"149256","2.421875","2.421875","2.421875"
"149258","2.203125","2.203125","2.203125"
"149283","2.125","2.125","2.125"
"149293","2.234375","2.234375","2.234375"
"149306","1.984375","1.984375","1.984375"
"149325","2.296875","2.296875","2.296875"
"149327","2.0625","2.0625","2.0625"
"149328","2.296875","2.296875","2.296875"
"149338","2.15625","2.15625","2.15625"
"149353","2.203125","2.203125","2.203125"
"149375","2.171875","2.171875","2.171875"
"149376","2.234375","2.234375","2.234375"
"149386","2.046875","2.046875","2.046875"
"149422","2.609375","2.609375","2.609375"
"149436","2.3125","2.3125","2.3125"
"149483","2.015625","2.015625","2.015625"
"149493","2.375","2.375","2.375"
"149522","2.203125","2.203125","2.203125"
"149563","2.09375","2.09375","2.09375"
"149584","2.25","2.25","2.25"
"149643","2.1875","2.1875","2.1875"
"149659","2.109375","2.109375","2.109375"
"149698","2.28125","2.28125","2.28125"
"149724","2.4375","2.4375","2.4375"
"149769","2.046875","2.046875","2.046875"
"149789","2.140625","2.140625","2.140625"
"149811","2.3125","2.3125","2.3125"
"149828","2.265625","2.265625","2.265625"
"149862","1.9765625","1.9765625","1.9765625"
"149867","2.171875","2.171875","2.171875"
"149899","1.9765625","1.9765625","1.9765625"
"149946","2.578125","2.578125","2.578125"
"149999","2.359375","2.359375","2.359375"
"150017","2.40625","2.40625","2.40625"
"150042","2.140625","2.140625","2.140625"
"150052","2.140625","2.140625","2.140625"
"150083","2.484375","2.484375","2.484375"
"150095","1.8984375","1.8984375","1.8984375"
"150108","2.375","2.375","2.375"
"150165","2.015625","2.015625","2.015625"
"150187","2.171875","2.171875","2.171875"
"150191","2.125","2.125","2.125"
"150198","2.265625","2.265625","2.265625"
"150213","2.078125","2.078125","2.078125"
"150225","2.265625","2.265625","2.265625"
"150259","2.265625","2.265625","2.265625"
"150261","2.1875","2.1875","2.1875"
"150323","2.3125","2.3125","2.3125"
"150338","2.109375","2.109375","2.109375"
"150352","2.25","2.25","2.25"
"150365","2.328125","2.328125","2.328125"
"150413","1.9609375","1.9609375","1.9609375"
"150420","1.8671875","1.8671875","1.8671875"
"150433","2.28125","2.28125","2.28125"
"150435","2.09375","2.09375","2.09375"
"150446","2.015625","2.015625","2.015625"
"150449","2.328125","2.328125","2.328125"
"150464","2.4375","2.4375","2.4375"
"150478","2.078125","2.078125","2.078125"
"150511","2.296875","2.296875","2.296875"
"150526","2.234375","2.234375","2.234375"
"150538","1.8203125","1.8203125","1.8203125"
"150554","2.09375","2.09375","2.09375"
"150559","2","2","2"
"150560","2.109375","2.109375","2.109375"
"150584","2.625","2.625","2.625"
"150625","2.28125","2.28125","2.28125"
"150637","2.203125","2.203125","2.203125"
"150649","2.234375","2.234375","2.234375"
"150659","2.21875","2.21875","2.21875"
"150679","2.21875","2.21875","2.21875"
"150722","2.171875","2.171875","2.171875"
"150807","1.9140625","1.9140625","1.9140625"
"150822","2.375","2.375","2.375"
"150840","2.40625","2.40625","2.40625"
"150842","2.140625","2.140625","2.140625"
"150852","1.9609375","1.9609375","1.9609375"
"150865","2.671875","2.671875","2.671875"
"150894","2.40625","2.40625","2.40625"
"150913","2.25","2.25","2.25"
"150917","2.203125","2.203125","2.203125"
"150929","1.7109375","1.7109375","1.7109375"
"150930","2.171875","2.171875","2.171875"
"150954","2.3125","2.3125","2.3125"
"150994","2.265625","2.265625","2.265625"
"151006","2.203125","2.203125","2.203125"
"151034","2.5625","2.5625","2.5625"
"151045","2.015625","2.015625","2.015625"
"151052","2.015625","2.015625","2.015625"
"151078","2.328125","2.328125","2.328125"
"151113","2.078125","2.078125","2.078125"
"151115","2.15625","2.15625","2.15625"
"151127","1.9375","1.9375","1.9375"
"151172","2.46875","2.46875","2.46875"
"151191","1.671875","1.671875","1.671875"
"151201","2.125","2.125","2.125"
"151202","2.25","2.25","2.25"
"151204","2.203125","2.203125","2.203125"
"151225","2.3125","2.3125","2.3125"
"151229","2.609375","2.609375","2.609375"
"151247","2.1875","2.1875","2.1875"
"151255","2.1875","2.1875","2.1875"
"151271","2.15625","2.15625","2.15625"
"151325","2.3125","2.3125","2.3125"
"151332","2.21875","2.21875","2.21875"
"151368","2.28125","2.28125","2.28125"
"151386","1.8515625","1.8515625","1.8515625"
"151389","2.109375","2.109375","2.109375"
"151392","2.390625","2.390625","2.390625"
"151410","2.328125","2.328125","2.328125"
"151429","2.40625","2.40625","2.40625"
"151457","1.7890625","1.7890625","1.7890625"
"151500","2.234375","2.234375","2.234375"
"151506","2.46875","2.46875","2.46875"
"151511","2.109375","2.109375","2.109375"
"151536","2.28125","2.28125","2.28125"
"151539","2.28125","2.28125","2.28125"
"151556","2.1875","2.1875","2.1875"
"151562","2.09375","2.09375","2.09375"
"151564","1.9609375","1.9609375","1.9609375"
"151565","2.078125","2.078125","2.078125"
"151603","2.09375","2.09375","2.09375"
"151636","2.546875","2.546875","2.546875"
"151678","2.109375","2.109375","2.109375"
"151681","2.34375","2.34375","2.34375"
"151733","2.34375","2.34375","2.34375"
"151734","2.515625","2.515625","2.515625"
"151773","2.28125","2.28125","2.28125"
"151816","1.9375","1.9375","1.9375"
"151886","2.46875","2.46875","2.46875"
"151902","2.125","2.125","2.125"
"151911","2.203125","2.203125","2.203125"
"151934","2.25","2.25","2.25"
"151949","2.15625","2.15625","2.15625"
"151983","2.25","2.25","2.25"
"151989","2.140625","2.140625","2.140625"
"151991","2.203125","2.203125","2.203125"
"151993","2.484375","2.484375","2.484375"
"152005","2.0625","2.0625","2.0625"
"152007","2.03125","2.03125","2.03125"
"152010","2.5","2.5","2.5"
"152033","2.4375","2.4375","2.4375"
"152034","2.25","2.25","2.25"
"152069","2.40625","2.40625","2.40625"
"152081","2.40625","2.40625","2.40625"
"152131","2.25","2.25","2.25"
"152222","2.171875","2.171875","2.171875"
"152251","2.390625","2.390625","2.390625"
"152285","2.25","2.25","2.25"
"152288","2.296875","2.296875","2.296875"
"152308","2.375","2.375","2.375"
"152345","1.953125","1.953125","1.953125"
"152375","1.84375","1.84375","1.84375"
"152394","2.109375","2.109375","2.109375"
"152426","2.3125","2.3125","2.3125"
"152491","1.9921875","1.9921875","1.9921875"
"152499","1.9375","1.9375","1.9375"
"152511","2.15625","2.15625","2.15625"
"152597","2.265625","2.265625","2.265625"
"152640","2.09375","2.09375","2.09375"
"152687","2.1875","2.1875","2.1875"
"152702","2.3125","2.3125","2.3125"
"152763","2.484375","2.484375","2.484375"
"152776","2.3125","2.3125","2.3125"
"152784","1.9609375","1.9609375","1.9609375"
"152825","2.34375","2.34375","2.34375"
"152861","2.3125","2.3125","2.3125"
"152865","2.09375","2.09375","2.09375"
"152866","2.171875","2.171875","2.171875"
"152869","2.15625","2.15625","2.15625"
"152901","2.21875","2.21875","2.21875"
"152909","2.15625","2.15625","2.15625"
"152912","2.140625","2.140625","2.140625"
"152921","2.34375","2.34375","2.34375"
"152939","2.421875","2.421875","2.421875"
"152948","2.390625","2.390625","2.390625"
"152952","2.328125","2.328125","2.328125"
"152981","2.265625","2.265625","2.265625"
"153015","2.1875","2.1875","2.1875"
"153027","2.046875","2.046875","2.046875"
"153063","2.34375","2.34375","2.34375"
"153097","2.0625","2.0625","2.0625"
"153098","2.171875","2.171875","2.171875"
"153110","2.125","2.125","2.125"
"153145","2.140625","2.140625","2.140625"
"153168","2.203125","2.203125","2.203125"
"153192","2.46875","2.46875","2.46875"
"153195","2.03125","2.03125","2.03125"
"153208","2.21875","2.21875","2.21875"
"153224","2.03125","2.03125","2.03125"
"153290","2.515625","2.515625","2.515625"
"153293","2.25","2.25","2.25"
"153296","1.765625","1.765625","1.765625"
"153308","1.8359375","1.8359375","1.8359375"
"153333","1.9296875","1.9296875","1.9296875"
"153338","2.359375","2.359375","2.359375"
"153365","2.4375","2.4375","2.4375"
"153416","2.25","2.25","2.25"
"153430","2.15625","2.15625","2.15625"
"153477","2.140625","2.140625","2.140625"
"153507","1.8515625","1.8515625","1.8515625"
"153527","2.265625","2.265625","2.265625"
"153542","2.234375","2.234375","2.234375"
"153593","2.296875","2.296875","2.296875"
"153603","2.234375","2.234375","2.234375"
"153615","2.1875","2.1875","2.1875"
"153648","2.109375","2.109375","2.109375"
"153652","2","2","2"
"153660","2.359375","2.359375","2.359375"
"153692","2.109375","2.109375","2.109375"
"153728","2.046875","2.046875","2.046875"
"153754","2.234375","2.234375","2.234375"
"153758","1.9296875","1.9296875","1.9296875"
"153760","2.328125","2.328125","2.328125"
"153769","1.921875","1.921875","1.921875"
"153779","2.265625","2.265625","2.265625"
"153820","2.5","2.5","2.5"
"153824","2.109375","2.109375","2.109375"
"153836","2.375","2.375","2.375"
"153868","1.75","1.75","1.75"
"153874","2.265625","2.265625","2.265625"
"153897","1.921875","1.921875","1.921875"
"153955","2.09375","2.09375","2.09375"
"154005","2.078125","2.078125","2.078125"
"154043","2.296875","2.296875","2.296875"
"154048","1.9140625","1.9140625","1.9140625"
"154102","2","2","2"
"154132","2.0625","2.0625","2.0625"
"154166","2.078125","2.078125","2.078125"
"154170","1.9375","1.9375","1.9375"
"154181","2.484375","2.484375","2.484375"
"154192","2.015625","2.015625","2.015625"
"154239","2.296875","2.296875","2.296875"
"154244","2.390625","2.390625","2.390625"
"154278","2.140625","2.140625","2.140625"
"154279","2.5","2.5","2.5"
"154295","2.1875","2.1875","2.1875"
"154299","2.328125","2.328125","2.328125"
"154373","2.46875","2.46875","2.46875"
"154374","2.125","2.125","2.125"
"154411","1.984375","1.984375","1.984375"
"154412","2.015625","2.015625","2.015625"
"154424","2.25","2.25","2.25"
"154441","2.234375","2.234375","2.234375"
"154445","2.46875","2.46875","2.46875"
"154458","2.359375","2.359375","2.359375"
"154497","2.21875","2.21875","2.21875"
"154542","2.15625","2.15625","2.15625"
"154551","1.9765625","1.9765625","1.9765625"
"154557","2.375","2.375","2.375"
"154570","2.125","2.125","2.125"
"154610","2.46875","2.46875","2.46875"
"154631","2.21875","2.21875","2.21875"
"154658","2.265625","2.265625","2.265625"
"154683","2.4375","2.4375","2.4375"
"154711","2.375","2.375","2.375"
"154721","2.1875","2.1875","2.1875"
"154726","2.03125","2.03125","2.03125"
"154747","2.21875","2.21875","2.21875"
"154799","2.203125","2.203125","2.203125"
"154800","1.96875","1.96875","1.96875"
"154837","2.078125","2.078125","2.078125"
"154865","2.046875","2.046875","2.046875"
"154878","2.375","2.375","2.375"
"154919","1.984375","1.984375","1.984375"
"154925","2.25","2.25","2.25"
"154969","2.3125","2.3125","2.3125"
"154987","2.25","2.25","2.25"
"155043","2.09375","2.09375","2.09375"
"155091","2.21875","2.21875","2.21875"
"155130","2.15625","2.15625","2.15625"
"155141","2.203125","2.203125","2.203125"
"155225","2.453125","2.453125","2.453125"
"155240","2.15625","2.15625","2.15625"
"155262","2.3125","2.3125","2.3125"
"155281","2.25","2.25","2.25"
"155296","2.390625","2.390625","2.390625"
"155297","1.9375","1.9375","1.9375"
"155321","2.375","2.375","2.375"
"155329","1.9140625","1.9140625","1.9140625"
"155334","2.078125","2.078125","2.078125"
"155345","2.296875","2.296875","2.296875"
"155404","2.28125","2.28125","2.28125"
"155443","2.171875","2.171875","2.171875"
"155466","2.0625","2.0625","2.0625"
"155480","1.9453125","1.9453125","1.9453125"
"155505","2.171875","2.171875","2.171875"
"155513","1.953125","1.953125","1.953125"
"155610","2.171875","2.171875","2.171875"
"155621","2.328125","2.328125","2.328125"
"155653","2.34375","2.34375","2.34375"
"155678","2.390625","2.390625","2.390625"
"155734","2.40625","2.40625","2.40625"
"155739","1.953125","1.953125","1.953125"
"155754","2.125","2.125","2.125"
"155841","2.40625","2.40625","2.40625"
"155843","2.375","2.375","2.375"
"155875","2.203125","2.203125","2.203125"
"155914","2.5","2.5","2.5"
"155938","1.9296875","1.9296875","1.9296875"
"155961","2.015625","2.015625","2.015625"
"155992","2.078125","2.078125","2.078125"
"156012","2.15625","2.15625","2.15625"
"156050","2.390625","2.390625","2.390625"
"156057","2.265625","2.265625","2.265625"
"156082","2.015625","2.015625","2.015625"
"156101","2.171875","2.171875","2.171875"
"156119","2.421875","2.421875","2.421875"
"156170","2","2","2"
"156177","2.234375","2.234375","2.234375"
"156192","1.953125","1.953125","1.953125"
"156208","2.21875","2.21875","2.21875"
"156216","2.3125","2.3125","2.3125"
"156259","2.28125","2.28125","2.28125"
"156284","1.96875","1.96875","1.96875"
"156287","2.0625","2.0625","2.0625"
"156313","1.9921875","1.9921875","1.9921875"
"156329","2.21875","2.21875","2.21875"
"156348","2.234375","2.234375","2.234375"
"156365","2.21875","2.21875","2.21875"
"156377","2.40625","2.40625","2.40625"
"156413","2.0625","2.0625","2.0625"
"156434","2.125","2.125","2.125"
"156460","2.421875","2.421875","2.421875"
"156469","2.171875","2.171875","2.171875"
"156493","2.21875","2.21875","2.21875"
"156495","2.234375","2.234375","2.234375"
"156497","2.046875","2.046875","2.046875"
"156499","2.3125","2.3125","2.3125"
"156526","2.0625","2.0625","2.0625"
"156543","2.09375","2.09375","2.09375"
"156566","2.171875","2.171875","2.171875"
"156571","2.359375","2.359375","2.359375"
"156630","2.3125","2.3125","2.3125"
"156679","2.453125","2.453125","2.453125"
"156693","2.109375","2.109375","2.109375"
"156697","2.109375","2.109375","2.109375"
"156703","2.03125","2.03125","2.03125"
"156704","2.40625","2.40625","2.40625"
"156793","2.015625","2.015625","2.015625"
"156804","2.265625","2.265625","2.265625"
"156819","2.140625","2.140625","2.140625"
"156832","2.4375","2.4375","2.4375"
"156839","2.0625","2.0625","2.0625"
"156876","2.40625","2.40625","2.40625"
"156891","2.09375","2.09375","2.09375"
"156907","2.4375","2.4375","2.4375"
"156912","2.375","2.375","2.375"
"156934","2.234375","2.234375","2.234375"
"156938","2.125","2.125","2.125"
"156951","2.390625","2.390625","2.390625"
"156954","2.359375","2.359375","2.359375"
"157020","2.296875","2.296875","2.296875"
"157041","2.53125","2.53125","2.53125"
"157086","1.9375","1.9375","1.9375"
"157091","1.9453125","1.9453125","1.9453125"
"157122","2.125","2.125","2.125"
"157243","2.328125","2.328125","2.328125"
"157322","2.0625","2.0625","2.0625"
"157372","2.46875","2.46875","2.46875"
"157403","2.390625","2.390625","2.390625"
"157406","2.046875","2.046875","2.046875"
"157443","2.203125","2.203125","2.203125"
"157459","2.046875","2.046875","2.046875"
"157501","2.25","2.25","2.25"
"157533","2.171875","2.171875","2.171875"
"157543","1.921875","1.921875","1.921875"
"157554","2.25","2.25","2.25"
"157632","2.1875","2.1875","2.1875"
"157658","2.1875","2.1875","2.1875"
"157661","2.15625","2.15625","2.15625"
"157702","2.53125","2.53125","2.53125"
"157723","2.265625","2.265625","2.265625"
"157734","2.25","2.25","2.25"
"157741","2.3125","2.3125","2.3125"
"157763","2.421875","2.421875","2.421875"
"157800","1.9140625","1.9140625","1.9140625"
"157817","2.296875","2.296875","2.296875"
"157819","2.34375","2.34375","2.34375"
"157900","2.09375","2.09375","2.09375"
"157912","2.453125","2.453125","2.453125"
"157934","1.9921875","1.9921875","1.9921875"
"157940","1.921875","1.921875","1.921875"
"157942","1.765625","1.765625","1.765625"
"157964","2.140625","2.140625","2.140625"
"157986","2.03125","2.03125","2.03125"
"157996","2.46875","2.46875","2.46875"
"158002","2.125","2.125","2.125"
"158026","1.96875","1.96875","1.96875"
"158096","2.296875","2.296875","2.296875"
"158141","2.203125","2.203125","2.203125"
"158188","2.1875","2.1875","2.1875"
"158189","2.390625","2.390625","2.390625"
"158190","2.40625","2.40625","2.40625"
"158193","2.09375","2.09375","2.09375"
"158227","2","2","2"
"158249","2.15625","2.15625","2.15625"
"158258","2.28125","2.28125","2.28125"
"158279","2.234375","2.234375","2.234375"
"158284","2.140625","2.140625","2.140625"
"158336","2.140625","2.140625","2.140625"
"158368","2.125","2.125","2.125"
"158388","2.203125","2.203125","2.203125"
"158424","2.234375","2.234375","2.234375"
"158429","2.078125","2.078125","2.078125"
"158495","1.953125","1.953125","1.953125"
"158501","2.015625","2.015625","2.015625"
"158529","2.125","2.125","2.125"
"158553","2.15625","2.15625","2.15625"
"158574","2.03125","2.03125","2.03125"
"158610","2.15625","2.15625","2.15625"
"158624","2.03125","2.03125","2.03125"
"158647","2.390625","2.390625","2.390625"
"158681","2.328125","2.328125","2.328125"
"158714","1.921875","1.921875","1.921875"
"158828","2.09375","2.09375","2.09375"
"158860","2.265625","2.265625","2.265625"
"158889","2.34375","2.34375","2.34375"
"158933","2.296875","2.296875","2.296875"
"158939","2.1875","2.1875","2.1875"
"158965","2.265625","2.265625","2.265625"
"158989","2.28125","2.28125","2.28125"
"158994","2.328125","2.328125","2.328125"
"159034","2.15625","2.15625","2.15625"
"159073","2.0625","2.0625","2.0625"
"159088","2.40625","2.40625","2.40625"
"159101","2.3125","2.3125","2.3125"
"159128","2.15625","2.15625","2.15625"
"159157","2.3125","2.3125","2.3125"
"159166","2.046875","2.046875","2.046875"
"159197","2.03125","2.03125","2.03125"
"159217","2.21875","2.21875","2.21875"
"159226","2.46875","2.46875","2.46875"
"159231","2.3125","2.3125","2.3125"
"159283","2.109375","2.109375","2.109375"
"159285","2.15625","2.15625","2.15625"
"159288","2.28125","2.28125","2.28125"
"159298","2.53125","2.53125","2.53125"
"159311","1.890625","1.890625","1.890625"
"159331","2.046875","2.046875","2.046875"
"159377","2.171875","2.171875","2.171875"
"159382","2.5625","2.5625","2.5625"
"159395","2.0625","2.0625","2.0625"
"159403","2.359375","2.359375","2.359375"
"159455","2.234375","2.234375","2.234375"
"159554","2.1875","2.1875","2.1875"
"159583","2.265625","2.265625","2.265625"
"159593","2.234375","2.234375","2.234375"
"159608","2.359375","2.359375","2.359375"
"159670","2.28125","2.28125","2.28125"
"159676","2.03125","2.03125","2.03125"
"159697","2.296875","2.296875","2.296875"
"159780","2.15625","2.15625","2.15625"
"159781","2.03125","2.03125","2.03125"
"159800","2","2","2"
"159805","1.90625","1.90625","1.90625"
"159878","2.5","2.5","2.5"
"159923","2.09375","2.09375","2.09375"
"159950","2.203125","2.203125","2.203125"
"160017","2.28125","2.28125","2.28125"
"160032","2.359375","2.359375","2.359375"
"160065","1.9296875","1.9296875","1.9296875"
"160086","2.265625","2.265625","2.265625"
"160132","2.25","2.25","2.25"
"160139","2.5","2.5","2.5"
"160156","2.1875","2.1875","2.1875"
"160177","2.140625","2.140625","2.140625"
"160182","2.171875","2.171875","2.171875"
"160198","2.46875","2.46875","2.46875"
"160217","2.25","2.25","2.25"
"160229","2.171875","2.171875","2.171875"
"160244","2.359375","2.359375","2.359375"
"160246","2.296875","2.296875","2.296875"
"160255","2.109375","2.109375","2.109375"
"160256","2.25","2.25","2.25"
"160332","2.265625","2.265625","2.265625"
"160417","2.265625","2.265625","2.265625"
"160446","2.296875","2.296875","2.296875"
"160515","2.265625","2.265625","2.265625"
"160540","2.109375","2.109375","2.109375"
"160605","2.296875","2.296875","2.296875"
"160617","2.140625","2.140625","2.140625"
"160642","2.296875","2.296875","2.296875"
"160670","2.21875","2.21875","2.21875"
"160675","2.09375","2.09375","2.09375"
"160687","1.984375","1.984375","1.984375"
"160754","2.265625","2.265625","2.265625"
"160755","2.1875","2.1875","2.1875"
"160765","2.34375","2.34375","2.34375"
"160774","2.125","2.125","2.125"
"160798","2.109375","2.109375","2.109375"
"160826","2.21875","2.21875","2.21875"
"160858","2.015625","2.015625","2.015625"
"160875","2.15625","2.15625","2.15625"
"160896","2.34375","2.34375","2.34375"
"160897","2.203125","2.203125","2.203125"
"160920","2.40625","2.40625","2.40625"
"160987","2.125","2.125","2.125"
"160988","2.09375","2.09375","2.09375"
"161000","2.65625","2.65625","2.65625"
"161009","2.15625","2.15625","2.15625"
"161018","2.21875","2.21875","2.21875"
"161045","2.203125","2.203125","2.203125"
"161089","2.484375","2.484375","2.484375"
"161094","2.5625","2.5625","2.5625"
"161109","2.421875","2.421875","2.421875"
"161159","2.03125","2.03125","2.03125"
"161173","2.359375","2.359375","2.359375"
"161191","2.15625","2.15625","2.15625"
"161194","2.34375","2.34375","2.34375"
"161227","2.046875","2.046875","2.046875"
"161250","2.1875","2.1875","2.1875"
"161283","2.03125","2.03125","2.03125"
"161297","2.28125","2.28125","2.28125"
"161304","2.015625","2.015625","2.015625"
"161322","2.296875","2.296875","2.296875"
"161344","2.25","2.25","2.25"
"161395","2.5","2.5","2.5"
"161406","2.109375","2.109375","2.109375"
"161413","1.96875","1.96875","1.96875"
"161481","2.125","2.125","2.125"
"161540","2.109375","2.109375","2.109375"
"161567","2.328125","2.328125","2.328125"
"161569","2.140625","2.140625","2.140625"
"161597","2.203125","2.203125","2.203125"
"161629","2.015625","2.015625","2.015625"
"161641","2.15625","2.15625","2.15625"
"161665","2.640625","2.640625","2.640625"
"161671","2.234375","2.234375","2.234375"
"161677","2.03125","2.03125","2.03125"
"161722","2.484375","2.484375","2.484375"
"161726","2.140625","2.140625","2.140625"
"161732","2.078125","2.078125","2.078125"
"161777","2.109375","2.109375","2.109375"
"161803","2.609375","2.609375","2.609375"
"161806","2.328125","2.328125","2.328125"
"161824","2.140625","2.140625","2.140625"
"161825","2.046875","2.046875","2.046875"
"161838","2.09375","2.09375","2.09375"
"161848","2.265625","2.265625","2.265625"
"161869","2","2","2"
"161931","2.328125","2.328125","2.328125"
"161940","2.078125","2.078125","2.078125"
"161943","2.046875","2.046875","2.046875"
"161950","2.625","2.625","2.625"
"161951","2.625","2.625","2.625"
"161986","1.921875","1.921875","1.921875"
"161994","2.296875","2.296875","2.296875"
"161998","2.46875","2.46875","2.46875"
"162081","2.4375","2.4375","2.4375"
"162095","2.078125","2.078125","2.078125"
"162104","2.203125","2.203125","2.203125"
"162131","2.34375","2.34375","2.34375"
"162150","2.46875","2.46875","2.46875"
"162163","2.0625","2.0625","2.0625"
"162191","2.390625","2.390625","2.390625"
"162213","2.40625","2.40625","2.40625"
"162225","2.453125","2.453125","2.453125"
"162238","2.03125","2.03125","2.03125"
"162264","2.15625","2.15625","2.15625"
"162265","2.109375","2.109375","2.109375"
"162275","2.234375","2.234375","2.234375"
"162282","1.9921875","1.9921875","1.9921875"
"162293","2.203125","2.203125","2.203125"
"162359","2.015625","2.015625","2.015625"
"162369","2.359375","2.359375","2.359375"
"162423","2.4375","2.4375","2.4375"
"162449","2.015625","2.015625","2.015625"
"162463","2.4375","2.4375","2.4375"
"162464","2.15625","2.15625","2.15625"
"162470","2.140625","2.140625","2.140625"
"162473","2.09375","2.09375","2.09375"
"162479","2.28125","2.28125","2.28125"
"162520","2.15625","2.15625","2.15625"
"162522","2","2","2"
"162596","2.359375","2.359375","2.359375"
"162610","2.078125","2.078125","2.078125"
"162615","2.109375","2.109375","2.109375"
"162632","2.4375","2.4375","2.4375"
"162678","2.234375","2.234375","2.234375"
"162697","2","2","2"
"162729","2.359375","2.359375","2.359375"
"162749","2.203125","2.203125","2.203125"
"162759","2.328125","2.328125","2.328125"
"162827","2.328125","2.328125","2.328125"
"162885","2.40625","2.40625","2.40625"
"162899","2.03125","2.03125","2.03125"
"162900","2","2","2"
"162904","2.0625","2.0625","2.0625"
"162915","2.171875","2.171875","2.171875"
"162939","2.09375","2.09375","2.09375"
"162948","2.234375","2.234375","2.234375"
"162985","2","2","2"
"162991","2.234375","2.234375","2.234375"
"163008","2.203125","2.203125","2.203125"
"163029","2.21875","2.21875","2.21875"
"163077","2.296875","2.296875","2.296875"
"163083","2.34375","2.34375","2.34375"
"163096","2.21875","2.21875","2.21875"
"163129","1.828125","1.828125","1.828125"
"163201","2.296875","2.296875","2.296875"
"163209","2.328125","2.328125","2.328125"
"163233","2.1875","2.1875","2.1875"
"163279","2.53125","2.53125","2.53125"
"163291","2.109375","2.109375","2.109375"
"163297","2.21875","2.21875","2.21875"
"163298","2.578125","2.578125","2.578125"
"163353","2","2","2"
"163355","2.09375","2.09375","2.09375"
"163373","2.09375","2.09375","2.09375"
"163377","2.34375","2.34375","2.34375"
"163385","2.1875","2.1875","2.1875"
"163386","2.234375","2.234375","2.234375"
"163390","2.109375","2.109375","2.109375"
"163406","2.28125","2.28125","2.28125"
"163433","2.375","2.375","2.375"
"163518","2.203125","2.203125","2.203125"
"163538","2.375","2.375","2.375"
"163583","2.328125","2.328125","2.328125"
"163587","2.125","2.125","2.125"
"163591","2.0625","2.0625","2.0625"
"163606","2.078125","2.078125","2.078125"
"163624","1.9296875","1.9296875","1.9296875"
"163653","2.15625","2.15625","2.15625"
"163678","2.203125","2.203125","2.203125"
"163711","2.25","2.25","2.25"
"163713","2.21875","2.21875","2.21875"
"163717","2.0625","2.0625","2.0625"
"163724","2.296875","2.296875","2.296875"
"163735","2.203125","2.203125","2.203125"
"163758","2.578125","2.578125","2.578125"
"163836","2.390625","2.390625","2.390625"
"163852","2.09375","2.09375","2.09375"
"163913","2.28125","2.28125","2.28125"
"163938","2.09375","2.09375","2.09375"
"163940","2.078125","2.078125","2.078125"
"163958","2.234375","2.234375","2.234375"
"163968","2.28125","2.28125","2.28125"
"163998","2.296875","2.296875","2.296875"
"164003","2.140625","2.140625","2.140625"
"164094","2.171875","2.171875","2.171875"
"164105","2.21875","2.21875","2.21875"
"164128","2.21875","2.21875","2.21875"
"164150","2.015625","2.015625","2.015625"
"164161","1.9453125","1.9453125","1.9453125"
"164178","2.421875","2.421875","2.421875"
"164182","2.28125","2.28125","2.28125"
"164214","2.078125","2.078125","2.078125"
"164224","1.96875","1.96875","1.96875"
"164228","2.078125","2.078125","2.078125"
"164232","2.125","2.125","2.125"
"164270","1.96875","1.96875","1.96875"
"164281","1.7890625","1.7890625","1.7890625"
"164309","2.359375","2.359375","2.359375"
"164316","2.203125","2.203125","2.203125"
"164374","2.25","2.25","2.25"
"164431","2.21875","2.21875","2.21875"
"164435","2.09375","2.09375","2.09375"
"164444","2.328125","2.328125","2.328125"
"164454","2.109375","2.109375","2.109375"
"164456","2.109375","2.109375","2.109375"
"164528","2.1875","2.1875","2.1875"
"164613","2.203125","2.203125","2.203125"
"164704","2.03125","2.03125","2.03125"
"164711","2.09375","2.09375","2.09375"
"164723","2.265625","2.265625","2.265625"
"164765","2.09375","2.09375","2.09375"
"164781","2.21875","2.21875","2.21875"
"164796","2.28125","2.28125","2.28125"
"164800","2.34375","2.34375","2.34375"
"164858","2.5","2.5","2.5"
"164889","2.40625","2.40625","2.40625"
"164931","2.046875","2.046875","2.046875"
"164933","2.3125","2.3125","2.3125"
"164934","2.03125","2.03125","2.03125"
"164935","2.1875","2.1875","2.1875"
"165009","2.203125","2.203125","2.203125"
"165025","2.078125","2.078125","2.078125"
"165040","2.0625","2.0625","2.0625"
"165080","2.328125","2.328125","2.328125"
"165100","2.03125","2.03125","2.03125"
"165106","2.453125","2.453125","2.453125"
"165117","2.375","2.375","2.375"
"165150","1.9765625","1.9765625","1.9765625"
"165203","2.234375","2.234375","2.234375"
"165231","2.203125","2.203125","2.203125"
"165280","2.109375","2.109375","2.109375"
"165290","2.3125","2.3125","2.3125"
"165306","2.34375","2.34375","2.34375"
"165315","2.078125","2.078125","2.078125"
"165352","2.421875","2.421875","2.421875"
"165360","2.828125","2.828125","2.828125"
"165372","2.25","2.25","2.25"
"165405","2.015625","2.015625","2.015625"
"165438","2.609375","2.609375","2.609375"
"165455","2.0625","2.0625","2.0625"
"165505","2.265625","2.265625","2.265625"
"165524","1.984375","1.984375","1.984375"
"165531","2.40625","2.40625","2.40625"
"165549","1.96875","1.96875","1.96875"
"165562","2.21875","2.21875","2.21875"
"165586","2.078125","2.078125","2.078125"
"165626","2.5","2.5","2.5"
"165629","2.171875","2.171875","2.171875"
"165641","1.921875","1.921875","1.921875"
"165672","2.390625","2.390625","2.390625"
"165683","1.84375","1.84375","1.84375"
"165692","2.234375","2.234375","2.234375"
"165706","2.09375","2.09375","2.09375"
"165716","2.28125","2.28125","2.28125"
"165717","2.46875","2.46875","2.46875"
"165803","2.296875","2.296875","2.296875"
"165806","2.40625","2.40625","2.40625"
"165940","2.09375","2.09375","2.09375"
"165944","2.1875","2.1875","2.1875"
"165950","2.234375","2.234375","2.234375"
"165959","2.5","2.5","2.5"
"165974","2.0625","2.0625","2.0625"
"165976","2.25","2.25","2.25"
"165981","2.515625","2.515625","2.515625"
"165989","2.015625","2.015625","2.015625"
"166029","2.265625","2.265625","2.265625"
"166053","2.015625","2.015625","2.015625"
"166066","2.515625","2.515625","2.515625"
"166072","2.328125","2.328125","2.328125"
"166103","2.25","2.25","2.25"
"166128","2.5","2.5","2.5"
"166158","2.359375","2.359375","2.359375"
"166165","2.578125","2.578125","2.578125"
"166194","2.328125","2.328125","2.328125"
"166197","2.21875","2.21875","2.21875"
"166203","2.28125","2.28125","2.28125"
"166214","2.171875","2.171875","2.171875"
"166215","1.8359375","1.8359375","1.8359375"
"166239","2.59375","2.59375","2.59375"
"166243","2.546875","2.546875","2.546875"
"166247","2.484375","2.484375","2.484375"
"166276","2.046875","2.046875","2.046875"
"166296","2.09375","2.09375","2.09375"
"166308","2.078125","2.078125","2.078125"
"166315","2.40625","2.40625","2.40625"
"166348","2.4375","2.4375","2.4375"
"166385","2.109375","2.109375","2.109375"
"166393","2.078125","2.078125","2.078125"
"166416","2.21875","2.21875","2.21875"
"166428","2.25","2.25","2.25"
"166445","2.234375","2.234375","2.234375"
"166504","2.3125","2.3125","2.3125"
"166521","2.171875","2.171875","2.171875"
"166524","2.359375","2.359375","2.359375"
"166546","2.234375","2.234375","2.234375"
"166561","2.21875","2.21875","2.21875"
"166612","2.140625","2.140625","2.140625"
"166626","2.234375","2.234375","2.234375"
"166644","2.359375","2.359375","2.359375"
"166670","2.5","2.5","2.5"
"166676","2.28125","2.28125","2.28125"
"166711","2.125","2.125","2.125"
"166716","2.15625","2.15625","2.15625"
"166760","1.859375","1.859375","1.859375"
"166776","2.375","2.375","2.375"
"166779","2.359375","2.359375","2.359375"
"166883","2.421875","2.421875","2.421875"
"166896","2.328125","2.328125","2.328125"
"166904","2.03125","2.03125","2.03125"
"166931","2.078125","2.078125","2.078125"
"166950","1.8359375","1.8359375","1.8359375"
"166994","2.171875","2.171875","2.171875"
"167021","2.1875","2.1875","2.1875"
"167035","1.984375","1.984375","1.984375"
"167042","2.140625","2.140625","2.140625"
"167052","2.15625","2.15625","2.15625"
"167072","2.15625","2.15625","2.15625"
"167073","2.296875","2.296875","2.296875"
"167097","2","2","2"
"167130","2.1875","2.1875","2.1875"
"167133","2.234375","2.234375","2.234375"
"167186","2.046875","2.046875","2.046875"
"167244","2.140625","2.140625","2.140625"
"167245","2.015625","2.015625","2.015625"
"167262","2.328125","2.328125","2.328125"
"167280","2.328125","2.328125","2.328125"
"167285","2.171875","2.171875","2.171875"
"167306","1.984375","1.984375","1.984375"
"167311","2.0625","2.0625","2.0625"
"167320","2.265625","2.265625","2.265625"
"167324","2.125","2.125","2.125"
"167331","1.9140625","1.9140625","1.9140625"
"167335","1.75","1.75","1.75"
"167338","2.046875","2.046875","2.046875"
"167351","2.453125","2.453125","2.453125"
"167363","2.21875","2.21875","2.21875"
"167370","2.453125","2.453125","2.453125"
"167410","1.9140625","1.9140625","1.9140625"
"167451","2.234375","2.234375","2.234375"
"167470","2.28125","2.28125","2.28125"
"167474","1.9765625","1.9765625","1.9765625"
"167498","2.1875","2.1875","2.1875"
"167505","2.09375","2.09375","2.09375"
"167507","2.296875","2.296875","2.296875"
"167515","2.203125","2.203125","2.203125"
"167536","2.125","2.125","2.125"
"167537","2.21875","2.21875","2.21875"
"167634","2.265625","2.265625","2.265625"
"167664","2.28125","2.28125","2.28125"
"167688","2.125","2.125","2.125"
"167696","2.265625","2.265625","2.265625"
"167773","2.203125","2.203125","2.203125"
"167780","2.359375","2.359375","2.359375"
"167781","2.09375","2.09375","2.09375"
"167789","2.3125","2.3125","2.3125"
"167931","2.296875","2.296875","2.296875"
"167944","2.296875","2.296875","2.296875"
"167959","1.9375","1.9375","1.9375"
"167991","2.125","2.125","2.125"
"168022","2.390625","2.390625","2.390625"
"168105","1.921875","1.921875","1.921875"
"168136","2.1875","2.1875","2.1875"
"168141","2.265625","2.265625","2.265625"
"168172","2.109375","2.109375","2.109375"
"168207","2.09375","2.09375","2.09375"
"168267","2.1875","2.1875","2.1875"
"168269","2.0625","2.0625","2.0625"
"168295","1.8046875","1.8046875","1.8046875"
"168309","2.125","2.125","2.125"
"168446","1.984375","1.984375","1.984375"
"168466","2.1875","2.1875","2.1875"
"168473","2.484375","2.484375","2.484375"
"168489","2.28125","2.28125","2.28125"
"168548","2.703125","2.703125","2.703125"
"168559","2.578125","2.578125","2.578125"
"168562","2.140625","2.140625","2.140625"
"168614","2.140625","2.140625","2.140625"
"168642","2.03125","2.03125","2.03125"
"168646","2.234375","2.234375","2.234375"
"168678","1.96875","1.96875","1.96875"
"168727","1.7890625","1.7890625","1.7890625"
"168747","2.28125","2.28125","2.28125"
"168759","2.109375","2.109375","2.109375"
"168803","2.109375","2.109375","2.109375"
"168815","2.46875","2.46875","2.46875"
"168826","2.3125","2.3125","2.3125"
"168827","2.171875","2.171875","2.171875"
"168844","1.9765625","1.9765625","1.9765625"
"168847","2.265625","2.265625","2.265625"
"168854","2.3125","2.3125","2.3125"
"168859","2.25","2.25","2.25"
"168863","2.28125","2.28125","2.28125"
"168886","2.28125","2.28125","2.28125"
"168889","1.984375","1.984375","1.984375"
"168899","2.453125","2.453125","2.453125"
"168940","2.25","2.25","2.25"
"168989","1.9921875","1.9921875","1.9921875"
"168995","2.25","2.25","2.25"
"169022","2.421875","2.421875","2.421875"
"169081","2.03125","2.03125","2.03125"
"169102","2.359375","2.359375","2.359375"
"169131","2.234375","2.234375","2.234375"
"169137","2.21875","2.21875","2.21875"
"169153","2.09375","2.09375","2.09375"
"169169","2.015625","2.015625","2.015625"
"169172","2.390625","2.390625","2.390625"
"169173","2.4375","2.4375","2.4375"
"169180","2.25","2.25","2.25"
"169192","2.359375","2.359375","2.359375"
"169201","2.125","2.125","2.125"
"169234","2.1875","2.1875","2.1875"
"169251","2.40625","2.40625","2.40625"
"169254","2.125","2.125","2.125"
"169259","2.453125","2.453125","2.453125"
"169261","2.25","2.25","2.25"
"169276","2.359375","2.359375","2.359375"
"169289","2.28125","2.28125","2.28125"
"169297","2.1875","2.1875","2.1875"
"169306","2.1875","2.1875","2.1875"
"169327","2.09375","2.09375","2.09375"
"169376","2.25","2.25","2.25"
"169417","2.078125","2.078125","2.078125"
"169456","2.046875","2.046875","2.046875"
"169517","2.203125","2.203125","2.203125"
"169548","2.109375","2.109375","2.109375"
"169572","1.96875","1.96875","1.96875"
"169584","2.265625","2.265625","2.265625"
"169635","2.140625","2.140625","2.140625"
"169675","2.0625","2.0625","2.0625"
"169677","2.015625","2.015625","2.015625"
"169695","1.9453125","1.9453125","1.9453125"
"169707","2.1875","2.1875","2.1875"
"169731","2.296875","2.296875","2.296875"
"169745","2.1875","2.1875","2.1875"
"169747","2.171875","2.171875","2.171875"
"169757","2.265625","2.265625","2.265625"
"169768","2.3125","2.3125","2.3125"
"169780","2.03125","2.03125","2.03125"
"169796","2.234375","2.234375","2.234375"
"169817","2.296875","2.296875","2.296875"
"169845","2.109375","2.109375","2.109375"
"169922","2.1875","2.1875","2.1875"
"169937","2.453125","2.453125","2.453125"
"169969","2.0625","2.0625","2.0625"
"169978","2.0625","2.0625","2.0625"
"170002","2.421875","2.421875","2.421875"
"170034","1.8046875","1.8046875","1.8046875"
"170087","2.046875","2.046875","2.046875"
"170110","2.34375","2.34375","2.34375"
"170122","2.21875","2.21875","2.21875"
"170134","2.171875","2.171875","2.171875"
"170154","2.328125","2.328125","2.328125"
"170157","2.0625","2.0625","2.0625"
"170163","2.296875","2.296875","2.296875"
"170199","2.3125","2.3125","2.3125"
"170207","2.3125","2.3125","2.3125"
"170215","2.09375","2.09375","2.09375"
"170232","2.328125","2.328125","2.328125"
"170237","2.421875","2.421875","2.421875"
"170241","2.109375","2.109375","2.109375"
"170251","2.28125","2.28125","2.28125"
"170261","1.953125","1.953125","1.953125"
"170270","2.234375","2.234375","2.234375"
"170305","2.1875","2.1875","2.1875"
"170321","2.1875","2.1875","2.1875"
"170341","1.8671875","1.8671875","1.8671875"
"170406","2.25","2.25","2.25"
"170438","2.09375","2.09375","2.09375"
"170452","1.96875","1.96875","1.96875"
"170464","2.28125","2.28125","2.28125"
"170471","2.265625","2.265625","2.265625"
"170509","1.8828125","1.8828125","1.8828125"
"170530","2.1875","2.1875","2.1875"
"170562","2.34375","2.34375","2.34375"
"170629","2.109375","2.109375","2.109375"
"170653","2.109375","2.109375","2.109375"
"170662","2.078125","2.078125","2.078125"
"170671","2.078125","2.078125","2.078125"
"170716","2.234375","2.234375","2.234375"
"170759","2.09375","2.09375","2.09375"
"170762","1.9375","1.9375","1.9375"
"170803","1.859375","1.859375","1.859375"
"170815","2.015625","2.015625","2.015625"
"170821","2.3125","2.3125","2.3125"
"170829","2.03125","2.03125","2.03125"
"170839","1.96875","1.96875","1.96875"
"170849","2.265625","2.265625","2.265625"
"170854","2.296875","2.296875","2.296875"
"170855","2.40625","2.40625","2.40625"
"170862","2.34375","2.34375","2.34375"
"170922","2.25","2.25","2.25"
"170935","2.484375","2.484375","2.484375"
"170948","2.34375","2.34375","2.34375"
"170981","2.40625","2.40625","2.40625"
"171044","2.203125","2.203125","2.203125"
"171144","2","2","2"
"171210","2.203125","2.203125","2.203125"
"171239","2.375","2.375","2.375"
"171247","1.90625","1.90625","1.90625"
"171251","2.09375","2.09375","2.09375"
"171272","2.078125","2.078125","2.078125"
"171304","2.265625","2.265625","2.265625"
"171408","2.15625","2.15625","2.15625"
"171481","1.921875","1.921875","1.921875"
"171508","2.0625","2.0625","2.0625"
"171515","2.046875","2.046875","2.046875"
"171527","2.28125","2.28125","2.28125"
"171533","1.9140625","1.9140625","1.9140625"
"171547","2.8125","2.8125","2.8125"
"171617","2.125","2.125","2.125"
"171670","2","2","2"
"171685","1.8828125","1.8828125","1.8828125"
"171704","2.421875","2.421875","2.421875"
"171710","2.140625","2.140625","2.140625"
"171718","2","2","2"
"171719","1.9765625","1.9765625","1.9765625"
"171762","2.375","2.375","2.375"
"171795","2.203125","2.203125","2.203125"
"171818","1.8515625","1.8515625","1.8515625"
"171839","2.34375","2.34375","2.34375"
"171850","2.125","2.125","2.125"
"171891","2.0625","2.0625","2.0625"
"171939","1.96875","1.96875","1.96875"
"171968","1.78125","1.78125","1.78125"
"171990","2.375","2.375","2.375"
"172008","2.03125","2.03125","2.03125"
"172015","1.8046875","1.8046875","1.8046875"
"172017","2.140625","2.140625","2.140625"
"172042","1.765625","1.765625","1.765625"
"172057","2.3125","2.3125","2.3125"
"172102","2.3125","2.3125","2.3125"
"172123","2.1875","2.1875","2.1875"
"172145","2.1875","2.1875","2.1875"
"172150","2.15625","2.15625","2.15625"
"172159","2.171875","2.171875","2.171875"
"172173","2.15625","2.15625","2.15625"
"172193","2.125","2.125","2.125"
"172209","1.7890625","1.7890625","1.7890625"
"172214","2.203125","2.203125","2.203125"
"172265","2.359375","2.359375","2.359375"
"172267","2.484375","2.484375","2.484375"
"172294","2.40625","2.40625","2.40625"
"172302","2.28125","2.28125","2.28125"
"172394","1.9375","1.9375","1.9375"
"172396","2.078125","2.078125","2.078125"
"172397","1.9140625","1.9140625","1.9140625"
"172408","2.078125","2.078125","2.078125"
"172437","2.3125","2.3125","2.3125"
"172438","1.9296875","1.9296875","1.9296875"
"172477","2.484375","2.484375","2.484375"
"172484","2.1875","2.1875","2.1875"
"172516","2.375","2.375","2.375"
"172529","2.15625","2.15625","2.15625"
"172533","2.359375","2.359375","2.359375"
"172557","2.28125","2.28125","2.28125"
"172569","1.625","1.625","1.625"
"172571","1.9921875","1.9921875","1.9921875"
"172574","2.328125","2.328125","2.328125"
"172583","2.578125","2.578125","2.578125"
"172610","2.140625","2.140625","2.140625"
"172669","2.609375","2.609375","2.609375"
"172690","1.7734375","1.7734375","1.7734375"
"172750","2.15625","2.15625","2.15625"
"172763","2.1875","2.1875","2.1875"
"172770","2.09375","2.09375","2.09375"
"172775","1.9765625","1.9765625","1.9765625"
"172794","1.9765625","1.9765625","1.9765625"
"172798","2.234375","2.234375","2.234375"
"172812","2.375","2.375","2.375"
"172822","2.0625","2.0625","2.0625"
"172829","2.15625","2.15625","2.15625"
"172850","2.359375","2.359375","2.359375"
"172852","2.140625","2.140625","2.140625"
"172864","2.515625","2.515625","2.515625"
"172943","2.15625","2.15625","2.15625"
"172944","2.296875","2.296875","2.296875"
"172951","2.296875","2.296875","2.296875"
"172985","2.109375","2.109375","2.109375"
"173028","2.265625","2.265625","2.265625"
"173029","2.265625","2.265625","2.265625"
"173034","2.203125","2.203125","2.203125"
"173036","2.203125","2.203125","2.203125"
"173049","2.046875","2.046875","2.046875"
"173051","1.828125","1.828125","1.828125"
"173068","2.3125","2.3125","2.3125"
"173077","2.125","2.125","2.125"
"173084","2.03125","2.03125","2.03125"
"173136","1.984375","1.984375","1.984375"
"173165","2.359375","2.359375","2.359375"
"173182","2.3125","2.3125","2.3125"
"173276","2.265625","2.265625","2.265625"
"173335","2.09375","2.09375","2.09375"
"173347","2.296875","2.296875","2.296875"
"173352","2.390625","2.390625","2.390625"
"173404","2.4375","2.4375","2.4375"
"173450","2.09375","2.09375","2.09375"
"173457","2.328125","2.328125","2.328125"
"173476","2.25","2.25","2.25"
"173495","2.21875","2.21875","2.21875"
"173549","1.953125","1.953125","1.953125"
"173558","2.171875","2.171875","2.171875"
"173581","1.9609375","1.9609375","1.9609375"
"173599","1.8984375","1.8984375","1.8984375"
"173665","2.203125","2.203125","2.203125"
"173674","1.8671875","1.8671875","1.8671875"
"173679","1.9140625","1.9140625","1.9140625"
"173711","2.140625","2.140625","2.140625"
"173847","2.140625","2.140625","2.140625"
"173868","1.9921875","1.9921875","1.9921875"
"173882","1.9609375","1.9609375","1.9609375"
"173887","1.8828125","1.8828125","1.8828125"
"173900","2.109375","2.109375","2.109375"
"173923","2.125","2.125","2.125"
"173924","2.125","2.125","2.125"
"173944","2.0625","2.0625","2.0625"
"173957","2.546875","2.546875","2.546875"
"173982","2.265625","2.265625","2.265625"
"173990","1.8359375","1.8359375","1.8359375"
"174004","1.9140625","1.9140625","1.9140625"
"174037","2.234375","2.234375","2.234375"
"174053","2.203125","2.203125","2.203125"
"174122","1.96875","1.96875","1.96875"
"174124","2.4375","2.4375","2.4375"
"174145","2.203125","2.203125","2.203125"
"174185","2.15625","2.15625","2.15625"
"174196","2.078125","2.078125","2.078125"
"174209","2.1875","2.1875","2.1875"
"174210","2.046875","2.046875","2.046875"
"174242","2.15625","2.15625","2.15625"
"174257","2.0625","2.0625","2.0625"
"174278","2.234375","2.234375","2.234375"
"174339","2.25","2.25","2.25"
"174368","2.28125","2.28125","2.28125"
"174442","2.0625","2.0625","2.0625"
"174444","2.421875","2.421875","2.421875"
"174466","1.9609375","1.9609375","1.9609375"
"174551","1.9609375","1.9609375","1.9609375"
"174553","1.9296875","1.9296875","1.9296875"
"174561","2.1875","2.1875","2.1875"
"174580","2.234375","2.234375","2.234375"
"174635","2.125","2.125","2.125"
"174655","2.078125","2.078125","2.078125"
"174661","2.328125","2.328125","2.328125"
"174679","2.046875","2.046875","2.046875"
"174701","2.0625","2.0625","2.0625"
"174752","1.875","1.875","1.875"
"174782","2.21875","2.21875","2.21875"
"174784","2.1875","2.1875","2.1875"
"174786","2.171875","2.171875","2.171875"
"174801","1.9453125","1.9453125","1.9453125"
"174807","2.484375","2.484375","2.484375"
"174815","2.1875","2.1875","2.1875"
"174855","2.1875","2.1875","2.1875"
"174882","2.015625","2.015625","2.015625"
"174915","2.296875","2.296875","2.296875"
"175014","2.3125","2.3125","2.3125"
"175018","2.1875","2.1875","2.1875"
"175019","2.390625","2.390625","2.390625"
"175032","2.015625","2.015625","2.015625"
"175035","2.359375","2.359375","2.359375"
"175062","2.078125","2.078125","2.078125"
"175105","2.25","2.25","2.25"
"175111","2.078125","2.078125","2.078125"
"175177","2.25","2.25","2.25"
"175182","2.625","2.625","2.625"
"175278","2.359375","2.359375","2.359375"
"175325","2.1875","2.1875","2.1875"
"175372","1.9296875","1.9296875","1.9296875"
"175417","2.1875","2.1875","2.1875"
"175422","2.1875","2.1875","2.1875"
"175433","2.578125","2.578125","2.578125"
"175439","2.21875","2.21875","2.21875"
"175447","2.1875","2.1875","2.1875"
"175457","2.15625","2.15625","2.15625"
"175459","2.453125","2.453125","2.453125"
"175465","2.234375","2.234375","2.234375"
"175503","2.125","2.125","2.125"
"175603","2.140625","2.140625","2.140625"
"175614","1.984375","1.984375","1.984375"
"175678","2.515625","2.515625","2.515625"
"175679","1.9609375","1.9609375","1.9609375"
"175716","2.15625","2.15625","2.15625"
"175754","2.296875","2.296875","2.296875"
"175771","2.109375","2.109375","2.109375"
"175782","2.078125","2.078125","2.078125"
"175806","2.3125","2.3125","2.3125"
"175829","2.234375","2.234375","2.234375"
"175832","2.40625","2.40625","2.40625"
"175845","2.109375","2.109375","2.109375"
"175847","2.296875","2.296875","2.296875"
"175875","2.078125","2.078125","2.078125"
"175916","2.5","2.5","2.5"
"175918","2.1875","2.1875","2.1875"
"175958","2.328125","2.328125","2.328125"
"176042","2.140625","2.140625","2.140625"
"176056","2.1875","2.1875","2.1875"
"176076","2.21875","2.21875","2.21875"
"176087","1.96875","1.96875","1.96875"
"176090","2","2","2"
"176106","2.03125","2.03125","2.03125"
"176129","2.1875","2.1875","2.1875"
"176166","2.21875","2.21875","2.21875"
"176192","1.9921875","1.9921875","1.9921875"
"176198","2.234375","2.234375","2.234375"
"176201","2.171875","2.171875","2.171875"
"176216","2.171875","2.171875","2.171875"
"176231","2.015625","2.015625","2.015625"
"176246","2.21875","2.21875","2.21875"
"176263","1.9921875","1.9921875","1.9921875"
"176266","2.09375","2.09375","2.09375"
"176271","2.015625","2.015625","2.015625"
"176285","2.359375","2.359375","2.359375"
"176296","2.359375","2.359375","2.359375"
"176315","2.234375","2.234375","2.234375"
"176373","2.453125","2.453125","2.453125"
"176401","2.3125","2.3125","2.3125"
"176426","2.109375","2.109375","2.109375"
"176437","2.265625","2.265625","2.265625"
"176476","2.140625","2.140625","2.140625"
"176492","2.3125","2.3125","2.3125"
"176534","2.1875","2.1875","2.1875"
"176553","2.15625","2.15625","2.15625"
"176575","2.0625","2.0625","2.0625"
"176601","2.328125","2.328125","2.328125"
"176633","2.125","2.125","2.125"
"176634","2.3125","2.3125","2.3125"
"176641","2.140625","2.140625","2.140625"
"176646","2.421875","2.421875","2.421875"
"176695","1.921875","1.921875","1.921875"
"176708","2.125","2.125","2.125"
"176712","2.125","2.125","2.125"
"176719","1.78125","1.78125","1.78125"
"176733","2.1875","2.1875","2.1875"
"176747","1.84375","1.84375","1.84375"
"176757","2.09375","2.09375","2.09375"
"176768","2.15625","2.15625","2.15625"
"176772","2.296875","2.296875","2.296875"
"176784","2.1875","2.1875","2.1875"
"176798","2.328125","2.328125","2.328125"
"176812","2.15625","2.15625","2.15625"
"176871","1.9921875","1.9921875","1.9921875"
"176952","2.109375","2.109375","2.109375"
"176957","2.09375","2.09375","2.09375"
"177030","2.46875","2.46875","2.46875"
"177082","1.984375","1.984375","1.984375"
"177083","2.4375","2.4375","2.4375"
"177095","2.15625","2.15625","2.15625"
"177113","1.9765625","1.9765625","1.9765625"
"177130","2.109375","2.109375","2.109375"
"177153","2.296875","2.296875","2.296875"
"177162","2.25","2.25","2.25"
"177179","2.15625","2.15625","2.15625"
"177190","1.953125","1.953125","1.953125"
"177199","2.1875","2.1875","2.1875"
"177204","2.25","2.25","2.25"
"177211","1.9375","1.9375","1.9375"
"177273","2.671875","2.671875","2.671875"
"177275","2.140625","2.140625","2.140625"
"177395","2.234375","2.234375","2.234375"
"177448","2","2","2"
"177454","2.140625","2.140625","2.140625"
"177470","1.828125","1.828125","1.828125"
"177488","2.015625","2.015625","2.015625"
"177493","2.265625","2.265625","2.265625"
"177526","2.171875","2.171875","2.171875"
"177546","2.15625","2.15625","2.15625"
"177585","2.328125","2.328125","2.328125"
"177600","2.15625","2.15625","2.15625"
"177636","2.109375","2.109375","2.109375"
"177658","2.5625","2.5625","2.5625"
"177663","2.484375","2.484375","2.484375"
"177665","2.515625","2.515625","2.515625"
"177673","2.015625","2.015625","2.015625"
"177675","2.15625","2.15625","2.15625"
"177688","2.390625","2.390625","2.390625"
"177696","1.9765625","1.9765625","1.9765625"
"177704","2.28125","2.28125","2.28125"
"177707","2.234375","2.234375","2.234375"
"177712","2.0625","2.0625","2.0625"
"177713","2.0625","2.0625","2.0625"
"177758","2.1875","2.1875","2.1875"
"177776","2.21875","2.21875","2.21875"
"177874","2.3125","2.3125","2.3125"
"177877","2.15625","2.15625","2.15625"
"177983","2.28125","2.28125","2.28125"
"177987","1.9296875","1.9296875","1.9296875"
"177993","2.28125","2.28125","2.28125"
"178013","1.9375","1.9375","1.9375"
"178016","2.34375","2.34375","2.34375"
"178050","2.15625","2.15625","2.15625"
"178055","2.53125","2.53125","2.53125"
"178056","2.28125","2.28125","2.28125"
"178067","2.125","2.125","2.125"
"178100","2.1875","2.1875","2.1875"
"178105","2.234375","2.234375","2.234375"
"178113","2.15625","2.15625","2.15625"
"178123","1.9609375","1.9609375","1.9609375"
"178132","2.078125","2.078125","2.078125"
"178134","2.53125","2.53125","2.53125"
"178156","2.5","2.5","2.5"
"178242","2.015625","2.015625","2.015625"
"178284","1.9609375","1.9609375","1.9609375"
"178303","2.03125","2.03125","2.03125"
"178306","1.953125","1.953125","1.953125"
"178341","2.515625","2.515625","2.515625"
"178351","2.53125","2.53125","2.53125"
"178381","2.3125","2.3125","2.3125"
"178407","2.515625","2.515625","2.515625"
"178408","2.453125","2.453125","2.453125"
"178410","2.203125","2.203125","2.203125"
"178412","2.265625","2.265625","2.265625"
"178419","2.109375","2.109375","2.109375"
"178455","2.125","2.125","2.125"
"178485","2.359375","2.359375","2.359375"
"178491","1.640625","1.640625","1.640625"
"178609","2.1875","2.1875","2.1875"
"178627","2.375","2.375","2.375"
"178660","2.171875","2.171875","2.171875"
"178709","2.21875","2.21875","2.21875"
"178755","2.59375","2.59375","2.59375"
"178761","2.5","2.5","2.5"
"178787","2.359375","2.359375","2.359375"
"178793","2.109375","2.109375","2.109375"
"178808","2.09375","2.09375","2.09375"
"178819","2.65625","2.65625","2.65625"
"178823","1.9296875","1.9296875","1.9296875"
"178863","2.09375","2.09375","2.09375"
"178884","2.234375","2.234375","2.234375"
"178900","2.453125","2.453125","2.453125"
"178956","2.0625","2.0625","2.0625"
"178957","1.984375","1.984375","1.984375"
"178970","2.359375","2.359375","2.359375"
"178984","2.1875","2.1875","2.1875"
"178989","2.125","2.125","2.125"
"179001","2.03125","2.03125","2.03125"
"179029","1.96875","1.96875","1.96875"
"179039","2.0625","2.0625","2.0625"
"179042","2.5","2.5","2.5"
"179056","2.40625","2.40625","2.40625"
"179064","1.71875","1.71875","1.71875"
"179101","2.21875","2.21875","2.21875"
"179110","2.15625","2.15625","2.15625"
"179169","1.9453125","1.9453125","1.9453125"
"179175","2","2","2"
"179176","1.9375","1.9375","1.9375"
"179193","2.328125","2.328125","2.328125"
"179195","1.8984375","1.8984375","1.8984375"
"179286","2.453125","2.453125","2.453125"
"179296","2.109375","2.109375","2.109375"
"179300","1.9921875","1.9921875","1.9921875"
"179311","2.40625","2.40625","2.40625"
"179354","2.140625","2.140625","2.140625"
"179362","2.1875","2.1875","2.1875"
"179365","2.453125","2.453125","2.453125"
"179370","2.125","2.125","2.125"
"179375","2.109375","2.109375","2.109375"
"179379","1.875","1.875","1.875"
"179383","2.28125","2.28125","2.28125"
"179385","2.046875","2.046875","2.046875"
"179397","2.359375","2.359375","2.359375"
"179398","2.421875","2.421875","2.421875"
"179399","2.421875","2.421875","2.421875"
"179435","2.140625","2.140625","2.140625"
"179456","2.203125","2.203125","2.203125"
"179460","2.015625","2.015625","2.015625"
"179498","2.328125","2.328125","2.328125"
"179510","2.25","2.25","2.25"
"179526","2.09375","2.09375","2.09375"
"179534","2.21875","2.21875","2.21875"
"179587","2.015625","2.015625","2.015625"
"179621","2.28125","2.28125","2.28125"
"179629","2.578125","2.578125","2.578125"
"179632","2.09375","2.09375","2.09375"
"179633","2.234375","2.234375","2.234375"
"179678","2.78125","2.78125","2.78125"
"179687","1.9765625","1.9765625","1.9765625"
"179689","2.125","2.125","2.125"
"179708","2.171875","2.171875","2.171875"
"179745","1.9609375","1.9609375","1.9609375"
"179758","2.125","2.125","2.125"
"179776","1.96875","1.96875","1.96875"
"179794","2.109375","2.109375","2.109375"
"179815","2.21875","2.21875","2.21875"
"179823","2.15625","2.15625","2.15625"
"179831","2.4375","2.4375","2.4375"
"179864","2.296875","2.296875","2.296875"
"179865","1.90625","1.90625","1.90625"
"179899","2.296875","2.296875","2.296875"
"180007","1.8203125","1.8203125","1.8203125"
"180020","2.390625","2.390625","2.390625"
"180044","2.1875","2.1875","2.1875"
"180049","2.5","2.5","2.5"
"180081","2.4375","2.4375","2.4375"
"180171","2.203125","2.203125","2.203125"
"180180","2.21875","2.21875","2.21875"
"180210","2.296875","2.296875","2.296875"
"180286","2.015625","2.015625","2.015625"
"180305","2.328125","2.328125","2.328125"
"180311","2.015625","2.015625","2.015625"
"180343","1.9453125","1.9453125","1.9453125"
"180361","2.34375","2.34375","2.34375"
"180411","2.09375","2.09375","2.09375"
"180419","2.140625","2.140625","2.140625"
"180427","2.0625","2.0625","2.0625"
"180465","2.34375","2.34375","2.34375"
"180486","2.015625","2.015625","2.015625"
"180505","2.21875","2.21875","2.21875"
"180512","2.34375","2.34375","2.34375"
"180519","1.6484375","1.6484375","1.6484375"
"180529","1.9453125","1.9453125","1.9453125"
"180545","1.9765625","1.9765625","1.9765625"
"180576","2.015625","2.015625","2.015625"
"180628","2.15625","2.15625","2.15625"
"180633","2.46875","2.46875","2.46875"
"180637","2.234375","2.234375","2.234375"
"180648","2.21875","2.21875","2.21875"
"180664","2.15625","2.15625","2.15625"
"180667","2.125","2.125","2.125"
"180687","2.328125","2.328125","2.328125"
"180710","2.015625","2.015625","2.015625"
"180719","2.234375","2.234375","2.234375"
"180733","1.90625","1.90625","1.90625"
"180756","2.40625","2.40625","2.40625"
"180788","1.890625","1.890625","1.890625"
"180796","2.1875","2.1875","2.1875"
"180802","2.015625","2.015625","2.015625"
"180814","2.34375","2.34375","2.34375"
"180821","1.859375","1.859375","1.859375"
"180832","2.4375","2.4375","2.4375"
"180846","2.265625","2.265625","2.265625"
"180866","2.203125","2.203125","2.203125"
"180882","2.109375","2.109375","2.109375"
"180888","2.40625","2.40625","2.40625"
"180920","1.8125","1.8125","1.8125"
"180992","2.078125","2.078125","2.078125"
"180994","2.265625","2.265625","2.265625"
"181028","1.96875","1.96875","1.96875"
"181080","2.203125","2.203125","2.203125"
"181100","2.171875","2.171875","2.171875"
"181172","2.5625","2.5625","2.5625"
"181206","2.046875","2.046875","2.046875"
"181240","2.234375","2.234375","2.234375"
"181253","2.171875","2.171875","2.171875"
"181271","1.96875","1.96875","1.96875"
"181302","1.9609375","1.9609375","1.9609375"
"181305","2.296875","2.296875","2.296875"
"181309","2.09375","2.09375","2.09375"
"181315","2.171875","2.171875","2.171875"
"181345","2.359375","2.359375","2.359375"
"181394","2.09375","2.09375","2.09375"
"181476","2.53125","2.53125","2.53125"
"181477","1.859375","1.859375","1.859375"
"181489","2.125","2.125","2.125"
"181533","2.234375","2.234375","2.234375"
"181565","2.4375","2.4375","2.4375"
"181569","2.140625","2.140625","2.140625"
"181570","2.25","2.25","2.25"
"181586","1.9453125","1.9453125","1.9453125"
"181594","2.203125","2.203125","2.203125"
"181664","2.34375","2.34375","2.34375"
"181674","1.9609375","1.9609375","1.9609375"
"181690","2.1875","2.1875","2.1875"
"181717","1.921875","1.921875","1.921875"
"181731","2.171875","2.171875","2.171875"
"181773","2.1875","2.1875","2.1875"
"181803","2.15625","2.15625","2.15625"
"181811","2.0625","2.0625","2.0625"
"181822","2.078125","2.078125","2.078125"
"181850","1.984375","1.984375","1.984375"
"181877","2.453125","2.453125","2.453125"
"181881","2.359375","2.359375","2.359375"
"181898","2.0625","2.0625","2.0625"
"181899","2.140625","2.140625","2.140625"
"181908","2.15625","2.15625","2.15625"
"181937","2.28125","2.28125","2.28125"
"181992","2.078125","2.078125","2.078125"
"182013","2.3125","2.3125","2.3125"
"182026","2.046875","2.046875","2.046875"
"182035","2.234375","2.234375","2.234375"
"182042","2.203125","2.203125","2.203125"
"182043","2.25","2.25","2.25"
"182057","2.203125","2.203125","2.203125"
"182060","2.296875","2.296875","2.296875"
"182081","2.015625","2.015625","2.015625"
"182095","2.171875","2.171875","2.171875"
"182125","2.109375","2.109375","2.109375"
"182185","2.5625","2.5625","2.5625"
"182188","2.109375","2.109375","2.109375"
"182196","2.140625","2.140625","2.140625"
"182204","2.328125","2.328125","2.328125"
"182224","1.984375","1.984375","1.984375"
"182234","2.203125","2.203125","2.203125"
"182246","2.34375","2.34375","2.34375"
"182261","2.546875","2.546875","2.546875"
"182265","2.515625","2.515625","2.515625"
"182300","2.171875","2.171875","2.171875"
"182310","2.078125","2.078125","2.078125"
"182337","2.34375","2.34375","2.34375"
"182355","2.390625","2.390625","2.390625"
"182367","2.359375","2.359375","2.359375"
"182405","2.359375","2.359375","2.359375"
"182502","2.265625","2.265625","2.265625"
"182507","2.28125","2.28125","2.28125"
"182522","1.953125","1.953125","1.953125"
"182536","2.15625","2.15625","2.15625"
"182565","2.296875","2.296875","2.296875"
"182621","2.046875","2.046875","2.046875"
"182623","2.34375","2.34375","2.34375"
"182686","2.3125","2.3125","2.3125"
"182697","2.21875","2.21875","2.21875"
"182712","2.28125","2.28125","2.28125"
"182746","2.140625","2.140625","2.140625"
"182751","1.921875","1.921875","1.921875"
"182770","1.8828125","1.8828125","1.8828125"
"182795","1.9765625","1.9765625","1.9765625"
"182807","2.15625","2.15625","2.15625"
"182811","2","2","2"
"182833","2.65625","2.65625","2.65625"
"182907","2.265625","2.265625","2.265625"
"182949","2.46875","2.46875","2.46875"
"182964","2.171875","2.171875","2.171875"
"183011","2.421875","2.421875","2.421875"
"183032","2.171875","2.171875","2.171875"
"183059","2.296875","2.296875","2.296875"
"183075","2.359375","2.359375","2.359375"
"183089","2.421875","2.421875","2.421875"
"183135","1.8984375","1.8984375","1.8984375"
"183157","2.09375","2.09375","2.09375"
"183175","2.0625","2.0625","2.0625"
"183180","2.4375","2.4375","2.4375"
"183190","1.859375","1.859375","1.859375"
"183212","2.109375","2.109375","2.109375"
"183223","2.234375","2.234375","2.234375"
"183229","2.046875","2.046875","2.046875"
"183245","1.9921875","1.9921875","1.9921875"
"183248","2.015625","2.015625","2.015625"
"183255","2.25","2.25","2.25"
"183299","2.15625","2.15625","2.15625"
"183336","2.140625","2.140625","2.140625"
"183343","2.328125","2.328125","2.328125"
"183360","2.109375","2.109375","2.109375"
"183398","2.125","2.125","2.125"
"183420","1.9765625","1.9765625","1.9765625"
"183448","2.296875","2.296875","2.296875"
"183475","2.28125","2.28125","2.28125"
"183476","2.234375","2.234375","2.234375"
"183513","2.046875","2.046875","2.046875"
"183569","1.9921875","1.9921875","1.9921875"
"183572","2.015625","2.015625","2.015625"
"183628","2.203125","2.203125","2.203125"
"183657","2.15625","2.15625","2.15625"
"183738","2.140625","2.140625","2.140625"
"183770","2.0625","2.0625","2.0625"
"183835","2.21875","2.21875","2.21875"
"183836","2.390625","2.390625","2.390625"
"183840","2.59375","2.59375","2.59375"
"183844","2.109375","2.109375","2.109375"
"183875","2.328125","2.328125","2.328125"
"183921","2.203125","2.203125","2.203125"
"183955","1.78125","1.78125","1.78125"
"183965","2.21875","2.21875","2.21875"
"184010","1.734375","1.734375","1.734375"
"184016","1.828125","1.828125","1.828125"
"184039","2.359375","2.359375","2.359375"
"184137","1.9453125","1.9453125","1.9453125"
"184180","1.9609375","1.9609375","1.9609375"
"184184","1.9609375","1.9609375","1.9609375"
"184198","2.21875","2.21875","2.21875"
"184217","2.171875","2.171875","2.171875"
"184222","2.234375","2.234375","2.234375"
"184244","2.09375","2.09375","2.09375"
"184300","1.8359375","1.8359375","1.8359375"
"184360","2.171875","2.171875","2.171875"
"184364","2.25","2.25","2.25"
"184418","2.171875","2.171875","2.171875"
"184475","2.25","2.25","2.25"
"184534","2.28125","2.28125","2.28125"
"184535","1.8984375","1.8984375","1.8984375"
"184544","2.1875","2.1875","2.1875"
"184570","2","2","2"
"184639","2.25","2.25","2.25"
"184678","2.28125","2.28125","2.28125"
"184697","2.1875","2.1875","2.1875"
"184701","2.015625","2.015625","2.015625"
"184713","2.03125","2.03125","2.03125"
"184724","2.15625","2.15625","2.15625"
"184728","2.28125","2.28125","2.28125"
"184743","1.9921875","1.9921875","1.9921875"
"184758","2.546875","2.546875","2.546875"
"184813","2.421875","2.421875","2.421875"
"184829","2.078125","2.078125","2.078125"
"184866","2.265625","2.265625","2.265625"
"184874","2.28125","2.28125","2.28125"
"184878","2.125","2.125","2.125"
"184918","2.1875","2.1875","2.1875"
"184919","2.078125","2.078125","2.078125"
"184944","2.171875","2.171875","2.171875"
"185033","2.3125","2.3125","2.3125"
"185049","2.390625","2.390625","2.390625"
"185056","2.046875","2.046875","2.046875"
"185061","1.828125","1.828125","1.828125"
"185075","2.09375","2.09375","2.09375"
"185087","2.328125","2.328125","2.328125"
"185148","2.21875","2.21875","2.21875"
"185199","2.015625","2.015625","2.015625"
"185203","2.296875","2.296875","2.296875"
"185218","2.34375","2.34375","2.34375"
"185222","2.25","2.25","2.25"
"185232","2.015625","2.015625","2.015625"
"185233","2.265625","2.265625","2.265625"
"185263","1.84375","1.84375","1.84375"
"185267","2.4375","2.4375","2.4375"
"185281","2.578125","2.578125","2.578125"
"185284","2.046875","2.046875","2.046875"
"185307","2","2","2"
"185314","2.390625","2.390625","2.390625"
"185323","2.203125","2.203125","2.203125"
"185349","2.03125","2.03125","2.03125"
"185412","2.421875","2.421875","2.421875"
"185431","1.984375","1.984375","1.984375"
"185438","1.96875","1.96875","1.96875"
"185449","2.046875","2.046875","2.046875"
"185458","2.390625","2.390625","2.390625"
"185460","2.03125","2.03125","2.03125"
"185461","2.046875","2.046875","2.046875"
"185465","1.9296875","1.9296875","1.9296875"
"185512","1.984375","1.984375","1.984375"
"185526","2.234375","2.234375","2.234375"
"185529","1.9765625","1.9765625","1.9765625"
"185589","2.078125","2.078125","2.078125"
"185595","2.203125","2.203125","2.203125"
"185625","2.203125","2.203125","2.203125"
"185730","2.46875","2.46875","2.46875"
"185760","2.09375","2.09375","2.09375"
"185764","2.140625","2.140625","2.140625"
"185767","2.140625","2.140625","2.140625"
"185773","2.4375","2.4375","2.4375"
"185819","2.328125","2.328125","2.328125"
"185894","2.6875","2.6875","2.6875"
"185913","1.9375","1.9375","1.9375"
"185918","2.21875","2.21875","2.21875"
"185931","2.125","2.125","2.125"
"185964","2.203125","2.203125","2.203125"
"185968","2.421875","2.421875","2.421875"
"186002","2.03125","2.03125","2.03125"
"186007","2.453125","2.453125","2.453125"
"186138","1.875","1.875","1.875"
"186202","2.015625","2.015625","2.015625"
"186229","2.5625","2.5625","2.5625"
"186232","1.96875","1.96875","1.96875"
"186236","2.125","2.125","2.125"
"186328","2.25","2.25","2.25"
"186352","2.34375","2.34375","2.34375"
"186353","2.0625","2.0625","2.0625"
"186387","2.15625","2.15625","2.15625"
"186392","2.0625","2.0625","2.0625"
"186440","2.5625","2.5625","2.5625"
"186459","1.7109375","1.7109375","1.7109375"
"186496","2.25","2.25","2.25"
"186506","2.046875","2.046875","2.046875"
"186517","2.03125","2.03125","2.03125"
"186548","2.375","2.375","2.375"
"186584","2.21875","2.21875","2.21875"
"186598","2.125","2.125","2.125"
"186633","2.03125","2.03125","2.03125"
"186655","2.296875","2.296875","2.296875"
"186676","2.1875","2.1875","2.1875"
"186677","1.9921875","1.9921875","1.9921875"
"186699","1.78125","1.78125","1.78125"
"186718","2.109375","2.109375","2.109375"
"186733","2.640625","2.640625","2.640625"
"186765","2.171875","2.171875","2.171875"
"186766","2.546875","2.546875","2.546875"
"186817","2.390625","2.390625","2.390625"
"186839","2.15625","2.15625","2.15625"
"186890","2.28125","2.28125","2.28125"
"186965","2.296875","2.296875","2.296875"
"186967","2","2","2"
"186968","2.359375","2.359375","2.359375"
"186971","2.390625","2.390625","2.390625"
"186975","2.03125","2.03125","2.03125"
"186997","2.203125","2.203125","2.203125"
"187012","1.8203125","1.8203125","1.8203125"
"187065","2.15625","2.15625","2.15625"
"187091","1.8671875","1.8671875","1.8671875"
"187128","2.296875","2.296875","2.296875"
"187152","2.171875","2.171875","2.171875"
"187166","2.171875","2.171875","2.171875"
"187188","1.796875","1.796875","1.796875"
"187211","2.234375","2.234375","2.234375"
"187229","2.421875","2.421875","2.421875"
"187251","2.3125","2.3125","2.3125"
"187261","2.34375","2.34375","2.34375"
"187263","1.96875","1.96875","1.96875"
"187274","2.078125","2.078125","2.078125"
"187285","2.078125","2.078125","2.078125"
"187317","2.34375","2.34375","2.34375"
"187335","2.3125","2.3125","2.3125"
"187346","2.328125","2.328125","2.328125"
"187394","2.40625","2.40625","2.40625"
"187420","1.9296875","1.9296875","1.9296875"
"187473","1.9453125","1.9453125","1.9453125"
"187495","2.484375","2.484375","2.484375"
"187507","2.328125","2.328125","2.328125"
"187513","2.234375","2.234375","2.234375"
"187531","2.109375","2.109375","2.109375"
"187544","2.15625","2.15625","2.15625"
"187552","2.296875","2.296875","2.296875"
"187553","2.359375","2.359375","2.359375"
"187555","2.078125","2.078125","2.078125"
"187588","2.0625","2.0625","2.0625"
"187619","1.9921875","1.9921875","1.9921875"
"187624","2.140625","2.140625","2.140625"
"187649","2.203125","2.203125","2.203125"
"187652","2.25","2.25","2.25"
"187697","1.96875","1.96875","1.96875"
"187716","2.25","2.25","2.25"
"187758","2.484375","2.484375","2.484375"
"187765","2.140625","2.140625","2.140625"
"187779","2.0625","2.0625","2.0625"
"187810","2.40625","2.40625","2.40625"
"187814","2.078125","2.078125","2.078125"
"187845","2.3125","2.3125","2.3125"
"187861","2.078125","2.078125","2.078125"
"187904","2.296875","2.296875","2.296875"
"187977","2.421875","2.421875","2.421875"
"187979","2.265625","2.265625","2.265625"
"188004","2.359375","2.359375","2.359375"
"188013","2.15625","2.15625","2.15625"
"188017","1.921875","1.921875","1.921875"
"188033","2.1875","2.1875","2.1875"
"188047","2.328125","2.328125","2.328125"
"188052","1.8671875","1.8671875","1.8671875"
"188070","2.171875","2.171875","2.171875"
"188090","2.171875","2.171875","2.171875"
"188093","1.9765625","1.9765625","1.9765625"
"188129","2.359375","2.359375","2.359375"
"188133","2.34375","2.34375","2.34375"
"188164","2.171875","2.171875","2.171875"
"188185","2.015625","2.015625","2.015625"
"188223","2.203125","2.203125","2.203125"
"188248","2.25","2.25","2.25"
"188265","2.1875","2.1875","2.1875"
"188293","2.140625","2.140625","2.140625"
"188301","2.390625","2.390625","2.390625"
"188337","2.34375","2.34375","2.34375"
"188340","2.34375","2.34375","2.34375"
"188379","2.0625","2.0625","2.0625"
"188396","2.125","2.125","2.125"
"188420","2.3125","2.3125","2.3125"
"188423","2.0625","2.0625","2.0625"
"188475","2.171875","2.171875","2.171875"
"188486","2.234375","2.234375","2.234375"
"188517","1.875","1.875","1.875"
"188524","2.4375","2.4375","2.4375"
"188535","2.484375","2.484375","2.484375"
"188551","2.0625","2.0625","2.0625"
"188553","2.125","2.125","2.125"
"188559","2.34375","2.34375","2.34375"
"188635","1.984375","1.984375","1.984375"
"188690","2.09375","2.09375","2.09375"
"188702","2.171875","2.171875","2.171875"
"188713","2.28125","2.28125","2.28125"
"188736","2.40625","2.40625","2.40625"
"188742","2.328125","2.328125","2.328125"
"188806","2.5625","2.5625","2.5625"
"188824","2.21875","2.21875","2.21875"
"188844","2.015625","2.015625","2.015625"
"188852","2.234375","2.234375","2.234375"
"188853","2.34375","2.34375","2.34375"
"188895","2.171875","2.171875","2.171875"
"188898","2.0625","2.0625","2.0625"
"188908","1.9296875","1.9296875","1.9296875"
"188920","2.046875","2.046875","2.046875"
"188947","2.203125","2.203125","2.203125"
"188966","2.25","2.25","2.25"
"189043","2.375","2.375","2.375"
"189069","1.90625","1.90625","1.90625"
"189085","2","2","2"
"189091","1.921875","1.921875","1.921875"
"189105","2.3125","2.3125","2.3125"
"189160","2.15625","2.15625","2.15625"
"189173","1.953125","1.953125","1.953125"
"189237","1.875","1.875","1.875"
"189242","2.28125","2.28125","2.28125"
"189280","2.078125","2.078125","2.078125"
"189305","2.265625","2.265625","2.265625"
"189332","1.96875","1.96875","1.96875"
"189360","2.046875","2.046875","2.046875"
"189390","2.203125","2.203125","2.203125"
"189397","2.1875","2.1875","2.1875"
"189398","2.125","2.125","2.125"
"189400","2.015625","2.015625","2.015625"
"189435","2.25","2.25","2.25"
"189513","2.171875","2.171875","2.171875"
"189556","2.46875","2.46875","2.46875"
"189566","1.9921875","1.9921875","1.9921875"
"189607","1.9296875","1.9296875","1.9296875"
"189625","2.125","2.125","2.125"
"189673","2.125","2.125","2.125"
"189694","2.0625","2.0625","2.0625"
"189723","1.953125","1.953125","1.953125"
"189742","2.578125","2.578125","2.578125"
"189757","1.7890625","1.7890625","1.7890625"
"189782","2.15625","2.15625","2.15625"
"189785","2.015625","2.015625","2.015625"
"189840","2.28125","2.28125","2.28125"
"189850","2.375","2.375","2.375"
"189905","2.03125","2.03125","2.03125"
"189922","2.171875","2.171875","2.171875"
"189927","2.46875","2.46875","2.46875"
"189945","2.46875","2.46875","2.46875"
"189974","1.9140625","1.9140625","1.9140625"
"189982","2.09375","2.09375","2.09375"
"189985","2.046875","2.046875","2.046875"
"190017","2.484375","2.484375","2.484375"
"190035","2.359375","2.359375","2.359375"
"190140","2.078125","2.078125","2.078125"
"190147","2.046875","2.046875","2.046875"
"190162","2.203125","2.203125","2.203125"
"190169","2.09375","2.09375","2.09375"
"190170","1.9921875","1.9921875","1.9921875"
"190228","2.0625","2.0625","2.0625"
"190262","2.1875","2.1875","2.1875"
"190287","2.03125","2.03125","2.03125"
"190408","1.8671875","1.8671875","1.8671875"
"190420","2.28125","2.28125","2.28125"
"190429","2.046875","2.046875","2.046875"
"190433","2.234375","2.234375","2.234375"
"190468","2.28125","2.28125","2.28125"
"190481","2.140625","2.140625","2.140625"
"190490","1.890625","1.890625","1.890625"
"190520","2.1875","2.1875","2.1875"
"190530","2.125","2.125","2.125"
"190601","1.8671875","1.8671875","1.8671875"
"190630","1.9765625","1.9765625","1.9765625"
"190635","2.078125","2.078125","2.078125"
"190675","1.9765625","1.9765625","1.9765625"
"190693","2.25","2.25","2.25"
"190697","2.328125","2.328125","2.328125"
"190730","2.015625","2.015625","2.015625"
"190737","2.359375","2.359375","2.359375"
"190802","2.3125","2.3125","2.3125"
"190818","2.171875","2.171875","2.171875"
"190820","2.1875","2.1875","2.1875"
"190824","2.1875","2.1875","2.1875"
"190838","1.8125","1.8125","1.8125"
"190872","2.171875","2.171875","2.171875"
"190932","2.09375","2.09375","2.09375"
"190954","2.484375","2.484375","2.484375"
"190984","2.0625","2.0625","2.0625"
"190995","2.28125","2.28125","2.28125"
"191145","2.078125","2.078125","2.078125"
"191147","2.296875","2.296875","2.296875"
"191185","2.1875","2.1875","2.1875"
"191209","2.15625","2.15625","2.15625"
"191229","2.28125","2.28125","2.28125"
"191262","1.8828125","1.8828125","1.8828125"
"191280","2.4375","2.4375","2.4375"
"191303","2.171875","2.171875","2.171875"
"191348","2.3125","2.3125","2.3125"
"191384","2.15625","2.15625","2.15625"
"191428","2.046875","2.046875","2.046875"
"191437","2.25","2.25","2.25"
"191482","1.8203125","1.8203125","1.8203125"
"191499","2.203125","2.203125","2.203125"
"191518","2.0625","2.0625","2.0625"
"191532","2.0625","2.0625","2.0625"
"191564","2.125","2.125","2.125"
"191612","2.234375","2.234375","2.234375"
"191633","2.0625","2.0625","2.0625"
"191652","2.28125","2.28125","2.28125"
"191705","2.03125","2.03125","2.03125"
"191707","1.890625","1.890625","1.890625"
"191761","2.28125","2.28125","2.28125"
"191763","2.484375","2.484375","2.484375"
"191776","2.515625","2.515625","2.515625"
"191783","1.859375","1.859375","1.859375"
"191794","2.265625","2.265625","2.265625"
"191795","2.203125","2.203125","2.203125"
"191844","2","2","2"
"191879","2.265625","2.265625","2.265625"
"191904","2.0625","2.0625","2.0625"
"191909","2.359375","2.359375","2.359375"
"191917","2.28125","2.28125","2.28125"
"191989","2.296875","2.296875","2.296875"
"192001","2.28125","2.28125","2.28125"
"192005","2.078125","2.078125","2.078125"
"192026","2.1875","2.1875","2.1875"
"192035","1.9765625","1.9765625","1.9765625"
"192036","2.03125","2.03125","2.03125"
"192062","2.46875","2.46875","2.46875"
"192071","2.1875","2.1875","2.1875"
"192074","2.203125","2.203125","2.203125"
"192094","2.0625","2.0625","2.0625"
"192112","2.078125","2.078125","2.078125"
"192115","1.8515625","1.8515625","1.8515625"
"192127","2.375","2.375","2.375"
"192144","1.8359375","1.8359375","1.8359375"
"192213","2.375","2.375","2.375"
"192222","2.421875","2.421875","2.421875"
"192226","2.390625","2.390625","2.390625"
"192228","2.21875","2.21875","2.21875"
"192247","2.078125","2.078125","2.078125"
"192281","2.125","2.125","2.125"
"192320","2.25","2.25","2.25"
"192342","2.046875","2.046875","2.046875"
"192355","2.046875","2.046875","2.046875"
"192422","1.9453125","1.9453125","1.9453125"
"192432","2.171875","2.171875","2.171875"
"192452","2.390625","2.390625","2.390625"
"192457","2.453125","2.453125","2.453125"
"192468","2.34375","2.34375","2.34375"
"192486","2.078125","2.078125","2.078125"
"192493","2.34375","2.34375","2.34375"
"192513","2.078125","2.078125","2.078125"
"192609","2.234375","2.234375","2.234375"
"192632","2.46875","2.46875","2.46875"
"192682","2.40625","2.40625","2.40625"
"192741","2.140625","2.140625","2.140625"
"192753","2.3125","2.3125","2.3125"
"192759","2.125","2.125","2.125"
"192766","2.3125","2.3125","2.3125"
"192785","1.90625","1.90625","1.90625"
"192805","2.359375","2.359375","2.359375"
"192830","2.5","2.5","2.5"
"192854","2.125","2.125","2.125"
"192858","2.203125","2.203125","2.203125"
"192876","2.03125","2.03125","2.03125"
"192882","2.171875","2.171875","2.171875"
"192935","1.859375","1.859375","1.859375"
"192941","2.328125","2.328125","2.328125"
"192956","2.109375","2.109375","2.109375"
"192973","2.25","2.25","2.25"
"193040","1.953125","1.953125","1.953125"
"193062","2.015625","2.015625","2.015625"
"193078","1.796875","1.796875","1.796875"
"193121","2.0625","2.0625","2.0625"
"193124","1.8671875","1.8671875","1.8671875"
"193177","2.125","2.125","2.125"
"193265","2.25","2.25","2.25"
"193310","2.171875","2.171875","2.171875"
"193388","2.015625","2.015625","2.015625"
"193393","1.9921875","1.9921875","1.9921875"
"193431","2.171875","2.171875","2.171875"
"193435","1.796875","1.796875","1.796875"
"193445","2.15625","2.15625","2.15625"
"193467","2.078125","2.078125","2.078125"
"193523","2.140625","2.140625","2.140625"
"193548","2.484375","2.484375","2.484375"
"193596","2.40625","2.40625","2.40625"
"193623","2.25","2.25","2.25"
"193637","2.265625","2.265625","2.265625"
"193665","2","2","2"
"193685","2.21875","2.21875","2.21875"
"193692","1.9140625","1.9140625","1.9140625"
"193697","1.953125","1.953125","1.953125"
"193724","2.359375","2.359375","2.359375"
"193729","2.25","2.25","2.25"
"193743","1.8984375","1.8984375","1.8984375"
"193768","1.9765625","1.9765625","1.9765625"
"193793","2.203125","2.203125","2.203125"
"193822","2.453125","2.453125","2.453125"
"193836","2","2","2"
"193861","2.421875","2.421875","2.421875"
"193867","1.9765625","1.9765625","1.9765625"
"193868","2.21875","2.21875","2.21875"
"193891","2.171875","2.171875","2.171875"
"193953","2.375","2.375","2.375"
"194011","2.171875","2.171875","2.171875"
"194024","2.34375","2.34375","2.34375"
"194032","1.796875","1.796875","1.796875"
"194068","2.0625","2.0625","2.0625"
"194094","2.125","2.125","2.125"
"194130","1.796875","1.796875","1.796875"
"194161","2.203125","2.203125","2.203125"
"194272","1.71875","1.71875","1.71875"
"194295","1.9609375","1.9609375","1.9609375"
"194301","2.234375","2.234375","2.234375"
"194303","2.125","2.125","2.125"
"194310","2.3125","2.3125","2.3125"
"194321","2.203125","2.203125","2.203125"
"194344","2.375","2.375","2.375"
"194353","2.328125","2.328125","2.328125"
"194357","2.234375","2.234375","2.234375"
"194403","2.3125","2.3125","2.3125"
"194422","2.25","2.25","2.25"
"194465","2.015625","2.015625","2.015625"
"194481","2.3125","2.3125","2.3125"
"194504","2.453125","2.453125","2.453125"
"194531","1.921875","1.921875","1.921875"
"194547","2.109375","2.109375","2.109375"
"194560","2.21875","2.21875","2.21875"
"194591","2.21875","2.21875","2.21875"
"194599","2.078125","2.078125","2.078125"
"194632","2.03125","2.03125","2.03125"
"194652","2.09375","2.09375","2.09375"
"194660","2.53125","2.53125","2.53125"
"194669","2.46875","2.46875","2.46875"
"194692","2.296875","2.296875","2.296875"
"194750","1.9453125","1.9453125","1.9453125"
"194779","2.21875","2.21875","2.21875"
"194791","1.9609375","1.9609375","1.9609375"
"194797","2.53125","2.53125","2.53125"
"194800","2.34375","2.34375","2.34375"
"194805","2.203125","2.203125","2.203125"
"194821","2.453125","2.453125","2.453125"
"194872","2.1875","2.1875","2.1875"
"194945","2","2","2"
"194962","2.28125","2.28125","2.28125"
"194967","2.4375","2.4375","2.4375"
"194982","2.25","2.25","2.25"
"194997","2.15625","2.15625","2.15625"
"194998","2.046875","2.046875","2.046875"
"195001","1.90625","1.90625","1.90625"
"195035","2.234375","2.234375","2.234375"
"195073","1.828125","1.828125","1.828125"
"195080","2.03125","2.03125","2.03125"
"195085","1.8515625","1.8515625","1.8515625"
"195094","2.109375","2.109375","2.109375"
"195184","2.40625","2.40625","2.40625"
"195186","2.015625","2.015625","2.015625"
"195220","2.234375","2.234375","2.234375"
"195238","2.0625","2.0625","2.0625"
"195334","2.40625","2.40625","2.40625"
"195346","2.3125","2.3125","2.3125"
"195359","2.09375","2.09375","2.09375"
"195412","2.375","2.375","2.375"
"195452","2.4375","2.4375","2.4375"
"195453","2.25","2.25","2.25"
"195473","2.1875","2.1875","2.1875"
"195490","2.25","2.25","2.25"
"195504","1.9921875","1.9921875","1.9921875"
"195538","2.390625","2.390625","2.390625"
"195624","1.890625","1.890625","1.890625"
"195627","2.03125","2.03125","2.03125"
"195686","2.171875","2.171875","2.171875"
"195692","2.03125","2.03125","2.03125"
"195695","1.9765625","1.9765625","1.9765625"
"195715","2.234375","2.234375","2.234375"
"195724","2","2","2"
"195755","2.078125","2.078125","2.078125"
"195758","2.203125","2.203125","2.203125"
"195760","1.9765625","1.9765625","1.9765625"
"195761","2.65625","2.65625","2.65625"
"195789","2.28125","2.28125","2.28125"
"195802","2.234375","2.234375","2.234375"
"195833","2.078125","2.078125","2.078125"
"195877","2.34375","2.34375","2.34375"
"195887","2.265625","2.265625","2.265625"
"195908","2.234375","2.234375","2.234375"
"195934","2.0625","2.0625","2.0625"
"195955","2.21875","2.21875","2.21875"
"195957","2.140625","2.140625","2.140625"
"195975","2.0625","2.0625","2.0625"
"196006","2.046875","2.046875","2.046875"
"196039","2.09375","2.09375","2.09375"
"196079","1.9296875","1.9296875","1.9296875"
"196109","1.984375","1.984375","1.984375"
"196125","2.359375","2.359375","2.359375"
"196126","2.21875","2.21875","2.21875"
"196187","2.015625","2.015625","2.015625"
"196194","1.890625","1.890625","1.890625"
"196216","2.0625","2.0625","2.0625"
"196248","2.25","2.25","2.25"
"196296","2.203125","2.203125","2.203125"
"196330","2.265625","2.265625","2.265625"
"196401","2.140625","2.140625","2.140625"
"196423","2.015625","2.015625","2.015625"
"196435","2.109375","2.109375","2.109375"
"196471","2.0625","2.0625","2.0625"
"196517","2.34375","2.34375","2.34375"
"196537","2.0625","2.0625","2.0625"
"196544","2.390625","2.390625","2.390625"
"196547","2.21875","2.21875","2.21875"
"196600","2.1875","2.1875","2.1875"
"196655","2.15625","2.15625","2.15625"
"196666","2.265625","2.265625","2.265625"
"196678","2.5625","2.5625","2.5625"
"196679","2.0625","2.0625","2.0625"
"196699","2.09375","2.09375","2.09375"
"196713","2.6875","2.6875","2.6875"
"196714","2.203125","2.203125","2.203125"
"196733","2.390625","2.390625","2.390625"
"196769","2.0625","2.0625","2.0625"
"196788","2.125","2.125","2.125"
"196791","1.921875","1.921875","1.921875"
"196849","2.03125","2.03125","2.03125"
"196850","1.96875","1.96875","1.96875"
"196861","2.21875","2.21875","2.21875"
"196878","2.21875","2.21875","2.21875"
"196931","2.46875","2.46875","2.46875"
"196937","1.9453125","1.9453125","1.9453125"
"196940","2.03125","2.03125","2.03125"
"196946","2.4375","2.4375","2.4375"
"196951","2.296875","2.296875","2.296875"
"197066","2.15625","2.15625","2.15625"
"197074","2.390625","2.390625","2.390625"
"197111","2.171875","2.171875","2.171875"
"197112","2.390625","2.390625","2.390625"
"197139","2.21875","2.21875","2.21875"
"197192","2.265625","2.265625","2.265625"
"197251","1.8984375","1.8984375","1.8984375"
"197292","2.390625","2.390625","2.390625"
"197307","1.8203125","1.8203125","1.8203125"
"197309","2.15625","2.15625","2.15625"
"197356","2.328125","2.328125","2.328125"
"197375","2.078125","2.078125","2.078125"
"197387","2.359375","2.359375","2.359375"
"197418","2.296875","2.296875","2.296875"
"197473","2.28125","2.28125","2.28125"
"197504","2.171875","2.171875","2.171875"
"197508","2.25","2.25","2.25"
"197511","2.328125","2.328125","2.328125"
"197569","2.140625","2.140625","2.140625"
"197580","1.90625","1.90625","1.90625"
"197599","2.203125","2.203125","2.203125"
"197623","2.453125","2.453125","2.453125"
"197694","2.234375","2.234375","2.234375"
"197712","2.03125","2.03125","2.03125"
"197719","2.328125","2.328125","2.328125"
"197730","2.265625","2.265625","2.265625"
"197811","2.21875","2.21875","2.21875"
"197860","2.078125","2.078125","2.078125"
"197890","2.15625","2.15625","2.15625"
"197898","2.171875","2.171875","2.171875"
"197921","2.34375","2.34375","2.34375"
"197945","2.03125","2.03125","2.03125"
"197967","2.109375","2.109375","2.109375"
"197987","2.484375","2.484375","2.484375"
"198014","2.15625","2.15625","2.15625"
"198016","2.375","2.375","2.375"
"198063","2.359375","2.359375","2.359375"
"198092","2.25","2.25","2.25"
"198112","1.9609375","1.9609375","1.9609375"
"198181","2.0625","2.0625","2.0625"
"198182","2.109375","2.109375","2.109375"
"198202","2.40625","2.40625","2.40625"
"198204","2.203125","2.203125","2.203125"
"198206","2.078125","2.078125","2.078125"
"198211","2.171875","2.171875","2.171875"
"198255","2.390625","2.390625","2.390625"
"198272","2.125","2.125","2.125"
"198277","1.984375","1.984375","1.984375"
"198299","2.171875","2.171875","2.171875"
"198310","2.125","2.125","2.125"
"198351","2.4375","2.4375","2.4375"
"198356","1.9921875","1.9921875","1.9921875"
"198357","2.1875","2.1875","2.1875"
"198378","2.203125","2.203125","2.203125"
"198390","2.296875","2.296875","2.296875"
"198395","2.765625","2.765625","2.765625"
"198398","2.234375","2.234375","2.234375"
"198433","1.953125","1.953125","1.953125"
"198470","2.1875","2.1875","2.1875"
"198490","2.171875","2.171875","2.171875"
"198505","2.3125","2.3125","2.3125"
"198526","2.296875","2.296875","2.296875"
"198536","2.4375","2.4375","2.4375"
"198563","2.015625","2.015625","2.015625"
"198575","2.265625","2.265625","2.265625"
"198600","2.265625","2.265625","2.265625"
"198614","2.40625","2.40625","2.40625"
"198626","2.265625","2.265625","2.265625"
"198645","2.015625","2.015625","2.015625"
"198683","2.25","2.25","2.25"
"198744","1.90625","1.90625","1.90625"
"198755","2.078125","2.078125","2.078125"
"198758","2.0625","2.0625","2.0625"
"198811","1.875","1.875","1.875"
"198825","2.328125","2.328125","2.328125"
"198827","2.34375","2.34375","2.34375"
"198855","1.890625","1.890625","1.890625"
"198892","2.328125","2.328125","2.328125"
"198955","2.109375","2.109375","2.109375"
"198968","2.046875","2.046875","2.046875"
"199063","2.078125","2.078125","2.078125"
"199078","2.234375","2.234375","2.234375"
"199111","2.390625","2.390625","2.390625"
"199145","2.234375","2.234375","2.234375"
"199235","2.375","2.375","2.375"
"199237","2.46875","2.46875","2.46875"
"199258","2.296875","2.296875","2.296875"
"199269","2.546875","2.546875","2.546875"
"199327","1.8125","1.8125","1.8125"
"199369","2.078125","2.078125","2.078125"
"199436","2.515625","2.515625","2.515625"
"199467","2.09375","2.09375","2.09375"
"199515","1.8515625","1.8515625","1.8515625"
"199545","1.71875","1.71875","1.71875"
"199549","1.921875","1.921875","1.921875"
"199562","1.9453125","1.9453125","1.9453125"
"199566","2.203125","2.203125","2.203125"
"199568","2.4375","2.4375","2.4375"
"199586","1.8515625","1.8515625","1.8515625"
"199602","2.34375","2.34375","2.34375"
"199604","1.9765625","1.9765625","1.9765625"
"199619","1.84375","1.84375","1.84375"
"199621","2.046875","2.046875","2.046875"
"199644","1.96875","1.96875","1.96875"
"199645","2.359375","2.359375","2.359375"
"199661","2.015625","2.015625","2.015625"
"199673","2.140625","2.140625","2.140625"
"199674","2.125","2.125","2.125"
"199685","2","2","2"
"199718","2.21875","2.21875","2.21875"
"199758","2.078125","2.078125","2.078125"
"199804","2.09375","2.09375","2.09375"
"199827","2.078125","2.078125","2.078125"
"199828","2.234375","2.234375","2.234375"
"199853","1.8125","1.8125","1.8125"
"199873","2.015625","2.015625","2.015625"
"199911","2.234375","2.234375","2.234375"
"199928","2.03125","2.03125","2.03125"
"199939","1.9296875","1.9296875","1.9296875"
"199963","2.09375","2.09375","2.09375"
"199970","2.265625","2.265625","2.265625"
"199986","2.140625","2.140625","2.140625"
"199995","1.9453125","1.9453125","1.9453125"
"200039","2.5","2.5","2.5"
"200051","2.1875","2.1875","2.1875"
"200058","1.9296875","1.9296875","1.9296875"
"200125","1.8203125","1.8203125","1.8203125"
"200154","1.8828125","1.8828125","1.8828125"
"200197","2.1875","2.1875","2.1875"
"200208","2.375","2.375","2.375"
"200234","2.109375","2.109375","2.109375"
"200248","2.3125","2.3125","2.3125"
"200259","2.359375","2.359375","2.359375"
"200311","2.203125","2.203125","2.203125"
"200313","2.265625","2.265625","2.265625"
"200331","2.09375","2.09375","2.09375"
"200335","2.171875","2.171875","2.171875"
"200355","2.09375","2.09375","2.09375"
"200357","2.0625","2.0625","2.0625"
"200367","2.234375","2.234375","2.234375"
"200391","1.6953125","1.6953125","1.6953125"
"200394","1.8125","1.8125","1.8125"
"200406","2.125","2.125","2.125"
"200438","2.328125","2.328125","2.328125"
"200447","1.8671875","1.8671875","1.8671875"
"200456","2.390625","2.390625","2.390625"
"200460","2.21875","2.21875","2.21875"
"200479","2.34375","2.34375","2.34375"
"200481","1.8125","1.8125","1.8125"
"200486","2.28125","2.28125","2.28125"
"200500","2.09375","2.09375","2.09375"
"200551","2.078125","2.078125","2.078125"
"200552","2.109375","2.109375","2.109375"
"200558","2.15625","2.15625","2.15625"
"200563","2.25","2.25","2.25"
"200680","2.359375","2.359375","2.359375"
"200706","2","2","2"
"200783","2.390625","2.390625","2.390625"
"200942","2.046875","2.046875","2.046875"
"200943","2.359375","2.359375","2.359375"
"200945","1.8046875","1.8046875","1.8046875"
"200987","2.140625","2.140625","2.140625"
"201022","2.265625","2.265625","2.265625"
"201030","2.34375","2.34375","2.34375"
"201062","2.125","2.125","2.125"
"201119","2.375","2.375","2.375"
"201124","2.046875","2.046875","2.046875"
"201169","2.234375","2.234375","2.234375"
"201183","2.078125","2.078125","2.078125"
"201191","2.078125","2.078125","2.078125"
"201202","2.421875","2.421875","2.421875"
"201215","2.015625","2.015625","2.015625"
"201225","2.375","2.375","2.375"
"201230","2.40625","2.40625","2.40625"
"201241","2.25","2.25","2.25"
"201252","2.046875","2.046875","2.046875"
"201258","1.828125","1.828125","1.828125"
"201279","1.9453125","1.9453125","1.9453125"
"201284","1.75","1.75","1.75"
"201291","2.359375","2.359375","2.359375"
"201295","2.15625","2.15625","2.15625"
"201299","2.546875","2.546875","2.546875"
"201336","2.109375","2.109375","2.109375"
"201371","1.921875","1.921875","1.921875"
"201418","2.03125","2.03125","2.03125"
"201421","1.890625","1.890625","1.890625"
"201429","2.015625","2.015625","2.015625"
"201458","2.0625","2.0625","2.0625"
"201467","2.0625","2.0625","2.0625"
"201469","2.40625","2.40625","2.40625"
"201504","2.078125","2.078125","2.078125"
"201553","2.421875","2.421875","2.421875"
"201560","2.203125","2.203125","2.203125"
"201565","2.265625","2.265625","2.265625"
"201611","2.296875","2.296875","2.296875"
"201648","2.125","2.125","2.125"
"201657","2.09375","2.09375","2.09375"
"201658","2.140625","2.140625","2.140625"
"201692","2.109375","2.109375","2.109375"
"201698","2.390625","2.390625","2.390625"
"201737","2.46875","2.46875","2.46875"
"201746","2.21875","2.21875","2.21875"
"201784","2.1875","2.1875","2.1875"
"201788","2.140625","2.140625","2.140625"
"201806","2.28125","2.28125","2.28125"
"201885","2.359375","2.359375","2.359375"
"201920","2.0625","2.0625","2.0625"
"201947","2.1875","2.1875","2.1875"
"201963","2.40625","2.40625","2.40625"
"201981","1.8046875","1.8046875","1.8046875"
"201984","2.015625","2.015625","2.015625"
"201990","2.078125","2.078125","2.078125"
"201997","1.96875","1.96875","1.96875"
"202058","2.25","2.25","2.25"
"202077","2.21875","2.21875","2.21875"
"202112","2.1875","2.1875","2.1875"
"202145","2.28125","2.28125","2.28125"
"202325","2.28125","2.28125","2.28125"
"202382","2.328125","2.328125","2.328125"
"202386","2.171875","2.171875","2.171875"
"202420","2.53125","2.53125","2.53125"
"202423","2.171875","2.171875","2.171875"
"202426","2.09375","2.09375","2.09375"
"202440","2.453125","2.453125","2.453125"
"202463","1.96875","1.96875","1.96875"
"202471","2.03125","2.03125","2.03125"
"202487","2.328125","2.328125","2.328125"
"202494","2.21875","2.21875","2.21875"
"202498","2.453125","2.453125","2.453125"
"202543","2.296875","2.296875","2.296875"
"202551","1.7421875","1.7421875","1.7421875"
"202557","1.9140625","1.9140625","1.9140625"
"202629","2.171875","2.171875","2.171875"
"202639","2.765625","2.765625","2.765625"
"202666","2.390625","2.390625","2.390625"
"202701","2.171875","2.171875","2.171875"
"202711","2.265625","2.265625","2.265625"
"202715","2.21875","2.21875","2.21875"
"202718","2.109375","2.109375","2.109375"
"202725","2.234375","2.234375","2.234375"
"202762","2.3125","2.3125","2.3125"
"202772","2.09375","2.09375","2.09375"
"202778","2.296875","2.296875","2.296875"
"202780","2.46875","2.46875","2.46875"
"202788","2.296875","2.296875","2.296875"
"202818","2.15625","2.15625","2.15625"
"202827","2.125","2.125","2.125"
"202846","2.25","2.25","2.25"
"202893","2.046875","2.046875","2.046875"
"202898","2.15625","2.15625","2.15625"
"202913","2.109375","2.109375","2.109375"
"202917","2.125","2.125","2.125"
"202956","2.34375","2.34375","2.34375"
"202958","2.21875","2.21875","2.21875"
"202965","2.203125","2.203125","2.203125"
"202979","2.328125","2.328125","2.328125"
"202998","2.46875","2.46875","2.46875"
"203012","2.21875","2.21875","2.21875"
"203030","1.953125","1.953125","1.953125"
"203096","1.8359375","1.8359375","1.8359375"
"203124","2.1875","2.1875","2.1875"
"203125","2.28125","2.28125","2.28125"
"203165","2.40625","2.40625","2.40625"
"203208","1.84375","1.84375","1.84375"
"203214","2.21875","2.21875","2.21875"
"203267","2.015625","2.015625","2.015625"
"203271","1.9765625","1.9765625","1.9765625"
"203313","2.328125","2.328125","2.328125"
"203331","2.296875","2.296875","2.296875"
"203340","2.359375","2.359375","2.359375"
"203380","1.9375","1.9375","1.9375"
"203431","2.046875","2.046875","2.046875"
"203442","2.140625","2.140625","2.140625"
"203448","2.125","2.125","2.125"
"203459","1.984375","1.984375","1.984375"
"203468","1.9296875","1.9296875","1.9296875"
"203482","2.046875","2.046875","2.046875"
"203559","2.09375","2.09375","2.09375"
"203576","1.9609375","1.9609375","1.9609375"
"203603","2.359375","2.359375","2.359375"
"203616","1.890625","1.890625","1.890625"
"203622","2.34375","2.34375","2.34375"
"203689","2.25","2.25","2.25"
"203690","2.046875","2.046875","2.046875"
"203719","1.8671875","1.8671875","1.8671875"
"203738","1.9765625","1.9765625","1.9765625"
"203746","2","2","2"
"203797","1.9921875","1.9921875","1.9921875"
"203812","2.234375","2.234375","2.234375"
"203840","2.296875","2.296875","2.296875"
"203859","2.28125","2.28125","2.28125"
"203924","2.15625","2.15625","2.15625"
"203955","2.0625","2.0625","2.0625"
"203956","2.5625","2.5625","2.5625"
"203957","2.28125","2.28125","2.28125"
"203965","2.640625","2.640625","2.640625"
"203967","2.078125","2.078125","2.078125"
"203980","2.296875","2.296875","2.296875"
"203987","2.4375","2.4375","2.4375"
"203990","2.140625","2.140625","2.140625"
"204011","1.984375","1.984375","1.984375"
"204049","2.3125","2.3125","2.3125"
"204188","1.8125","1.8125","1.8125"
"204190","1.921875","1.921875","1.921875"
"204195","2.171875","2.171875","2.171875"
"204215","2.140625","2.140625","2.140625"
"204220","1.8203125","1.8203125","1.8203125"
"204222","2.5625","2.5625","2.5625"
"204236","2.046875","2.046875","2.046875"
"204268","2.203125","2.203125","2.203125"
"204304","2.046875","2.046875","2.046875"
"204347","2.328125","2.328125","2.328125"
"204369","1.9765625","1.9765625","1.9765625"
"204374","2.4375","2.4375","2.4375"
"204399","1.9375","1.9375","1.9375"
"204415","1.921875","1.921875","1.921875"
"204437","2.109375","2.109375","2.109375"
"204458","2.109375","2.109375","2.109375"
"204472","2.34375","2.34375","2.34375"
"204475","2.25","2.25","2.25"
"204506","2.46875","2.46875","2.46875"
"204509","2.375","2.375","2.375"
"204535","2.390625","2.390625","2.390625"
"204543","2.28125","2.28125","2.28125"
"204544","1.96875","1.96875","1.96875"
"204572","2.1875","2.1875","2.1875"
"204615","2.15625","2.15625","2.15625"
"204616","2.046875","2.046875","2.046875"
"204634","1.9609375","1.9609375","1.9609375"
"204677","2.203125","2.203125","2.203125"
"204758","2.25","2.25","2.25"
"204782","1.9296875","1.9296875","1.9296875"
"204794","2.265625","2.265625","2.265625"
"204807","2.078125","2.078125","2.078125"
"204823","2.03125","2.03125","2.03125"
"204827","2.234375","2.234375","2.234375"
"204832","1.9765625","1.9765625","1.9765625"
"204888","2.125","2.125","2.125"
"204911","2.515625","2.515625","2.515625"
"204922","2.140625","2.140625","2.140625"
"204939","2.140625","2.140625","2.140625"
"204999","2.203125","2.203125","2.203125"
"205012","1.890625","1.890625","1.890625"
"205026","2.125","2.125","2.125"
"205144","2.078125","2.078125","2.078125"
"205149","2.15625","2.15625","2.15625"
"205164","2.140625","2.140625","2.140625"
"205169","2.296875","2.296875","2.296875"
"205192","2.328125","2.328125","2.328125"
"205204","2.265625","2.265625","2.265625"
"205214","2.390625","2.390625","2.390625"
"205217","2.28125","2.28125","2.28125"
"205222","2.28125","2.28125","2.28125"
"205230","1.890625","1.890625","1.890625"
"205239","2.296875","2.296875","2.296875"
"205318","2.078125","2.078125","2.078125"
"205329","2.3125","2.3125","2.3125"
"205348","2.28125","2.28125","2.28125"
"205350","2.046875","2.046875","2.046875"
"205354","1.9453125","1.9453125","1.9453125"
"205356","2.078125","2.078125","2.078125"
"205376","2.21875","2.21875","2.21875"
"205392","2.09375","2.09375","2.09375"
"205395","2.15625","2.15625","2.15625"
"205396","2.171875","2.171875","2.171875"
"205413","2.265625","2.265625","2.265625"
"205427","2.3125","2.3125","2.3125"
"205444","2.21875","2.21875","2.21875"
"205455","2","2","2"
"205460","2.53125","2.53125","2.53125"
"205466","2.4375","2.4375","2.4375"
"205518","2.25","2.25","2.25"
"205537","2.015625","2.015625","2.015625"
"205552","2.21875","2.21875","2.21875"
"205566","1.8125","1.8125","1.8125"
"205593","2.453125","2.453125","2.453125"
"205640","1.9921875","1.9921875","1.9921875"
"205643","2.296875","2.296875","2.296875"
"205661","2.140625","2.140625","2.140625"
"205688","2.375","2.375","2.375"
"205716","2.625","2.625","2.625"
"205718","2.015625","2.015625","2.015625"
"205727","2.390625","2.390625","2.390625"
"205730","2.25","2.25","2.25"
"205759","2.25","2.25","2.25"
"205876","1.9765625","1.9765625","1.9765625"
"205914","2","2","2"
"205934","2.03125","2.03125","2.03125"
"205942","2.09375","2.09375","2.09375"
"205954","2.453125","2.453125","2.453125"
"206007","2.28125","2.28125","2.28125"
"206009","2.203125","2.203125","2.203125"
"206041","2.140625","2.140625","2.140625"
"206050","2.328125","2.328125","2.328125"
"206076","2.421875","2.421875","2.421875"
"206122","2.28125","2.28125","2.28125"
"206157","2.0625","2.0625","2.0625"
"206178","1.8671875","1.8671875","1.8671875"
"206273","2.3125","2.3125","2.3125"
"206318","1.9921875","1.9921875","1.9921875"
"206356","2.171875","2.171875","2.171875"
"206366","2.328125","2.328125","2.328125"
"206374","1.8515625","1.8515625","1.8515625"
"206382","2.109375","2.109375","2.109375"
"206407","2.171875","2.171875","2.171875"
"206420","2.078125","2.078125","2.078125"
"206443","1.9296875","1.9296875","1.9296875"
"206451","2.265625","2.265625","2.265625"
"206468","2.171875","2.171875","2.171875"
"206500","2.109375","2.109375","2.109375"
"206549","2.328125","2.328125","2.328125"
"206583","2.125","2.125","2.125"
"206600","1.9453125","1.9453125","1.9453125"
"206615","2.375","2.375","2.375"
"206676","2.1875","2.1875","2.1875"
"206714","2.21875","2.21875","2.21875"
"206721","2.171875","2.171875","2.171875"
"206733","2.09375","2.09375","2.09375"
"206752","2.3125","2.3125","2.3125"
"206801","2.28125","2.28125","2.28125"
"206802","2.046875","2.046875","2.046875"
"206859","2.375","2.375","2.375"
"206869","1.96875","1.96875","1.96875"
"206874","2.40625","2.40625","2.40625"
"206879","2.25","2.25","2.25"
"206924","2.3125","2.3125","2.3125"
"206941","2.328125","2.328125","2.328125"
"206962","2.046875","2.046875","2.046875"
"207086","2.34375","2.34375","2.34375"
"207107","2.109375","2.109375","2.109375"
"207172","2.03125","2.03125","2.03125"
"207207","2.0625","2.0625","2.0625"
"207216","2.296875","2.296875","2.296875"
"207244","2.4375","2.4375","2.4375"
"207255","2.34375","2.34375","2.34375"
"207259","2.390625","2.390625","2.390625"
"207277","2.359375","2.359375","2.359375"
"207289","1.8359375","1.8359375","1.8359375"
"207292","1.8671875","1.8671875","1.8671875"
"207305","2.140625","2.140625","2.140625"
"207311","1.921875","1.921875","1.921875"
"207315","2.390625","2.390625","2.390625"
"207317","2.25","2.25","2.25"
"207318","2.328125","2.328125","2.328125"
"207327","2.140625","2.140625","2.140625"
"207338","2.5","2.5","2.5"
"207343","2.5","2.5","2.5"
"207352","1.9375","1.9375","1.9375"
"207374","2.21875","2.21875","2.21875"
"207384","1.9453125","1.9453125","1.9453125"
"207391","2.1875","2.1875","2.1875"
"207474","2.1875","2.1875","2.1875"
"207475","2.203125","2.203125","2.203125"
"207476","2.140625","2.140625","2.140625"
"207504","2.3125","2.3125","2.3125"
"207557","2.296875","2.296875","2.296875"
"207561","2.359375","2.359375","2.359375"
"207569","2.375","2.375","2.375"
"207587","2.34375","2.34375","2.34375"
"207593","2.4375","2.4375","2.4375"
"207606","2.171875","2.171875","2.171875"
"207607","1.9921875","1.9921875","1.9921875"
"207631","2.296875","2.296875","2.296875"
"207635","2.046875","2.046875","2.046875"
"207680","2.109375","2.109375","2.109375"
"207728","2.078125","2.078125","2.078125"
"207784","2.421875","2.421875","2.421875"
"207821","2.21875","2.21875","2.21875"
"207887","1.890625","1.890625","1.890625"
"207906","2.109375","2.109375","2.109375"
"207925","2.390625","2.390625","2.390625"
"207929","2.109375","2.109375","2.109375"
"207943","2.015625","2.015625","2.015625"
"207945","2.046875","2.046875","2.046875"
"207984","2.1875","2.1875","2.1875"
"207988","2.046875","2.046875","2.046875"
"207994","2.078125","2.078125","2.078125"
"207999","2.171875","2.171875","2.171875"
"208054","2.328125","2.328125","2.328125"
"208075","2.3125","2.3125","2.3125"
"208080","2.390625","2.390625","2.390625"
"208127","2.046875","2.046875","2.046875"
"208219","2.15625","2.15625","2.15625"
"208220","2.171875","2.171875","2.171875"
"208252","2.015625","2.015625","2.015625"
"208286","2.1875","2.1875","2.1875"
"208321","1.953125","1.953125","1.953125"
"208327","2.640625","2.640625","2.640625"
"208329","2.34375","2.34375","2.34375"
"208334","1.9453125","1.9453125","1.9453125"
"208338","2.203125","2.203125","2.203125"
"208354","2.03125","2.03125","2.03125"
"208361","1.9921875","1.9921875","1.9921875"
"208394","1.7421875","1.7421875","1.7421875"
"208396","2.0625","2.0625","2.0625"
"208415","2.328125","2.328125","2.328125"
"208421","2.390625","2.390625","2.390625"
"208478","1.8984375","1.8984375","1.8984375"
"208535","1.734375","1.734375","1.734375"
"208540","1.6953125","1.6953125","1.6953125"
"208553","2.53125","2.53125","2.53125"
"208556","2.109375","2.109375","2.109375"
"208572","2.28125","2.28125","2.28125"
"208587","2.28125","2.28125","2.28125"
"208596","2.03125","2.03125","2.03125"
"208601","2.0625","2.0625","2.0625"
"208625","2.203125","2.203125","2.203125"
"208659","2.109375","2.109375","2.109375"
"208696","1.9609375","1.9609375","1.9609375"
"208726","2.03125","2.03125","2.03125"
"208735","2.125","2.125","2.125"
"208784","2.125","2.125","2.125"
"208791","2.015625","2.015625","2.015625"
"208811","2.015625","2.015625","2.015625"
"208817","2.21875","2.21875","2.21875"
"208861","1.8984375","1.8984375","1.8984375"
"208879","2.03125","2.03125","2.03125"
"208892","1.96875","1.96875","1.96875"
"208918","2.5","2.5","2.5"
"208926","2.203125","2.203125","2.203125"
"208964","2.3125","2.3125","2.3125"
"208974","2.265625","2.265625","2.265625"
"208983","2.140625","2.140625","2.140625"
"209187","2.5","2.5","2.5"
"209204","2.703125","2.703125","2.703125"
"209221","1.8359375","1.8359375","1.8359375"
"209227","2.3125","2.3125","2.3125"
"209234","2.421875","2.421875","2.421875"
"209286","2.21875","2.21875","2.21875"
"209334","2.0625","2.0625","2.0625"
"209337","2.078125","2.078125","2.078125"
"209349","2.125","2.125","2.125"
"209527","2.203125","2.203125","2.203125"
"209535","2.125","2.125","2.125"
"209548","2.140625","2.140625","2.140625"
"209558","2.328125","2.328125","2.328125"
"209560","2.390625","2.390625","2.390625"
"209570","2.109375","2.109375","2.109375"
"209582","1.953125","1.953125","1.953125"
"209623","1.890625","1.890625","1.890625"
"209626","2.109375","2.109375","2.109375"
"209641","2.015625","2.015625","2.015625"
"209679","1.8046875","1.8046875","1.8046875"
"209719","2.28125","2.28125","2.28125"
"209727","2.09375","2.09375","2.09375"
"209739","2.015625","2.015625","2.015625"
"209752","2.265625","2.265625","2.265625"
"209788","1.9765625","1.9765625","1.9765625"
"209884","2.40625","2.40625","2.40625"
"209898","2.328125","2.328125","2.328125"
"209917","1.984375","1.984375","1.984375"
"209918","2.34375","2.34375","2.34375"
"209943","2.328125","2.328125","2.328125"
"209952","1.9140625","1.9140625","1.9140625"
"209955","2.234375","2.234375","2.234375"
"209983","1.6640625","1.6640625","1.6640625"
"209991","2.515625","2.515625","2.515625"
"210002","2.125","2.125","2.125"
"210047","2.109375","2.109375","2.109375"
"210054","1.8984375","1.8984375","1.8984375"
"210081","2.078125","2.078125","2.078125"
"210087","2.046875","2.046875","2.046875"
"210105","2.203125","2.203125","2.203125"
"210138","1.953125","1.953125","1.953125"
"210163","2.109375","2.109375","2.109375"
"210172","2.296875","2.296875","2.296875"
"210191","2.140625","2.140625","2.140625"
"210200","2.21875","2.21875","2.21875"
"210215","2.328125","2.328125","2.328125"
"210225","2.21875","2.21875","2.21875"
"210228","2.359375","2.359375","2.359375"
"210296","2.265625","2.265625","2.265625"
"210332","2.328125","2.328125","2.328125"
"210344","2.34375","2.34375","2.34375"
"210376","2.234375","2.234375","2.234375"
"210377","2.265625","2.265625","2.265625"
"210392","2.09375","2.09375","2.09375"
"210399","2.359375","2.359375","2.359375"
"210406","2.375","2.375","2.375"
"210427","1.9609375","1.9609375","1.9609375"
"210450","2.078125","2.078125","2.078125"
"210455","2.265625","2.265625","2.265625"
"210465","2.171875","2.171875","2.171875"
"210486","2.4375","2.4375","2.4375"
"210507","2.109375","2.109375","2.109375"
"210564","2.296875","2.296875","2.296875"
"210577","2.109375","2.109375","2.109375"
"210581","2.09375","2.09375","2.09375"
"210601","1.890625","1.890625","1.890625"
"210603","2.328125","2.328125","2.328125"
"210607","2.15625","2.15625","2.15625"
"210619","2.0625","2.0625","2.0625"
"210622","1.8828125","1.8828125","1.8828125"
"210634","2.078125","2.078125","2.078125"
"210659","2.046875","2.046875","2.046875"
"210677","2.078125","2.078125","2.078125"
"210682","1.8203125","1.8203125","1.8203125"
"210713","2.1875","2.1875","2.1875"
"210734","2.3125","2.3125","2.3125"
"210740","2.265625","2.265625","2.265625"
"210754","2.25","2.25","2.25"
"210814","2.484375","2.484375","2.484375"
"210825","2.390625","2.390625","2.390625"
"210831","1.953125","1.953125","1.953125"
"210864","2.125","2.125","2.125"
"210875","2.171875","2.171875","2.171875"
"210900","2.046875","2.046875","2.046875"
"210925","2.265625","2.265625","2.265625"
"210948","2.25","2.25","2.25"
"211033","2.15625","2.15625","2.15625"
"211036","2.21875","2.21875","2.21875"
"211041","2.125","2.125","2.125"
"211120","1.84375","1.84375","1.84375"
"211161","2.234375","2.234375","2.234375"
"211180","1.9140625","1.9140625","1.9140625"
"211202","2.234375","2.234375","2.234375"
"211226","2.15625","2.15625","2.15625"
"211227","2.34375","2.34375","2.34375"
"211284","2.0625","2.0625","2.0625"
"211296","2.15625","2.15625","2.15625"
"211307","1.96875","1.96875","1.96875"
"211311","1.9375","1.9375","1.9375"
"211320","2.0625","2.0625","2.0625"
"211342","2.34375","2.34375","2.34375"
"211388","2.171875","2.171875","2.171875"
"211391","2.265625","2.265625","2.265625"
"211417","2.09375","2.09375","2.09375"
"211431","2.109375","2.109375","2.109375"
"211453","2","2","2"
"211461","1.90625","1.90625","1.90625"
"211466","2.1875","2.1875","2.1875"
"211469","2.15625","2.15625","2.15625"
"211485","2.078125","2.078125","2.078125"
"211488","2.171875","2.171875","2.171875"
"211509","2.109375","2.109375","2.109375"
"211518","2.171875","2.171875","2.171875"
"211538","2.03125","2.03125","2.03125"
"211630","2.234375","2.234375","2.234375"
"211638","2.25","2.25","2.25"
"211676","1.9453125","1.9453125","1.9453125"
"211708","2.015625","2.015625","2.015625"
"211775","2.015625","2.015625","2.015625"
"211789","1.7578125","1.7578125","1.7578125"
"211800","2.109375","2.109375","2.109375"
"211810","2.375","2.375","2.375"
"211876","2.1875","2.1875","2.1875"
"211881","2.421875","2.421875","2.421875"
"211891","2.09375","2.09375","2.09375"
"211954","2.078125","2.078125","2.078125"
"211965","2.375","2.375","2.375"
"212024","2.390625","2.390625","2.390625"
"212025","2.140625","2.140625","2.140625"
"212026","2.578125","2.578125","2.578125"
"212100","2.171875","2.171875","2.171875"
"212133","2.453125","2.453125","2.453125"
"212140","2.203125","2.203125","2.203125"
"212166","2.140625","2.140625","2.140625"
"212178","1.8046875","1.8046875","1.8046875"
"212236","1.953125","1.953125","1.953125"
"212253","2.234375","2.234375","2.234375"
"212291","2.046875","2.046875","2.046875"
"212297","2.0625","2.0625","2.0625"
"212298","2.078125","2.078125","2.078125"
"212326","2.203125","2.203125","2.203125"
"212331","2.140625","2.140625","2.140625"
"212334","2.0625","2.0625","2.0625"
"212354","2.171875","2.171875","2.171875"
"212367","1.8125","1.8125","1.8125"
"212373","2.265625","2.265625","2.265625"
"212421","1.828125","1.828125","1.828125"
"212472","1.984375","1.984375","1.984375"
"212489","2.390625","2.390625","2.390625"
"212517","2.25","2.25","2.25"
"212531","2.296875","2.296875","2.296875"
"212539","2.21875","2.21875","2.21875"
"212568","2.625","2.625","2.625"
"212575","2.046875","2.046875","2.046875"
"212581","1.9921875","1.9921875","1.9921875"
"212591","2.390625","2.390625","2.390625"
"212609","2.125","2.125","2.125"
"212614","2.078125","2.078125","2.078125"
"212622","1.9140625","1.9140625","1.9140625"
"212623","2.015625","2.015625","2.015625"
"212626","1.8125","1.8125","1.8125"
"212630","1.984375","1.984375","1.984375"
"212697","2.109375","2.109375","2.109375"
"212735","2.125","2.125","2.125"
"212736","2.078125","2.078125","2.078125"
"212740","2.125","2.125","2.125"
"212743","2.390625","2.390625","2.390625"
"212748","2.328125","2.328125","2.328125"
"212750","2.0625","2.0625","2.0625"
"212770","1.9609375","1.9609375","1.9609375"
"212778","2.25","2.25","2.25"
"212824","1.8828125","1.8828125","1.8828125"
"212831","2.203125","2.203125","2.203125"
"212838","2.515625","2.515625","2.515625"
"212860","1.8828125","1.8828125","1.8828125"
"212887","2.15625","2.15625","2.15625"
"212891","2.453125","2.453125","2.453125"
"212892","2.578125","2.578125","2.578125"
"212947","1.9296875","1.9296875","1.9296875"
"212954","1.96875","1.96875","1.96875"
"212978","2.09375","2.09375","2.09375"
"212980","2.390625","2.390625","2.390625"
"212992","1.8046875","1.8046875","1.8046875"
"212998","2.390625","2.390625","2.390625"
"213014","2.5","2.5","2.5"
"213041","2.078125","2.078125","2.078125"
"213069","2.296875","2.296875","2.296875"
"213071","2.125","2.125","2.125"
"213102","1.7734375","1.7734375","1.7734375"
"213118","1.828125","1.828125","1.828125"
"213136","2.09375","2.09375","2.09375"
"213142","2.125","2.125","2.125"
"213151","2.078125","2.078125","2.078125"
"213239","2.09375","2.09375","2.09375"
"213274","2.203125","2.203125","2.203125"
"213304","2.3125","2.3125","2.3125"
"213356","2.625","2.625","2.625"
"213365","1.984375","1.984375","1.984375"
"213375","2.296875","2.296875","2.296875"
"213396","1.921875","1.921875","1.921875"
"213408","2.015625","2.015625","2.015625"
"213429","2.203125","2.203125","2.203125"
"213441","1.8515625","1.8515625","1.8515625"
"213480","1.9140625","1.9140625","1.9140625"
"213562","2.28125","2.28125","2.28125"
"213592","2.21875","2.21875","2.21875"
"213601","2.03125","2.03125","2.03125"
"213618","2.1875","2.1875","2.1875"
"213627","2.25","2.25","2.25"
"213640","2.390625","2.390625","2.390625"
"213646","1.8671875","1.8671875","1.8671875"
"213661","2.484375","2.484375","2.484375"
"213673","2.125","2.125","2.125"
"213678","2.3125","2.3125","2.3125"
"213713","2.03125","2.03125","2.03125"
"213742","2.375","2.375","2.375"
"213797","2.1875","2.1875","2.1875"
"213891","1.9296875","1.9296875","1.9296875"
"213895","2.125","2.125","2.125"
"213928","2.359375","2.359375","2.359375"
"213948","1.7890625","1.7890625","1.7890625"
"214017","2.328125","2.328125","2.328125"
"214043","2.140625","2.140625","2.140625"
"214060","2.28125","2.28125","2.28125"
"214068","1.921875","1.921875","1.921875"
"214084","2.0625","2.0625","2.0625"
"214094","2.390625","2.390625","2.390625"
"214100","2.515625","2.515625","2.515625"
"214107","2.296875","2.296875","2.296875"
"214128","2.40625","2.40625","2.40625"
"214131","1.84375","1.84375","1.84375"
"214132","2.140625","2.140625","2.140625"
"214137","2.015625","2.015625","2.015625"
"214178","2.078125","2.078125","2.078125"
"214186","2.203125","2.203125","2.203125"
"214217","2.1875","2.1875","2.1875"
"214282","2.015625","2.015625","2.015625"
"214294","2.28125","2.28125","2.28125"
"214405","1.9296875","1.9296875","1.9296875"
"214408","2.09375","2.09375","2.09375"
"214440","2.265625","2.265625","2.265625"
"214444","2.296875","2.296875","2.296875"
"214456","2.09375","2.09375","2.09375"
"214487","2.21875","2.21875","2.21875"
"214496","2","2","2"
"214505","2.125","2.125","2.125"
"214551","2.21875","2.21875","2.21875"
"214562","2.0625","2.0625","2.0625"
"214575","2.453125","2.453125","2.453125"
"214582","2","2","2"
"214631","2.21875","2.21875","2.21875"
"214654","2","2","2"
"214720","2.1875","2.1875","2.1875"
"214746","2.265625","2.265625","2.265625"
"214750","2.375","2.375","2.375"
"214783","2.171875","2.171875","2.171875"
"214845","2.046875","2.046875","2.046875"
"214853","1.8359375","1.8359375","1.8359375"
"214879","2.0625","2.0625","2.0625"
"214880","2.234375","2.234375","2.234375"
"214914","2.21875","2.21875","2.21875"
"214920","2.265625","2.265625","2.265625"
"214949","2.078125","2.078125","2.078125"
"214980","2.203125","2.203125","2.203125"
"214993","1.953125","1.953125","1.953125"
"215002","2.09375","2.09375","2.09375"
"215023","1.9765625","1.9765625","1.9765625"
"215030","1.8125","1.8125","1.8125"
"215057","1.8359375","1.8359375","1.8359375"
"215098","2.46875","2.46875","2.46875"
"215104","2.46875","2.46875","2.46875"
"215131","2.0625","2.0625","2.0625"
"215137","2.203125","2.203125","2.203125"
"215200","2.125","2.125","2.125"
"215217","2.390625","2.390625","2.390625"
"215219","2.34375","2.34375","2.34375"
"215262","2.359375","2.359375","2.359375"
"215310","2.171875","2.171875","2.171875"
"215312","2.078125","2.078125","2.078125"
"215343","2.140625","2.140625","2.140625"
"215346","1.921875","1.921875","1.921875"
"215354","2.296875","2.296875","2.296875"
"215399","2.3125","2.3125","2.3125"
"215405","2.609375","2.609375","2.609375"
"215436","2.234375","2.234375","2.234375"
"215440","2.03125","2.03125","2.03125"
"215473","2.03125","2.03125","2.03125"
"215501","2.296875","2.296875","2.296875"
"215527","1.953125","1.953125","1.953125"
"215576","2.0625","2.0625","2.0625"
"215588","1.84375","1.84375","1.84375"
"215600","2.0625","2.0625","2.0625"
"215603","2.375","2.375","2.375"
"215624","2.015625","2.015625","2.015625"
"215646","1.890625","1.890625","1.890625"
"215650","2.265625","2.265625","2.265625"
"215693","2.359375","2.359375","2.359375"
"215699","2.203125","2.203125","2.203125"
"215712","2.328125","2.328125","2.328125"
"215721","2.15625","2.15625","2.15625"
"215725","1.9609375","1.9609375","1.9609375"
"215731","2.046875","2.046875","2.046875"
"215747","2.5625","2.5625","2.5625"
"215761","2.125","2.125","2.125"
"215796","1.96875","1.96875","1.96875"
"215805","2.09375","2.09375","2.09375"
"215808","2.078125","2.078125","2.078125"
"215830","2.515625","2.515625","2.515625"
"215847","2.28125","2.28125","2.28125"
"215855","2.125","2.125","2.125"
"215869","2.28125","2.28125","2.28125"
"215883","2.1875","2.1875","2.1875"
"215937","2.03125","2.03125","2.03125"
"215997","2.234375","2.234375","2.234375"
"216025","2.15625","2.15625","2.15625"
"216046","2.28125","2.28125","2.28125"
"216066","2.03125","2.03125","2.03125"
"216098","2.234375","2.234375","2.234375"
"216137","2.453125","2.453125","2.453125"
"216148","1.984375","1.984375","1.984375"
"216193","2.0625","2.0625","2.0625"
"216204","2.265625","2.265625","2.265625"
"216239","2.265625","2.265625","2.265625"
"216302","2","2","2"
"216387","2.125","2.125","2.125"
"216396","2.265625","2.265625","2.265625"
"216397","2.0625","2.0625","2.0625"
"216401","1.890625","1.890625","1.890625"
"216420","2.25","2.25","2.25"
"216425","2.515625","2.515625","2.515625"
"216464","2.3125","2.3125","2.3125"
"216501","2","2","2"
"216523","2.625","2.625","2.625"
"216530","2.125","2.125","2.125"
"216543","2.3125","2.3125","2.3125"
"216555","2.09375","2.09375","2.09375"
"216592","2.109375","2.109375","2.109375"
"216603","2.1875","2.1875","2.1875"
"216616","2.140625","2.140625","2.140625"
"216644","2.078125","2.078125","2.078125"
"216665","2","2","2"
"216671","2.3125","2.3125","2.3125"
"216770","2","2","2"
"216792","2.34375","2.34375","2.34375"
"216810","2.46875","2.46875","2.46875"
"216821","2.171875","2.171875","2.171875"
"216876","2.203125","2.203125","2.203125"
"216879","2","2","2"
"216912","1.8046875","1.8046875","1.8046875"
"216934","2.234375","2.234375","2.234375"
"216953","2.109375","2.109375","2.109375"
"217034","2.296875","2.296875","2.296875"
"217057","2.1875","2.1875","2.1875"
"217091","2.296875","2.296875","2.296875"
"217125","1.9765625","1.9765625","1.9765625"
"217147","2.1875","2.1875","2.1875"
"217166","2.515625","2.515625","2.515625"
"217181","1.9140625","1.9140625","1.9140625"
"217196","2.296875","2.296875","2.296875"
"217218","2.015625","2.015625","2.015625"
"217225","2.0625","2.0625","2.0625"
"217278","2.09375","2.09375","2.09375"
"217281","2.328125","2.328125","2.328125"
"217286","2.15625","2.15625","2.15625"
"217343","2.15625","2.15625","2.15625"
"217344","2.015625","2.015625","2.015625"
"217352","2.234375","2.234375","2.234375"
"217358","2.3125","2.3125","2.3125"
"217409","1.953125","1.953125","1.953125"
"217423","2.078125","2.078125","2.078125"
"217493","2.203125","2.203125","2.203125"
"217494","1.953125","1.953125","1.953125"
"217561","1.9140625","1.9140625","1.9140625"
"217570","2.109375","2.109375","2.109375"
"217585","2.328125","2.328125","2.328125"
"217644","2.03125","2.03125","2.03125"
"217667","2.0625","2.0625","2.0625"
"217774","2.171875","2.171875","2.171875"
"217780","2.171875","2.171875","2.171875"
"217787","2.203125","2.203125","2.203125"
"217792","2.0625","2.0625","2.0625"
"217816","2.125","2.125","2.125"
"217817","2.515625","2.515625","2.515625"
"217862","2.625","2.625","2.625"
"217889","2.203125","2.203125","2.203125"
"217893","2.0625","2.0625","2.0625"
"217903","2.296875","2.296875","2.296875"
"217920","2.34375","2.34375","2.34375"
"217992","2.046875","2.046875","2.046875"
"218007","2.3125","2.3125","2.3125"
"218108","2.015625","2.015625","2.015625"
"218137","2.28125","2.28125","2.28125"
"218148","2.140625","2.140625","2.140625"
"218163","2.109375","2.109375","2.109375"
"218192","2.125","2.125","2.125"
"218193","1.96875","1.96875","1.96875"
"218221","2.0625","2.0625","2.0625"
"218279","2.125","2.125","2.125"
"218323","2.03125","2.03125","2.03125"
"218337","2.609375","2.609375","2.609375"
"218345","2.203125","2.203125","2.203125"
"218360","2.171875","2.171875","2.171875"
"218452","2.25","2.25","2.25"
"218470","2.46875","2.46875","2.46875"
"218497","2.203125","2.203125","2.203125"
"218505","2.140625","2.140625","2.140625"
"218558","2.375","2.375","2.375"
"218565","2.1875","2.1875","2.1875"
"218575","1.96875","1.96875","1.96875"
"218587","2.296875","2.296875","2.296875"
"218636","2.140625","2.140625","2.140625"
"218643","2.015625","2.015625","2.015625"
"218669","2.078125","2.078125","2.078125"
"218687","2.515625","2.515625","2.515625"
"218707","2.21875","2.21875","2.21875"
"218708","2.421875","2.421875","2.421875"
"218710","2.03125","2.03125","2.03125"
"218773","1.9375","1.9375","1.9375"
"218798","1.921875","1.921875","1.921875"
"218799","2.03125","2.03125","2.03125"
"218807","2.0625","2.0625","2.0625"
"218850","2.078125","2.078125","2.078125"
"218892","1.8125","1.8125","1.8125"
"218898","1.953125","1.953125","1.953125"
"218952","2.171875","2.171875","2.171875"
"218978","2.140625","2.140625","2.140625"
"218991","2.1875","2.1875","2.1875"
"219020","2.171875","2.171875","2.171875"
"219030","2","2","2"
"219034","2.171875","2.171875","2.171875"
"219048","2.4375","2.4375","2.4375"
"219134","2.25","2.25","2.25"
"219147","2.25","2.25","2.25"
"219153","2.21875","2.21875","2.21875"
"219166","1.984375","1.984375","1.984375"
"219170","2.15625","2.15625","2.15625"
"219186","1.9140625","1.9140625","1.9140625"
"219196","2.359375","2.359375","2.359375"
"219200","2.1875","2.1875","2.1875"
"219238","2.109375","2.109375","2.109375"
"219260","2.078125","2.078125","2.078125"
"219268","2.171875","2.171875","2.171875"
"219276","2.5","2.5","2.5"
"219373","1.953125","1.953125","1.953125"
"219375","2.0625","2.0625","2.0625"
"219422","1.953125","1.953125","1.953125"
"219449","2.328125","2.328125","2.328125"
"219460","2.078125","2.078125","2.078125"
"219464","2.09375","2.09375","2.09375"
"219473","2.84375","2.84375","2.84375"
"219485","2.09375","2.09375","2.09375"
"219504","1.953125","1.953125","1.953125"
"219569","2.28125","2.28125","2.28125"
"219628","1.859375","1.859375","1.859375"
"219631","2.171875","2.171875","2.171875"
"219654","2.234375","2.234375","2.234375"
"219736","2.078125","2.078125","2.078125"
"219801","2.0625","2.0625","2.0625"
"219806","1.9453125","1.9453125","1.9453125"
"219828","1.9296875","1.9296875","1.9296875"
"219840","1.9609375","1.9609375","1.9609375"
"219865","2.125","2.125","2.125"
"219867","2.234375","2.234375","2.234375"
"219869","2.015625","2.015625","2.015625"
"219876","2.15625","2.15625","2.15625"
"219903","2.203125","2.203125","2.203125"
"219913","2.359375","2.359375","2.359375"
"219936","2.328125","2.328125","2.328125"
"219998","2.078125","2.078125","2.078125"
"220024","1.9453125","1.9453125","1.9453125"
"220039","2.25","2.25","2.25"
"220065","2.109375","2.109375","2.109375"
"220139","2.203125","2.203125","2.203125"
"220173","2.046875","2.046875","2.046875"
"220174","2.234375","2.234375","2.234375"
"220230","2.09375","2.09375","2.09375"
"220231","2.0625","2.0625","2.0625"
"220237","1.8984375","1.8984375","1.8984375"
"220242","2.140625","2.140625","2.140625"
"220267","2.140625","2.140625","2.140625"
"220300","2.5","2.5","2.5"
"220313","2.203125","2.203125","2.203125"
"220319","2.421875","2.421875","2.421875"
"220371","2.359375","2.359375","2.359375"
"220380","1.875","1.875","1.875"
"220468","1.921875","1.921875","1.921875"
"220482","2.078125","2.078125","2.078125"
"220496","1.8359375","1.8359375","1.8359375"
"220501","2.109375","2.109375","2.109375"
"220520","2.078125","2.078125","2.078125"
"220535","2.140625","2.140625","2.140625"
"220545","2.421875","2.421875","2.421875"
"220552","2.359375","2.359375","2.359375"
"220599","2.25","2.25","2.25"
"220616","2.078125","2.078125","2.078125"
"220662","1.8671875","1.8671875","1.8671875"
"220675","2.484375","2.484375","2.484375"
"220681","2.1875","2.1875","2.1875"
"220685","2.078125","2.078125","2.078125"
"220711","2.296875","2.296875","2.296875"
"220765","1.9921875","1.9921875","1.9921875"
"220814","1.828125","1.828125","1.828125"
"220815","2.078125","2.078125","2.078125"
"220846","2.359375","2.359375","2.359375"
"220847","2.21875","2.21875","2.21875"
"220858","2.125","2.125","2.125"
"220860","1.6875","1.6875","1.6875"
"220871","2.234375","2.234375","2.234375"
"220874","2.515625","2.515625","2.515625"
"220957","2.015625","2.015625","2.015625"
"220969","2.078125","2.078125","2.078125"
"221066","2.296875","2.296875","2.296875"
"221091","1.859375","1.859375","1.859375"
"221129","2.40625","2.40625","2.40625"
"221170","2.53125","2.53125","2.53125"
"221204","1.890625","1.890625","1.890625"
"221250","1.9921875","1.9921875","1.9921875"
"221293","1.890625","1.890625","1.890625"
"221311","2.109375","2.109375","2.109375"
"221318","1.984375","1.984375","1.984375"
"221339","1.96875","1.96875","1.96875"
"221346","2.28125","2.28125","2.28125"
"221415","2.203125","2.203125","2.203125"
"221480","1.90625","1.90625","1.90625"
"221486","2.375","2.375","2.375"
"221496","2.28125","2.28125","2.28125"
"221502","1.875","1.875","1.875"
"221503","2.03125","2.03125","2.03125"
"221515","2.078125","2.078125","2.078125"
"221549","2.4375","2.4375","2.4375"
"221551","2.296875","2.296875","2.296875"
"221565","2.140625","2.140625","2.140625"
"221581","2.140625","2.140625","2.140625"
"221604","2.25","2.25","2.25"
"221614","2.140625","2.140625","2.140625"
"221621","2","2","2"
"221674","2.234375","2.234375","2.234375"
"221698","2.03125","2.03125","2.03125"
"221721","2.140625","2.140625","2.140625"
"221743","2.078125","2.078125","2.078125"
"221752","1.9375","1.9375","1.9375"
"221755","2.015625","2.015625","2.015625"
"221799","2.25","2.25","2.25"
"221825","2.328125","2.328125","2.328125"
"221864","2.171875","2.171875","2.171875"
"221891","2.21875","2.21875","2.21875"
"221924","2.09375","2.09375","2.09375"
"221996","1.9921875","1.9921875","1.9921875"
"222048","2.375","2.375","2.375"
"222131","2.109375","2.109375","2.109375"
"222158","2.34375","2.34375","2.34375"
"222197","2.265625","2.265625","2.265625"
"222226","2.125","2.125","2.125"
"222228","2.25","2.25","2.25"
"222236","2.109375","2.109375","2.109375"
"222337","2.15625","2.15625","2.15625"
"222387","2.25","2.25","2.25"
"222428","2.375","2.375","2.375"
"222469","2.25","2.25","2.25"
"222511","1.921875","1.921875","1.921875"
"222518","2.328125","2.328125","2.328125"
"222559","2.1875","2.1875","2.1875"
"222564","2","2","2"
"222577","2.078125","2.078125","2.078125"
"222601","2.140625","2.140625","2.140625"
"222625","2.015625","2.015625","2.015625"
"222635","2.109375","2.109375","2.109375"
"222639","2.140625","2.140625","2.140625"
"222653","2.625","2.625","2.625"
"222657","1.8671875","1.8671875","1.8671875"
"222671","1.8515625","1.8515625","1.8515625"
"222728","2.328125","2.328125","2.328125"
"222731","2.3125","2.3125","2.3125"
"222742","1.90625","1.90625","1.90625"
"222746","2.25","2.25","2.25"
"222754","2.21875","2.21875","2.21875"
"222762","2.359375","2.359375","2.359375"
"222873","1.9140625","1.9140625","1.9140625"
"222875","2","2","2"
"222905","2.375","2.375","2.375"
"222960","2.234375","2.234375","2.234375"
"222984","2.25","2.25","2.25"
"222997","2.078125","2.078125","2.078125"
"223007","2.21875","2.21875","2.21875"
"223087","2.0625","2.0625","2.0625"
"223126","2.390625","2.390625","2.390625"
"223131","2.25","2.25","2.25"
"223146","1.9609375","1.9609375","1.9609375"
"223192","1.828125","1.828125","1.828125"
"223202","1.9765625","1.9765625","1.9765625"
"223223","2.296875","2.296875","2.296875"
"223225","2.4375","2.4375","2.4375"
"223242","1.8359375","1.8359375","1.8359375"
"223243","2.21875","2.21875","2.21875"
"223244","2.1875","2.1875","2.1875"
"223246","1.984375","1.984375","1.984375"
"223271","1.7890625","1.7890625","1.7890625"
"223290","2.28125","2.28125","2.28125"
"223302","2.03125","2.03125","2.03125"
"223306","2.0625","2.0625","2.0625"
"223327","2.296875","2.296875","2.296875"
"223331","2.34375","2.34375","2.34375"
"223332","2.5","2.5","2.5"
"223367","2.015625","2.015625","2.015625"
"223368","1.9375","1.9375","1.9375"
"223369","2.125","2.125","2.125"
"223372","2.34375","2.34375","2.34375"
"223401","1.8046875","1.8046875","1.8046875"
"223419","2.109375","2.109375","2.109375"
"223424","1.8046875","1.8046875","1.8046875"
"223487","2.484375","2.484375","2.484375"
"223512","1.9375","1.9375","1.9375"
"223518","2.03125","2.03125","2.03125"
"223589","2.203125","2.203125","2.203125"
"223595","1.9609375","1.9609375","1.9609375"
"223652","1.8203125","1.8203125","1.8203125"
"223664","1.984375","1.984375","1.984375"
"223675","2.09375","2.09375","2.09375"
"223720","2","2","2"
"223767","2.0625","2.0625","2.0625"
"223853","2.3125","2.3125","2.3125"
"223861","2.015625","2.015625","2.015625"
"223865","2.015625","2.015625","2.015625"
"223896","1.8828125","1.8828125","1.8828125"
"223932","2.046875","2.046875","2.046875"
"223959","2.15625","2.15625","2.15625"
"224084","1.859375","1.859375","1.859375"
"224137","2.28125","2.28125","2.28125"
"224210","2.28125","2.28125","2.28125"
"224233","1.984375","1.984375","1.984375"
"224239","1.9375","1.9375","1.9375"
"224256","2.46875","2.46875","2.46875"
"224295","2.171875","2.171875","2.171875"
"224304","2","2","2"
"224342","1.9921875","1.9921875","1.9921875"
"224408","2.390625","2.390625","2.390625"
"224440","2.109375","2.109375","2.109375"
"224452","2.09375","2.09375","2.09375"
"224467","2.390625","2.390625","2.390625"
"224499","2.484375","2.484375","2.484375"
"224520","2.125","2.125","2.125"
"224529","2.1875","2.1875","2.1875"
"224541","1.9765625","1.9765625","1.9765625"
"224543","2.265625","2.265625","2.265625"
"224554","2","2","2"
"224559","1.8359375","1.8359375","1.8359375"
"224568","2.578125","2.578125","2.578125"
"224573","2.265625","2.265625","2.265625"
"224645","2.15625","2.15625","2.15625"
"224664","2.140625","2.140625","2.140625"
"224667","2.109375","2.109375","2.109375"
"224668","2.1875","2.1875","2.1875"
"224693","2.140625","2.140625","2.140625"
"224737","2.09375","2.09375","2.09375"
"224750","2.0625","2.0625","2.0625"
"224769","2.203125","2.203125","2.203125"
"224790","2.3125","2.3125","2.3125"
"224815","2.1875","2.1875","2.1875"
"224851","2.015625","2.015625","2.015625"
"224862","2.28125","2.28125","2.28125"
"224939","2.125","2.125","2.125"
"224971","1.9765625","1.9765625","1.9765625"
"224972","2.4375","2.4375","2.4375"
"224994","2.203125","2.203125","2.203125"
"225026","2.40625","2.40625","2.40625"
"225070","2.390625","2.390625","2.390625"
"225131","1.6953125","1.6953125","1.6953125"
"225168","2.09375","2.09375","2.09375"
"225193","2.03125","2.03125","2.03125"
"225207","2.328125","2.328125","2.328125"
"225209","2.21875","2.21875","2.21875"
"225253","2.265625","2.265625","2.265625"
"225256","2.234375","2.234375","2.234375"
"225284","2.265625","2.265625","2.265625"
"225286","1.96875","1.96875","1.96875"
"225291","2.015625","2.015625","2.015625"
"225297","1.9140625","1.9140625","1.9140625"
"225298","1.765625","1.765625","1.765625"
"225311","2.09375","2.09375","2.09375"
"225348","2.578125","2.578125","2.578125"
"225353","2.3125","2.3125","2.3125"
"225383","2.1875","2.1875","2.1875"
"225404","2.0625","2.0625","2.0625"
"225424","2.046875","2.046875","2.046875"
"225431","2.015625","2.015625","2.015625"
"225464","2.625","2.625","2.625"
"225478","2.109375","2.109375","2.109375"
"225498","2.09375","2.09375","2.09375"
"225511","1.75","1.75","1.75"
"225520","2.25","2.25","2.25"
"225547","2.375","2.375","2.375"
"225583","1.8984375","1.8984375","1.8984375"
"225590","1.9296875","1.9296875","1.9296875"
"225609","2","2","2"
"225611","2.140625","2.140625","2.140625"
"225647","1.984375","1.984375","1.984375"
"225660","2.125","2.125","2.125"
"225724","2.15625","2.15625","2.15625"
"225751","1.96875","1.96875","1.96875"
"225790","1.921875","1.921875","1.921875"
"225791","2.234375","2.234375","2.234375"
"225862","2.34375","2.34375","2.34375"
"225870","2.453125","2.453125","2.453125"
"225898","2.234375","2.234375","2.234375"
"225899","2.25","2.25","2.25"
"225906","2.4375","2.4375","2.4375"
"225928","2.4375","2.4375","2.4375"
"225966","2.15625","2.15625","2.15625"
"225984","2.203125","2.203125","2.203125"
"226015","2.015625","2.015625","2.015625"
"226023","2.03125","2.03125","2.03125"
"226024","2.296875","2.296875","2.296875"
"226054","2.21875","2.21875","2.21875"
"226084","2.484375","2.484375","2.484375"
"226091","1.9453125","1.9453125","1.9453125"
"226096","2.328125","2.328125","2.328125"
"226149","2.015625","2.015625","2.015625"
"226218","2.328125","2.328125","2.328125"
"226220","2.296875","2.296875","2.296875"
"226227","2.0625","2.0625","2.0625"
"226245","2.046875","2.046875","2.046875"
"226251","1.9921875","1.9921875","1.9921875"
"226254","1.8671875","1.8671875","1.8671875"
"226267","2.09375","2.09375","2.09375"
"226270","2.015625","2.015625","2.015625"
"226298","1.796875","1.796875","1.796875"
"226314","2.21875","2.21875","2.21875"
"226325","2.03125","2.03125","2.03125"
"226336","1.8515625","1.8515625","1.8515625"
"226352","2.15625","2.15625","2.15625"
"226361","2.234375","2.234375","2.234375"
"226441","2.140625","2.140625","2.140625"
"226453","2.34375","2.34375","2.34375"
"226457","2.0625","2.0625","2.0625"
"226503","2.234375","2.234375","2.234375"
"226511","1.8984375","1.8984375","1.8984375"
"226514","2.078125","2.078125","2.078125"
"226520","2.046875","2.046875","2.046875"
"226532","1.890625","1.890625","1.890625"
"226541","2.171875","2.171875","2.171875"
"226552","2.234375","2.234375","2.234375"
"226587","2.046875","2.046875","2.046875"
"226700","2.28125","2.28125","2.28125"
"226799","2.28125","2.28125","2.28125"
"226843","2.15625","2.15625","2.15625"
"226874","2.46875","2.46875","2.46875"
"226876","2.03125","2.03125","2.03125"
"226928","2.21875","2.21875","2.21875"
"226941","2.265625","2.265625","2.265625"
"226945","1.8984375","1.8984375","1.8984375"
"226958","2.328125","2.328125","2.328125"
"226968","2.078125","2.078125","2.078125"
"227009","2.265625","2.265625","2.265625"
"227044","1.984375","1.984375","1.984375"
"227072","2.234375","2.234375","2.234375"
"227086","2.328125","2.328125","2.328125"
"227114","2.4375","2.4375","2.4375"
"227204","2.515625","2.515625","2.515625"
"227229","2.203125","2.203125","2.203125"
"227270","2.1875","2.1875","2.1875"
"227317","1.953125","1.953125","1.953125"
"227346","2.25","2.25","2.25"
"227348","2.21875","2.21875","2.21875"
"227386","2.1875","2.1875","2.1875"
"227410","2.21875","2.21875","2.21875"
"227428","2.15625","2.15625","2.15625"
"227513","1.9453125","1.9453125","1.9453125"
"227514","2.28125","2.28125","2.28125"
"227515","1.9609375","1.9609375","1.9609375"
"227518","2.015625","2.015625","2.015625"
"227528","2.25","2.25","2.25"
"227582","2.171875","2.171875","2.171875"
"227584","2.140625","2.140625","2.140625"
"227602","2.1875","2.1875","2.1875"
"227740","2.25","2.25","2.25"
"227830","1.9765625","1.9765625","1.9765625"
"227838","2.125","2.125","2.125"
"227845","2.265625","2.265625","2.265625"
"227902","1.9375","1.9375","1.9375"
"227922","2.140625","2.140625","2.140625"
"227925","2.078125","2.078125","2.078125"
"227934","2.203125","2.203125","2.203125"
"228000","2.03125","2.03125","2.03125"
"228026","2.0625","2.0625","2.0625"
"228029","2.046875","2.046875","2.046875"
"228072","2.171875","2.171875","2.171875"
"228076","2.390625","2.390625","2.390625"
"228092","1.828125","1.828125","1.828125"
"228129","2.15625","2.15625","2.15625"
"228143","2.015625","2.015625","2.015625"
"228240","2.265625","2.265625","2.265625"
"228251","2.125","2.125","2.125"
"228258","1.78125","1.78125","1.78125"
"228309","2.4375","2.4375","2.4375"
"228330","1.7421875","1.7421875","1.7421875"
"228344","2.15625","2.15625","2.15625"
"228363","2.046875","2.046875","2.046875"
"228385","2.34375","2.34375","2.34375"
"228412","2.5625","2.5625","2.5625"
"228430","2.40625","2.40625","2.40625"
"228478","2.015625","2.015625","2.015625"
"228517","2.125","2.125","2.125"
"228531","2.140625","2.140625","2.140625"
"228548","1.84375","1.84375","1.84375"
"228594","2.125","2.125","2.125"
"228600","2.03125","2.03125","2.03125"
"228617","2","2","2"
"228633","2.1875","2.1875","2.1875"
"228673","2.09375","2.09375","2.09375"
"228689","2.09375","2.09375","2.09375"
"228794","2.375","2.375","2.375"
"228821","2.4375","2.4375","2.4375"
"228843","2.390625","2.390625","2.390625"
"228862","2.203125","2.203125","2.203125"
"228903","2.25","2.25","2.25"
"228916","2.234375","2.234375","2.234375"
"228932","2.390625","2.390625","2.390625"
"228939","2.078125","2.078125","2.078125"
"228943","1.8671875","1.8671875","1.8671875"
"228950","2.265625","2.265625","2.265625"
"228952","2.25","2.25","2.25"
"228969","1.8125","1.8125","1.8125"
"229002","2.359375","2.359375","2.359375"
"229027","2.078125","2.078125","2.078125"
"229032","2.09375","2.09375","2.09375"
"229049","1.875","1.875","1.875"
"229085","2","2","2"
"229093","2.203125","2.203125","2.203125"
"229105","2.484375","2.484375","2.484375"
"229118","2.421875","2.421875","2.421875"
"229146","2.296875","2.296875","2.296875"
"229205","1.9453125","1.9453125","1.9453125"
"229229","2.21875","2.21875","2.21875"
"229261","2.3125","2.3125","2.3125"
"229284","1.7890625","1.7890625","1.7890625"
"229293","2.0625","2.0625","2.0625"
"229320","2.15625","2.15625","2.15625"
"229330","2.09375","2.09375","2.09375"
"229341","2.140625","2.140625","2.140625"
"229343","2","2","2"
"229349","2.125","2.125","2.125"
"229364","1.9140625","1.9140625","1.9140625"
"229389","2","2","2"
"229398","2.234375","2.234375","2.234375"
"229400","2.015625","2.015625","2.015625"
"229408","2.390625","2.390625","2.390625"
"229428","2.21875","2.21875","2.21875"
"229511","2.203125","2.203125","2.203125"
"229521","2.484375","2.484375","2.484375"
"229549","1.953125","1.953125","1.953125"
"229589","2.0625","2.0625","2.0625"
"229609","2.34375","2.34375","2.34375"
"229622","2.203125","2.203125","2.203125"
"229651","2.1875","2.1875","2.1875"
"229653","2.359375","2.359375","2.359375"
"229660","2.03125","2.03125","2.03125"
"229661","1.8359375","1.8359375","1.8359375"
"229698","2.234375","2.234375","2.234375"
"229768","2.046875","2.046875","2.046875"
"229808","2.25","2.25","2.25"
"229835","2.03125","2.03125","2.03125"
"229860","2.53125","2.53125","2.53125"
"229862","2.125","2.125","2.125"
"229871","2.078125","2.078125","2.078125"
"229876","2.3125","2.3125","2.3125"
"229883","2.53125","2.53125","2.53125"
"229889","1.9921875","1.9921875","1.9921875"
"229918","2.109375","2.109375","2.109375"
"229924","1.8203125","1.8203125","1.8203125"
"229925","1.96875","1.96875","1.96875"
"229933","1.8671875","1.8671875","1.8671875"
"229940","2.15625","2.15625","2.15625"
"229950","2.078125","2.078125","2.078125"
"229955","1.7578125","1.7578125","1.7578125"
"229971","2.34375","2.34375","2.34375"
"229996","2.5","2.5","2.5"
"230060","2.15625","2.15625","2.15625"
"230099","2.75","2.75","2.75"
"230106","1.9453125","1.9453125","1.9453125"
"230127","1.7421875","1.7421875","1.7421875"
"230141","2.15625","2.15625","2.15625"
"230147","1.953125","1.953125","1.953125"
"230200","2.0625","2.0625","2.0625"
"230201","2.0625","2.0625","2.0625"
"230239","2.21875","2.21875","2.21875"
"230241","2.09375","2.09375","2.09375"
"230263","2.3125","2.3125","2.3125"
"230272","2.15625","2.15625","2.15625"
"230286","1.8984375","1.8984375","1.8984375"
"230288","1.953125","1.953125","1.953125"
"230304","1.96875","1.96875","1.96875"
"230314","2.0625","2.0625","2.0625"
"230324","2.0625","2.0625","2.0625"
"230330","1.9765625","1.9765625","1.9765625"
"230345","2.15625","2.15625","2.15625"
"230346","2.25","2.25","2.25"
"230355","2.484375","2.484375","2.484375"
"230405","2.265625","2.265625","2.265625"
"230448","2.1875","2.1875","2.1875"
"230453","2.328125","2.328125","2.328125"
"230466","1.9375","1.9375","1.9375"
"230477","2.078125","2.078125","2.078125"
"230509","2.015625","2.015625","2.015625"
"230567","2.234375","2.234375","2.234375"
"230588","2.09375","2.09375","2.09375"
"230590","2.125","2.125","2.125"
"230594","2.0625","2.0625","2.0625"
"230618","2.171875","2.171875","2.171875"
"230619","2.09375","2.09375","2.09375"
"230639","2.09375","2.09375","2.09375"
"230656","2.015625","2.015625","2.015625"
"230672","2.203125","2.203125","2.203125"
"230693","1.953125","1.953125","1.953125"
"230700","1.9453125","1.9453125","1.9453125"
"230776","2.09375","2.09375","2.09375"
"230814","2.125","2.125","2.125"
"230847","2.03125","2.03125","2.03125"
"230861","2.109375","2.109375","2.109375"
"230874","1.96875","1.96875","1.96875"
"230888","1.9375","1.9375","1.9375"
"230996","1.953125","1.953125","1.953125"
"231023","1.9375","1.9375","1.9375"
"231046","2.296875","2.296875","2.296875"
"231118","2.171875","2.171875","2.171875"
"231159","1.84375","1.84375","1.84375"
"231163","1.9296875","1.9296875","1.9296875"
"231166","2.1875","2.1875","2.1875"
"231167","2.125","2.125","2.125"
"231185","2.328125","2.328125","2.328125"
"231277","1.90625","1.90625","1.90625"
"231297","2.265625","2.265625","2.265625"
"231331","2.0625","2.0625","2.0625"
"231342","2.09375","2.09375","2.09375"
"231372","1.8203125","1.8203125","1.8203125"
"231390","1.9140625","1.9140625","1.9140625"
"231420","2.46875","2.46875","2.46875"
"231463","2.40625","2.40625","2.40625"
"231466","2.1875","2.1875","2.1875"
"231513","1.9453125","1.9453125","1.9453125"
"231538","2.1875","2.1875","2.1875"
"231541","1.9453125","1.9453125","1.9453125"
"231544","2.203125","2.203125","2.203125"
"231561","2.171875","2.171875","2.171875"
"231668","2.109375","2.109375","2.109375"
"231670","2.078125","2.078125","2.078125"
"231700","2.25","2.25","2.25"
"231701","2.140625","2.140625","2.140625"
"231740","1.96875","1.96875","1.96875"
"231780","2.15625","2.15625","2.15625"
"231784","2.0625","2.0625","2.0625"
"231792","2.125","2.125","2.125"
"231798","2.265625","2.265625","2.265625"
"231799","1.96875","1.96875","1.96875"
"231806","2.234375","2.234375","2.234375"
"231815","2.140625","2.140625","2.140625"
"231833","2.375","2.375","2.375"
"231848","1.9921875","1.9921875","1.9921875"
"231860","2.234375","2.234375","2.234375"
"231874","2.6875","2.6875","2.6875"
"231889","2.140625","2.140625","2.140625"
"231915","2.1875","2.1875","2.1875"
"231939","1.9765625","1.9765625","1.9765625"
"231970","2.203125","2.203125","2.203125"
"231974","2.125","2.125","2.125"
"231984","1.953125","1.953125","1.953125"
"231997","1.8984375","1.8984375","1.8984375"
"232039","1.984375","1.984375","1.984375"
"232069","2.328125","2.328125","2.328125"
"232088","2.15625","2.15625","2.15625"
"232089","2.125","2.125","2.125"
"232106","2.078125","2.078125","2.078125"
"232135","2.265625","2.265625","2.265625"
"232153","2.296875","2.296875","2.296875"
"232154","2.453125","2.453125","2.453125"
"232201","1.984375","1.984375","1.984375"
"232208","1.9765625","1.9765625","1.9765625"
"232218","1.9453125","1.9453125","1.9453125"
"232221","1.90625","1.90625","1.90625"
"232327","2.1875","2.1875","2.1875"
"232330","1.796875","1.796875","1.796875"
"232374","2.28125","2.28125","2.28125"
"232386","2.28125","2.28125","2.28125"
"232393","2.03125","2.03125","2.03125"
"232437","1.75","1.75","1.75"
"232443","2.28125","2.28125","2.28125"
"232484","1.921875","1.921875","1.921875"
"232486","2.015625","2.015625","2.015625"
"232526","2.21875","2.21875","2.21875"
"232618","2.125","2.125","2.125"
"232678","2.109375","2.109375","2.109375"
"232724","2.21875","2.21875","2.21875"
"232780","2.234375","2.234375","2.234375"
"232796","2.28125","2.28125","2.28125"
"232822","2.296875","2.296875","2.296875"
"232836","2.171875","2.171875","2.171875"
"232852","1.8515625","1.8515625","1.8515625"
"232857","2.203125","2.203125","2.203125"
"232876","2.453125","2.453125","2.453125"
"232962","1.953125","1.953125","1.953125"
"232976","2.203125","2.203125","2.203125"
"232999","1.9140625","1.9140625","1.9140625"
"233004","2.09375","2.09375","2.09375"
"233040","1.875","1.875","1.875"
"233050","1.8359375","1.8359375","1.8359375"
"233062","2","2","2"
"233075","1.9140625","1.9140625","1.9140625"
"233080","2.203125","2.203125","2.203125"
"233128","2.0625","2.0625","2.0625"
"233139","2.03125","2.03125","2.03125"
"233163","1.9453125","1.9453125","1.9453125"
"233185","2.015625","2.015625","2.015625"
"233187","2.265625","2.265625","2.265625"
"233211","2.109375","2.109375","2.109375"
"233213","2.171875","2.171875","2.171875"
"233263","2.359375","2.359375","2.359375"
"233311","1.9453125","1.9453125","1.9453125"
"233375","1.9453125","1.9453125","1.9453125"
"233376","2.046875","2.046875","2.046875"
"233381","2.03125","2.03125","2.03125"
"233394","2.203125","2.203125","2.203125"
"233395","2.140625","2.140625","2.140625"
"233404","2.265625","2.265625","2.265625"
"233436","1.9609375","1.9609375","1.9609375"
"233440","2.03125","2.03125","2.03125"
"233453","2.03125","2.03125","2.03125"
"233458","2.203125","2.203125","2.203125"
"233468","2.484375","2.484375","2.484375"
"233496","2.203125","2.203125","2.203125"
"233516","2.0625","2.0625","2.0625"
"233522","2.125","2.125","2.125"
"233562","2.359375","2.359375","2.359375"
"233590","2.140625","2.140625","2.140625"
"233603","1.75","1.75","1.75"
"233606","2.140625","2.140625","2.140625"
"233666","2.09375","2.09375","2.09375"
"233737","2.140625","2.140625","2.140625"
"233754","2.21875","2.21875","2.21875"
"233836","1.9765625","1.9765625","1.9765625"
"233838","2.390625","2.390625","2.390625"
"233855","1.8828125","1.8828125","1.8828125"
"233857","2.25","2.25","2.25"
"233867","2.140625","2.140625","2.140625"
"233884","2.21875","2.21875","2.21875"
"233924","2.359375","2.359375","2.359375"
"233929","2.53125","2.53125","2.53125"
"233933","2.09375","2.09375","2.09375"
"233978","2.296875","2.296875","2.296875"
"233994","2.3125","2.3125","2.3125"
"233998","2.328125","2.328125","2.328125"
"234019","2.109375","2.109375","2.109375"
"234038","2.234375","2.234375","2.234375"
"234078","1.7109375","1.7109375","1.7109375"
"234151","2","2","2"
"234203","2","2","2"
"234228","2.46875","2.46875","2.46875"
"234289","2.109375","2.109375","2.109375"
"234311","2.28125","2.28125","2.28125"
"234360","2.28125","2.28125","2.28125"
"234378","2.09375","2.09375","2.09375"
"234409","2.3125","2.3125","2.3125"
"234434","2.21875","2.21875","2.21875"
"234440","2.21875","2.21875","2.21875"
"234450","2.15625","2.15625","2.15625"
"234455","2.25","2.25","2.25"
"234466","1.9296875","1.9296875","1.9296875"
"234477","2.1875","2.1875","2.1875"
"234495","1.921875","1.921875","1.921875"
"234544","2.328125","2.328125","2.328125"
"234556","1.9765625","1.9765625","1.9765625"
"234572","2.03125","2.03125","2.03125"
"234609","2.03125","2.03125","2.03125"
"234613","2.15625","2.15625","2.15625"
"234656","2.234375","2.234375","2.234375"
"234686","1.9921875","1.9921875","1.9921875"
"234689","2.03125","2.03125","2.03125"
"234692","2.078125","2.078125","2.078125"
"234699","2.265625","2.265625","2.265625"
"234701","2.265625","2.265625","2.265625"
"234733","2.25","2.25","2.25"
"234753","2.03125","2.03125","2.03125"
"234824","2.359375","2.359375","2.359375"
"234842","2.109375","2.109375","2.109375"
"234845","1.8828125","1.8828125","1.8828125"
"234853","1.9453125","1.9453125","1.9453125"
"234872","2.078125","2.078125","2.078125"
"234880","2.515625","2.515625","2.515625"
"234900","1.9921875","1.9921875","1.9921875"
"234901","2.28125","2.28125","2.28125"
"234934","2.15625","2.15625","2.15625"
"234939","2.0625","2.0625","2.0625"
"234964","2.1875","2.1875","2.1875"
"234990","2.0625","2.0625","2.0625"
"235043","1.9609375","1.9609375","1.9609375"
"235052","2.140625","2.140625","2.140625"
"235111","1.984375","1.984375","1.984375"
"235121","1.890625","1.890625","1.890625"
"235124","2.03125","2.03125","2.03125"
"235159","2.109375","2.109375","2.109375"
"235193","2","2","2"
"235228","1.890625","1.890625","1.890625"
"235249","2","2","2"
"235272","2.453125","2.453125","2.453125"
"235288","1.9375","1.9375","1.9375"
"235332","2.078125","2.078125","2.078125"
"235379","2.21875","2.21875","2.21875"
"235431","1.96875","1.96875","1.96875"
"235443","2.125","2.125","2.125"
"235444","2.265625","2.265625","2.265625"
"235451","2.078125","2.078125","2.078125"
"235474","2.046875","2.046875","2.046875"
"235487","2.28125","2.28125","2.28125"
"235499","2.390625","2.390625","2.390625"
"235514","2.25","2.25","2.25"
"235518","2.046875","2.046875","2.046875"
"235525","2.015625","2.015625","2.015625"
"235554","1.9296875","1.9296875","1.9296875"
"235571","2.5","2.5","2.5"
"235655","2.21875","2.21875","2.21875"
"235669","2.296875","2.296875","2.296875"
"235721","2.09375","2.09375","2.09375"
"235784","2.234375","2.234375","2.234375"
"235868","2.15625","2.15625","2.15625"
"235889","2.234375","2.234375","2.234375"
"235918","2.234375","2.234375","2.234375"
"235928","2.546875","2.546875","2.546875"
"235932","2.34375","2.34375","2.34375"
"235933","2.0625","2.0625","2.0625"
"235935","2.046875","2.046875","2.046875"
"235957","2.3125","2.3125","2.3125"
"235972","1.90625","1.90625","1.90625"
"235988","2.265625","2.265625","2.265625"
"236031","2.03125","2.03125","2.03125"
"236034","2.125","2.125","2.125"
"236037","2.109375","2.109375","2.109375"
"236047","2.28125","2.28125","2.28125"
"236060","2.171875","2.171875","2.171875"
"236073","2.296875","2.296875","2.296875"
"236081","2.078125","2.078125","2.078125"
"236085","1.9609375","1.9609375","1.9609375"
"236101","2.015625","2.015625","2.015625"
"236109","2.109375","2.109375","2.109375"
"236141","2.15625","2.15625","2.15625"
"236208","2.21875","2.21875","2.21875"
"236216","2.515625","2.515625","2.515625"
"236226","2.3125","2.3125","2.3125"
"236277","2.1875","2.1875","2.1875"
"236294","1.8984375","1.8984375","1.8984375"
"236397","2.21875","2.21875","2.21875"
"236429","2.265625","2.265625","2.265625"
"236447","2.28125","2.28125","2.28125"
"236486","2.125","2.125","2.125"
"236497","2.171875","2.171875","2.171875"
"236508","2.046875","2.046875","2.046875"
"236514","2.296875","2.296875","2.296875"
"236583","1.8125","1.8125","1.8125"
"236602","2.109375","2.109375","2.109375"
"236638","2.046875","2.046875","2.046875"
"236650","2.265625","2.265625","2.265625"
"236655","1.9453125","1.9453125","1.9453125"
"236692","1.96875","1.96875","1.96875"
"236712","2.078125","2.078125","2.078125"
"236726","2.015625","2.015625","2.015625"
"236737","2.140625","2.140625","2.140625"
"236754","2.03125","2.03125","2.03125"
"236775","2.1875","2.1875","2.1875"
"236779","2.171875","2.171875","2.171875"
"236799","2.078125","2.078125","2.078125"
"236844","2.15625","2.15625","2.15625"
"236873","2.046875","2.046875","2.046875"
"236888","2","2","2"