"Step","dulcet-rain-4 - train/probe","dulcet-rain-4 - train/probe__MIN","dulcet-rain-4 - train/probe__MAX"
"59","3.8631591796875","3.8631591796875","3.8631591796875"
"72","3.3902587890625","3.3902587890625","3.3902587890625"
"118","2.81805419921875","2.81805419921875","2.81805419921875"
"148","2.50701904296875","2.50701904296875","2.50701904296875"
"150","2.5009765625","2.5009765625","2.5009765625"
"153","2.49798583984375","2.49798583984375","2.49798583984375"
"154","2.521728515625","2.521728515625","2.521728515625"
"163","2.530120849609375","2.530120849609375","2.530120849609375"
"184","2.5057373046875","2.5057373046875","2.5057373046875"
"224","2.35772705078125","2.35772705078125","2.35772705078125"
"258","2.226715087890625","2.226715087890625","2.226715087890625"
"265","2.39727783203125","2.39727783203125","2.39727783203125"
"277","2.5594482421875","2.5594482421875","2.5594482421875"
"280","2.7978515625","2.7978515625","2.7978515625"
"301","2.35418701171875","2.35418701171875","2.35418701171875"
"305","2.3306121826171875","2.3306121826171875","2.3306121826171875"
"318","2.24859619140625","2.24859619140625","2.24859619140625"
"337","2.36053466796875","2.36053466796875","2.36053466796875"
"353","2.23187255859375","2.23187255859375","2.23187255859375"
"389","2.2966461181640625","2.2966461181640625","2.2966461181640625"
"425","2.25848388671875","2.25848388671875","2.25848388671875"
"430","2.300262451171875","2.300262451171875","2.300262451171875"
"477","2.16717529296875","2.16717529296875","2.16717529296875"
"515","1.9939117431640625","1.9939117431640625","1.9939117431640625"
"534","2.28619384765625","2.28619384765625","2.28619384765625"
"586","2.1781768798828125","2.1781768798828125","2.1781768798828125"
"614","2.1704864501953125","2.1704864501953125","2.1704864501953125"
"647","2.0552978515625","2.0552978515625","2.0552978515625"
"653","2.126129150390625","2.126129150390625","2.126129150390625"
"753","1.943389892578125","1.943389892578125","1.943389892578125"
"764","2.1728668212890625","2.1728668212890625","2.1728668212890625"
"790","2.242584228515625","2.242584228515625","2.242584228515625"
"808","1.9836654663085938","1.9836654663085938","1.9836654663085938"
"924","2.2249755859375","2.2249755859375","2.2249755859375"
"950","2.1429443359375","2.1429443359375","2.1429443359375"
"964","2.0044708251953125","2.0044708251953125","2.0044708251953125"
"967","2.3722610473632812","2.3722610473632812","2.3722610473632812"
"993","2.0977935791015625","2.0977935791015625","2.0977935791015625"
"999","2.0529098510742188","2.0529098510742188","2.0529098510742188"
"1000","2.094085693359375","2.094085693359375","2.094085693359375"
"1023","2.2255401611328125","2.2255401611328125","2.2255401611328125"
"1052","2.508575439453125","2.508575439453125","2.508575439453125"
"1069","2.67694091796875","2.67694091796875","2.67694091796875"
"1077","2.11865234375","2.11865234375","2.11865234375"
"1115","2.0571136474609375","2.0571136474609375","2.0571136474609375"
"1131","1.998077392578125","1.998077392578125","1.998077392578125"
"1133","1.794189453125","1.794189453125","1.794189453125"
"1139","1.9865570068359375","1.9865570068359375","1.9865570068359375"
"1167","1.7532196044921875","1.7532196044921875","1.7532196044921875"
"1170","2.1897735595703125","2.1897735595703125","2.1897735595703125"
"1186","2.16375732421875","2.16375732421875","2.16375732421875"
"1220","2.2250518798828125","2.2250518798828125","2.2250518798828125"
"1236","2.3214569091796875","2.3214569091796875","2.3214569091796875"
"1242","1.99224853515625","1.99224853515625","1.99224853515625"
"1256","2.1973876953125","2.1973876953125","2.1973876953125"
"1272","2.1838531494140625","2.1838531494140625","2.1838531494140625"
"1275","2.1605072021484375","2.1605072021484375","2.1605072021484375"
"1355","2.187744140625","2.187744140625","2.187744140625"
"1370","2.405029296875","2.405029296875","2.405029296875"
"1432","1.93133544921875","1.93133544921875","1.93133544921875"
"1450","1.9407958984375","1.9407958984375","1.9407958984375"
"1451","2.0951309204101562","2.0951309204101562","2.0951309204101562"
"1452","1.8965187072753906","1.8965187072753906","1.8965187072753906"
"1474","1.7565765380859375","1.7565765380859375","1.7565765380859375"
"1506","2.0650634765625","2.0650634765625","2.0650634765625"
"1512","2.158843994140625","2.158843994140625","2.158843994140625"
"1536","1.9945068359375","1.9945068359375","1.9945068359375"
"1581","1.7908611297607422","1.7908611297607422","1.7908611297607422"
"1603","2.4060134887695312","2.4060134887695312","2.4060134887695312"
"1691","1.9222488403320312","1.9222488403320312","1.9222488403320312"
"1707","1.85076904296875","1.85076904296875","1.85076904296875"
"1723","1.952239990234375","1.952239990234375","1.952239990234375"
"1746","1.95068359375","1.95068359375","1.95068359375"
"1765","2.026275634765625","2.026275634765625","2.026275634765625"
"1779","2.3548431396484375","2.3548431396484375","2.3548431396484375"
"1788","1.7428550720214844","1.7428550720214844","1.7428550720214844"
"1798","2.2840423583984375","2.2840423583984375","2.2840423583984375"
"1820","1.8283500671386719","1.8283500671386719","1.8283500671386719"
"1827","2.1633567810058594","2.1633567810058594","2.1633567810058594"
"1836","2.178558349609375","2.178558349609375","2.178558349609375"
"1838","2.269805908203125","2.269805908203125","2.269805908203125"
"1839","2.329132080078125","2.329132080078125","2.329132080078125"
"1903","2.1465911865234375","2.1465911865234375","2.1465911865234375"
"1939","1.8068084716796875","1.8068084716796875","1.8068084716796875"
"1950","1.76617431640625","1.76617431640625","1.76617431640625"
"1962","2.132068634033203","2.132068634033203","2.132068634033203"
"1991","1.9930152893066406","1.9930152893066406","1.9930152893066406"
"1997","2.028228759765625","2.028228759765625","2.028228759765625"
"2020","1.985687255859375","1.985687255859375","1.985687255859375"
"2034","1.9004669189453125","1.9004669189453125","1.9004669189453125"
"2040","2.0793609619140625","2.0793609619140625","2.0793609619140625"
"2055","1.9311370849609375","1.9311370849609375","1.9311370849609375"
"2075","1.749176025390625","1.749176025390625","1.749176025390625"
"2112","1.684844970703125","1.684844970703125","1.684844970703125"
"2159","1.7464599609375","1.7464599609375","1.7464599609375"
"2171","1.9060897827148438","1.9060897827148438","1.9060897827148438"
"2178","1.955047607421875","1.955047607421875","1.955047607421875"
"2191","2.13153076171875","2.13153076171875","2.13153076171875"
"2194","2.0547943115234375","2.0547943115234375","2.0547943115234375"
"2196","1.9474639892578125","1.9474639892578125","1.9474639892578125"
"2208","2.0927734375","2.0927734375","2.0927734375"
"2270","1.912628173828125","1.912628173828125","1.912628173828125"
"2290","2.1291885375976562","2.1291885375976562","2.1291885375976562"
"2302","2.0743408203125","2.0743408203125","2.0743408203125"
"2309","2.1187896728515625","2.1187896728515625","2.1187896728515625"
"2335","1.8966217041015625","1.8966217041015625","1.8966217041015625"
"2359","2.10003662109375","2.10003662109375","2.10003662109375"
"2386","2.1720428466796875","2.1720428466796875","2.1720428466796875"
"2427","1.8154430389404297","1.8154430389404297","1.8154430389404297"
"2430","1.9680767059326172","1.9680767059326172","1.9680767059326172"
"2436","1.7345085144042969","1.7345085144042969","1.7345085144042969"
"2467","1.9316864013671875","1.9316864013671875","1.9316864013671875"
"2541","2.0435028076171875","2.0435028076171875","2.0435028076171875"
"2550","1.8185272216796875","1.8185272216796875","1.8185272216796875"
"2557","1.7699203491210938","1.7699203491210938","1.7699203491210938"
"2571","1.850799560546875","1.850799560546875","1.850799560546875"
"2598","1.9444122314453125","1.9444122314453125","1.9444122314453125"
"2632","1.8266143798828125","1.8266143798828125","1.8266143798828125"
"2671","1.86431884765625","1.86431884765625","1.86431884765625"
"2681","2.0033111572265625","2.0033111572265625","2.0033111572265625"
"2716","2.05548095703125","2.05548095703125","2.05548095703125"
"2741","2.0469512939453125","2.0469512939453125","2.0469512939453125"
"2761","1.845001220703125","1.845001220703125","1.845001220703125"
"2824","1.9489517211914062","1.9489517211914062","1.9489517211914062"
"2830","1.73309326171875","1.73309326171875","1.73309326171875"
"2842","2.0614547729492188","2.0614547729492188","2.0614547729492188"
"2883","1.8334121704101562","1.8334121704101562","1.8334121704101562"
"2920","2.1250152587890625","2.1250152587890625","2.1250152587890625"
"2968","2.2914505004882812","2.2914505004882812","2.2914505004882812"
"2985","2.232025146484375","2.232025146484375","2.232025146484375"
"3013","1.8072395324707031","1.8072395324707031","1.8072395324707031"
"3039","1.937164306640625","1.937164306640625","1.937164306640625"
"3078","2.187744140625","2.187744140625","2.187744140625"
"3083","1.9131011962890625","1.9131011962890625","1.9131011962890625"
"3101","2.1447601318359375","2.1447601318359375","2.1447601318359375"
"3106","1.959503173828125","1.959503173828125","1.959503173828125"
"3127","2.0949249267578125","2.0949249267578125","2.0949249267578125"
"3134","2.260528564453125","2.260528564453125","2.260528564453125"
"3173","1.7129669189453125","1.7129669189453125","1.7129669189453125"
"3177","1.8037567138671875","1.8037567138671875","1.8037567138671875"
"3225","1.8847274780273438","1.8847274780273438","1.8847274780273438"
"3284","2.0075454711914062","2.0075454711914062","2.0075454711914062"
"3285","1.722808837890625","1.722808837890625","1.722808837890625"
"3317","1.9240493774414062","1.9240493774414062","1.9240493774414062"
"3327","1.8812007904052734","1.8812007904052734","1.8812007904052734"
"3346","1.8608856201171875","1.8608856201171875","1.8608856201171875"
"3352","1.6303558349609375","1.6303558349609375","1.6303558349609375"
"3367","2.0589752197265625","2.0589752197265625","2.0589752197265625"
"3383","1.5043315887451172","1.5043315887451172","1.5043315887451172"
"3428","1.9026870727539062","1.9026870727539062","1.9026870727539062"
"3455","1.6565170288085938","1.6565170288085938","1.6565170288085938"
"3505","1.8997879028320312","1.8997879028320312","1.8997879028320312"
"3517","1.9099712371826172","1.9099712371826172","1.9099712371826172"
"3539","2.030181884765625","2.030181884765625","2.030181884765625"
"3575","2.012939453125","2.012939453125","2.012939453125"
"3607","2.0660552978515625","2.0660552978515625","2.0660552978515625"
"3614","1.8914031982421875","1.8914031982421875","1.8914031982421875"
"3620","2.116973876953125","2.116973876953125","2.116973876953125"
"3622","2.184356689453125","2.184356689453125","2.184356689453125"
"3668","2.177581787109375","2.177581787109375","2.177581787109375"
"3685","1.6930313110351562","1.6930313110351562","1.6930313110351562"
"3752","1.7708892822265625","1.7708892822265625","1.7708892822265625"
"3761","1.9951171875","1.9951171875","1.9951171875"
"3770","1.7914962768554688","1.7914962768554688","1.7914962768554688"
"3806","1.9446487426757812","1.9446487426757812","1.9446487426757812"
"3815","1.8271331787109375","1.8271331787109375","1.8271331787109375"
"3830","2.2546310424804688","2.2546310424804688","2.2546310424804688"
"3849","1.7164154052734375","1.7164154052734375","1.7164154052734375"
"3870","1.97833251953125","1.97833251953125","1.97833251953125"
"3884","1.9519805908203125","1.9519805908203125","1.9519805908203125"
"3891","2.0160598754882812","2.0160598754882812","2.0160598754882812"
"3900","2.076152801513672","2.076152801513672","2.076152801513672"
"3905","1.7162628173828125","1.7162628173828125","1.7162628173828125"
"3934","1.6049575805664062","1.6049575805664062","1.6049575805664062"
"4006","2.0550575256347656","2.0550575256347656","2.0550575256347656"
"4022","1.8999366760253906","1.8999366760253906","1.8999366760253906"
"4025","1.8491058349609375","1.8491058349609375","1.8491058349609375"
"4029","1.772735595703125","1.772735595703125","1.772735595703125"
"4045","1.75048828125","1.75048828125","1.75048828125"
"4067","1.654022216796875","1.654022216796875","1.654022216796875"
"4114","1.9910888671875","1.9910888671875","1.9910888671875"
"4145","1.848663330078125","1.848663330078125","1.848663330078125"
"4162","1.87799072265625","1.87799072265625","1.87799072265625"
"4176","1.9511871337890625","1.9511871337890625","1.9511871337890625"
"4177","1.8677177429199219","1.8677177429199219","1.8677177429199219"
"4189","1.926116943359375","1.926116943359375","1.926116943359375"
"4227","1.6733779907226562","1.6733779907226562","1.6733779907226562"
"4295","1.7987518310546875","1.7987518310546875","1.7987518310546875"
"4335","1.867340087890625","1.867340087890625","1.867340087890625"
"4351","1.91058349609375","1.91058349609375","1.91058349609375"
"4383","1.766448974609375","1.766448974609375","1.766448974609375"
"4416","1.5837478637695312","1.5837478637695312","1.5837478637695312"
"4434","2.2523956298828125","2.2523956298828125","2.2523956298828125"
"4438","2.1064605712890625","2.1064605712890625","2.1064605712890625"
"4440","2.0384521484375","2.0384521484375","2.0384521484375"
"4468","1.9210662841796875","1.9210662841796875","1.9210662841796875"
"4496","1.814117431640625","1.814117431640625","1.814117431640625"
"4502","1.796417236328125","1.796417236328125","1.796417236328125"
"4504","1.9519805908203125","1.9519805908203125","1.9519805908203125"
"4520","1.909088134765625","1.909088134765625","1.909088134765625"
"4542","1.8694610595703125","1.8694610595703125","1.8694610595703125"
"4594","1.959808349609375","1.959808349609375","1.959808349609375"
"4624","1.7627334594726562","1.7627334594726562","1.7627334594726562"
"4646","1.7906341552734375","1.7906341552734375","1.7906341552734375"
"4663","1.6206398010253906","1.6206398010253906","1.6206398010253906"
"4666","1.6253299713134766","1.6253299713134766","1.6253299713134766"
"4681","1.6227264404296875","1.6227264404296875","1.6227264404296875"
"4687","1.9643402099609375","1.9643402099609375","1.9643402099609375"
"4751","1.9961090087890625","1.9961090087890625","1.9961090087890625"
"4906","1.862680435180664","1.862680435180664","1.862680435180664"
"4951","1.8173599243164062","1.8173599243164062","1.8173599243164062"
"5020","1.7072372436523438","1.7072372436523438","1.7072372436523438"
"5052","1.72808837890625","1.72808837890625","1.72808837890625"
"5055","1.6463470458984375","1.6463470458984375","1.6463470458984375"
"5058","1.6952934265136719","1.6952934265136719","1.6952934265136719"
"5093","1.7553520202636719","1.7553520202636719","1.7553520202636719"
"5157","1.757476806640625","1.757476806640625","1.757476806640625"
"5181","1.747039794921875","1.747039794921875","1.747039794921875"
"5185","1.9032783508300781","1.9032783508300781","1.9032783508300781"
"5235","1.88385009765625","1.88385009765625","1.88385009765625"
"5265","1.7918014526367188","1.7918014526367188","1.7918014526367188"
"5283","2.1723785400390625","2.1723785400390625","2.1723785400390625"
"5311","1.7365798950195312","1.7365798950195312","1.7365798950195312"
"5331","1.822845458984375","1.822845458984375","1.822845458984375"
"5345","1.9729461669921875","1.9729461669921875","1.9729461669921875"
"5354","2.02008056640625","2.02008056640625","2.02008056640625"
"5364","1.5790748596191406","1.5790748596191406","1.5790748596191406"
"5366","1.79461669921875","1.79461669921875","1.79461669921875"
"5378","1.9606552124023438","1.9606552124023438","1.9606552124023438"
"5387","2.0534534454345703","2.0534534454345703","2.0534534454345703"
"5406","1.9785003662109375","1.9785003662109375","1.9785003662109375"
"5408","2.046600341796875","2.046600341796875","2.046600341796875"
"5414","1.6427230834960938","1.6427230834960938","1.6427230834960938"
"5437","1.8655776977539062","1.8655776977539062","1.8655776977539062"
"5456","1.7838668823242188","1.7838668823242188","1.7838668823242188"
"5491","1.691741943359375","1.691741943359375","1.691741943359375"
"5501","1.6697540283203125","1.6697540283203125","1.6697540283203125"
"5562","1.8095779418945312","1.8095779418945312","1.8095779418945312"
"5588","1.8685760498046875","1.8685760498046875","1.8685760498046875"
"5599","1.7741546630859375","1.7741546630859375","1.7741546630859375"
"5611","2.009613037109375","2.009613037109375","2.009613037109375"
"5614","1.733612060546875","1.733612060546875","1.733612060546875"
"5622","1.5814895629882812","1.5814895629882812","1.5814895629882812"
"5680","1.8191070556640625","1.8191070556640625","1.8191070556640625"
"5733","1.53662109375","1.53662109375","1.53662109375"
"5760","2.0656051635742188","2.0656051635742188","2.0656051635742188"
"5788","1.9734649658203125","1.9734649658203125","1.9734649658203125"
"5792","1.866546630859375","1.866546630859375","1.866546630859375"
"5843","2.194610595703125","2.194610595703125","2.194610595703125"
"5866","1.7735366821289062","1.7735366821289062","1.7735366821289062"
"5924","1.946990966796875","1.946990966796875","1.946990966796875"
"5957","1.7615203857421875","1.7615203857421875","1.7615203857421875"
"5967","2.284942626953125","2.284942626953125","2.284942626953125"
"5976","1.7429428100585938","1.7429428100585938","1.7429428100585938"
"5992","2.1976394653320312","2.1976394653320312","2.1976394653320312"
"6027","1.8358154296875","1.8358154296875","1.8358154296875"
"6043","1.7141265869140625","1.7141265869140625","1.7141265869140625"
"6046","1.9000263214111328","1.9000263214111328","1.9000263214111328"
"6107","2.151885986328125","2.151885986328125","2.151885986328125"
"6109","1.9208602905273438","1.9208602905273438","1.9208602905273438"
"6145","2.0387115478515625","2.0387115478515625","2.0387115478515625"
"6217","1.631683349609375","1.631683349609375","1.631683349609375"
"6242","1.7602043151855469","1.7602043151855469","1.7602043151855469"
"6253","1.8549842834472656","1.8549842834472656","1.8549842834472656"
"6264","1.8796005249023438","1.8796005249023438","1.8796005249023438"
"6318","1.5711517333984375","1.5711517333984375","1.5711517333984375"
"6333","1.7611923217773438","1.7611923217773438","1.7611923217773438"
"6339","1.9510040283203125","1.9510040283203125","1.9510040283203125"
"6343","1.8960037231445312","1.8960037231445312","1.8960037231445312"
"6355","1.7280769348144531","1.7280769348144531","1.7280769348144531"
"6378","1.5726470947265625","1.5726470947265625","1.5726470947265625"
"6391","1.6979522705078125","1.6979522705078125","1.6979522705078125"
"6461","1.6661605834960938","1.6661605834960938","1.6661605834960938"
"6463","1.7499008178710938","1.7499008178710938","1.7499008178710938"
"6468","1.6898078918457031","1.6898078918457031","1.6898078918457031"
"6476","1.6035804748535156","1.6035804748535156","1.6035804748535156"
"6505","1.7941436767578125","1.7941436767578125","1.7941436767578125"
"6517","1.845306396484375","1.845306396484375","1.845306396484375"
"6556","1.900634765625","1.900634765625","1.900634765625"
"6574","1.8189888000488281","1.8189888000488281","1.8189888000488281"
"6587","1.8430328369140625","1.8430328369140625","1.8430328369140625"
"6625","1.8463516235351562","1.8463516235351562","1.8463516235351562"
"6649","1.819488525390625","1.819488525390625","1.819488525390625"
"6666","1.7570877075195312","1.7570877075195312","1.7570877075195312"
"6681","1.9159202575683594","1.9159202575683594","1.9159202575683594"
"6695","2.0764541625976562","2.0764541625976562","2.0764541625976562"
"6698","1.8016281127929688","1.8016281127929688","1.8016281127929688"
"6713","1.9021873474121094","1.9021873474121094","1.9021873474121094"
"6714","1.7499961853027344","1.7499961853027344","1.7499961853027344"
"6717","1.7010040283203125","1.7010040283203125","1.7010040283203125"
"6764","1.6809768676757812","1.6809768676757812","1.6809768676757812"
"6771","1.7334976196289062","1.7334976196289062","1.7334976196289062"
"6781","1.7892379760742188","1.7892379760742188","1.7892379760742188"
"6785","1.8950233459472656","1.8950233459472656","1.8950233459472656"
"6804","1.8269195556640625","1.8269195556640625","1.8269195556640625"
"6849","1.8831405639648438","1.8831405639648438","1.8831405639648438"
"6851","1.5451202392578125","1.5451202392578125","1.5451202392578125"
"6909","1.4527397155761719","1.4527397155761719","1.4527397155761719"
"6967","1.6273117065429688","1.6273117065429688","1.6273117065429688"
"6978","1.91583251953125","1.91583251953125","1.91583251953125"
"6996","1.4698295593261719","1.4698295593261719","1.4698295593261719"
"7027","1.6077308654785156","1.6077308654785156","1.6077308654785156"
"7079","1.8619842529296875","1.8619842529296875","1.8619842529296875"
"7084","1.7165031433105469","1.7165031433105469","1.7165031433105469"
"7087","1.7962837219238281","1.7962837219238281","1.7962837219238281"
"7100","1.8509597778320312","1.8509597778320312","1.8509597778320312"
"7136","1.773101806640625","1.773101806640625","1.773101806640625"
"7224","1.8303947448730469","1.8303947448730469","1.8303947448730469"
"7236","1.7532424926757812","1.7532424926757812","1.7532424926757812"
"7262","1.7973041534423828","1.7973041534423828","1.7973041534423828"
"7263","1.6155891418457031","1.6155891418457031","1.6155891418457031"
"7272","1.46917724609375","1.46917724609375","1.46917724609375"
"7299","1.9148101806640625","1.9148101806640625","1.9148101806640625"
"7323","1.894683837890625","1.894683837890625","1.894683837890625"
"7325","1.7299575805664062","1.7299575805664062","1.7299575805664062"
"7373","1.69342041015625","1.69342041015625","1.69342041015625"
"7381","1.7459716796875","1.7459716796875","1.7459716796875"
"7397","1.960357666015625","1.960357666015625","1.960357666015625"
"7415","1.77764892578125","1.77764892578125","1.77764892578125"
"7456","1.848052978515625","1.848052978515625","1.848052978515625"
"7466","1.89495849609375","1.89495849609375","1.89495849609375"
"7497","1.7190284729003906","1.7190284729003906","1.7190284729003906"
"7523","1.8676910400390625","1.8676910400390625","1.8676910400390625"
"7591","1.6436309814453125","1.6436309814453125","1.6436309814453125"
"7625","1.5670547485351562","1.5670547485351562","1.5670547485351562"
"7639","2.08941650390625","2.08941650390625","2.08941650390625"
"7646","1.888519287109375","1.888519287109375","1.888519287109375"
"7681","2.0221328735351562","2.0221328735351562","2.0221328735351562"
"7686","1.6246719360351562","1.6246719360351562","1.6246719360351562"
"7692","1.5129623413085938","1.5129623413085938","1.5129623413085938"
"7696","1.7258453369140625","1.7258453369140625","1.7258453369140625"
"7734","2.0294189453125","2.0294189453125","2.0294189453125"
"7736","1.7884864807128906","1.7884864807128906","1.7884864807128906"
"7743","1.569192886352539","1.569192886352539","1.569192886352539"
"7802","2.0049095153808594","2.0049095153808594","2.0049095153808594"
"7820","1.6947364807128906","1.6947364807128906","1.6947364807128906"
"7869","2.0781784057617188","2.0781784057617188","2.0781784057617188"
"7897","1.7435493469238281","1.7435493469238281","1.7435493469238281"
"7927","2.0294189453125","2.0294189453125","2.0294189453125"
"7934","1.962158203125","1.962158203125","1.962158203125"
"7943","1.6163692474365234","1.6163692474365234","1.6163692474365234"
"7994","1.715597152709961","1.715597152709961","1.715597152709961"
"8019","1.9472122192382812","1.9472122192382812","1.9472122192382812"
"8021","1.65765380859375","1.65765380859375","1.65765380859375"
"8045","1.8371810913085938","1.8371810913085938","1.8371810913085938"
"8077","1.8770599365234375","1.8770599365234375","1.8770599365234375"
"8117","1.7713546752929688","1.7713546752929688","1.7713546752929688"
"8178","1.941192626953125","1.941192626953125","1.941192626953125"
"8193","1.6770820617675781","1.6770820617675781","1.6770820617675781"
"8236","1.9509429931640625","1.9509429931640625","1.9509429931640625"
"8258","1.813751220703125","1.813751220703125","1.813751220703125"
"8262","1.8292694091796875","1.8292694091796875","1.8292694091796875"
"8267","1.6436691284179688","1.6436691284179688","1.6436691284179688"
"8288","1.8805007934570312","1.8805007934570312","1.8805007934570312"
"8310","1.964019775390625","1.964019775390625","1.964019775390625"
"8312","1.5473480224609375","1.5473480224609375","1.5473480224609375"
"8315","2.0793609619140625","2.0793609619140625","2.0793609619140625"
"8335","1.6117401123046875","1.6117401123046875","1.6117401123046875"
"8346","1.9090118408203125","1.9090118408203125","1.9090118408203125"
"8358","1.700479507446289","1.700479507446289","1.700479507446289"
"8359","1.6832275390625","1.6832275390625","1.6832275390625"
"8362","1.7982673645019531","1.7982673645019531","1.7982673645019531"
"8364","1.925506591796875","1.925506591796875","1.925506591796875"
"8400","1.7527103424072266","1.7527103424072266","1.7527103424072266"
"8441","2.0216217041015625","2.0216217041015625","2.0216217041015625"
"8453","1.6649627685546875","1.6649627685546875","1.6649627685546875"
"8495","1.6594505310058594","1.6594505310058594","1.6594505310058594"
"8502","1.5824775695800781","1.5824775695800781","1.5824775695800781"
"8572","1.634429931640625","1.634429931640625","1.634429931640625"
"8598","1.8353729248046875","1.8353729248046875","1.8353729248046875"
"8650","1.9980506896972656","1.9980506896972656","1.9980506896972656"
"8690","1.4732093811035156","1.4732093811035156","1.4732093811035156"
"8854","1.68682861328125","1.68682861328125","1.68682861328125"
"8863","1.797271728515625","1.797271728515625","1.797271728515625"
"8891","1.7457504272460938","1.7457504272460938","1.7457504272460938"
"8936","1.7871780395507812","1.7871780395507812","1.7871780395507812"
"8983","1.7618789672851562","1.7618789672851562","1.7618789672851562"
"9012","1.8344879150390625","1.8344879150390625","1.8344879150390625"
"9013","1.6748619079589844","1.6748619079589844","1.6748619079589844"
"9061","1.92425537109375","1.92425537109375","1.92425537109375"
"9098","1.9489288330078125","1.9489288330078125","1.9489288330078125"
"9115","1.8137855529785156","1.8137855529785156","1.8137855529785156"
"9171","1.6423721313476562","1.6423721313476562","1.6423721313476562"
"9197","1.6072273254394531","1.6072273254394531","1.6072273254394531"
"9198","1.9845123291015625","1.9845123291015625","1.9845123291015625"
"9228","1.6417388916015625","1.6417388916015625","1.6417388916015625"
"9241","1.8552932739257812","1.8552932739257812","1.8552932739257812"
"9274","1.780609130859375","1.780609130859375","1.780609130859375"
"9334","1.6483192443847656","1.6483192443847656","1.6483192443847656"
"9363","1.7982673645019531","1.7982673645019531","1.7982673645019531"
"9368","1.725656509399414","1.725656509399414","1.725656509399414"
"9377","1.9580726623535156","1.9580726623535156","1.9580726623535156"
"9379","1.760284423828125","1.760284423828125","1.760284423828125"
"9406","1.7188796997070312","1.7188796997070312","1.7188796997070312"
"9425","1.895599365234375","1.895599365234375","1.895599365234375"
"9458","1.5998497009277344","1.5998497009277344","1.5998497009277344"
"9469","1.8329925537109375","1.8329925537109375","1.8329925537109375"
"9479","1.7860870361328125","1.7860870361328125","1.7860870361328125"
"9502","1.7410812377929688","1.7410812377929688","1.7410812377929688"
"9534","2.0378265380859375","2.0378265380859375","2.0378265380859375"
"9564","1.62139892578125","1.62139892578125","1.62139892578125"
"9621","1.7316360473632812","1.7316360473632812","1.7316360473632812"
"9637","1.892486572265625","1.892486572265625","1.892486572265625"
"9644","1.7759552001953125","1.7759552001953125","1.7759552001953125"
"9648","1.774261474609375","1.774261474609375","1.774261474609375"
"9665","1.8128089904785156","1.8128089904785156","1.8128089904785156"
"9667","1.2703399658203125","1.2703399658203125","1.2703399658203125"
"9700","1.9527969360351562","1.9527969360351562","1.9527969360351562"
"9713","1.6050453186035156","1.6050453186035156","1.6050453186035156"
"9784","1.6355676651000977","1.6355676651000977","1.6355676651000977"
"9787","1.6607398986816406","1.6607398986816406","1.6607398986816406"
"9822","1.7934494018554688","1.7934494018554688","1.7934494018554688"
"9869","1.7752456665039062","1.7752456665039062","1.7752456665039062"
"9885","1.8942375183105469","1.8942375183105469","1.8942375183105469"
"9916","1.786895751953125","1.786895751953125","1.786895751953125"
"9942","1.6305274963378906","1.6305274963378906","1.6305274963378906"
"9966","1.919281005859375","1.919281005859375","1.919281005859375"
"10026","1.4743385314941406","1.4743385314941406","1.4743385314941406"
"10062","1.8609085083007812","1.8609085083007812","1.8609085083007812"
"10109","2.091888427734375","2.091888427734375","2.091888427734375"
"10131","1.7367935180664062","1.7367935180664062","1.7367935180664062"
"10138","1.6796188354492188","1.6796188354492188","1.6796188354492188"
"10139","1.6286163330078125","1.6286163330078125","1.6286163330078125"
"10140","1.5752029418945312","1.5752029418945312","1.5752029418945312"
"10186","1.749755859375","1.749755859375","1.749755859375"
"10193","1.6347846984863281","1.6347846984863281","1.6347846984863281"
"10197","1.8489837646484375","1.8489837646484375","1.8489837646484375"
"10200","1.845001220703125","1.845001220703125","1.845001220703125"
"10218","1.9418792724609375","1.9418792724609375","1.9418792724609375"
"10243","1.5770454406738281","1.5770454406738281","1.5770454406738281"
"10262","1.7993507385253906","1.7993507385253906","1.7993507385253906"
"10271","1.6171340942382812","1.6171340942382812","1.6171340942382812"
"10282","1.6138916015625","1.6138916015625","1.6138916015625"
"10302","1.896942138671875","1.896942138671875","1.896942138671875"
"10324","1.6759490966796875","1.6759490966796875","1.6759490966796875"
"10329","1.7564468383789062","1.7564468383789062","1.7564468383789062"
"10388","1.9012603759765625","1.9012603759765625","1.9012603759765625"
"10415","1.9534835815429688","1.9534835815429688","1.9534835815429688"
"10488","1.759429931640625","1.759429931640625","1.759429931640625"
"10504","1.8143539428710938","1.8143539428710938","1.8143539428710938"
"10559","1.614013671875","1.614013671875","1.614013671875"
"10599","1.6230010986328125","1.6230010986328125","1.6230010986328125"
"10641","1.3998947143554688","1.3998947143554688","1.3998947143554688"
"10663","1.7974891662597656","1.7974891662597656","1.7974891662597656"
"10698","1.7375030517578125","1.7375030517578125","1.7375030517578125"
"10733","1.899749755859375","1.899749755859375","1.899749755859375"
"10766","1.5583572387695312","1.5583572387695312","1.5583572387695312"
"10809","1.7059783935546875","1.7059783935546875","1.7059783935546875"
"10815","1.884765625","1.884765625","1.884765625"
"10821","1.2449111938476562","1.2449111938476562","1.2449111938476562"
"10843","1.4461135864257812","1.4461135864257812","1.4461135864257812"
"10932","1.67120361328125","1.67120361328125","1.67120361328125"
"10968","1.4956626892089844","1.4956626892089844","1.4956626892089844"
"10986","1.712615966796875","1.712615966796875","1.712615966796875"
"11016","1.8013763427734375","1.8013763427734375","1.8013763427734375"
"11020","1.9149932861328125","1.9149932861328125","1.9149932861328125"
"11021","2.0120849609375","2.0120849609375","2.0120849609375"
"11103","1.6160621643066406","1.6160621643066406","1.6160621643066406"
"11111","1.6740531921386719","1.6740531921386719","1.6740531921386719"
"11160","1.7993202209472656","1.7993202209472656","1.7993202209472656"
"11170","1.7842254638671875","1.7842254638671875","1.7842254638671875"
"11197","1.6804656982421875","1.6804656982421875","1.6804656982421875"
"11198","1.5062103271484375","1.5062103271484375","1.5062103271484375"
"11219","2.0029983520507812","2.0029983520507812","2.0029983520507812"
"11269","1.6157913208007812","1.6157913208007812","1.6157913208007812"
"11272","1.9136428833007812","1.9136428833007812","1.9136428833007812"
"11296","1.620574951171875","1.620574951171875","1.620574951171875"
"11315","1.5311813354492188","1.5311813354492188","1.5311813354492188"
"11338","1.7426834106445312","1.7426834106445312","1.7426834106445312"
"11343","1.6336898803710938","1.6336898803710938","1.6336898803710938"
"11347","1.5660972595214844","1.5660972595214844","1.5660972595214844"
"11353","1.8244781494140625","1.8244781494140625","1.8244781494140625"
"11392","1.7637176513671875","1.7637176513671875","1.7637176513671875"
"11411","1.95001220703125","1.95001220703125","1.95001220703125"
"11503","2.068096160888672","2.068096160888672","2.068096160888672"
"11557","1.5462265014648438","1.5462265014648438","1.5462265014648438"
"11568","1.9720611572265625","1.9720611572265625","1.9720611572265625"
"11570","1.7776641845703125","1.7776641845703125","1.7776641845703125"
"11590","1.5297393798828125","1.5297393798828125","1.5297393798828125"
"11603","1.8249588012695312","1.8249588012695312","1.8249588012695312"
"11629","1.4868927001953125","1.4868927001953125","1.4868927001953125"
"11633","1.5698661804199219","1.5698661804199219","1.5698661804199219"
"11646","1.7593555450439453","1.7593555450439453","1.7593555450439453"
"11668","1.4233055114746094","1.4233055114746094","1.4233055114746094"
"11671","1.9425506591796875","1.9425506591796875","1.9425506591796875"
"11686","1.7847137451171875","1.7847137451171875","1.7847137451171875"
"11708","1.7290763854980469","1.7290763854980469","1.7290763854980469"
"11711","1.675872802734375","1.675872802734375","1.675872802734375"
"11781","1.7182159423828125","1.7182159423828125","1.7182159423828125"
"11836","1.6623954772949219","1.6623954772949219","1.6623954772949219"
"11853","1.6837234497070312","1.6837234497070312","1.6837234497070312"
"11919","1.7564315795898438","1.7564315795898438","1.7564315795898438"
"11979","1.4078216552734375","1.4078216552734375","1.4078216552734375"
"12028","1.6956100463867188","1.6956100463867188","1.6956100463867188"
"12088","1.6565742492675781","1.6565742492675781","1.6565742492675781"
"12098","1.837738037109375","1.837738037109375","1.837738037109375"
"12109","1.414459228515625","1.414459228515625","1.414459228515625"
"12124","1.7152233123779297","1.7152233123779297","1.7152233123779297"
"12160","1.9800224304199219","1.9800224304199219","1.9800224304199219"
"12217","1.5447273254394531","1.5447273254394531","1.5447273254394531"
"12229","1.5875167846679688","1.5875167846679688","1.5875167846679688"
"12283","1.5018329620361328","1.5018329620361328","1.5018329620361328"
"12335","1.5750846862792969","1.5750846862792969","1.5750846862792969"
"12337","1.4240303039550781","1.4240303039550781","1.4240303039550781"
"12345","1.5538406372070312","1.5538406372070312","1.5538406372070312"
"12413","1.7318115234375","1.7318115234375","1.7318115234375"
"12429","1.5887184143066406","1.5887184143066406","1.5887184143066406"
"12452","1.239675521850586","1.239675521850586","1.239675521850586"
"12539","1.64141845703125","1.64141845703125","1.64141845703125"
"12543","1.6592483520507812","1.6592483520507812","1.6592483520507812"
"12567","1.5899238586425781","1.5899238586425781","1.5899238586425781"
"12574","1.8307876586914062","1.8307876586914062","1.8307876586914062"
"12608","1.7212944030761719","1.7212944030761719","1.7212944030761719"
"12643","1.7099876403808594","1.7099876403808594","1.7099876403808594"
"12684","1.8122291564941406","1.8122291564941406","1.8122291564941406"
"12704","1.6683273315429688","1.6683273315429688","1.6683273315429688"
"12717","1.537353515625","1.537353515625","1.537353515625"
"12774","1.7826385498046875","1.7826385498046875","1.7826385498046875"
"12779","1.643575668334961","1.643575668334961","1.643575668334961"
"12791","1.7779083251953125","1.7779083251953125","1.7779083251953125"
"12849","1.5398445129394531","1.5398445129394531","1.5398445129394531"
"12851","1.413228988647461","1.413228988647461","1.413228988647461"
"12862","1.6172637939453125","1.6172637939453125","1.6172637939453125"
"12884","1.7894363403320312","1.7894363403320312","1.7894363403320312"
"12925","1.9472732543945312","1.9472732543945312","1.9472732543945312"
"12936","1.3973007202148438","1.3973007202148438","1.3973007202148438"
"12972","1.8264236450195312","1.8264236450195312","1.8264236450195312"
"12974","1.6830501556396484","1.6830501556396484","1.6830501556396484"
"12999","1.8687744140625","1.8687744140625","1.8687744140625"
"13008","1.5317153930664062","1.5317153930664062","1.5317153930664062"
"13014","1.6006908416748047","1.6006908416748047","1.6006908416748047"
"13025","1.6669464111328125","1.6669464111328125","1.6669464111328125"
"13045","1.6435317993164062","1.6435317993164062","1.6435317993164062"
"13059","1.4193305969238281","1.4193305969238281","1.4193305969238281"
"13078","1.697845458984375","1.697845458984375","1.697845458984375"
"13082","1.6247100830078125","1.6247100830078125","1.6247100830078125"
"13116","1.6562232971191406","1.6562232971191406","1.6562232971191406"
"13157","1.5353469848632812","1.5353469848632812","1.5353469848632812"
"13159","1.7462577819824219","1.7462577819824219","1.7462577819824219"
"13182","1.5395889282226562","1.5395889282226562","1.5395889282226562"
"13218","1.8635025024414062","1.8635025024414062","1.8635025024414062"
"13220","1.7649459838867188","1.7649459838867188","1.7649459838867188"
"13281","1.6026382446289062","1.6026382446289062","1.6026382446289062"
"13302","1.6872634887695312","1.6872634887695312","1.6872634887695312"
"13323","1.6221466064453125","1.6221466064453125","1.6221466064453125"
"13344","2.0548553466796875","2.0548553466796875","2.0548553466796875"
"13366","1.7450180053710938","1.7450180053710938","1.7450180053710938"
"13377","1.4938926696777344","1.4938926696777344","1.4938926696777344"
"13381","1.6568374633789062","1.6568374633789062","1.6568374633789062"
"13385","1.6385879516601562","1.6385879516601562","1.6385879516601562"
"13402","1.6486320495605469","1.6486320495605469","1.6486320495605469"
"13433","1.6606979370117188","1.6606979370117188","1.6606979370117188"
"13498","1.5316543579101562","1.5316543579101562","1.5316543579101562"
"13501","1.491912841796875","1.491912841796875","1.491912841796875"
"13538","1.6221580505371094","1.6221580505371094","1.6221580505371094"
"13543","1.7229690551757812","1.7229690551757812","1.7229690551757812"
"13545","1.5568695068359375","1.5568695068359375","1.5568695068359375"
"13558","1.27099609375","1.27099609375","1.27099609375"
"13559","1.7312335968017578","1.7312335968017578","1.7312335968017578"
"13587","1.4998435974121094","1.4998435974121094","1.4998435974121094"
"13608","1.7605972290039062","1.7605972290039062","1.7605972290039062"
"13611","1.801168441772461","1.801168441772461","1.801168441772461"
"13632","1.5075225830078125","1.5075225830078125","1.5075225830078125"
"13636","1.5149688720703125","1.5149688720703125","1.5149688720703125"
"13642","1.5851936340332031","1.5851936340332031","1.5851936340332031"
"13649","1.635345458984375","1.635345458984375","1.635345458984375"
"13705","1.715118408203125","1.715118408203125","1.715118408203125"
"13754","1.5375518798828125","1.5375518798828125","1.5375518798828125"
"13867","1.7664031982421875","1.7664031982421875","1.7664031982421875"
"13899","1.5983238220214844","1.5983238220214844","1.5983238220214844"
"13947","1.5145378112792969","1.5145378112792969","1.5145378112792969"
"13995","1.5418434143066406","1.5418434143066406","1.5418434143066406"
"14004","1.6321487426757812","1.6321487426757812","1.6321487426757812"
"14021","1.5595855712890625","1.5595855712890625","1.5595855712890625"
"14046","1.385223388671875","1.385223388671875","1.385223388671875"
"14065","1.5909996032714844","1.5909996032714844","1.5909996032714844"
"14096","1.5161476135253906","1.5161476135253906","1.5161476135253906"
"14126","1.645751953125","1.645751953125","1.645751953125"
"14137","1.6914939880371094","1.6914939880371094","1.6914939880371094"
"14139","1.5786705017089844","1.5786705017089844","1.5786705017089844"
"14143","1.702545166015625","1.702545166015625","1.702545166015625"
"14177","1.7969131469726562","1.7969131469726562","1.7969131469726562"
"14188","1.5835418701171875","1.5835418701171875","1.5835418701171875"
"14217","1.3956756591796875","1.3956756591796875","1.3956756591796875"
"14225","1.9974822998046875","1.9974822998046875","1.9974822998046875"
"14255","1.6814041137695312","1.6814041137695312","1.6814041137695312"
"14294","1.8821964263916016","1.8821964263916016","1.8821964263916016"
"14301","1.6314468383789062","1.6314468383789062","1.6314468383789062"
"14339","1.2599716186523438","1.2599716186523438","1.2599716186523438"
"14346","1.4734268188476562","1.4734268188476562","1.4734268188476562"
"14385","1.6190338134765625","1.6190338134765625","1.6190338134765625"
"14427","1.3107986450195312","1.3107986450195312","1.3107986450195312"
"14466","1.7586212158203125","1.7586212158203125","1.7586212158203125"
"14487","1.7090721130371094","1.7090721130371094","1.7090721130371094"
"14510","1.376251220703125","1.376251220703125","1.376251220703125"
"14531","1.79486083984375","1.79486083984375","1.79486083984375"
"14533","1.7471351623535156","1.7471351623535156","1.7471351623535156"
"14564","1.7213592529296875","1.7213592529296875","1.7213592529296875"
"14578","1.4792461395263672","1.4792461395263672","1.4792461395263672"
"14616","1.7925243377685547","1.7925243377685547","1.7925243377685547"
"14683","1.6584396362304688","1.6584396362304688","1.6584396362304688"
"14695","1.63165283203125","1.63165283203125","1.63165283203125"
"14712","2.11395263671875","2.11395263671875","2.11395263671875"
"14716","1.8312606811523438","1.8312606811523438","1.8312606811523438"
"14736","1.3135719299316406","1.3135719299316406","1.3135719299316406"
"14757","1.4688873291015625","1.4688873291015625","1.4688873291015625"
"14766","1.6947021484375","1.6947021484375","1.6947021484375"
"14767","1.4994544982910156","1.4994544982910156","1.4994544982910156"
"14772","1.5499439239501953","1.5499439239501953","1.5499439239501953"
"14773","1.5885334014892578","1.5885334014892578","1.5885334014892578"
"14782","1.5398674011230469","1.5398674011230469","1.5398674011230469"
"14785","1.6493301391601562","1.6493301391601562","1.6493301391601562"
"14795","1.86346435546875","1.86346435546875","1.86346435546875"
"14832","1.3297767639160156","1.3297767639160156","1.3297767639160156"
"14834","1.8072280883789062","1.8072280883789062","1.8072280883789062"
"14875","1.7292327880859375","1.7292327880859375","1.7292327880859375"
"14899","1.5671234130859375","1.5671234130859375","1.5671234130859375"
"14919","1.4234390258789062","1.4234390258789062","1.4234390258789062"
"14934","1.7590198516845703","1.7590198516845703","1.7590198516845703"
"14938","1.502777099609375","1.502777099609375","1.502777099609375"
"14959","1.585357666015625","1.585357666015625","1.585357666015625"
"14974","1.86090087890625","1.86090087890625","1.86090087890625"
"14978","1.9469070434570312","1.9469070434570312","1.9469070434570312"
"14981","1.6994094848632812","1.6994094848632812","1.6994094848632812"
"15005","1.8146400451660156","1.8146400451660156","1.8146400451660156"
"15032","1.6671829223632812","1.6671829223632812","1.6671829223632812"
"15038","1.4296646118164062","1.4296646118164062","1.4296646118164062"
"15053","1.5657081604003906","1.5657081604003906","1.5657081604003906"
"15063","2.0087509155273438","2.0087509155273438","2.0087509155273438"
"15070","1.5471038818359375","1.5471038818359375","1.5471038818359375"
"15149","1.5703926086425781","1.5703926086425781","1.5703926086425781"
"15182","1.8034820556640625","1.8034820556640625","1.8034820556640625"
"15190","1.6824760437011719","1.6824760437011719","1.6824760437011719"
"15201","1.3228569030761719","1.3228569030761719","1.3228569030761719"
"15215","1.8899726867675781","1.8899726867675781","1.8899726867675781"
"15269","1.5552177429199219","1.5552177429199219","1.5552177429199219"
"15285","1.4531745910644531","1.4531745910644531","1.4531745910644531"
"15293","1.5942373275756836","1.5942373275756836","1.5942373275756836"
"15295","1.5130901336669922","1.5130901336669922","1.5130901336669922"
"15311","1.7914352416992188","1.7914352416992188","1.7914352416992188"
"15333","1.5611190795898438","1.5611190795898438","1.5611190795898438"
"15360","1.6424217224121094","1.6424217224121094","1.6424217224121094"
"15418","1.7878532409667969","1.7878532409667969","1.7878532409667969"
"15437","1.5764694213867188","1.5764694213867188","1.5764694213867188"
"15473","1.5069427490234375","1.5069427490234375","1.5069427490234375"
"15495","1.4162101745605469","1.4162101745605469","1.4162101745605469"
"15511","1.5730094909667969","1.5730094909667969","1.5730094909667969"
"15519","1.8014907836914062","1.8014907836914062","1.8014907836914062"
"15527","1.8898086547851562","1.8898086547851562","1.8898086547851562"
"15558","1.562652587890625","1.562652587890625","1.562652587890625"
"15568","1.7140426635742188","1.7140426635742188","1.7140426635742188"
"15635","1.5098800659179688","1.5098800659179688","1.5098800659179688"
"15671","1.6190643310546875","1.6190643310546875","1.6190643310546875"
"15696","1.518768310546875","1.518768310546875","1.518768310546875"
"15698","1.4596786499023438","1.4596786499023438","1.4596786499023438"
"15744","1.6675338745117188","1.6675338745117188","1.6675338745117188"
"15745","1.6959667205810547","1.6959667205810547","1.6959667205810547"
"15788","1.8850936889648438","1.8850936889648438","1.8850936889648438"
"15799","1.5270919799804688","1.5270919799804688","1.5270919799804688"
"15801","1.7201080322265625","1.7201080322265625","1.7201080322265625"
"15857","1.8938827514648438","1.8938827514648438","1.8938827514648438"
"15871","1.6871566772460938","1.6871566772460938","1.6871566772460938"
"15879","1.8048286437988281","1.8048286437988281","1.8048286437988281"
"15897","1.7202110290527344","1.7202110290527344","1.7202110290527344"
"15909","1.8473358154296875","1.8473358154296875","1.8473358154296875"
"15931","1.6367225646972656","1.6367225646972656","1.6367225646972656"
"15941","1.7356529235839844","1.7356529235839844","1.7356529235839844"
"15943","1.5808830261230469","1.5808830261230469","1.5808830261230469"
"15951","1.6635246276855469","1.6635246276855469","1.6635246276855469"
"15971","1.6502494812011719","1.6502494812011719","1.6502494812011719"
"15976","1.6147575378417969","1.6147575378417969","1.6147575378417969"
"15979","1.7114410400390625","1.7114410400390625","1.7114410400390625"
"15995","1.6883697509765625","1.6883697509765625","1.6883697509765625"
"16008","1.5085601806640625","1.5085601806640625","1.5085601806640625"
"16029","1.59527587890625","1.59527587890625","1.59527587890625"
"16105","1.4596900939941406","1.4596900939941406","1.4596900939941406"
"16145","1.6588363647460938","1.6588363647460938","1.6588363647460938"
"16171","1.9804954528808594","1.9804954528808594","1.9804954528808594"
"16196","1.6461296081542969","1.6461296081542969","1.6461296081542969"
"16199","1.4485359191894531","1.4485359191894531","1.4485359191894531"
"16237","1.4464778900146484","1.4464778900146484","1.4464778900146484"
"16247","1.4372501373291016","1.4372501373291016","1.4372501373291016"
"16277","1.6324748992919922","1.6324748992919922","1.6324748992919922"
"16304","1.772705078125","1.772705078125","1.772705078125"
"16342","1.9299507141113281","1.9299507141113281","1.9299507141113281"
"16363","1.3891372680664062","1.3891372680664062","1.3891372680664062"
"16369","1.4263648986816406","1.4263648986816406","1.4263648986816406"
"16403","1.6263084411621094","1.6263084411621094","1.6263084411621094"
"16407","1.7182998657226562","1.7182998657226562","1.7182998657226562"
"16465","1.261326789855957","1.261326789855957","1.261326789855957"
"16538","1.7422409057617188","1.7422409057617188","1.7422409057617188"
"16585","1.5309104919433594","1.5309104919433594","1.5309104919433594"
"16586","1.54718017578125","1.54718017578125","1.54718017578125"
"16596","1.4283943176269531","1.4283943176269531","1.4283943176269531"
"16597","1.4966392517089844","1.4966392517089844","1.4966392517089844"
"16600","1.578521728515625","1.578521728515625","1.578521728515625"
"16612","1.7737884521484375","1.7737884521484375","1.7737884521484375"
"16673","1.7029228210449219","1.7029228210449219","1.7029228210449219"
"16677","1.2362060546875","1.2362060546875","1.2362060546875"
"16679","1.879150390625","1.879150390625","1.879150390625"
"16684","1.5888214111328125","1.5888214111328125","1.5888214111328125"
"16692","1.723876953125","1.723876953125","1.723876953125"
"16705","1.4797630310058594","1.4797630310058594","1.4797630310058594"
"16711","1.4986457824707031","1.4986457824707031","1.4986457824707031"
"16728","1.8885574340820312","1.8885574340820312","1.8885574340820312"
"16749","1.6851806640625","1.6851806640625","1.6851806640625"
"16780","1.60205078125","1.60205078125","1.60205078125"
"16787","1.8105010986328125","1.8105010986328125","1.8105010986328125"
"16795","1.5814132690429688","1.5814132690429688","1.5814132690429688"
"16814","1.8263130187988281","1.8263130187988281","1.8263130187988281"
"16870","1.4571647644042969","1.4571647644042969","1.4571647644042969"
"16879","1.5622520446777344","1.5622520446777344","1.5622520446777344"
"16910","1.5496139526367188","1.5496139526367188","1.5496139526367188"
"16941","1.6452064514160156","1.6452064514160156","1.6452064514160156"
"16949","1.5964412689208984","1.5964412689208984","1.5964412689208984"
"16958","1.6349143981933594","1.6349143981933594","1.6349143981933594"
"16973","1.4381675720214844","1.4381675720214844","1.4381675720214844"
"17063","1.3620109558105469","1.3620109558105469","1.3620109558105469"
"17120","1.6536788940429688","1.6536788940429688","1.6536788940429688"
"17171","1.7836761474609375","1.7836761474609375","1.7836761474609375"
"17226","1.3278732299804688","1.3278732299804688","1.3278732299804688"
"17264","1.5998268127441406","1.5998268127441406","1.5998268127441406"
"17283","1.533416748046875","1.533416748046875","1.533416748046875"
"17314","1.618408203125","1.618408203125","1.618408203125"
"17343","1.415792465209961","1.415792465209961","1.415792465209961"
"17370","1.6519546508789062","1.6519546508789062","1.6519546508789062"
"17386","1.8057785034179688","1.8057785034179688","1.8057785034179688"
"17389","1.5527725219726562","1.5527725219726562","1.5527725219726562"
"17394","1.3854174613952637","1.3854174613952637","1.3854174613952637"
"17403","1.6586732864379883","1.6586732864379883","1.6586732864379883"
"17441","1.6951560974121094","1.6951560974121094","1.6951560974121094"
"17444","1.5401382446289062","1.5401382446289062","1.5401382446289062"
"17447","1.4418516159057617","1.4418516159057617","1.4418516159057617"
"17467","1.3205108642578125","1.3205108642578125","1.3205108642578125"
"17525","1.600595474243164","1.600595474243164","1.600595474243164"
"17541","1.3662796020507812","1.3662796020507812","1.3662796020507812"
"17580","1.3739166259765625","1.3739166259765625","1.3739166259765625"
"17630","1.5339250564575195","1.5339250564575195","1.5339250564575195"
"17679","1.394561767578125","1.394561767578125","1.394561767578125"
"17716","1.6297101974487305","1.6297101974487305","1.6297101974487305"
"17741","1.4903945922851562","1.4903945922851562","1.4903945922851562"
"17747","1.7674751281738281","1.7674751281738281","1.7674751281738281"
"17748","1.5266151428222656","1.5266151428222656","1.5266151428222656"
"17794","1.830698013305664","1.830698013305664","1.830698013305664"
"17809","1.5020370483398438","1.5020370483398438","1.5020370483398438"
"17822","1.6763267517089844","1.6763267517089844","1.6763267517089844"
"17827","1.4757766723632812","1.4757766723632812","1.4757766723632812"
"17844","1.5571441650390625","1.5571441650390625","1.5571441650390625"
"17855","1.4221992492675781","1.4221992492675781","1.4221992492675781"
"17895","1.5784988403320312","1.5784988403320312","1.5784988403320312"
"17900","1.530853271484375","1.530853271484375","1.530853271484375"
"18004","1.3830795288085938","1.3830795288085938","1.3830795288085938"
"18009","1.5496635437011719","1.5496635437011719","1.5496635437011719"
"18012","1.6251144409179688","1.6251144409179688","1.6251144409179688"
"18054","1.3534774780273438","1.3534774780273438","1.3534774780273438"
"18083","1.4124298095703125","1.4124298095703125","1.4124298095703125"
"18151","1.5218048095703125","1.5218048095703125","1.5218048095703125"
"18205","1.7021751403808594","1.7021751403808594","1.7021751403808594"
"18314","1.638397216796875","1.638397216796875","1.638397216796875"
"18325","1.4022388458251953","1.4022388458251953","1.4022388458251953"
"18380","1.3505592346191406","1.3505592346191406","1.3505592346191406"
"18408","1.7323589324951172","1.7323589324951172","1.7323589324951172"
"18425","1.5369110107421875","1.5369110107421875","1.5369110107421875"
"18466","1.668609619140625","1.668609619140625","1.668609619140625"
"18477","1.6862430572509766","1.6862430572509766","1.6862430572509766"
"18517","1.6794605255126953","1.6794605255126953","1.6794605255126953"
"18548","1.5775527954101562","1.5775527954101562","1.5775527954101562"
"18611","1.2910957336425781","1.2910957336425781","1.2910957336425781"
"18612","1.5583953857421875","1.5583953857421875","1.5583953857421875"
"18632","1.5239417552947998","1.5239417552947998","1.5239417552947998"
"18652","1.5558929443359375","1.5558929443359375","1.5558929443359375"
"18656","1.4963741302490234","1.4963741302490234","1.4963741302490234"
"18729","1.5534706115722656","1.5534706115722656","1.5534706115722656"
"18734","1.1910266876220703","1.1910266876220703","1.1910266876220703"
"18754","1.719390869140625","1.719390869140625","1.719390869140625"
"18767","1.4862899780273438","1.4862899780273438","1.4862899780273438"
"18784","1.5712165832519531","1.5712165832519531","1.5712165832519531"
"18843","1.3506755828857422","1.3506755828857422","1.3506755828857422"
"18862","1.417337417602539","1.417337417602539","1.417337417602539"
"18865","1.9354534149169922","1.9354534149169922","1.9354534149169922"
"18880","1.4756431579589844","1.4756431579589844","1.4756431579589844"
"18934","1.3870010375976562","1.3870010375976562","1.3870010375976562"
"18941","1.69403076171875","1.69403076171875","1.69403076171875"
"18957","1.6197776794433594","1.6197776794433594","1.6197776794433594"
"18976","1.3703670501708984","1.3703670501708984","1.3703670501708984"
"19066","1.6269781589508057","1.6269781589508057","1.6269781589508057"
"19103","1.8748435974121094","1.8748435974121094","1.8748435974121094"
"19156","1.7463226318359375","1.7463226318359375","1.7463226318359375"
"19230","1.6938979625701904","1.6938979625701904","1.6938979625701904"
"19261","1.3030595779418945","1.3030595779418945","1.3030595779418945"
"19330","1.3142013549804688","1.3142013549804688","1.3142013549804688"
"19360","1.4789657592773438","1.4789657592773438","1.4789657592773438"
"19452","1.8674678802490234","1.8674678802490234","1.8674678802490234"
"19478","1.5395193099975586","1.5395193099975586","1.5395193099975586"
"19480","1.62567138671875","1.62567138671875","1.62567138671875"
"19514","1.507131576538086","1.507131576538086","1.507131576538086"
"19543","1.3636341094970703","1.3636341094970703","1.3636341094970703"
"19546","1.5743255615234375","1.5743255615234375","1.5743255615234375"
"19559","1.3843421936035156","1.3843421936035156","1.3843421936035156"
"19572","1.3168554306030273","1.3168554306030273","1.3168554306030273"
"19594","1.624969482421875","1.624969482421875","1.624969482421875"
"19611","1.7326908111572266","1.7326908111572266","1.7326908111572266"
"19613","1.3355484008789062","1.3355484008789062","1.3355484008789062"
"19650","1.5769243240356445","1.5769243240356445","1.5769243240356445"
"19683","1.6881370544433594","1.6881370544433594","1.6881370544433594"
"19724","1.5852432250976562","1.5852432250976562","1.5852432250976562"
"19725","1.3809843063354492","1.3809843063354492","1.3809843063354492"
"19769","1.3751678466796875","1.3751678466796875","1.3751678466796875"
"19777","1.5297622680664062","1.5297622680664062","1.5297622680664062"
"19826","1.474029541015625","1.474029541015625","1.474029541015625"
"19853","1.3384437561035156","1.3384437561035156","1.3384437561035156"
"19871","1.8600540161132812","1.8600540161132812","1.8600540161132812"
"19930","1.632436990737915","1.632436990737915","1.632436990737915"
"19944","1.4139480590820312","1.4139480590820312","1.4139480590820312"
"19949","1.5080451965332031","1.5080451965332031","1.5080451965332031"
"19965","1.5203170776367188","1.5203170776367188","1.5203170776367188"
"19966","1.459029197692871","1.459029197692871","1.459029197692871"
"19972","1.345047950744629","1.345047950744629","1.345047950744629"
"19977","1.5495529174804688","1.5495529174804688","1.5495529174804688"
"19982","1.6299052238464355","1.6299052238464355","1.6299052238464355"
"20001","1.4033727645874023","1.4033727645874023","1.4033727645874023"
"20003","1.3461198806762695","1.3461198806762695","1.3461198806762695"
"20005","1.4263687133789062","1.4263687133789062","1.4263687133789062"
"20047","1.6246604919433594","1.6246604919433594","1.6246604919433594"
"20120","1.3384199142456055","1.3384199142456055","1.3384199142456055"
"20187","1.7631568908691406","1.7631568908691406","1.7631568908691406"
"20197","1.3576183319091797","1.3576183319091797","1.3576183319091797"
"20251","1.5808868408203125","1.5808868408203125","1.5808868408203125"
"20275","1.400238037109375","1.400238037109375","1.400238037109375"
"20276","1.6369247436523438","1.6369247436523438","1.6369247436523438"
"20308","1.238229751586914","1.238229751586914","1.238229751586914"
"20333","1.323526382446289","1.323526382446289","1.323526382446289"
"20382","1.6319122314453125","1.6319122314453125","1.6319122314453125"
"20440","1.9802093505859375","1.9802093505859375","1.9802093505859375"
"20454","1.6394658088684082","1.6394658088684082","1.6394658088684082"
"20465","1.1119446754455566","1.1119446754455566","1.1119446754455566"
"20489","1.8619308471679688","1.8619308471679688","1.8619308471679688"
"20493","1.3800315856933594","1.3800315856933594","1.3800315856933594"
"20503","1.7932243347167969","1.7932243347167969","1.7932243347167969"
"20505","1.5630462169647217","1.5630462169647217","1.5630462169647217"
"20531","1.4306583404541016","1.4306583404541016","1.4306583404541016"
"20603","1.2698440551757812","1.2698440551757812","1.2698440551757812"
"20645","1.2614879608154297","1.2614879608154297","1.2614879608154297"
"20675","1.4472541809082031","1.4472541809082031","1.4472541809082031"
"20724","1.3817052841186523","1.3817052841186523","1.3817052841186523"
"20728","1.4206881523132324","1.4206881523132324","1.4206881523132324"
"20736","1.4211158752441406","1.4211158752441406","1.4211158752441406"
"20764","1.7320408821105957","1.7320408821105957","1.7320408821105957"
"20782","1.6344890594482422","1.6344890594482422","1.6344890594482422"
"20794","1.7103118896484375","1.7103118896484375","1.7103118896484375"
"20832","1.3357429504394531","1.3357429504394531","1.3357429504394531"
"20864","1.429213523864746","1.429213523864746","1.429213523864746"
"20866","1.3282814025878906","1.3282814025878906","1.3282814025878906"
"20889","1.6038856506347656","1.6038856506347656","1.6038856506347656"
"20897","1.3307247161865234","1.3307247161865234","1.3307247161865234"
"20904","1.9400672912597656","1.9400672912597656","1.9400672912597656"
"20923","1.57904052734375","1.57904052734375","1.57904052734375"
"20937","1.585205078125","1.585205078125","1.585205078125"
"20941","1.6474075317382812","1.6474075317382812","1.6474075317382812"
"20995","1.3711433410644531","1.3711433410644531","1.3711433410644531"
"21041","1.5137615203857422","1.5137615203857422","1.5137615203857422"
"21048","1.2740087509155273","1.2740087509155273","1.2740087509155273"
"21117","1.419064998626709","1.419064998626709","1.419064998626709"
"21118","1.9550018310546875","1.9550018310546875","1.9550018310546875"
"21121","1.50225830078125","1.50225830078125","1.50225830078125"
"21126","1.5552444458007812","1.5552444458007812","1.5552444458007812"
"21154","1.6616363525390625","1.6616363525390625","1.6616363525390625"
"21172","1.5620441436767578","1.5620441436767578","1.5620441436767578"
"21188","1.7010879516601562","1.7010879516601562","1.7010879516601562"
"21219","1.7169885635375977","1.7169885635375977","1.7169885635375977"
"21230","1.4286537170410156","1.4286537170410156","1.4286537170410156"
"21234","1.6104259490966797","1.6104259490966797","1.6104259490966797"
"21264","1.3978557586669922","1.3978557586669922","1.3978557586669922"
"21355","1.4247322082519531","1.4247322082519531","1.4247322082519531"
"21385","1.65142822265625","1.65142822265625","1.65142822265625"
"21395","1.4168548583984375","1.4168548583984375","1.4168548583984375"
"21409","1.633122444152832","1.633122444152832","1.633122444152832"
"21428","1.4091434478759766","1.4091434478759766","1.4091434478759766"
"21481","1.6022796630859375","1.6022796630859375","1.6022796630859375"
"21545","1.5572471618652344","1.5572471618652344","1.5572471618652344"
"21562","1.595926284790039","1.595926284790039","1.595926284790039"
"21564","1.3834037780761719","1.3834037780761719","1.3834037780761719"
"21566","1.6233043670654297","1.6233043670654297","1.6233043670654297"
"21571","1.4853630065917969","1.4853630065917969","1.4853630065917969"
"21576","1.5617446899414062","1.5617446899414062","1.5617446899414062"
"21619","1.6957244873046875","1.6957244873046875","1.6957244873046875"
"21646","1.3562250137329102","1.3562250137329102","1.3562250137329102"
"21662","1.7195920944213867","1.7195920944213867","1.7195920944213867"
"21739","1.8426551818847656","1.8426551818847656","1.8426551818847656"
"21765","1.432569980621338","1.432569980621338","1.432569980621338"
"21802","1.2608814239501953","1.2608814239501953","1.2608814239501953"
"21939","1.7731609344482422","1.7731609344482422","1.7731609344482422"
"21949","1.3549513816833496","1.3549513816833496","1.3549513816833496"
"21971","1.2053985595703125","1.2053985595703125","1.2053985595703125"
"21988","1.2184371948242188","1.2184371948242188","1.2184371948242188"
"22026","1.5540804862976074","1.5540804862976074","1.5540804862976074"
"22028","1.2921714782714844","1.2921714782714844","1.2921714782714844"
"22058","1.5966911315917969","1.5966911315917969","1.5966911315917969"
"22097","1.5584716796875","1.5584716796875","1.5584716796875"
"22149","1.1475648880004883","1.1475648880004883","1.1475648880004883"
"22160","1.451310157775879","1.451310157775879","1.451310157775879"
"22161","1.39837646484375","1.39837646484375","1.39837646484375"
"22303","1.6003122329711914","1.6003122329711914","1.6003122329711914"
"22319","1.5728626251220703","1.5728626251220703","1.5728626251220703"
"22346","1.3489322662353516","1.3489322662353516","1.3489322662353516"
"22359","1.3451967239379883","1.3451967239379883","1.3451967239379883"
"22383","1.2332305908203125","1.2332305908203125","1.2332305908203125"
"22386","1.473620891571045","1.473620891571045","1.473620891571045"
"22391","1.6083602905273438","1.6083602905273438","1.6083602905273438"
"22432","1.5157470703125","1.5157470703125","1.5157470703125"
"22435","1.3899964094161987","1.3899964094161987","1.3899964094161987"
"22502","1.4754152297973633","1.4754152297973633","1.4754152297973633"
"22561","1.6472759246826172","1.6472759246826172","1.6472759246826172"
"22568","1.4897880554199219","1.4897880554199219","1.4897880554199219"
"22602","1.5045890808105469","1.5045890808105469","1.5045890808105469"
"22627","1.6875677108764648","1.6875677108764648","1.6875677108764648"
"22641","1.5390100479125977","1.5390100479125977","1.5390100479125977"
"22653","1.5857772827148438","1.5857772827148438","1.5857772827148438"
"22710","1.5176868438720703","1.5176868438720703","1.5176868438720703"
"22764","1.3935470581054688","1.3935470581054688","1.3935470581054688"
"22789","1.370016098022461","1.370016098022461","1.370016098022461"
"22792","1.5392956733703613","1.5392956733703613","1.5392956733703613"
"22794","1.3336973190307617","1.3336973190307617","1.3336973190307617"
"22806","1.4936084747314453","1.4936084747314453","1.4936084747314453"
"22812","1.2610197067260742","1.2610197067260742","1.2610197067260742"
"22857","1.3345282077789307","1.3345282077789307","1.3345282077789307"
"22883","1.3601665496826172","1.3601665496826172","1.3601665496826172"
"22909","1.600271224975586","1.600271224975586","1.600271224975586"
"22914","1.5475845336914062","1.5475845336914062","1.5475845336914062"
"22923","1.6103363037109375","1.6103363037109375","1.6103363037109375"
"22925","1.496938705444336","1.496938705444336","1.496938705444336"
"22938","1.4212150573730469","1.4212150573730469","1.4212150573730469"
"22943","1.0840280055999756","1.0840280055999756","1.0840280055999756"
"22946","1.6243171691894531","1.6243171691894531","1.6243171691894531"
"22993","1.462428092956543","1.462428092956543","1.462428092956543"
"23033","1.4849567413330078","1.4849567413330078","1.4849567413330078"
"23035","1.82122802734375","1.82122802734375","1.82122802734375"
"23037","1.579183578491211","1.579183578491211","1.579183578491211"
"23054","1.5953607559204102","1.5953607559204102","1.5953607559204102"
"23077","1.5916671752929688","1.5916671752929688","1.5916671752929688"
"23089","1.3215065002441406","1.3215065002441406","1.3215065002441406"
"23095","1.5820693969726562","1.5820693969726562","1.5820693969726562"
"23161","1.2951889038085938","1.2951889038085938","1.2951889038085938"
"23168","1.2507257461547852","1.2507257461547852","1.2507257461547852"
"23209","1.5777950286865234","1.5777950286865234","1.5777950286865234"
"23240","1.3697166442871094","1.3697166442871094","1.3697166442871094"
"23303","1.4929656982421875","1.4929656982421875","1.4929656982421875"
"23323","1.3314199447631836","1.3314199447631836","1.3314199447631836"
"23355","1.276843547821045","1.276843547821045","1.276843547821045"
"23372","1.4158287048339844","1.4158287048339844","1.4158287048339844"
"23410","1.3116445541381836","1.3116445541381836","1.3116445541381836"
"23413","1.4840316772460938","1.4840316772460938","1.4840316772460938"
"23442","1.7571220397949219","1.7571220397949219","1.7571220397949219"
"23488","1.5617263317108154","1.5617263317108154","1.5617263317108154"
"23520","1.1259393692016602","1.1259393692016602","1.1259393692016602"
"23521","1.3368291854858398","1.3368291854858398","1.3368291854858398"
"23533","1.5297393798828125","1.5297393798828125","1.5297393798828125"
"23555","1.5326652526855469","1.5326652526855469","1.5326652526855469"
"23587","1.6596221923828125","1.6596221923828125","1.6596221923828125"
"23592","1.732645034790039","1.732645034790039","1.732645034790039"
"23599","1.3391494750976562","1.3391494750976562","1.3391494750976562"
"23621","1.4734153747558594","1.4734153747558594","1.4734153747558594"
"23632","1.408487319946289","1.408487319946289","1.408487319946289"
"23675","1.4549026489257812","1.4549026489257812","1.4549026489257812"
"23689","1.3693790435791016","1.3693790435791016","1.3693790435791016"
"23696","1.5009498596191406","1.5009498596191406","1.5009498596191406"
"23698","1.3179779052734375","1.3179779052734375","1.3179779052734375"
"23731","1.5163345336914062","1.5163345336914062","1.5163345336914062"
"23739","1.6225852966308594","1.6225852966308594","1.6225852966308594"
"23741","1.5198287963867188","1.5198287963867188","1.5198287963867188"
"23778","1.701486587524414","1.701486587524414","1.701486587524414"
"23806","1.307633399963379","1.307633399963379","1.307633399963379"
"23823","1.6763591766357422","1.6763591766357422","1.6763591766357422"
"23843","1.4478864669799805","1.4478864669799805","1.4478864669799805"
"23845","1.3856887817382812","1.3856887817382812","1.3856887817382812"
"23944","1.721353530883789","1.721353530883789","1.721353530883789"
"23952","1.128702163696289","1.128702163696289","1.128702163696289"
"23959","1.2375717163085938","1.2375717163085938","1.2375717163085938"
"23974","1.6256942749023438","1.6256942749023438","1.6256942749023438"
"24026","1.673044204711914","1.673044204711914","1.673044204711914"
"24043","1.538930892944336","1.538930892944336","1.538930892944336"
"24112","1.5387535095214844","1.5387535095214844","1.5387535095214844"
"24117","1.613983154296875","1.613983154296875","1.613983154296875"
"24135","1.2851200103759766","1.2851200103759766","1.2851200103759766"
"24176","1.383000373840332","1.383000373840332","1.383000373840332"
"24200","1.473160743713379","1.473160743713379","1.473160743713379"
"24209","1.6152629852294922","1.6152629852294922","1.6152629852294922"
"24219","1.4391963481903076","1.4391963481903076","1.4391963481903076"
"24247","1.4577293395996094","1.4577293395996094","1.4577293395996094"
"24356","1.3717126846313477","1.3717126846313477","1.3717126846313477"
"24372","1.7354373931884766","1.7354373931884766","1.7354373931884766"
"24380","1.4825115203857422","1.4825115203857422","1.4825115203857422"
"24463","1.3875865936279297","1.3875865936279297","1.3875865936279297"
"24465","1.373483657836914","1.373483657836914","1.373483657836914"
"24470","1.5372772216796875","1.5372772216796875","1.5372772216796875"
"24510","1.2301912307739258","1.2301912307739258","1.2301912307739258"
"24531","1.4320793151855469","1.4320793151855469","1.4320793151855469"
"24542","1.502363681793213","1.502363681793213","1.502363681793213"
"24546","1.2823781967163086","1.2823781967163086","1.2823781967163086"
"24552","1.4727282524108887","1.4727282524108887","1.4727282524108887"
"24570","1.4174537658691406","1.4174537658691406","1.4174537658691406"
"24581","1.3825750350952148","1.3825750350952148","1.3825750350952148"
"24583","1.3470096588134766","1.3470096588134766","1.3470096588134766"
"24591","1.5034008026123047","1.5034008026123047","1.5034008026123047"
"24600","1.4473800659179688","1.4473800659179688","1.4473800659179688"
"24640","1.2268829345703125","1.2268829345703125","1.2268829345703125"
"24655","1.6250724792480469","1.6250724792480469","1.6250724792480469"
"24659","1.3096046447753906","1.3096046447753906","1.3096046447753906"
"24666","1.2956275939941406","1.2956275939941406","1.2956275939941406"
"24674","1.2483749389648438","1.2483749389648438","1.2483749389648438"
"24677","1.5013017654418945","1.5013017654418945","1.5013017654418945"
"24735","1.7362022399902344","1.7362022399902344","1.7362022399902344"
"24736","1.5432453155517578","1.5432453155517578","1.5432453155517578"
"24772","1.515848159790039","1.515848159790039","1.515848159790039"
"24797","1.5062637329101562","1.5062637329101562","1.5062637329101562"
"24801","1.1507115364074707","1.1507115364074707","1.1507115364074707"
"24838","1.2822885513305664","1.2822885513305664","1.2822885513305664"
"24879","1.403778076171875","1.403778076171875","1.403778076171875"
"24893","1.5925540924072266","1.5925540924072266","1.5925540924072266"
"24894","1.5640296936035156","1.5640296936035156","1.5640296936035156"
"24900","1.5431060791015625","1.5431060791015625","1.5431060791015625"
"24903","1.1691923141479492","1.1691923141479492","1.1691923141479492"
"24914","1.7129249572753906","1.7129249572753906","1.7129249572753906"
"24917","1.3641719818115234","1.3641719818115234","1.3641719818115234"
"24951","1.2302558422088623","1.2302558422088623","1.2302558422088623"
"24982","1.5189323425292969","1.5189323425292969","1.5189323425292969"
"24990","1.4563312530517578","1.4563312530517578","1.4563312530517578"
"25009","1.4550132751464844","1.4550132751464844","1.4550132751464844"
"25010","1.3340015411376953","1.3340015411376953","1.3340015411376953"
"25088","1.1331758499145508","1.1331758499145508","1.1331758499145508"
"25109","1.6497211456298828","1.6497211456298828","1.6497211456298828"
"25110","1.4104623794555664","1.4104623794555664","1.4104623794555664"
"25136","1.5160408020019531","1.5160408020019531","1.5160408020019531"
"25138","1.6150760650634766","1.6150760650634766","1.6150760650634766"
"25221","1.4815864562988281","1.4815864562988281","1.4815864562988281"
"25225","1.3306989669799805","1.3306989669799805","1.3306989669799805"
"25226","1.2100095748901367","1.2100095748901367","1.2100095748901367"
"25229","1.597341537475586","1.597341537475586","1.597341537475586"
"25245","1.55389404296875","1.55389404296875","1.55389404296875"
"25264","1.4807281494140625","1.4807281494140625","1.4807281494140625"
"25265","1.2689552307128906","1.2689552307128906","1.2689552307128906"
"25315","1.4305448532104492","1.4305448532104492","1.4305448532104492"
"25361","1.262247085571289","1.262247085571289","1.262247085571289"
"25394","1.1513118743896484","1.1513118743896484","1.1513118743896484"
"25423","1.4824886322021484","1.4824886322021484","1.4824886322021484"
"25436","1.2159862518310547","1.2159862518310547","1.2159862518310547"
"25466","1.291001319885254","1.291001319885254","1.291001319885254"
"25473","1.5604562759399414","1.5604562759399414","1.5604562759399414"
"25542","1.3014678955078125","1.3014678955078125","1.3014678955078125"
"25559","1.5990409851074219","1.5990409851074219","1.5990409851074219"
"25564","1.5133905410766602","1.5133905410766602","1.5133905410766602"
"25588","1.6649150848388672","1.6649150848388672","1.6649150848388672"
"25625","1.280747413635254","1.280747413635254","1.280747413635254"
"25651","1.529937744140625","1.529937744140625","1.529937744140625"
"25666","1.360025405883789","1.360025405883789","1.360025405883789"
"25711","1.6794319152832031","1.6794319152832031","1.6794319152832031"
"25725","1.1488165855407715","1.1488165855407715","1.1488165855407715"
"25756","1.9294242858886719","1.9294242858886719","1.9294242858886719"
"25765","1.3292007446289062","1.3292007446289062","1.3292007446289062"
"25769","1.350870132446289","1.350870132446289","1.350870132446289"
"25826","1.0987606048583984","1.0987606048583984","1.0987606048583984"
"25837","1.6849250793457031","1.6849250793457031","1.6849250793457031"
"25861","1.5527324676513672","1.5527324676513672","1.5527324676513672"
"25877","1.3777008056640625","1.3777008056640625","1.3777008056640625"
"25891","1.4625625610351562","1.4625625610351562","1.4625625610351562"
"25932","1.366652488708496","1.366652488708496","1.366652488708496"
"25936","1.452096939086914","1.452096939086914","1.452096939086914"
"25983","1.3401799201965332","1.3401799201965332","1.3401799201965332"
"25985","1.3346753120422363","1.3346753120422363","1.3346753120422363"
"26011","1.4685707092285156","1.4685707092285156","1.4685707092285156"
"26018","1.6472463607788086","1.6472463607788086","1.6472463607788086"
"26024","1.4103031158447266","1.4103031158447266","1.4103031158447266"
"26029","1.2530317306518555","1.2530317306518555","1.2530317306518555"
"26044","1.4148902893066406","1.4148902893066406","1.4148902893066406"
"26048","1.5044851303100586","1.5044851303100586","1.5044851303100586"
"26053","1.2344727516174316","1.2344727516174316","1.2344727516174316"
"26172","1.621525764465332","1.621525764465332","1.621525764465332"
"26181","1.272158145904541","1.272158145904541","1.272158145904541"
"26208","1.1970252990722656","1.1970252990722656","1.1970252990722656"
"26219","1.475006103515625","1.475006103515625","1.475006103515625"
"26246","1.4940836429595947","1.4940836429595947","1.4940836429595947"
"26354","1.4227294921875","1.4227294921875","1.4227294921875"
"26399","1.769826889038086","1.769826889038086","1.769826889038086"
"26453","1.6476936340332031","1.6476936340332031","1.6476936340332031"
"26465","1.318932056427002","1.318932056427002","1.318932056427002"
"26481","1.133291244506836","1.133291244506836","1.133291244506836"
"26486","1.4837541580200195","1.4837541580200195","1.4837541580200195"
"26499","1.5274333953857422","1.5274333953857422","1.5274333953857422"
"26541","1.2001228332519531","1.2001228332519531","1.2001228332519531"
"26552","1.7195587158203125","1.7195587158203125","1.7195587158203125"
"26570","1.3104639053344727","1.3104639053344727","1.3104639053344727"
"26571","1.9014034271240234","1.9014034271240234","1.9014034271240234"
"26598","1.7246017456054688","1.7246017456054688","1.7246017456054688"
"26634","1.3692741394042969","1.3692741394042969","1.3692741394042969"
"26646","1.3919486999511719","1.3919486999511719","1.3919486999511719"
"26687","1.1609439849853516","1.1609439849853516","1.1609439849853516"
"26691","1.663442611694336","1.663442611694336","1.663442611694336"
"26714","1.5857977867126465","1.5857977867126465","1.5857977867126465"
"26752","1.2173709869384766","1.2173709869384766","1.2173709869384766"
"26775","1.106490135192871","1.106490135192871","1.106490135192871"
"26798","1.4746417999267578","1.4746417999267578","1.4746417999267578"
"26842","1.776902198791504","1.776902198791504","1.776902198791504"
"26848","1.699103832244873","1.699103832244873","1.699103832244873"
"26952","1.4023404121398926","1.4023404121398926","1.4023404121398926"
"27049","1.3797298669815063","1.3797298669815063","1.3797298669815063"
"27071","1.7180500030517578","1.7180500030517578","1.7180500030517578"
"27123","1.3993358612060547","1.3993358612060547","1.3993358612060547"
"27177","1.151176929473877","1.151176929473877","1.151176929473877"
"27194","1.1341357231140137","1.1341357231140137","1.1341357231140137"
"27233","1.414259433746338","1.414259433746338","1.414259433746338"
"27291","1.315993309020996","1.315993309020996","1.315993309020996"
"27292","1.3990178108215332","1.3990178108215332","1.3990178108215332"
"27300","1.3957901000976562","1.3957901000976562","1.3957901000976562"
"27305","1.4743900299072266","1.4743900299072266","1.4743900299072266"
"27343","1.6082687377929688","1.6082687377929688","1.6082687377929688"
"27354","1.219696044921875","1.219696044921875","1.219696044921875"
"27378","1.6784934997558594","1.6784934997558594","1.6784934997558594"
"27396","1.5922608375549316","1.5922608375549316","1.5922608375549316"
"27428","1.1886167526245117","1.1886167526245117","1.1886167526245117"
"27483","1.7043981552124023","1.7043981552124023","1.7043981552124023"
"27487","1.5507583618164062","1.5507583618164062","1.5507583618164062"
"27538","1.4895868301391602","1.4895868301391602","1.4895868301391602"
"27586","1.6481561660766602","1.6481561660766602","1.6481561660766602"
"27598","1.4214591979980469","1.4214591979980469","1.4214591979980469"
"27603","1.5873489379882812","1.5873489379882812","1.5873489379882812"
"27683","1.6638908386230469","1.6638908386230469","1.6638908386230469"
"27688","1.2862377166748047","1.2862377166748047","1.2862377166748047"
"27693","1.3056068420410156","1.3056068420410156","1.3056068420410156"
"27722","1.2197513580322266","1.2197513580322266","1.2197513580322266"
"27772","1.1972169876098633","1.1972169876098633","1.1972169876098633"
"27777","1.645857810974121","1.645857810974121","1.645857810974121"
"27794","1.2984619140625","1.2984619140625","1.2984619140625"
"27825","1.4322443008422852","1.4322443008422852","1.4322443008422852"
"27846","1.581592082977295","1.581592082977295","1.581592082977295"
"27863","1.495385766029358","1.495385766029358","1.495385766029358"
"27875","1.2342581748962402","1.2342581748962402","1.2342581748962402"
"27961","1.3565139770507812","1.3565139770507812","1.3565139770507812"
"28011","1.2657856941223145","1.2657856941223145","1.2657856941223145"
"28012","1.2548465728759766","1.2548465728759766","1.2548465728759766"
"28014","1.3268184661865234","1.3268184661865234","1.3268184661865234"
"28029","1.5578036308288574","1.5578036308288574","1.5578036308288574"
"28082","1.394637107849121","1.394637107849121","1.394637107849121"
"28109","1.1952142715454102","1.1952142715454102","1.1952142715454102"
"28124","1.4881134033203125","1.4881134033203125","1.4881134033203125"
"28177","1.6990513801574707","1.6990513801574707","1.6990513801574707"
"28178","1.3203964233398438","1.3203964233398438","1.3203964233398438"
"28187","1.38916015625","1.38916015625","1.38916015625"
"28207","1.6975574493408203","1.6975574493408203","1.6975574493408203"
"28210","1.1941947937011719","1.1941947937011719","1.1941947937011719"
"28212","1.43292236328125","1.43292236328125","1.43292236328125"
"28221","1.0535759925842285","1.0535759925842285","1.0535759925842285"
"28227","1.3450546264648438","1.3450546264648438","1.3450546264648438"
"28267","1.1770963668823242","1.1770963668823242","1.1770963668823242"
"28282","1.3688936233520508","1.3688936233520508","1.3688936233520508"
"28292","1.3442628383636475","1.3442628383636475","1.3442628383636475"
"28293","1.4240002632141113","1.4240002632141113","1.4240002632141113"
"28326","1.1996192932128906","1.1996192932128906","1.1996192932128906"
"28338","1.3208837509155273","1.3208837509155273","1.3208837509155273"
"28368","1.3513689041137695","1.3513689041137695","1.3513689041137695"
"28380","1.3041372299194336","1.3041372299194336","1.3041372299194336"
"28435","0.9811949729919434","0.9811949729919434","0.9811949729919434"
"28440","1.3993206024169922","1.3993206024169922","1.3993206024169922"
"28490","1.702993392944336","1.702993392944336","1.702993392944336"
"28504","1.3615732192993164","1.3615732192993164","1.3615732192993164"
"28548","1.2911014556884766","1.2911014556884766","1.2911014556884766"
"28555","1.5068855285644531","1.5068855285644531","1.5068855285644531"
"28600","1.4499473571777344","1.4499473571777344","1.4499473571777344"
"28614","1.4442939758300781","1.4442939758300781","1.4442939758300781"
"28680","1.1489677429199219","1.1489677429199219","1.1489677429199219"
"28681","1.5142946243286133","1.5142946243286133","1.5142946243286133"
"28686","1.4302597045898438","1.4302597045898438","1.4302597045898438"
"28788","1.2416338920593262","1.2416338920593262","1.2416338920593262"
"28796","1.91119384765625","1.91119384765625","1.91119384765625"
"28807","1.2878928184509277","1.2878928184509277","1.2878928184509277"
"28813","1.3710894584655762","1.3710894584655762","1.3710894584655762"
"28817","1.757232666015625","1.757232666015625","1.757232666015625"
"28851","1.4990649223327637","1.4990649223327637","1.4990649223327637"
"28902","1.0970354080200195","1.0970354080200195","1.0970354080200195"
"28921","1.3797225952148438","1.3797225952148438","1.3797225952148438"
"28939","1.3672199249267578","1.3672199249267578","1.3672199249267578"
"28962","1.1376733779907227","1.1376733779907227","1.1376733779907227"
"29014","1.4689769744873047","1.4689769744873047","1.4689769744873047"
"29036","1.533449649810791","1.533449649810791","1.533449649810791"
"29085","1.334620714187622","1.334620714187622","1.334620714187622"
"29090","1.4595227241516113","1.4595227241516113","1.4595227241516113"
"29104","1.2985386848449707","1.2985386848449707","1.2985386848449707"
"29118","1.2992773056030273","1.2992773056030273","1.2992773056030273"
"29123","1.209434986114502","1.209434986114502","1.209434986114502"
"29156","1.3316726684570312","1.3316726684570312","1.3316726684570312"
"29162","1.3445968627929688","1.3445968627929688","1.3445968627929688"
"29187","1.5742149353027344","1.5742149353027344","1.5742149353027344"
"29209","1.0984001159667969","1.0984001159667969","1.0984001159667969"
"29229","1.4867753982543945","1.4867753982543945","1.4867753982543945"
"29254","1.5263404846191406","1.5263404846191406","1.5263404846191406"
"29269","1.2800283432006836","1.2800283432006836","1.2800283432006836"
"29272","1.357029914855957","1.357029914855957","1.357029914855957"
"29339","1.107046127319336","1.107046127319336","1.107046127319336"
"29370","1.1512680053710938","1.1512680053710938","1.1512680053710938"
"29372","1.2813830375671387","1.2813830375671387","1.2813830375671387"
"29391","1.4719619750976562","1.4719619750976562","1.4719619750976562"
"29419","1.26849365234375","1.26849365234375","1.26849365234375"
"29480","1.217820644378662","1.217820644378662","1.217820644378662"
"29558","1.4512977600097656","1.4512977600097656","1.4512977600097656"
"29571","1.648580551147461","1.648580551147461","1.648580551147461"
"29673","1.7638802528381348","1.7638802528381348","1.7638802528381348"
"29681","1.5589885711669922","1.5589885711669922","1.5589885711669922"
"29682","1.503814697265625","1.503814697265625","1.503814697265625"
"29684","1.5167350769042969","1.5167350769042969","1.5167350769042969"
"29685","1.2674717903137207","1.2674717903137207","1.2674717903137207"
"29704","1.445939064025879","1.445939064025879","1.445939064025879"
"29708","1.485241413116455","1.485241413116455","1.485241413116455"
"29709","1.4463748931884766","1.4463748931884766","1.4463748931884766"
"29720","1.346043586730957","1.346043586730957","1.346043586730957"
"29724","1.5757942199707031","1.5757942199707031","1.5757942199707031"
"29781","1.4531291723251343","1.4531291723251343","1.4531291723251343"
"29792","1.3042693138122559","1.3042693138122559","1.3042693138122559"
"29811","1.384775161743164","1.384775161743164","1.384775161743164"
"29812","1.6880040168762207","1.6880040168762207","1.6880040168762207"
"29813","1.4071643352508545","1.4071643352508545","1.4071643352508545"
"29828","1.1438674926757812","1.1438674926757812","1.1438674926757812"
"29883","1.2992051839828491","1.2992051839828491","1.2992051839828491"
"29886","1.4203414916992188","1.4203414916992188","1.4203414916992188"
"29907","1.4622836112976074","1.4622836112976074","1.4622836112976074"
"29921","1.216996192932129","1.216996192932129","1.216996192932129"
"29933","1.6129589080810547","1.6129589080810547","1.6129589080810547"
"30005","1.3551769256591797","1.3551769256591797","1.3551769256591797"
"30033","1.1806817054748535","1.1806817054748535","1.1806817054748535"
"30099","1.503561019897461","1.503561019897461","1.503561019897461"
"30138","1.2422785758972168","1.2422785758972168","1.2422785758972168"
"30152","1.2058992385864258","1.2058992385864258","1.2058992385864258"
"30153","1.2249655723571777","1.2249655723571777","1.2249655723571777"
"30172","1.1927428245544434","1.1927428245544434","1.1927428245544434"
"30200","1.4521541595458984","1.4521541595458984","1.4521541595458984"
"30204","1.384369134902954","1.384369134902954","1.384369134902954"
"30205","1.6784272193908691","1.6784272193908691","1.6784272193908691"
"30261","1.3227872848510742","1.3227872848510742","1.3227872848510742"
"30277","1.2569594383239746","1.2569594383239746","1.2569594383239746"
"30309","1.2856369018554688","1.2856369018554688","1.2856369018554688"
"30375","1.7916789054870605","1.7916789054870605","1.7916789054870605"
"30426","1.0621471405029297","1.0621471405029297","1.0621471405029297"
"30469","1.4023408889770508","1.4023408889770508","1.4023408889770508"
"30497","1.4442977905273438","1.4442977905273438","1.4442977905273438"
"30561","1.4058332443237305","1.4058332443237305","1.4058332443237305"
"30564","1.4743762016296387","1.4743762016296387","1.4743762016296387"
"30571","1.33709716796875","1.33709716796875","1.33709716796875"
"30579","1.3287982940673828","1.3287982940673828","1.3287982940673828"
"30582","1.4654417037963867","1.4654417037963867","1.4654417037963867"
"30596","1.3361220359802246","1.3361220359802246","1.3361220359802246"
"30632","1.3737678527832031","1.3737678527832031","1.3737678527832031"
"30670","1.3839941024780273","1.3839941024780273","1.3839941024780273"
"30675","1.6407909393310547","1.6407909393310547","1.6407909393310547"
"30677","1.7733840942382812","1.7733840942382812","1.7733840942382812"
"30737","1.5566961765289307","1.5566961765289307","1.5566961765289307"
"30769","1.5610158443450928","1.5610158443450928","1.5610158443450928"
"30771","1.4028844833374023","1.4028844833374023","1.4028844833374023"
"30801","1.2486701011657715","1.2486701011657715","1.2486701011657715"
"30814","1.0765495300292969","1.0765495300292969","1.0765495300292969"
"30854","1.2752952575683594","1.2752952575683594","1.2752952575683594"
"30906","1.3195184469223022","1.3195184469223022","1.3195184469223022"
"30929","1.5383586883544922","1.5383586883544922","1.5383586883544922"
"30930","1.0962204933166504","1.0962204933166504","1.0962204933166504"
"30937","1.4167022705078125","1.4167022705078125","1.4167022705078125"
"30943","1.5733165740966797","1.5733165740966797","1.5733165740966797"
"30983","1.2301712036132812","1.2301712036132812","1.2301712036132812"
"30987","1.1529064178466797","1.1529064178466797","1.1529064178466797"
"31031","1.397841453552246","1.397841453552246","1.397841453552246"
"31084","1.366713523864746","1.366713523864746","1.366713523864746"
"31100","1.2870988845825195","1.2870988845825195","1.2870988845825195"
"31107","1.2931175231933594","1.2931175231933594","1.2931175231933594"
"31110","1.6885331869125366","1.6885331869125366","1.6885331869125366"
"31194","1.4795761108398438","1.4795761108398438","1.4795761108398438"
"31195","1.2489783763885498","1.2489783763885498","1.2489783763885498"
"31204","1.2975107431411743","1.2975107431411743","1.2975107431411743"
"31245","1.526092290878296","1.526092290878296","1.526092290878296"
"31286","1.227529525756836","1.227529525756836","1.227529525756836"
"31304","1.4957714080810547","1.4957714080810547","1.4957714080810547"
"31325","1.2213492393493652","1.2213492393493652","1.2213492393493652"
"31340","1.4356613159179688","1.4356613159179688","1.4356613159179688"
"31354","1.3496170043945312","1.3496170043945312","1.3496170043945312"
"31357","1.290544033050537","1.290544033050537","1.290544033050537"
"31368","1.3280434608459473","1.3280434608459473","1.3280434608459473"
"31388","1.738199234008789","1.738199234008789","1.738199234008789"
"31408","1.224527359008789","1.224527359008789","1.224527359008789"
"31420","1.3336410522460938","1.3336410522460938","1.3336410522460938"
"31456","1.6289913654327393","1.6289913654327393","1.6289913654327393"
"31495","1.3354740142822266","1.3354740142822266","1.3354740142822266"
"31504","1.3915786743164062","1.3915786743164062","1.3915786743164062"
"31508","1.3785076141357422","1.3785076141357422","1.3785076141357422"
"31543","1.3348315954208374","1.3348315954208374","1.3348315954208374"
"31600","1.582840919494629","1.582840919494629","1.582840919494629"
"31612","1.4802355766296387","1.4802355766296387","1.4802355766296387"
"31630","1.7537999153137207","1.7537999153137207","1.7537999153137207"
"31666","1.2149367332458496","1.2149367332458496","1.2149367332458496"
"31705","1.1977005004882812","1.1977005004882812","1.1977005004882812"
"31709","1.1410026550292969","1.1410026550292969","1.1410026550292969"
"31720","1.5927729606628418","1.5927729606628418","1.5927729606628418"
"31735","1.3443922996520996","1.3443922996520996","1.3443922996520996"
"31743","1.4891304969787598","1.4891304969787598","1.4891304969787598"
"31747","1.3170108795166016","1.3170108795166016","1.3170108795166016"
"31750","1.569056510925293","1.569056510925293","1.569056510925293"
"31769","1.0699385404586792","1.0699385404586792","1.0699385404586792"
"31817","1.4985787868499756","1.4985787868499756","1.4985787868499756"
"31880","1.629828929901123","1.629828929901123","1.629828929901123"
"31886","1.2972350120544434","1.2972350120544434","1.2972350120544434"
"31909","1.343790054321289","1.343790054321289","1.343790054321289"
"31910","0.9539899826049805","0.9539899826049805","0.9539899826049805"
"31952","1.3817710876464844","1.3817710876464844","1.3817710876464844"
"31970","1.3395185470581055","1.3395185470581055","1.3395185470581055"
"31977","1.361028790473938","1.361028790473938","1.361028790473938"
"31993","1.3680047988891602","1.3680047988891602","1.3680047988891602"
"32011","1.3067278861999512","1.3067278861999512","1.3067278861999512"
"32012","1.542459487915039","1.542459487915039","1.542459487915039"
"32020","0.965496301651001","0.965496301651001","0.965496301651001"
"32076","1.2640955448150635","1.2640955448150635","1.2640955448150635"
"32079","1.3950042724609375","1.3950042724609375","1.3950042724609375"
"32082","1.1643342971801758","1.1643342971801758","1.1643342971801758"
"32090","1.031998634338379","1.031998634338379","1.031998634338379"
"32106","1.1898703575134277","1.1898703575134277","1.1898703575134277"
"32146","1.5491793155670166","1.5491793155670166","1.5491793155670166"
"32156","1.1384515762329102","1.1384515762329102","1.1384515762329102"
"32164","1.3377017974853516","1.3377017974853516","1.3377017974853516"
"32175","1.318842887878418","1.318842887878418","1.318842887878418"
"32189","1.0727081298828125","1.0727081298828125","1.0727081298828125"
"32190","1.0420281887054443","1.0420281887054443","1.0420281887054443"
"32194","1.4664406776428223","1.4664406776428223","1.4664406776428223"
"32210","1.286329746246338","1.286329746246338","1.286329746246338"
"32214","1.2470438480377197","1.2470438480377197","1.2470438480377197"
"32233","1.2737131118774414","1.2737131118774414","1.2737131118774414"
"32248","1.4292163848876953","1.4292163848876953","1.4292163848876953"
"32296","0.9532850980758667","0.9532850980758667","0.9532850980758667"
"32311","1.2617120742797852","1.2617120742797852","1.2617120742797852"
"32316","1.5001506805419922","1.5001506805419922","1.5001506805419922"
"32356","1.2493247985839844","1.2493247985839844","1.2493247985839844"
"32375","1.408677101135254","1.408677101135254","1.408677101135254"
"32417","1.115617036819458","1.115617036819458","1.115617036819458"
"32434","1.3775339126586914","1.3775339126586914","1.3775339126586914"
"32441","1.5838353633880615","1.5838353633880615","1.5838353633880615"
"32448","1.0707118511199951","1.0707118511199951","1.0707118511199951"
"32519","1.2603263854980469","1.2603263854980469","1.2603263854980469"
"32541","1.4689445495605469","1.4689445495605469","1.4689445495605469"
"32580","1.2917966842651367","1.2917966842651367","1.2917966842651367"
"32637","1.1843740940093994","1.1843740940093994","1.1843740940093994"
"32668","1.2987499237060547","1.2987499237060547","1.2987499237060547"
"32683","1.264380931854248","1.264380931854248","1.264380931854248"
"32696","1.3486576080322266","1.3486576080322266","1.3486576080322266"
"32723","1.3873138427734375","1.3873138427734375","1.3873138427734375"
"32750","1.265070915222168","1.265070915222168","1.265070915222168"
"32789","1.3405838012695312","1.3405838012695312","1.3405838012695312"
"32805","1.4987201690673828","1.4987201690673828","1.4987201690673828"
"32825","1.095090389251709","1.095090389251709","1.095090389251709"
"32832","1.547287106513977","1.547287106513977","1.547287106513977"
"32862","1.4080219268798828","1.4080219268798828","1.4080219268798828"
"32881","0.8838276863098145","0.8838276863098145","0.8838276863098145"
"32924","1.2983899116516113","1.2983899116516113","1.2983899116516113"
"32933","1.3156251907348633","1.3156251907348633","1.3156251907348633"
"32953","1.257997989654541","1.257997989654541","1.257997989654541"
"33050","1.396498680114746","1.396498680114746","1.396498680114746"
"33061","1.5576419830322266","1.5576419830322266","1.5576419830322266"
"33062","1.310706615447998","1.310706615447998","1.310706615447998"
"33068","1.3916215896606445","1.3916215896606445","1.3916215896606445"
"33088","1.1155705451965332","1.1155705451965332","1.1155705451965332"
"33131","1.3127155303955078","1.3127155303955078","1.3127155303955078"
"33139","1.4057731628417969","1.4057731628417969","1.4057731628417969"
"33177","1.2991966009140015","1.2991966009140015","1.2991966009140015"
"33267","1.355842113494873","1.355842113494873","1.355842113494873"
"33288","1.4756464958190918","1.4756464958190918","1.4756464958190918"
"33335","1.0072622299194336","1.0072622299194336","1.0072622299194336"
"33343","1.3191022872924805","1.3191022872924805","1.3191022872924805"
"33346","1.3622798919677734","1.3622798919677734","1.3622798919677734"
"33355","1.245534896850586","1.245534896850586","1.245534896850586"
"33381","1.0701427459716797","1.0701427459716797","1.0701427459716797"
"33450","1.4621868133544922","1.4621868133544922","1.4621868133544922"
"33469","1.2534284591674805","1.2534284591674805","1.2534284591674805"
"33483","1.2356538772583008","1.2356538772583008","1.2356538772583008"
"33501","1.1637811660766602","1.1637811660766602","1.1637811660766602"
"33545","1.1468372344970703","1.1468372344970703","1.1468372344970703"
"33546","1.2539925575256348","1.2539925575256348","1.2539925575256348"
"33556","1.2089180946350098","1.2089180946350098","1.2089180946350098"
"33561","1.349054217338562","1.349054217338562","1.349054217338562"
"33564","1.1243036985397339","1.1243036985397339","1.1243036985397339"
"33572","1.2610557079315186","1.2610557079315186","1.2610557079315186"
"33629","1.1025129556655884","1.1025129556655884","1.1025129556655884"
"33698","1.2692065238952637","1.2692065238952637","1.2692065238952637"
"33722","1.161799430847168","1.161799430847168","1.161799430847168"
"33765","1.2915120124816895","1.2915120124816895","1.2915120124816895"
"33775","1.4064801931381226","1.4064801931381226","1.4064801931381226"
"33781","1.5105218887329102","1.5105218887329102","1.5105218887329102"
"33794","1.3393821716308594","1.3393821716308594","1.3393821716308594"
"33868","1.1951208114624023","1.1951208114624023","1.1951208114624023"
"33887","1.0881199836730957","1.0881199836730957","1.0881199836730957"
"33934","1.286879539489746","1.286879539489746","1.286879539489746"
"33940","1.450221300125122","1.450221300125122","1.450221300125122"
"33941","1.3865022659301758","1.3865022659301758","1.3865022659301758"
"34006","1.2254276275634766","1.2254276275634766","1.2254276275634766"
"34014","1.2740075588226318","1.2740075588226318","1.2740075588226318"
"34022","1.493788719177246","1.493788719177246","1.493788719177246"
"34063","1.244436264038086","1.244436264038086","1.244436264038086"
"34114","1.5170001983642578","1.5170001983642578","1.5170001983642578"
"34122","1.3844470977783203","1.3844470977783203","1.3844470977783203"
"34137","1.2302088737487793","1.2302088737487793","1.2302088737487793"
"34146","1.5596885681152344","1.5596885681152344","1.5596885681152344"
"34161","1.3779597282409668","1.3779597282409668","1.3779597282409668"
"34176","1.1846070289611816","1.1846070289611816","1.1846070289611816"
"34223","1.3194997310638428","1.3194997310638428","1.3194997310638428"
"34224","1.063462734222412","1.063462734222412","1.063462734222412"
"34244","1.6429963111877441","1.6429963111877441","1.6429963111877441"
"34322","1.6532783508300781","1.6532783508300781","1.6532783508300781"
"34346","1.3165302276611328","1.3165302276611328","1.3165302276611328"
"34364","1.3692090511322021","1.3692090511322021","1.3692090511322021"
"34381","1.2492647171020508","1.2492647171020508","1.2492647171020508"
"34410","1.519270896911621","1.519270896911621","1.519270896911621"
"34418","1.0651955604553223","1.0651955604553223","1.0651955604553223"
"34459","1.483368992805481","1.483368992805481","1.483368992805481"
"34481","1.3093786239624023","1.3093786239624023","1.3093786239624023"
"34509","1.1003150939941406","1.1003150939941406","1.1003150939941406"
"34558","0.9834146499633789","0.9834146499633789","0.9834146499633789"
"34561","1.078202724456787","1.078202724456787","1.078202724456787"
"34564","1.1210975646972656","1.1210975646972656","1.1210975646972656"
"34610","1.4057047367095947","1.4057047367095947","1.4057047367095947"
"34615","1.0302114486694336","1.0302114486694336","1.0302114486694336"
"34619","1.6171693801879883","1.6171693801879883","1.6171693801879883"
"34620","1.6169238090515137","1.6169238090515137","1.6169238090515137"
"34623","1.1695832014083862","1.1695832014083862","1.1695832014083862"
"34642","1.4992170333862305","1.4992170333862305","1.4992170333862305"
"34661","1.3513553142547607","1.3513553142547607","1.3513553142547607"
"34666","1.3741159439086914","1.3741159439086914","1.3741159439086914"
"34678","1.2784037590026855","1.2784037590026855","1.2784037590026855"
"34694","1.3046822547912598","1.3046822547912598","1.3046822547912598"
"34707","1.4078407287597656","1.4078407287597656","1.4078407287597656"
"34760","1.442664623260498","1.442664623260498","1.442664623260498"
"34761","1.6164779663085938","1.6164779663085938","1.6164779663085938"
"34817","1.3352646827697754","1.3352646827697754","1.3352646827697754"
"34853","0.9758477210998535","0.9758477210998535","0.9758477210998535"
"34918","1.237527847290039","1.237527847290039","1.237527847290039"
"34960","1.7405271530151367","1.7405271530151367","1.7405271530151367"
"34990","1.8118462562561035","1.8118462562561035","1.8118462562561035"
"35005","1.3239803314208984","1.3239803314208984","1.3239803314208984"
"35016","1.243368148803711","1.243368148803711","1.243368148803711"
"35021","1.5781145095825195","1.5781145095825195","1.5781145095825195"
"35039","1.3099594116210938","1.3099594116210938","1.3099594116210938"
"35046","1.2413692474365234","1.2413692474365234","1.2413692474365234"
"35072","1.381211280822754","1.381211280822754","1.381211280822754"
"35078","1.131994605064392","1.131994605064392","1.131994605064392"
"35107","1.5765280723571777","1.5765280723571777","1.5765280723571777"
"35122","1.5453801155090332","1.5453801155090332","1.5453801155090332"
"35129","1.0281801223754883","1.0281801223754883","1.0281801223754883"
"35149","1.4463081359863281","1.4463081359863281","1.4463081359863281"
"35171","1.39501953125","1.39501953125","1.39501953125"
"35184","1.4680442810058594","1.4680442810058594","1.4680442810058594"
"35187","1.3416285514831543","1.3416285514831543","1.3416285514831543"
"35226","1.4678688049316406","1.4678688049316406","1.4678688049316406"
"35231","1.3208837509155273","1.3208837509155273","1.3208837509155273"
"35235","1.1631414890289307","1.1631414890289307","1.1631414890289307"
"35239","1.1322014331817627","1.1322014331817627","1.1322014331817627"
"35272","1.3935432434082031","1.3935432434082031","1.3935432434082031"
"35294","0.8801305294036865","0.8801305294036865","0.8801305294036865"
"35321","1.1041419506072998","1.1041419506072998","1.1041419506072998"
"35333","1.6229736804962158","1.6229736804962158","1.6229736804962158"
"35340","1.3847999572753906","1.3847999572753906","1.3847999572753906"
"35347","1.3436014652252197","1.3436014652252197","1.3436014652252197"
"35352","1.1934945583343506","1.1934945583343506","1.1934945583343506"
"35375","1.4417595863342285","1.4417595863342285","1.4417595863342285"
"35379","1.1359267234802246","1.1359267234802246","1.1359267234802246"
"35395","1.3188433647155762","1.3188433647155762","1.3188433647155762"
"35417","1.0526065826416016","1.0526065826416016","1.0526065826416016"
"35425","1.1991114616394043","1.1991114616394043","1.1991114616394043"
"35451","1.2835540771484375","1.2835540771484375","1.2835540771484375"
"35478","1.1278162002563477","1.1278162002563477","1.1278162002563477"
"35496","1.6167807579040527","1.6167807579040527","1.6167807579040527"
"35534","1.1943330764770508","1.1943330764770508","1.1943330764770508"
"35539","1.2871532440185547","1.2871532440185547","1.2871532440185547"
"35547","1.2016868591308594","1.2016868591308594","1.2016868591308594"
"35595","1.3976669311523438","1.3976669311523438","1.3976669311523438"
"35604","1.3160293102264404","1.3160293102264404","1.3160293102264404"
"35633","1.236013412475586","1.236013412475586","1.236013412475586"
"35653","1.354055404663086","1.354055404663086","1.354055404663086"
"35760","1.642660140991211","1.642660140991211","1.642660140991211"
"35767","1.4096355438232422","1.4096355438232422","1.4096355438232422"
"35791","1.1503639221191406","1.1503639221191406","1.1503639221191406"
"35822","1.2375764846801758","1.2375764846801758","1.2375764846801758"
"35842","1.3278701305389404","1.3278701305389404","1.3278701305389404"
"35848","1.376460313796997","1.376460313796997","1.376460313796997"
"35856","1.4026634693145752","1.4026634693145752","1.4026634693145752"
"35858","1.3209881782531738","1.3209881782531738","1.3209881782531738"
"35895","1.2872204780578613","1.2872204780578613","1.2872204780578613"
"35920","1.1964068412780762","1.1964068412780762","1.1964068412780762"
"35942","1.220585823059082","1.220585823059082","1.220585823059082"
"35996","1.1525747776031494","1.1525747776031494","1.1525747776031494"
"36011","1.4184951782226562","1.4184951782226562","1.4184951782226562"
"36018","1.2904572486877441","1.2904572486877441","1.2904572486877441"
"36025","1.1906973123550415","1.1906973123550415","1.1906973123550415"
"36072","1.1848241090774536","1.1848241090774536","1.1848241090774536"
"36136","1.3345930576324463","1.3345930576324463","1.3345930576324463"
"36142","1.612694501876831","1.612694501876831","1.612694501876831"
"36179","1.470214605331421","1.470214605331421","1.470214605331421"
"36213","1.0020694732666016","1.0020694732666016","1.0020694732666016"
"36240","1.1567816734313965","1.1567816734313965","1.1567816734313965"
"36272","1.2612981796264648","1.2612981796264648","1.2612981796264648"
"36281","1.2708667516708374","1.2708667516708374","1.2708667516708374"
"36324","1.3142820596694946","1.3142820596694946","1.3142820596694946"
"36327","1.4047598838806152","1.4047598838806152","1.4047598838806152"
"36381","1.0764775276184082","1.0764775276184082","1.0764775276184082"
"36403","1.293379783630371","1.293379783630371","1.293379783630371"
"36484","1.144683837890625","1.144683837890625","1.144683837890625"
"36518","1.2900595664978027","1.2900595664978027","1.2900595664978027"
"36532","1.4253456592559814","1.4253456592559814","1.4253456592559814"
"36534","1.196894645690918","1.196894645690918","1.196894645690918"
"36536","1.323704719543457","1.323704719543457","1.323704719543457"
"36545","1.0196062326431274","1.0196062326431274","1.0196062326431274"
"36552","1.5119342803955078","1.5119342803955078","1.5119342803955078"
"36568","1.3108601570129395","1.3108601570129395","1.3108601570129395"
"36588","1.2342572212219238","1.2342572212219238","1.2342572212219238"
"36639","1.4482154846191406","1.4482154846191406","1.4482154846191406"
"36671","1.288710594177246","1.288710594177246","1.288710594177246"
"36704","1.2733120918273926","1.2733120918273926","1.2733120918273926"
"36722","1.2083168029785156","1.2083168029785156","1.2083168029785156"
"36762","1.4110798835754395","1.4110798835754395","1.4110798835754395"
"36768","1.1254281997680664","1.1254281997680664","1.1254281997680664"
"36830","1.4689741134643555","1.4689741134643555","1.4689741134643555"
"36837","0.9300470352172852","0.9300470352172852","0.9300470352172852"
"36840","1.2630367279052734","1.2630367279052734","1.2630367279052734"
"36865","1.6056184768676758","1.6056184768676758","1.6056184768676758"
"36866","1.075158953666687","1.075158953666687","1.075158953666687"
"36889","1.4789202213287354","1.4789202213287354","1.4789202213287354"
"36892","1.2570409774780273","1.2570409774780273","1.2570409774780273"
"36906","1.2637958526611328","1.2637958526611328","1.2637958526611328"
"36909","0.9620685577392578","0.9620685577392578","0.9620685577392578"
"36931","1.148910641670227","1.148910641670227","1.148910641670227"
"36942","1.4955329895019531","1.4955329895019531","1.4955329895019531"
"36961","1.1716880798339844","1.1716880798339844","1.1716880798339844"
"36964","1.3474702835083008","1.3474702835083008","1.3474702835083008"
"36969","1.3151521682739258","1.3151521682739258","1.3151521682739258"
"36974","0.9990568161010742","0.9990568161010742","0.9990568161010742"
"36978","1.6321115493774414","1.6321115493774414","1.6321115493774414"
"37021","1.1684672832489014","1.1684672832489014","1.1684672832489014"
"37057","1.2981871366500854","1.2981871366500854","1.2981871366500854"
"37078","1.5243713855743408","1.5243713855743408","1.5243713855743408"
"37079","1.3365273475646973","1.3365273475646973","1.3365273475646973"
"37086","1.324277400970459","1.324277400970459","1.324277400970459"
"37113","1.4546000957489014","1.4546000957489014","1.4546000957489014"
"37116","1.1348917484283447","1.1348917484283447","1.1348917484283447"
"37138","1.1256811618804932","1.1256811618804932","1.1256811618804932"
"37141","1.0099601745605469","1.0099601745605469","1.0099601745605469"
"37149","1.4893798828125","1.4893798828125","1.4893798828125"
"37163","1.153674602508545","1.153674602508545","1.153674602508545"
"37182","1.1913002729415894","1.1913002729415894","1.1913002729415894"
"37211","1.3269457817077637","1.3269457817077637","1.3269457817077637"
"37262","1.105698823928833","1.105698823928833","1.105698823928833"
"37337","1.408646583557129","1.408646583557129","1.408646583557129"
"37341","1.4736533164978027","1.4736533164978027","1.4736533164978027"
"37355","1.4658799171447754","1.4658799171447754","1.4658799171447754"
"37367","1.417661190032959","1.417661190032959","1.417661190032959"
"37378","1.3598299026489258","1.3598299026489258","1.3598299026489258"
"37407","0.8414527177810669","0.8414527177810669","0.8414527177810669"
"37414","1.1850690841674805","1.1850690841674805","1.1850690841674805"
"37592","1.2211740016937256","1.2211740016937256","1.2211740016937256"
"37628","1.1243271827697754","1.1243271827697754","1.1243271827697754"
"37661","1.4154119491577148","1.4154119491577148","1.4154119491577148"
"37717","1.5098611116409302","1.5098611116409302","1.5098611116409302"
"37718","1.179783582687378","1.179783582687378","1.179783582687378"
"37742","1.6092069149017334","1.6092069149017334","1.6092069149017334"
"37747","1.3271021842956543","1.3271021842956543","1.3271021842956543"
"37781","1.6573467254638672","1.6573467254638672","1.6573467254638672"
"37785","1.174184799194336","1.174184799194336","1.174184799194336"
"37788","0.928807258605957","0.928807258605957","0.928807258605957"
"37804","1.1523704528808594","1.1523704528808594","1.1523704528808594"
"37837","1.3681268692016602","1.3681268692016602","1.3681268692016602"
"37853","1.1130640506744385","1.1130640506744385","1.1130640506744385"
"37858","1.0802946090698242","1.0802946090698242","1.0802946090698242"
"37921","0.9654837846755981","0.9654837846755981","0.9654837846755981"
"37956","1.1493827104568481","1.1493827104568481","1.1493827104568481"
"37960","0.9843645095825195","0.9843645095825195","0.9843645095825195"
"37982","1.10138738155365","1.10138738155365","1.10138738155365"
"37984","1.314746618270874","1.314746618270874","1.314746618270874"
"38027","1.2788214683532715","1.2788214683532715","1.2788214683532715"
"38031","1.2982373237609863","1.2982373237609863","1.2982373237609863"
"38041","1.34724760055542","1.34724760055542","1.34724760055542"
"38057","1.1395173072814941","1.1395173072814941","1.1395173072814941"
"38147","1.0532926321029663","1.0532926321029663","1.0532926321029663"
"38163","1.375680685043335","1.375680685043335","1.375680685043335"
"38168","1.360419750213623","1.360419750213623","1.360419750213623"
"38172","1.2599825859069824","1.2599825859069824","1.2599825859069824"
"38186","1.3697881698608398","1.3697881698608398","1.3697881698608398"
"38189","1.3140122890472412","1.3140122890472412","1.3140122890472412"
"38195","1.2823486328125","1.2823486328125","1.2823486328125"
"38203","0.9437675476074219","0.9437675476074219","0.9437675476074219"
"38244","1.1952571868896484","1.1952571868896484","1.1952571868896484"
"38311","1.405655860900879","1.405655860900879","1.405655860900879"
"38325","1.5478435754776","1.5478435754776","1.5478435754776"
"38328","1.2376747131347656","1.2376747131347656","1.2376747131347656"
"38368","1.1792383193969727","1.1792383193969727","1.1792383193969727"
"38430","1.142366886138916","1.142366886138916","1.142366886138916"
"38433","1.159454345703125","1.159454345703125","1.159454345703125"
"38514","1.0603265762329102","1.0603265762329102","1.0603265762329102"
"38550","1.5743106603622437","1.5743106603622437","1.5743106603622437"
"38638","0.7307223081588745","0.7307223081588745","0.7307223081588745"
"38652","1.0379347801208496","1.0379347801208496","1.0379347801208496"
"38662","1.20121431350708","1.20121431350708","1.20121431350708"
"38697","1.7319555282592773","1.7319555282592773","1.7319555282592773"
"38712","1.4418210983276367","1.4418210983276367","1.4418210983276367"
"38774","1.3198816776275635","1.3198816776275635","1.3198816776275635"
"38793","1.240147590637207","1.240147590637207","1.240147590637207"
"38824","1.0834050178527832","1.0834050178527832","1.0834050178527832"
"38830","1.4428114891052246","1.4428114891052246","1.4428114891052246"
"38864","1.591599464416504","1.591599464416504","1.591599464416504"
"38922","1.4180755615234375","1.4180755615234375","1.4180755615234375"
"38933","1.153062343597412","1.153062343597412","1.153062343597412"
"38960","1.3947739601135254","1.3947739601135254","1.3947739601135254"
"38977","1.1500743627548218","1.1500743627548218","1.1500743627548218"
"39010","1.5411170721054077","1.5411170721054077","1.5411170721054077"
"39047","1.1539671421051025","1.1539671421051025","1.1539671421051025"
"39051","1.364603042602539","1.364603042602539","1.364603042602539"
"39066","1.2240614891052246","1.2240614891052246","1.2240614891052246"
"39087","1.1460094451904297","1.1460094451904297","1.1460094451904297"
"39091","1.160585880279541","1.160585880279541","1.160585880279541"
"39096","1.0414787530899048","1.0414787530899048","1.0414787530899048"
"39220","1.330883502960205","1.330883502960205","1.330883502960205"
"39279","1.3707332611083984","1.3707332611083984","1.3707332611083984"
"39294","1.3702448606491089","1.3702448606491089","1.3702448606491089"
"39328","1.3484840393066406","1.3484840393066406","1.3484840393066406"
"39334","1.2393174171447754","1.2393174171447754","1.2393174171447754"
"39396","1.206392526626587","1.206392526626587","1.206392526626587"
"39397","1.0948545932769775","1.0948545932769775","1.0948545932769775"
"39406","1.257340908050537","1.257340908050537","1.257340908050537"
"39412","1.2611565589904785","1.2611565589904785","1.2611565589904785"
"39419","1.1567823886871338","1.1567823886871338","1.1567823886871338"
"39423","1.1095619201660156","1.1095619201660156","1.1095619201660156"
"39424","1.2734341621398926","1.2734341621398926","1.2734341621398926"
"39425","1.3019862174987793","1.3019862174987793","1.3019862174987793"
"39454","1.0297002792358398","1.0297002792358398","1.0297002792358398"
"39463","1.3648872375488281","1.3648872375488281","1.3648872375488281"
"39468","1.0657813549041748","1.0657813549041748","1.0657813549041748"
"39479","1.0706851482391357","1.0706851482391357","1.0706851482391357"
"39503","1.2135608196258545","1.2135608196258545","1.2135608196258545"
"39519","1.2075058221817017","1.2075058221817017","1.2075058221817017"
"39544","1.132138729095459","1.132138729095459","1.132138729095459"
"39556","0.9984309077262878","0.9984309077262878","0.9984309077262878"
"39564","1.3698341846466064","1.3698341846466064","1.3698341846466064"
"39569","1.3589940071105957","1.3589940071105957","1.3589940071105957"
"39611","1.3700392246246338","1.3700392246246338","1.3700392246246338"
"39672","1.2617387771606445","1.2617387771606445","1.2617387771606445"
"39708","1.0056934356689453","1.0056934356689453","1.0056934356689453"
"39716","1.4823226928710938","1.4823226928710938","1.4823226928710938"
"39729","0.9958231449127197","0.9958231449127197","0.9958231449127197"
"39769","1.3426673412322998","1.3426673412322998","1.3426673412322998"
"39773","1.2065110206604004","1.2065110206604004","1.2065110206604004"
"39777","0.9930448532104492","0.9930448532104492","0.9930448532104492"
"39805","1.3338541984558105","1.3338541984558105","1.3338541984558105"
"39834","1.1493637561798096","1.1493637561798096","1.1493637561798096"
"39850","1.1422297954559326","1.1422297954559326","1.1422297954559326"
"39870","1.3310890197753906","1.3310890197753906","1.3310890197753906"
"39898","1.3295196294784546","1.3295196294784546","1.3295196294784546"
"39928","1.4228515625","1.4228515625","1.4228515625"
"39939","1.4354467391967773","1.4354467391967773","1.4354467391967773"
"39976","1.2810072898864746","1.2810072898864746","1.2810072898864746"
"39996","0.9180519580841064","0.9180519580841064","0.9180519580841064"
"40025","1.067551851272583","1.067551851272583","1.067551851272583"
"40105","1.248931884765625","1.248931884765625","1.248931884765625"
"40107","0.967084527015686","0.967084527015686","0.967084527015686"
"40119","1.2520060539245605","1.2520060539245605","1.2520060539245605"
"40126","1.1504926681518555","1.1504926681518555","1.1504926681518555"
"40201","1.3652849197387695","1.3652849197387695","1.3652849197387695"
"40211","1.282693862915039","1.282693862915039","1.282693862915039"
"40266","1.2413454055786133","1.2413454055786133","1.2413454055786133"
"40280","1.0383272171020508","1.0383272171020508","1.0383272171020508"
"40294","1.4429779052734375","1.4429779052734375","1.4429779052734375"
"40366","1.3815035820007324","1.3815035820007324","1.3815035820007324"
"40387","1.1187362670898438","1.1187362670898438","1.1187362670898438"
"40399","1.3976554870605469","1.3976554870605469","1.3976554870605469"
"40413","1.2432899475097656","1.2432899475097656","1.2432899475097656"
"40429","1.2906017303466797","1.2906017303466797","1.2906017303466797"
"40430","1.364473819732666","1.364473819732666","1.364473819732666"
"40487","1.5549514293670654","1.5549514293670654","1.5549514293670654"
"40503","1.539292573928833","1.539292573928833","1.539292573928833"
"40530","1.1312255859375","1.1312255859375","1.1312255859375"
"40554","1.2756319046020508","1.2756319046020508","1.2756319046020508"
"40610","1.1506314277648926","1.1506314277648926","1.1506314277648926"
"40617","1.361994743347168","1.361994743347168","1.361994743347168"
"40618","1.4168834686279297","1.4168834686279297","1.4168834686279297"
"40645","1.6033697128295898","1.6033697128295898","1.6033697128295898"
"40660","1.3040666580200195","1.3040666580200195","1.3040666580200195"
"40667","1.0357036590576172","1.0357036590576172","1.0357036590576172"
"40689","1.2509312629699707","1.2509312629699707","1.2509312629699707"
"40713","1.240910530090332","1.240910530090332","1.240910530090332"
"40717","1.4211647510528564","1.4211647510528564","1.4211647510528564"
"40727","1.1290287971496582","1.1290287971496582","1.1290287971496582"
"40737","1.1691594123840332","1.1691594123840332","1.1691594123840332"
"40803","1.190204381942749","1.190204381942749","1.190204381942749"
"40815","1.0805721282958984","1.0805721282958984","1.0805721282958984"
"40816","1.2489862442016602","1.2489862442016602","1.2489862442016602"
"40820","0.9729037284851074","0.9729037284851074","0.9729037284851074"
"40861","1.1748504638671875","1.1748504638671875","1.1748504638671875"
"40902","1.3898677825927734","1.3898677825927734","1.3898677825927734"
"40907","1.4759750366210938","1.4759750366210938","1.4759750366210938"
"40913","1.3222651481628418","1.3222651481628418","1.3222651481628418"
"40945","1.324120044708252","1.324120044708252","1.324120044708252"
"40965","1.2114505767822266","1.2114505767822266","1.2114505767822266"
"40970","1.255845546722412","1.255845546722412","1.255845546722412"
"41043","1.327587604522705","1.327587604522705","1.327587604522705"
"41082","0.9675002098083496","0.9675002098083496","0.9675002098083496"
"41097","1.4276542663574219","1.4276542663574219","1.4276542663574219"
"41154","1.2267751693725586","1.2267751693725586","1.2267751693725586"
"41158","1.3350780010223389","1.3350780010223389","1.3350780010223389"
"41185","1.598351240158081","1.598351240158081","1.598351240158081"
"41188","0.9255208969116211","0.9255208969116211","0.9255208969116211"
"41237","1.2006034851074219","1.2006034851074219","1.2006034851074219"
"41247","1.15731942653656","1.15731942653656","1.15731942653656"
"41301","1.172835350036621","1.172835350036621","1.172835350036621"
"41347","1.4246068000793457","1.4246068000793457","1.4246068000793457"
"41373","1.1580533981323242","1.1580533981323242","1.1580533981323242"
"41403","1.1016261577606201","1.1016261577606201","1.1016261577606201"
"41414","1.4024276733398438","1.4024276733398438","1.4024276733398438"
"41438","1.1876471042633057","1.1876471042633057","1.1876471042633057"
"41445","1.3594250679016113","1.3594250679016113","1.3594250679016113"
"41466","1.3924732208251953","1.3924732208251953","1.3924732208251953"
"41488","1.3303561210632324","1.3303561210632324","1.3303561210632324"
"41493","1.2914838790893555","1.2914838790893555","1.2914838790893555"
"41509","1.256540060043335","1.256540060043335","1.256540060043335"
"41525","1.2144856452941895","1.2144856452941895","1.2144856452941895"
"41556","0.8805484771728516","0.8805484771728516","0.8805484771728516"
"41601","1.2091484069824219","1.2091484069824219","1.2091484069824219"
"41646","1.1805839538574219","1.1805839538574219","1.1805839538574219"
"41696","0.9715697765350342","0.9715697765350342","0.9715697765350342"
"41753","1.912160873413086","1.912160873413086","1.912160873413086"
"41783","1.2647078037261963","1.2647078037261963","1.2647078037261963"
"41793","1.2748699188232422","1.2748699188232422","1.2748699188232422"
"41841","1.0708441734313965","1.0708441734313965","1.0708441734313965"
"41846","1.609025478363037","1.609025478363037","1.609025478363037"
"41850","1.1863555908203125","1.1863555908203125","1.1863555908203125"
"41912","1.1557025909423828","1.1557025909423828","1.1557025909423828"
"41922","1.359391212463379","1.359391212463379","1.359391212463379"
"41933","0.9945159554481506","0.9945159554481506","0.9945159554481506"
"41981","0.9304218292236328","0.9304218292236328","0.9304218292236328"
"42064","1.0135149955749512","1.0135149955749512","1.0135149955749512"
"42107","0.983863890171051","0.983863890171051","0.983863890171051"
"42119","1.2527484893798828","1.2527484893798828","1.2527484893798828"
"42139","1.1441924571990967","1.1441924571990967","1.1441924571990967"
"42155","1.0619473457336426","1.0619473457336426","1.0619473457336426"
"42185","1.1176319122314453","1.1176319122314453","1.1176319122314453"
"42294","1.110424518585205","1.110424518585205","1.110424518585205"
"42309","0.8961958885192871","0.8961958885192871","0.8961958885192871"
"42315","1.022769808769226","1.022769808769226","1.022769808769226"
"42330","1.5063304901123047","1.5063304901123047","1.5063304901123047"
"42352","1.2799034118652344","1.2799034118652344","1.2799034118652344"
"42366","1.4279861450195312","1.4279861450195312","1.4279861450195312"
"42376","1.0232864618301392","1.0232864618301392","1.0232864618301392"
"42381","1.2732410430908203","1.2732410430908203","1.2732410430908203"
"42400","1.2165164947509766","1.2165164947509766","1.2165164947509766"
"42406","1.120598316192627","1.120598316192627","1.120598316192627"
"42443","1.002065658569336","1.002065658569336","1.002065658569336"
"42450","1.3751335144042969","1.3751335144042969","1.3751335144042969"
"42452","1.3069663047790527","1.3069663047790527","1.3069663047790527"
"42467","1.1997933387756348","1.1997933387756348","1.1997933387756348"
"42491","1.2321386337280273","1.2321386337280273","1.2321386337280273"
"42492","1.1305882930755615","1.1305882930755615","1.1305882930755615"
"42533","1.1614224910736084","1.1614224910736084","1.1614224910736084"
"42586","1.4806556701660156","1.4806556701660156","1.4806556701660156"
"42613","1.0126521587371826","1.0126521587371826","1.0126521587371826"
"42652","1.473243236541748","1.473243236541748","1.473243236541748"
"42660","1.7040748596191406","1.7040748596191406","1.7040748596191406"
"42671","1.2347280979156494","1.2347280979156494","1.2347280979156494"
"42691","1.393824815750122","1.393824815750122","1.393824815750122"
"42710","1.0993379354476929","1.0993379354476929","1.0993379354476929"
"42730","1.1623382568359375","1.1623382568359375","1.1623382568359375"
"42735","1.3021392822265625","1.3021392822265625","1.3021392822265625"
"42741","1.410587191581726","1.410587191581726","1.410587191581726"
"42764","1.6469073295593262","1.6469073295593262","1.6469073295593262"
"42777","1.2918410301208496","1.2918410301208496","1.2918410301208496"
"42797","1.2701964378356934","1.2701964378356934","1.2701964378356934"
"42799","1.1504931449890137","1.1504931449890137","1.1504931449890137"
"42824","1.1159958839416504","1.1159958839416504","1.1159958839416504"
"42926","1.4337921142578125","1.4337921142578125","1.4337921142578125"
"42945","1.4372329711914062","1.4372329711914062","1.4372329711914062"
"42976","1.2878403663635254","1.2878403663635254","1.2878403663635254"
"42984","1.1693079471588135","1.1693079471588135","1.1693079471588135"
"43035","1.0674934387207031","1.0674934387207031","1.0674934387207031"
"43059","1.2658977508544922","1.2658977508544922","1.2658977508544922"
"43069","1.2759474515914917","1.2759474515914917","1.2759474515914917"
"43174","1.258223533630371","1.258223533630371","1.258223533630371"
"43212","1.11484956741333","1.11484956741333","1.11484956741333"
"43222","1.1740264892578125","1.1740264892578125","1.1740264892578125"
"43234","1.4325313568115234","1.4325313568115234","1.4325313568115234"
"43235","1.3261215686798096","1.3261215686798096","1.3261215686798096"
"43248","1.0701942443847656","1.0701942443847656","1.0701942443847656"
"43269","1.301600456237793","1.301600456237793","1.301600456237793"
"43312","1.3895292282104492","1.3895292282104492","1.3895292282104492"
"43371","1.1604976654052734","1.1604976654052734","1.1604976654052734"
"43382","1.136308193206787","1.136308193206787","1.136308193206787"
"43423","1.070643424987793","1.070643424987793","1.070643424987793"
"43431","1.4538087844848633","1.4538087844848633","1.4538087844848633"
"43433","1.0180835723876953","1.0180835723876953","1.0180835723876953"
"43466","1.1314573287963867","1.1314573287963867","1.1314573287963867"
"43492","1.2720355987548828","1.2720355987548828","1.2720355987548828"
"43497","1.1604528427124023","1.1604528427124023","1.1604528427124023"
"43512","1.2357358932495117","1.2357358932495117","1.2357358932495117"
"43554","1.13608980178833","1.13608980178833","1.13608980178833"
"43587","1.113050937652588","1.113050937652588","1.113050937652588"
"43659","1.1866769790649414","1.1866769790649414","1.1866769790649414"
"43673","1.2380938529968262","1.2380938529968262","1.2380938529968262"
"43686","1.203431487083435","1.203431487083435","1.203431487083435"
"43692","1.3989695310592651","1.3989695310592651","1.3989695310592651"
"43699","1.380967140197754","1.380967140197754","1.380967140197754"
"43724","1.2059375047683716","1.2059375047683716","1.2059375047683716"
"43733","1.1643333435058594","1.1643333435058594","1.1643333435058594"
"43743","1.542700171470642","1.542700171470642","1.542700171470642"
"43775","1.1875519752502441","1.1875519752502441","1.1875519752502441"
"43799","1.3328857421875","1.3328857421875","1.3328857421875"
"43874","1.0605354309082031","1.0605354309082031","1.0605354309082031"
"43888","1.487450122833252","1.487450122833252","1.487450122833252"
"43931","1.0988192558288574","1.0988192558288574","1.0988192558288574"
"43958","1.4401984214782715","1.4401984214782715","1.4401984214782715"
"43971","1.2793707847595215","1.2793707847595215","1.2793707847595215"
"43972","1.2583258152008057","1.2583258152008057","1.2583258152008057"
"43977","0.9970078468322754","0.9970078468322754","0.9970078468322754"
"43998","0.8280654549598694","0.8280654549598694","0.8280654549598694"
"43999","1.4181857109069824","1.4181857109069824","1.4181857109069824"
"44001","0.8580920696258545","0.8580920696258545","0.8580920696258545"
"44003","1.1164159774780273","1.1164159774780273","1.1164159774780273"
"44018","1.342421054840088","1.342421054840088","1.342421054840088"
"44021","0.9867488145828247","0.9867488145828247","0.9867488145828247"
"44049","1.1281661987304688","1.1281661987304688","1.1281661987304688"
"44052","1.4028129577636719","1.4028129577636719","1.4028129577636719"
"44083","1.2543449401855469","1.2543449401855469","1.2543449401855469"
"44116","0.9113273620605469","0.9113273620605469","0.9113273620605469"
"44149","1.0243346691131592","1.0243346691131592","1.0243346691131592"
"44181","0.9963479042053223","0.9963479042053223","0.9963479042053223"
"44199","1.512951135635376","1.512951135635376","1.512951135635376"
"44224","1.0412449836730957","1.0412449836730957","1.0412449836730957"
"44235","1.1734864711761475","1.1734864711761475","1.1734864711761475"
"44242","1.286243200302124","1.286243200302124","1.286243200302124"
"44301","0.9896812438964844","0.9896812438964844","0.9896812438964844"
"44321","0.8642591834068298","0.8642591834068298","0.8642591834068298"
"44386","1.1101675033569336","1.1101675033569336","1.1101675033569336"
"44410","0.9127843379974365","0.9127843379974365","0.9127843379974365"
"44421","1.1903674602508545","1.1903674602508545","1.1903674602508545"
"44448","1.2848236560821533","1.2848236560821533","1.2848236560821533"
"44461","1.1756820678710938","1.1756820678710938","1.1756820678710938"
"44514","1.2120552062988281","1.2120552062988281","1.2120552062988281"
"44527","1.342794418334961","1.342794418334961","1.342794418334961"
"44576","1.3279571533203125","1.3279571533203125","1.3279571533203125"
"44584","1.3463164567947388","1.3463164567947388","1.3463164567947388"
"44626","1.0964903831481934","1.0964903831481934","1.0964903831481934"
"44639","1.2570130825042725","1.2570130825042725","1.2570130825042725"
"44663","0.9955411553382874","0.9955411553382874","0.9955411553382874"
"44715","1.3343427181243896","1.3343427181243896","1.3343427181243896"
"44781","1.1019690036773682","1.1019690036773682","1.1019690036773682"
"44791","1.2710351943969727","1.2710351943969727","1.2710351943969727"
"44798","1.5535781383514404","1.5535781383514404","1.5535781383514404"
"44806","1.215580940246582","1.215580940246582","1.215580940246582"
"44855","1.3503535985946655","1.3503535985946655","1.3503535985946655"
"44857","0.9775740504264832","0.9775740504264832","0.9775740504264832"
"44865","1.2234266996383667","1.2234266996383667","1.2234266996383667"
"44879","1.2631454467773438","1.2631454467773438","1.2631454467773438"
"44931","1.3481435775756836","1.3481435775756836","1.3481435775756836"
"44951","1.1156659126281738","1.1156659126281738","1.1156659126281738"
"44957","1.1090062856674194","1.1090062856674194","1.1090062856674194"
"44981","1.1370210647583008","1.1370210647583008","1.1370210647583008"
"45069","1.3610544204711914","1.3610544204711914","1.3610544204711914"
"45080","1.0307574272155762","1.0307574272155762","1.0307574272155762"
"45086","1.2508769035339355","1.2508769035339355","1.2508769035339355"
"45093","1.410353422164917","1.410353422164917","1.410353422164917"
"45101","1.2888401746749878","1.2888401746749878","1.2888401746749878"
"45111","1.070062518119812","1.070062518119812","1.070062518119812"
"45117","1.3145978450775146","1.3145978450775146","1.3145978450775146"
"45138","1.354283094406128","1.354283094406128","1.354283094406128"
"45151","0.9689135551452637","0.9689135551452637","0.9689135551452637"
"45160","1.1303987503051758","1.1303987503051758","1.1303987503051758"
"45190","1.0248914957046509","1.0248914957046509","1.0248914957046509"
"45191","1.3463678359985352","1.3463678359985352","1.3463678359985352"
"45201","0.8801707625389099","0.8801707625389099","0.8801707625389099"
"45264","1.3392810821533203","1.3392810821533203","1.3392810821533203"
"45296","1.2288484573364258","1.2288484573364258","1.2288484573364258"
"45317","1.2806439399719238","1.2806439399719238","1.2806439399719238"
"45343","1.0658397674560547","1.0658397674560547","1.0658397674560547"
"45346","1.4815289974212646","1.4815289974212646","1.4815289974212646"
"45352","1.2246437072753906","1.2246437072753906","1.2246437072753906"
"45390","1.3818864822387695","1.3818864822387695","1.3818864822387695"
"45429","1.4736371040344238","1.4736371040344238","1.4736371040344238"
"45468","1.1053619384765625","1.1053619384765625","1.1053619384765625"
"45484","1.551455020904541","1.551455020904541","1.551455020904541"
"45495","1.1387908458709717","1.1387908458709717","1.1387908458709717"
"45554","1.182115077972412","1.182115077972412","1.182115077972412"
"45563","1.0018627643585205","1.0018627643585205","1.0018627643585205"
"45566","1.4990904331207275","1.4990904331207275","1.4990904331207275"
"45576","1.3743219375610352","1.3743219375610352","1.3743219375610352"
"45650","1.1218891143798828","1.1218891143798828","1.1218891143798828"
"45651","1.386915922164917","1.386915922164917","1.386915922164917"
"45679","1.1663395166397095","1.1663395166397095","1.1663395166397095"
"45681","1.0111939907073975","1.0111939907073975","1.0111939907073975"
"45701","1.0630908012390137","1.0630908012390137","1.0630908012390137"
"45709","1.0577716827392578","1.0577716827392578","1.0577716827392578"
"45738","1.1045703887939453","1.1045703887939453","1.1045703887939453"
"45739","1.17615807056427","1.17615807056427","1.17615807056427"
"45741","1.549901008605957","1.549901008605957","1.549901008605957"
"45762","1.093721628189087","1.093721628189087","1.093721628189087"
"45797","1.1588215827941895","1.1588215827941895","1.1588215827941895"
"45860","1.2115912437438965","1.2115912437438965","1.2115912437438965"
"45862","1.374277114868164","1.374277114868164","1.374277114868164"
"45877","1.1462459564208984","1.1462459564208984","1.1462459564208984"
"45884","1.1307334899902344","1.1307334899902344","1.1307334899902344"
"45894","1.2867584228515625","1.2867584228515625","1.2867584228515625"
"45899","1.485872507095337","1.485872507095337","1.485872507095337"
"45904","1.476637840270996","1.476637840270996","1.476637840270996"
"45954","1.1413929462432861","1.1413929462432861","1.1413929462432861"
"45964","0.9488282203674316","0.9488282203674316","0.9488282203674316"
"45969","1.306742548942566","1.306742548942566","1.306742548942566"
"45972","1.2256433963775635","1.2256433963775635","1.2256433963775635"
"45989","0.9367430210113525","0.9367430210113525","0.9367430210113525"
"46010","1.238297939300537","1.238297939300537","1.238297939300537"
"46047","0.8815698623657227","0.8815698623657227","0.8815698623657227"
"46078","1.0826492309570312","1.0826492309570312","1.0826492309570312"
"46135","1.301976203918457","1.301976203918457","1.301976203918457"
"46157","1.0655310153961182","1.0655310153961182","1.0655310153961182"
"46172","1.0813944339752197","1.0813944339752197","1.0813944339752197"
"46183","1.538832664489746","1.538832664489746","1.538832664489746"
"46204","1.4299440383911133","1.4299440383911133","1.4299440383911133"
"46223","1.0784103870391846","1.0784103870391846","1.0784103870391846"
"46281","1.2504396438598633","1.2504396438598633","1.2504396438598633"
"46304","1.107485055923462","1.107485055923462","1.107485055923462"
"46398","1.3541126251220703","1.3541126251220703","1.3541126251220703"
"46411","1.161513090133667","1.161513090133667","1.161513090133667"
"46432","1.0850820541381836","1.0850820541381836","1.0850820541381836"
"46435","0.8681415319442749","0.8681415319442749","0.8681415319442749"
"46495","0.9920220375061035","0.9920220375061035","0.9920220375061035"
"46497","1.5385541915893555","1.5385541915893555","1.5385541915893555"
"46524","1.4266624450683594","1.4266624450683594","1.4266624450683594"
"46529","1.3748714923858643","1.3748714923858643","1.3748714923858643"
"46547","1.0542597770690918","1.0542597770690918","1.0542597770690918"
"46557","1.3610291481018066","1.3610291481018066","1.3610291481018066"
"46567","1.4099087715148926","1.4099087715148926","1.4099087715148926"
"46581","1.479935646057129","1.479935646057129","1.479935646057129"
"46607","1.2979369163513184","1.2979369163513184","1.2979369163513184"
"46681","1.084373950958252","1.084373950958252","1.084373950958252"
"46682","1.0871782302856445","1.0871782302856445","1.0871782302856445"
"46700","1.2551052570343018","1.2551052570343018","1.2551052570343018"
"46712","1.0669822692871094","1.0669822692871094","1.0669822692871094"
"46719","1.1552670001983643","1.1552670001983643","1.1552670001983643"
"46723","1.2207459211349487","1.2207459211349487","1.2207459211349487"
"46784","1.7639951705932617","1.7639951705932617","1.7639951705932617"
"46788","1.0957155227661133","1.0957155227661133","1.0957155227661133"
"46791","1.1673192977905273","1.1673192977905273","1.1673192977905273"
"46848","1.2155277729034424","1.2155277729034424","1.2155277729034424"
"46871","1.378019094467163","1.378019094467163","1.378019094467163"
"46890","1.0560495853424072","1.0560495853424072","1.0560495853424072"
"46914","1.392521858215332","1.392521858215332","1.392521858215332"
"46951","1.2237129211425781","1.2237129211425781","1.2237129211425781"
"46988","1.2250595092773438","1.2250595092773438","1.2250595092773438"
"46991","1.032347321510315","1.032347321510315","1.032347321510315"
"47107","0.9660800099372864","0.9660800099372864","0.9660800099372864"
"47112","1.190199613571167","1.190199613571167","1.190199613571167"
"47124","1.2732477188110352","1.2732477188110352","1.2732477188110352"
"47130","0.686053991317749","0.686053991317749","0.686053991317749"
"47163","1.0682344436645508","1.0682344436645508","1.0682344436645508"
"47164","0.9140181541442871","0.9140181541442871","0.9140181541442871"
"47169","0.8748652935028076","0.8748652935028076","0.8748652935028076"
"47190","1.190420150756836","1.190420150756836","1.190420150756836"
"47197","1.2787327766418457","1.2787327766418457","1.2787327766418457"
"47220","1.224149227142334","1.224149227142334","1.224149227142334"
"47223","1.178541898727417","1.178541898727417","1.178541898727417"
"47243","1.1592519283294678","1.1592519283294678","1.1592519283294678"
"47267","0.8977770805358887","0.8977770805358887","0.8977770805358887"
"47374","0.9324250221252441","0.9324250221252441","0.9324250221252441"
"47516","1.2983982563018799","1.2983982563018799","1.2983982563018799"
"47548","1.2237215042114258","1.2237215042114258","1.2237215042114258"
"47577","1.2291902303695679","1.2291902303695679","1.2291902303695679"
"47584","1.2274680137634277","1.2274680137634277","1.2274680137634277"
"47614","1.1471983194351196","1.1471983194351196","1.1471983194351196"
"47640","1.0496739149093628","1.0496739149093628","1.0496739149093628"
"47657","1.4118971824645996","1.4118971824645996","1.4118971824645996"
"47659","1.4025535583496094","1.4025535583496094","1.4025535583496094"
"47677","1.2452590465545654","1.2452590465545654","1.2452590465545654"
"47685","1.0868606567382812","1.0868606567382812","1.0868606567382812"
"47688","1.1994786262512207","1.1994786262512207","1.1994786262512207"
"47714","1.0707225799560547","1.0707225799560547","1.0707225799560547"
"47751","1.203324317932129","1.203324317932129","1.203324317932129"
"47862","1.2915592193603516","1.2915592193603516","1.2915592193603516"
"47863","1.1047658920288086","1.1047658920288086","1.1047658920288086"
"47865","1.0293855667114258","1.0293855667114258","1.0293855667114258"
"47867","1.3119688034057617","1.3119688034057617","1.3119688034057617"
"47897","1.0802066326141357","1.0802066326141357","1.0802066326141357"
"47900","1.3485851287841797","1.3485851287841797","1.3485851287841797"
"47930","1.4301528930664062","1.4301528930664062","1.4301528930664062"
"47952","1.2307097911834717","1.2307097911834717","1.2307097911834717"
"47954","1.1046466827392578","1.1046466827392578","1.1046466827392578"
"47961","1.347813606262207","1.347813606262207","1.347813606262207"
"47964","1.1756329536437988","1.1756329536437988","1.1756329536437988"
"47980","0.9462647438049316","0.9462647438049316","0.9462647438049316"
"47986","1.5378413200378418","1.5378413200378418","1.5378413200378418"
"48033","1.376718282699585","1.376718282699585","1.376718282699585"
"48036","1.107802391052246","1.107802391052246","1.107802391052246"
"48070","1.3643996715545654","1.3643996715545654","1.3643996715545654"
"48095","1.254389762878418","1.254389762878418","1.254389762878418"
"48119","0.9881405830383301","0.9881405830383301","0.9881405830383301"
"48120","0.9907431602478027","0.9907431602478027","0.9907431602478027"
"48123","0.9501924514770508","0.9501924514770508","0.9501924514770508"
"48133","1.1731314659118652","1.1731314659118652","1.1731314659118652"
"48160","1.4887831211090088","1.4887831211090088","1.4887831211090088"
"48258","1.1927766799926758","1.1927766799926758","1.1927766799926758"
"48262","1.2057161331176758","1.2057161331176758","1.2057161331176758"
"48265","0.9172830581665039","0.9172830581665039","0.9172830581665039"
"48269","1.1450536251068115","1.1450536251068115","1.1450536251068115"
"48272","1.376868486404419","1.376868486404419","1.376868486404419"
"48277","1.2258293628692627","1.2258293628692627","1.2258293628692627"
"48295","1.3148188591003418","1.3148188591003418","1.3148188591003418"
"48306","0.9991168975830078","0.9991168975830078","0.9991168975830078"
"48393","1.1433734893798828","1.1433734893798828","1.1433734893798828"
"48398","1.188399314880371","1.188399314880371","1.188399314880371"
"48422","1.1848578453063965","1.1848578453063965","1.1848578453063965"
"48450","1.4088916778564453","1.4088916778564453","1.4088916778564453"
"48466","0.7884156107902527","0.7884156107902527","0.7884156107902527"
"48467","1.0641555786132812","1.0641555786132812","1.0641555786132812"
"48496","1.3061209917068481","1.3061209917068481","1.3061209917068481"
"48497","1.2878684997558594","1.2878684997558594","1.2878684997558594"
"48525","1.299708366394043","1.299708366394043","1.299708366394043"
"48533","1.191829800605774","1.191829800605774","1.191829800605774"
"48587","1.2856945991516113","1.2856945991516113","1.2856945991516113"
"48589","1.3141436576843262","1.3141436576843262","1.3141436576843262"
"48594","1.1581239700317383","1.1581239700317383","1.1581239700317383"
"48609","1.0203628540039062","1.0203628540039062","1.0203628540039062"
"48629","1.0124473571777344","1.0124473571777344","1.0124473571777344"
"48633","0.9811201095581055","0.9811201095581055","0.9811201095581055"
"48649","1.1641148328781128","1.1641148328781128","1.1641148328781128"
"48663","1.182978868484497","1.182978868484497","1.182978868484497"
"48666","1.1135494709014893","1.1135494709014893","1.1135494709014893"
"48698","0.9079380035400391","0.9079380035400391","0.9079380035400391"
"48700","1.1890254020690918","1.1890254020690918","1.1890254020690918"
"48716","1.3898820877075195","1.3898820877075195","1.3898820877075195"
"48717","1.1715569496154785","1.1715569496154785","1.1715569496154785"
"48744","0.9751152992248535","0.9751152992248535","0.9751152992248535"
"48803","1.1294364929199219","1.1294364929199219","1.1294364929199219"
"48853","1.1811318397521973","1.1811318397521973","1.1811318397521973"
"48916","0.9032158851623535","0.9032158851623535","0.9032158851623535"
"48922","0.8753304481506348","0.8753304481506348","0.8753304481506348"
"48933","0.9846930503845215","0.9846930503845215","0.9846930503845215"
"48936","1.3487248420715332","1.3487248420715332","1.3487248420715332"
"48951","1.0651154518127441","1.0651154518127441","1.0651154518127441"
"48958","1.0015202760696411","1.0015202760696411","1.0015202760696411"
"48964","1.2321841716766357","1.2321841716766357","1.2321841716766357"
"48970","1.2548065185546875","1.2548065185546875","1.2548065185546875"
"48972","1.1406244039535522","1.1406244039535522","1.1406244039535522"
"49004","1.2126946449279785","1.2126946449279785","1.2126946449279785"
"49012","0.9262974262237549","0.9262974262237549","0.9262974262237549"
"49020","1.1410017013549805","1.1410017013549805","1.1410017013549805"
"49021","1.1390185356140137","1.1390185356140137","1.1390185356140137"
"49048","1.2911159992218018","1.2911159992218018","1.2911159992218018"
"49052","1.3513212203979492","1.3513212203979492","1.3513212203979492"
"49056","0.9931588172912598","0.9931588172912598","0.9931588172912598"
"49075","1.1395912170410156","1.1395912170410156","1.1395912170410156"
"49077","1.2470611333847046","1.2470611333847046","1.2470611333847046"
"49080","0.9583419561386108","0.9583419561386108","0.9583419561386108"
"49114","1.1524786949157715","1.1524786949157715","1.1524786949157715"
"49116","1.2076466083526611","1.2076466083526611","1.2076466083526611"
"49151","0.9974884986877441","0.9974884986877441","0.9974884986877441"
"49164","0.8453500270843506","0.8453500270843506","0.8453500270843506"
"49187","1.0324952602386475","1.0324952602386475","1.0324952602386475"
"49189","1.042215347290039","1.042215347290039","1.042215347290039"
"49201","0.9440956115722656","0.9440956115722656","0.9440956115722656"
"49270","1.1416873931884766","1.1416873931884766","1.1416873931884766"
"49274","1.0219722986221313","1.0219722986221313","1.0219722986221313"
"49308","0.9654703140258789","0.9654703140258789","0.9654703140258789"
"49311","1.0144691467285156","1.0144691467285156","1.0144691467285156"
"49313","0.9502274990081787","0.9502274990081787","0.9502274990081787"
"49329","0.9141230583190918","0.9141230583190918","0.9141230583190918"
"49345","1.1359648704528809","1.1359648704528809","1.1359648704528809"
"49389","1.3134512901306152","1.3134512901306152","1.3134512901306152"
"49393","1.031845211982727","1.031845211982727","1.031845211982727"
"49401","1.3289852142333984","1.3289852142333984","1.3289852142333984"
"49434","1.1435056924819946","1.1435056924819946","1.1435056924819946"
"49437","1.2831535339355469","1.2831535339355469","1.2831535339355469"
"49472","1.4088590145111084","1.4088590145111084","1.4088590145111084"
"49516","0.9010325074195862","0.9010325074195862","0.9010325074195862"
"49528","1.2643957138061523","1.2643957138061523","1.2643957138061523"
"49573","1.3805980682373047","1.3805980682373047","1.3805980682373047"
"49622","1.2721076011657715","1.2721076011657715","1.2721076011657715"
"49648","0.8344554901123047","0.8344554901123047","0.8344554901123047"
"49657","0.8074231147766113","0.8074231147766113","0.8074231147766113"
"49662","1.0064654350280762","1.0064654350280762","1.0064654350280762"
"49694","0.7661895751953125","0.7661895751953125","0.7661895751953125"
"49700","1.0630971193313599","1.0630971193313599","1.0630971193313599"
"49716","1.1869999170303345","1.1869999170303345","1.1869999170303345"
"49737","1.0124324560165405","1.0124324560165405","1.0124324560165405"
"49743","1.3029067516326904","1.3029067516326904","1.3029067516326904"
"49779","0.9951128959655762","0.9951128959655762","0.9951128959655762"
"49822","1.1635363101959229","1.1635363101959229","1.1635363101959229"
"49843","1.0139111280441284","1.0139111280441284","1.0139111280441284"
"49868","1.0536088943481445","1.0536088943481445","1.0536088943481445"
"49869","1.0492026805877686","1.0492026805877686","1.0492026805877686"
"49889","1.137925624847412","1.137925624847412","1.137925624847412"
"49892","1.014805555343628","1.014805555343628","1.014805555343628"
"49893","1.0944266319274902","1.0944266319274902","1.0944266319274902"
"49894","1.0519250631332397","1.0519250631332397","1.0519250631332397"
"49959","1.0558936595916748","1.0558936595916748","1.0558936595916748"
"49981","1.2098863124847412","1.2098863124847412","1.2098863124847412"
"50010","1.3388779163360596","1.3388779163360596","1.3388779163360596"
"50014","0.7669327855110168","0.7669327855110168","0.7669327855110168"
"50029","1.3438868522644043","1.3438868522644043","1.3438868522644043"
"50083","1.3435451984405518","1.3435451984405518","1.3435451984405518"
"50108","1.0510350465774536","1.0510350465774536","1.0510350465774536"
"50111","1.0995184183120728","1.0995184183120728","1.0995184183120728"
"50122","1.1836034059524536","1.1836034059524536","1.1836034059524536"
"50128","1.1034728288650513","1.1034728288650513","1.1034728288650513"
"50137","1.2833739519119263","1.2833739519119263","1.2833739519119263"
"50148","1.3048443794250488","1.3048443794250488","1.3048443794250488"
"50161","0.7790355682373047","0.7790355682373047","0.7790355682373047"
"50189","1.2171965837478638","1.2171965837478638","1.2171965837478638"
"50213","1.1288399696350098","1.1288399696350098","1.1288399696350098"
"50221","1.1769657135009766","1.1769657135009766","1.1769657135009766"
"50243","1.4354960918426514","1.4354960918426514","1.4354960918426514"
"50259","1.3916435241699219","1.3916435241699219","1.3916435241699219"
"50280","1.1963722705841064","1.1963722705841064","1.1963722705841064"
"50289","0.8296495676040649","0.8296495676040649","0.8296495676040649"
"50296","1.0072238445281982","1.0072238445281982","1.0072238445281982"
"50370","1.0926880836486816","1.0926880836486816","1.0926880836486816"
"50395","1.1065925359725952","1.1065925359725952","1.1065925359725952"
"50415","1.124666690826416","1.124666690826416","1.124666690826416"
"50434","1.2198073863983154","1.2198073863983154","1.2198073863983154"
"50475","1.2111048698425293","1.2111048698425293","1.2111048698425293"
"50512","1.4260742664337158","1.4260742664337158","1.4260742664337158"
"50525","0.9161210060119629","0.9161210060119629","0.9161210060119629"
"50527","0.9206741452217102","0.9206741452217102","0.9206741452217102"
"50543","1.027187705039978","1.027187705039978","1.027187705039978"
"50555","1.200730323791504","1.200730323791504","1.200730323791504"
"50564","1.371323585510254","1.371323585510254","1.371323585510254"
"50569","1.0838983058929443","1.0838983058929443","1.0838983058929443"
"50579","1.0092277526855469","1.0092277526855469","1.0092277526855469"
"50600","1.4195518493652344","1.4195518493652344","1.4195518493652344"
"50612","1.072073221206665","1.072073221206665","1.072073221206665"
"50709","0.9798964262008667","0.9798964262008667","0.9798964262008667"
"50751","1.1308295726776123","1.1308295726776123","1.1308295726776123"
"50753","0.9552323818206787","0.9552323818206787","0.9552323818206787"
"50772","1.0125157833099365","1.0125157833099365","1.0125157833099365"
"50791","0.8807141780853271","0.8807141780853271","0.8807141780853271"
"50792","0.8101620674133301","0.8101620674133301","0.8101620674133301"
"50810","1.110830545425415","1.110830545425415","1.110830545425415"
"50847","1.1970410346984863","1.1970410346984863","1.1970410346984863"
"50876","0.8839545249938965","0.8839545249938965","0.8839545249938965"
"50892","1.2237427234649658","1.2237427234649658","1.2237427234649658"
"50904","1.0882799625396729","1.0882799625396729","1.0882799625396729"
"50913","1.0855746269226074","1.0855746269226074","1.0855746269226074"
"50936","1.0560369491577148","1.0560369491577148","1.0560369491577148"
"50977","0.9492025375366211","0.9492025375366211","0.9492025375366211"
"51013","1.307957649230957","1.307957649230957","1.307957649230957"
"51040","0.9925618171691895","0.9925618171691895","0.9925618171691895"
"51052","0.8202728033065796","0.8202728033065796","0.8202728033065796"
"51060","1.0302938222885132","1.0302938222885132","1.0302938222885132"
"51071","0.8519704341888428","0.8519704341888428","0.8519704341888428"
"51085","1.418449878692627","1.418449878692627","1.418449878692627"
"51087","1.0438785552978516","1.0438785552978516","1.0438785552978516"
"51122","1.19233238697052","1.19233238697052","1.19233238697052"
"51151","0.9654378890991211","0.9654378890991211","0.9654378890991211"
"51172","1.2094125747680664","1.2094125747680664","1.2094125747680664"
"51177","1.1521189212799072","1.1521189212799072","1.1521189212799072"
"51202","0.9685192108154297","0.9685192108154297","0.9685192108154297"
"51253","1.1755954027175903","1.1755954027175903","1.1755954027175903"
"51278","0.780320405960083","0.780320405960083","0.780320405960083"
"51326","1.113640308380127","1.113640308380127","1.113640308380127"
"51351","1.1920812129974365","1.1920812129974365","1.1920812129974365"
"51393","1.1502854824066162","1.1502854824066162","1.1502854824066162"
"51421","1.2557120323181152","1.2557120323181152","1.2557120323181152"
"51423","1.157111644744873","1.157111644744873","1.157111644744873"
"51424","1.2405657768249512","1.2405657768249512","1.2405657768249512"
"51461","0.8967692852020264","0.8967692852020264","0.8967692852020264"
"51480","1.0022249221801758","1.0022249221801758","1.0022249221801758"
"51526","1.3728067874908447","1.3728067874908447","1.3728067874908447"
"51542","0.996380090713501","0.996380090713501","0.996380090713501"
"51552","1.010624885559082","1.010624885559082","1.010624885559082"
"51572","1.1985275745391846","1.1985275745391846","1.1985275745391846"
"51585","1.3023983240127563","1.3023983240127563","1.3023983240127563"
"51602","1.2931222915649414","1.2931222915649414","1.2931222915649414"
"51612","0.8945269584655762","0.8945269584655762","0.8945269584655762"
"51632","1.3191776275634766","1.3191776275634766","1.3191776275634766"
"51637","0.8406634330749512","0.8406634330749512","0.8406634330749512"
"51639","1.0167346000671387","1.0167346000671387","1.0167346000671387"
"51659","1.1717712879180908","1.1717712879180908","1.1717712879180908"
"51747","0.9958977699279785","0.9958977699279785","0.9958977699279785"
"51758","1.1515836715698242","1.1515836715698242","1.1515836715698242"
"51806","0.81793212890625","0.81793212890625","0.81793212890625"
"51810","1.1645832061767578","1.1645832061767578","1.1645832061767578"
"51813","1.5550050735473633","1.5550050735473633","1.5550050735473633"
"51819","1.305532693862915","1.305532693862915","1.305532693862915"
"51822","1.001261591911316","1.001261591911316","1.001261591911316"
"51831","1.2700297832489014","1.2700297832489014","1.2700297832489014"
"51852","1.0375916957855225","1.0375916957855225","1.0375916957855225"
"51858","1.1780078411102295","1.1780078411102295","1.1780078411102295"
"51867","1.033250331878662","1.033250331878662","1.033250331878662"
"51890","0.7576518058776855","0.7576518058776855","0.7576518058776855"
"51894","1.2896618843078613","1.2896618843078613","1.2896618843078613"
"51901","1.053959846496582","1.053959846496582","1.053959846496582"
"51926","1.4430586099624634","1.4430586099624634","1.4430586099624634"
"51937","1.320113182067871","1.320113182067871","1.320113182067871"
"51975","0.88541579246521","0.88541579246521","0.88541579246521"
"51981","1.096938133239746","1.096938133239746","1.096938133239746"
"52005","1.070614218711853","1.070614218711853","1.070614218711853"
"52059","0.9181709289550781","0.9181709289550781","0.9181709289550781"
"52125","1.1183700561523438","1.1183700561523438","1.1183700561523438"
"52150","1.1688287258148193","1.1688287258148193","1.1688287258148193"
"52163","1.0811744928359985","1.0811744928359985","1.0811744928359985"
"52180","0.952940821647644","0.952940821647644","0.952940821647644"
"52183","0.8270080089569092","0.8270080089569092","0.8270080089569092"
"52303","1.0739009380340576","1.0739009380340576","1.0739009380340576"
"52309","0.8553478717803955","0.8553478717803955","0.8553478717803955"
"52356","1.0960187911987305","1.0960187911987305","1.0960187911987305"
"52381","1.1546010971069336","1.1546010971069336","1.1546010971069336"
"52385","1.1141233444213867","1.1141233444213867","1.1141233444213867"
"52408","1.1845897436141968","1.1845897436141968","1.1845897436141968"
"52428","0.9998180866241455","0.9998180866241455","0.9998180866241455"
"52441","0.8911094665527344","0.8911094665527344","0.8911094665527344"
"52491","0.8418641090393066","0.8418641090393066","0.8418641090393066"
"52520","1.0115103721618652","1.0115103721618652","1.0115103721618652"
"52542","1.0726921558380127","1.0726921558380127","1.0726921558380127"
"52558","0.8966231346130371","0.8966231346130371","0.8966231346130371"
"52578","0.9758625626564026","0.9758625626564026","0.9758625626564026"
"52599","1.1865708827972412","1.1865708827972412","1.1865708827972412"
"52624","0.6575525999069214","0.6575525999069214","0.6575525999069214"
"52660","0.991459846496582","0.991459846496582","0.991459846496582"
"52691","0.719163715839386","0.719163715839386","0.719163715839386"
"52720","1.326615810394287","1.326615810394287","1.326615810394287"
"52747","1.2993017435073853","1.2993017435073853","1.2993017435073853"
"52757","0.8916664123535156","0.8916664123535156","0.8916664123535156"
"52774","1.1873807907104492","1.1873807907104492","1.1873807907104492"
"52802","0.8409955501556396","0.8409955501556396","0.8409955501556396"
"52804","1.1777594089508057","1.1777594089508057","1.1777594089508057"
"52888","0.8775848150253296","0.8775848150253296","0.8775848150253296"
"52936","1.1832265853881836","1.1832265853881836","1.1832265853881836"
"52947","0.8691482543945312","0.8691482543945312","0.8691482543945312"
"52955","1.1765446662902832","1.1765446662902832","1.1765446662902832"
"52987","1.29445219039917","1.29445219039917","1.29445219039917"
"52997","1.5660765171051025","1.5660765171051025","1.5660765171051025"
"53068","1.3300671577453613","1.3300671577453613","1.3300671577453613"
"53089","1.2294801473617554","1.2294801473617554","1.2294801473617554"
"53092","1.1656193733215332","1.1656193733215332","1.1656193733215332"
"53096","1.0349786281585693","1.0349786281585693","1.0349786281585693"
"53099","0.882735013961792","0.882735013961792","0.882735013961792"
"53103","1.0716524124145508","1.0716524124145508","1.0716524124145508"
"53113","0.883758544921875","0.883758544921875","0.883758544921875"
"53119","1.3857231140136719","1.3857231140136719","1.3857231140136719"
"53122","1.108828067779541","1.108828067779541","1.108828067779541"
"53128","1.052240252494812","1.052240252494812","1.052240252494812"
"53145","1.059654712677002","1.059654712677002","1.059654712677002"
"53190","1.1399433612823486","1.1399433612823486","1.1399433612823486"
"53229","0.8366677761077881","0.8366677761077881","0.8366677761077881"
"53233","1.0575852394104004","1.0575852394104004","1.0575852394104004"
"53239","0.7677685022354126","0.7677685022354126","0.7677685022354126"
"53249","1.2139472961425781","1.2139472961425781","1.2139472961425781"
"53352","0.9956033229827881","0.9956033229827881","0.9956033229827881"
"53376","0.9932615160942078","0.9932615160942078","0.9932615160942078"
"53432","1.0771567821502686","1.0771567821502686","1.0771567821502686"
"53465","0.9294931888580322","0.9294931888580322","0.9294931888580322"
"53549","1.2292711734771729","1.2292711734771729","1.2292711734771729"
"53555","0.7871177196502686","0.7871177196502686","0.7871177196502686"
"53567","0.6382613182067871","0.6382613182067871","0.6382613182067871"
"53576","1.0843909978866577","1.0843909978866577","1.0843909978866577"
"53580","1.333397626876831","1.333397626876831","1.333397626876831"
"53608","1.105729579925537","1.105729579925537","1.105729579925537"
"53634","1.2684001922607422","1.2684001922607422","1.2684001922607422"
"53664","1.0400410890579224","1.0400410890579224","1.0400410890579224"
"53691","1.0297962427139282","1.0297962427139282","1.0297962427139282"
"53731","0.9801959991455078","0.9801959991455078","0.9801959991455078"
"53749","1.1240901947021484","1.1240901947021484","1.1240901947021484"
"53767","0.9972836971282959","0.9972836971282959","0.9972836971282959"
"53778","1.221375823020935","1.221375823020935","1.221375823020935"
"53788","1.06209135055542","1.06209135055542","1.06209135055542"
"53852","1.0189306735992432","1.0189306735992432","1.0189306735992432"
"53867","1.2569053173065186","1.2569053173065186","1.2569053173065186"
"53872","1.0506296157836914","1.0506296157836914","1.0506296157836914"
"53902","0.9831497669219971","0.9831497669219971","0.9831497669219971"
"53920","1.1095309257507324","1.1095309257507324","1.1095309257507324"
"53953","1.0821177959442139","1.0821177959442139","1.0821177959442139"
"53977","1.1755425930023193","1.1755425930023193","1.1755425930023193"
"53978","1.2927203178405762","1.2927203178405762","1.2927203178405762"
"53981","1.3129870891571045","1.3129870891571045","1.3129870891571045"
"54005","0.8471570014953613","0.8471570014953613","0.8471570014953613"
"54086","1.409014344215393","1.409014344215393","1.409014344215393"
"54099","1.086449146270752","1.086449146270752","1.086449146270752"
"54125","1.145392656326294","1.145392656326294","1.145392656326294"
"54145","1.1380205154418945","1.1380205154418945","1.1380205154418945"
"54154","1.3296377658843994","1.3296377658843994","1.3296377658843994"
"54160","1.2218084335327148","1.2218084335327148","1.2218084335327148"
"54289","1.2052249908447266","1.2052249908447266","1.2052249908447266"
"54335","1.0291661024093628","1.0291661024093628","1.0291661024093628"
"54366","0.9021027088165283","0.9021027088165283","0.9021027088165283"
"54369","1.136030673980713","1.136030673980713","1.136030673980713"
"54394","1.149064064025879","1.149064064025879","1.149064064025879"
"54398","1.0663793087005615","1.0663793087005615","1.0663793087005615"
"54438","1.0308318138122559","1.0308318138122559","1.0308318138122559"
"54453","0.8398964405059814","0.8398964405059814","0.8398964405059814"
"54462","0.9667551517486572","0.9667551517486572","0.9667551517486572"
"54464","1.0637919902801514","1.0637919902801514","1.0637919902801514"
"54509","1.312368392944336","1.312368392944336","1.312368392944336"
"54540","1.0359394550323486","1.0359394550323486","1.0359394550323486"
"54554","1.0256009101867676","1.0256009101867676","1.0256009101867676"
"54562","0.895430326461792","0.895430326461792","0.895430326461792"
"54598","0.9645456075668335","0.9645456075668335","0.9645456075668335"
"54600","1.054161548614502","1.054161548614502","1.054161548614502"
"54626","0.963349461555481","0.963349461555481","0.963349461555481"
"54635","1.2725074291229248","1.2725074291229248","1.2725074291229248"
"54654","0.8699028491973877","0.8699028491973877","0.8699028491973877"
"54697","0.9884097576141357","0.9884097576141357","0.9884097576141357"
"54714","1.0056114196777344","1.0056114196777344","1.0056114196777344"
"54746","0.9670820236206055","0.9670820236206055","0.9670820236206055"
"54748","1.0925474166870117","1.0925474166870117","1.0925474166870117"
"54769","1.2155416011810303","1.2155416011810303","1.2155416011810303"
"54782","1.0864721536636353","1.0864721536636353","1.0864721536636353"
"54790","1.016209602355957","1.016209602355957","1.016209602355957"
"54795","1.4066128730773926","1.4066128730773926","1.4066128730773926"
"54872","1.3018341064453125","1.3018341064453125","1.3018341064453125"
"54873","0.980499267578125","0.980499267578125","0.980499267578125"
"54893","1.2724894285202026","1.2724894285202026","1.2724894285202026"
"54904","0.975637674331665","0.975637674331665","0.975637674331665"
"54922","1.1498427391052246","1.1498427391052246","1.1498427391052246"
"54929","0.810340404510498","0.810340404510498","0.810340404510498"
"54960","1.46551513671875","1.46551513671875","1.46551513671875"
"55003","1.0291706323623657","1.0291706323623657","1.0291706323623657"
"55010","1.1767077445983887","1.1767077445983887","1.1767077445983887"
"55031","1.1426448822021484","1.1426448822021484","1.1426448822021484"
"55037","1.2648165225982666","1.2648165225982666","1.2648165225982666"
"55039","0.8985800743103027","0.8985800743103027","0.8985800743103027"
"55117","1.063251256942749","1.063251256942749","1.063251256942749"
"55126","1.0212697982788086","1.0212697982788086","1.0212697982788086"
"55145","1.2096307277679443","1.2096307277679443","1.2096307277679443"
"55146","0.8803589344024658","0.8803589344024658","0.8803589344024658"
"55210","1.0755558013916016","1.0755558013916016","1.0755558013916016"
"55230","1.1200387477874756","1.1200387477874756","1.1200387477874756"
"55233","1.5837364196777344","1.5837364196777344","1.5837364196777344"
"55276","1.092677116394043","1.092677116394043","1.092677116394043"
"55297","1.3302370309829712","1.3302370309829712","1.3302370309829712"
"55349","1.0129623413085938","1.0129623413085938","1.0129623413085938"
"55357","1.0923824310302734","1.0923824310302734","1.0923824310302734"
"55390","1.1403279304504395","1.1403279304504395","1.1403279304504395"
"55402","0.9889392852783203","0.9889392852783203","0.9889392852783203"
"55433","1.0480318069458008","1.0480318069458008","1.0480318069458008"
"55438","0.9811044931411743","0.9811044931411743","0.9811044931411743"
"55468","1.4128704071044922","1.4128704071044922","1.4128704071044922"
"55487","1.319974422454834","1.319974422454834","1.319974422454834"
"55488","1.179272174835205","1.179272174835205","1.179272174835205"
"55527","0.8267347812652588","0.8267347812652588","0.8267347812652588"
"55538","1.0664381980895996","1.0664381980895996","1.0664381980895996"
"55635","1.0187582969665527","1.0187582969665527","1.0187582969665527"
"55640","1.1888688802719116","1.1888688802719116","1.1888688802719116"
"55648","1.4744176864624023","1.4744176864624023","1.4744176864624023"
"55710","1.082059383392334","1.082059383392334","1.082059383392334"
"55828","0.9893269538879395","0.9893269538879395","0.9893269538879395"
"55832","1.1342177391052246","1.1342177391052246","1.1342177391052246"
"55833","0.856950044631958","0.856950044631958","0.856950044631958"
"55841","1.0061407089233398","1.0061407089233398","1.0061407089233398"
"55850","1.0076141357421875","1.0076141357421875","1.0076141357421875"
"55858","1.030612587928772","1.030612587928772","1.030612587928772"
"55872","1.1370970010757446","1.1370970010757446","1.1370970010757446"
"55897","1.005387544631958","1.005387544631958","1.005387544631958"
"55910","0.8842151165008545","0.8842151165008545","0.8842151165008545"
"55912","0.9109902381896973","0.9109902381896973","0.9109902381896973"
"55917","0.738196849822998","0.738196849822998","0.738196849822998"
"55959","1.2739464044570923","1.2739464044570923","1.2739464044570923"
"55960","0.986990213394165","0.986990213394165","0.986990213394165"
"55971","0.9496582746505737","0.9496582746505737","0.9496582746505737"
"56020","1.0228829383850098","1.0228829383850098","1.0228829383850098"
"56034","0.9380965232849121","0.9380965232849121","0.9380965232849121"
"56051","0.7893555760383606","0.7893555760383606","0.7893555760383606"
"56134","1.4689358472824097","1.4689358472824097","1.4689358472824097"
"56138","1.2243568897247314","1.2243568897247314","1.2243568897247314"
"56210","1.2526028156280518","1.2526028156280518","1.2526028156280518"
"56217","1.0410819053649902","1.0410819053649902","1.0410819053649902"
"56223","1.1696324348449707","1.1696324348449707","1.1696324348449707"
"56251","1.2271487712860107","1.2271487712860107","1.2271487712860107"
"56256","0.8686418533325195","0.8686418533325195","0.8686418533325195"
"56262","1.1615231037139893","1.1615231037139893","1.1615231037139893"
"56265","0.8942772150039673","0.8942772150039673","0.8942772150039673"
"56266","0.8874144554138184","0.8874144554138184","0.8874144554138184"
"56273","1.354778528213501","1.354778528213501","1.354778528213501"
"56335","1.0149421691894531","1.0149421691894531","1.0149421691894531"
"56377","0.8724817037582397","0.8724817037582397","0.8724817037582397"
"56386","0.9736363887786865","0.9736363887786865","0.9736363887786865"
"56393","0.6746706962585449","0.6746706962585449","0.6746706962585449"
"56405","0.9796857833862305","0.9796857833862305","0.9796857833862305"
"56414","0.9958422183990479","0.9958422183990479","0.9958422183990479"
"56434","1.029585838317871","1.029585838317871","1.029585838317871"
"56439","1.2306028604507446","1.2306028604507446","1.2306028604507446"
"56445","0.8673121929168701","0.8673121929168701","0.8673121929168701"
"56477","1.2281551361083984","1.2281551361083984","1.2281551361083984"
"56571","1.0642552375793457","1.0642552375793457","1.0642552375793457"
"56612","0.9891987442970276","0.9891987442970276","0.9891987442970276"
"56619","0.756522536277771","0.756522536277771","0.756522536277771"
"56632","1.2607266902923584","1.2607266902923584","1.2607266902923584"
"56633","0.9121317863464355","0.9121317863464355","0.9121317863464355"
"56682","0.9265421628952026","0.9265421628952026","0.9265421628952026"
"56705","1.0946874618530273","1.0946874618530273","1.0946874618530273"
"56737","1.4291725158691406","1.4291725158691406","1.4291725158691406"
"56770","1.0860414505004883","1.0860414505004883","1.0860414505004883"
"56819","1.1525548696517944","1.1525548696517944","1.1525548696517944"
"56840","0.9927964806556702","0.9927964806556702","0.9927964806556702"
"56865","0.7914570569992065","0.7914570569992065","0.7914570569992065"
"56882","0.7547253370285034","0.7547253370285034","0.7547253370285034"
"56907","0.9353728294372559","0.9353728294372559","0.9353728294372559"
"56918","1.0079501867294312","1.0079501867294312","1.0079501867294312"
"56928","0.6990559101104736","0.6990559101104736","0.6990559101104736"
"56933","1.0982677936553955","1.0982677936553955","1.0982677936553955"
"56937","0.8851318359375","0.8851318359375","0.8851318359375"
"56939","1.224557876586914","1.224557876586914","1.224557876586914"
"56968","1.0869498252868652","1.0869498252868652","1.0869498252868652"
"56983","1.1539937257766724","1.1539937257766724","1.1539937257766724"
"57023","1.0192238092422485","1.0192238092422485","1.0192238092422485"
"57030","1.0042088031768799","1.0042088031768799","1.0042088031768799"
"57037","1.0986409187316895","1.0986409187316895","1.0986409187316895"
"57046","1.1607834100723267","1.1607834100723267","1.1607834100723267"
"57124","0.9065518379211426","0.9065518379211426","0.9065518379211426"
"57134","1.1698355674743652","1.1698355674743652","1.1698355674743652"
"57158","1.1315703392028809","1.1315703392028809","1.1315703392028809"
"57225","1.037401556968689","1.037401556968689","1.037401556968689"
"57229","1.2790074348449707","1.2790074348449707","1.2790074348449707"
"57237","0.7083940505981445","0.7083940505981445","0.7083940505981445"
"57245","1.3022911548614502","1.3022911548614502","1.3022911548614502"
"57257","1.2396788597106934","1.2396788597106934","1.2396788597106934"
"57265","1.0526808500289917","1.0526808500289917","1.0526808500289917"
"57362","1.0441712141036987","1.0441712141036987","1.0441712141036987"
"57368","1.225461483001709","1.225461483001709","1.225461483001709"
"57403","1.0832875967025757","1.0832875967025757","1.0832875967025757"
"57414","0.7218518853187561","0.7218518853187561","0.7218518853187561"
"57474","1.2267473936080933","1.2267473936080933","1.2267473936080933"
"57498","0.9990181922912598","0.9990181922912598","0.9990181922912598"
"57508","1.3114197254180908","1.3114197254180908","1.3114197254180908"
"57535","0.6757776737213135","0.6757776737213135","0.6757776737213135"
"57559","0.8080122470855713","0.8080122470855713","0.8080122470855713"
"57604","1.1520204544067383","1.1520204544067383","1.1520204544067383"
"57606","0.9219094514846802","0.9219094514846802","0.9219094514846802"
"57613","0.8147305846214294","0.8147305846214294","0.8147305846214294"
"57620","1.1710665225982666","1.1710665225982666","1.1710665225982666"
"57627","1.3437261581420898","1.3437261581420898","1.3437261581420898"
"57639","1.0690889358520508","1.0690889358520508","1.0690889358520508"
"57657","0.7132282257080078","0.7132282257080078","0.7132282257080078"
"57659","1.060622215270996","1.060622215270996","1.060622215270996"
"57694","0.9884456396102905","0.9884456396102905","0.9884456396102905"
"57707","0.9428974390029907","0.9428974390029907","0.9428974390029907"
"57721","0.8991724252700806","0.8991724252700806","0.8991724252700806"
"57732","1.1602097749710083","1.1602097749710083","1.1602097749710083"
"57775","1.0203477144241333","1.0203477144241333","1.0203477144241333"
"57801","0.9485268592834473","0.9485268592834473","0.9485268592834473"
"57862","0.8220846652984619","0.8220846652984619","0.8220846652984619"
"57936","1.116150140762329","1.116150140762329","1.116150140762329"
"57953","1.2058589458465576","1.2058589458465576","1.2058589458465576"
"58067","1.4632349014282227","1.4632349014282227","1.4632349014282227"
"58072","1.2040395736694336","1.2040395736694336","1.2040395736694336"
"58103","0.9660866260528564","0.9660866260528564","0.9660866260528564"
"58114","0.8786612153053284","0.8786612153053284","0.8786612153053284"
"58136","1.2472853660583496","1.2472853660583496","1.2472853660583496"
"58145","1.1232589483261108","1.1232589483261108","1.1232589483261108"
"58234","1.027998924255371","1.027998924255371","1.027998924255371"
"58243","1.1155405044555664","1.1155405044555664","1.1155405044555664"
"58284","1.0109659433364868","1.0109659433364868","1.0109659433364868"
"58307","1.3317031860351562","1.3317031860351562","1.3317031860351562"
"58312","1.3235774040222168","1.3235774040222168","1.3235774040222168"
"58343","0.9595204591751099","0.9595204591751099","0.9595204591751099"
"58379","1.3398613929748535","1.3398613929748535","1.3398613929748535"
"58382","0.9066956639289856","0.9066956639289856","0.9066956639289856"
"58392","1.1765743494033813","1.1765743494033813","1.1765743494033813"
"58425","0.8081717491149902","0.8081717491149902","0.8081717491149902"
"58457","0.9773604869842529","0.9773604869842529","0.9773604869842529"
"58485","1.0967744588851929","1.0967744588851929","1.0967744588851929"
"58532","1.2429516315460205","1.2429516315460205","1.2429516315460205"
"58569","1.192563533782959","1.192563533782959","1.192563533782959"
"58584","1.1057610511779785","1.1057610511779785","1.1057610511779785"
"58620","1.1204466819763184","1.1204466819763184","1.1204466819763184"
"58641","1.6301294565200806","1.6301294565200806","1.6301294565200806"
"58671","1.14180588722229","1.14180588722229","1.14180588722229"
"58688","1.1125633716583252","1.1125633716583252","1.1125633716583252"
"58708","1.027763843536377","1.027763843536377","1.027763843536377"
"58718","1.1083664894104004","1.1083664894104004","1.1083664894104004"
"58746","1.071744441986084","1.071744441986084","1.071744441986084"
"58748","1.0746822357177734","1.0746822357177734","1.0746822357177734"
"58821","1.2301042079925537","1.2301042079925537","1.2301042079925537"
"58875","0.8044919967651367","0.8044919967651367","0.8044919967651367"
"58876","1.1285078525543213","1.1285078525543213","1.1285078525543213"
"58916","0.9789533615112305","0.9789533615112305","0.9789533615112305"
"58979","1.0391547679901123","1.0391547679901123","1.0391547679901123"
"59004","0.933783769607544","0.933783769607544","0.933783769607544"
"59014","1.0262746810913086","1.0262746810913086","1.0262746810913086"
"59049","1.1486215591430664","1.1486215591430664","1.1486215591430664"
"59063","0.9038697481155396","0.9038697481155396","0.9038697481155396"
"59101","0.9887440204620361","0.9887440204620361","0.9887440204620361"
"59104","0.8979374766349792","0.8979374766349792","0.8979374766349792"
"59121","1.1749250888824463","1.1749250888824463","1.1749250888824463"
"59133","0.9305247068405151","0.9305247068405151","0.9305247068405151"
"59205","1.160534381866455","1.160534381866455","1.160534381866455"
"59207","1.0781474113464355","1.0781474113464355","1.0781474113464355"
"59238","1.2972114086151123","1.2972114086151123","1.2972114086151123"
"59368","1.030758261680603","1.030758261680603","1.030758261680603"
"59434","0.7469546794891357","0.7469546794891357","0.7469546794891357"
"59450","0.8313379287719727","0.8313379287719727","0.8313379287719727"
"59499","1.2566494941711426","1.2566494941711426","1.2566494941711426"
"59507","0.9031425714492798","0.9031425714492798","0.9031425714492798"
"59539","1.1630502939224243","1.1630502939224243","1.1630502939224243"
"59558","0.9956209659576416","0.9956209659576416","0.9956209659576416"
"59572","1.2133828401565552","1.2133828401565552","1.2133828401565552"
"59586","0.8455917835235596","0.8455917835235596","0.8455917835235596"
"59596","0.904018759727478","0.904018759727478","0.904018759727478"
"59606","0.8767752647399902","0.8767752647399902","0.8767752647399902"
"59607","0.9135349988937378","0.9135349988937378","0.9135349988937378"
"59621","0.9218734502792358","0.9218734502792358","0.9218734502792358"
"59623","1.137657642364502","1.137657642364502","1.137657642364502"
"59625","0.8066731691360474","0.8066731691360474","0.8066731691360474"
"59650","1.167159080505371","1.167159080505371","1.167159080505371"
"59671","0.8584630489349365","0.8584630489349365","0.8584630489349365"
"59692","1.1942930221557617","1.1942930221557617","1.1942930221557617"
"59708","0.9018945693969727","0.9018945693969727","0.9018945693969727"
"59711","0.98465895652771","0.98465895652771","0.98465895652771"
"59788","1.0636746883392334","1.0636746883392334","1.0636746883392334"
"59795","1.0649776458740234","1.0649776458740234","1.0649776458740234"
"59797","1.0860707759857178","1.0860707759857178","1.0860707759857178"
"59810","1.0116428136825562","1.0116428136825562","1.0116428136825562"
"59815","1.0073845386505127","1.0073845386505127","1.0073845386505127"
"59838","0.8613929748535156","0.8613929748535156","0.8613929748535156"
"59874","0.9755711555480957","0.9755711555480957","0.9755711555480957"
"59877","0.956985354423523","0.956985354423523","0.956985354423523"
"59892","1.1893686056137085","1.1893686056137085","1.1893686056137085"
"59921","1.0881434679031372","1.0881434679031372","1.0881434679031372"
"60001","1.0669679641723633","1.0669679641723633","1.0669679641723633"
"60003","1.049083948135376","1.049083948135376","1.049083948135376"
"60025","0.8478783369064331","0.8478783369064331","0.8478783369064331"
"60088","0.931999683380127","0.931999683380127","0.931999683380127"
"60123","0.8978883028030396","0.8978883028030396","0.8978883028030396"
"60179","0.7831406593322754","0.7831406593322754","0.7831406593322754"
"60198","0.9457995891571045","0.9457995891571045","0.9457995891571045"
"60252","0.9524089097976685","0.9524089097976685","0.9524089097976685"
"60313","0.9290332794189453","0.9290332794189453","0.9290332794189453"
"60343","0.8092933893203735","0.8092933893203735","0.8092933893203735"
"60415","1.1124056577682495","1.1124056577682495","1.1124056577682495"
"60456","1.079157829284668","1.079157829284668","1.079157829284668"
"60506","1.310537576675415","1.310537576675415","1.310537576675415"
"60511","1.0702303647994995","1.0702303647994995","1.0702303647994995"
"60517","0.8171496391296387","0.8171496391296387","0.8171496391296387"
"60519","1.0342705249786377","1.0342705249786377","1.0342705249786377"
"60552","1.0397062301635742","1.0397062301635742","1.0397062301635742"
"60619","1.2296359539031982","1.2296359539031982","1.2296359539031982"
"60659","0.9648976922035217","0.9648976922035217","0.9648976922035217"
"60678","0.8542032241821289","0.8542032241821289","0.8542032241821289"
"60704","1.0198733806610107","1.0198733806610107","1.0198733806610107"
"60719","0.8677524328231812","0.8677524328231812","0.8677524328231812"
"60741","0.9804377555847168","0.9804377555847168","0.9804377555847168"
"60754","1.1325311660766602","1.1325311660766602","1.1325311660766602"
"60755","1.2387125492095947","1.2387125492095947","1.2387125492095947"
"60794","0.8780283331871033","0.8780283331871033","0.8780283331871033"
"60828","0.8638007640838623","0.8638007640838623","0.8638007640838623"
"60830","1.1668641567230225","1.1668641567230225","1.1668641567230225"
"60834","1.2598273754119873","1.2598273754119873","1.2598273754119873"
"60856","0.8924753665924072","0.8924753665924072","0.8924753665924072"
"60873","0.9447827339172363","0.9447827339172363","0.9447827339172363"
"60884","1.4273594617843628","1.4273594617843628","1.4273594617843628"
"60887","0.7184287905693054","0.7184287905693054","0.7184287905693054"
"60898","1.1766042709350586","1.1766042709350586","1.1766042709350586"
"60922","1.0416358709335327","1.0416358709335327","1.0416358709335327"
"60983","0.9145255088806152","0.9145255088806152","0.9145255088806152"
"60990","1.0149086713790894","1.0149086713790894","1.0149086713790894"
"61084","1.0276813507080078","1.0276813507080078","1.0276813507080078"
"61127","1.2272907495498657","1.2272907495498657","1.2272907495498657"
"61129","0.9820029735565186","0.9820029735565186","0.9820029735565186"
"61133","0.9107951521873474","0.9107951521873474","0.9107951521873474"
"61147","0.9762153625488281","0.9762153625488281","0.9762153625488281"
"61167","0.8191604614257812","0.8191604614257812","0.8191604614257812"
"61193","1.0206413269042969","1.0206413269042969","1.0206413269042969"
"61217","1.076480507850647","1.076480507850647","1.076480507850647"
"61228","0.846350908279419","0.846350908279419","0.846350908279419"
"61284","1.2627427577972412","1.2627427577972412","1.2627427577972412"
"61287","1.1964399814605713","1.1964399814605713","1.1964399814605713"
"61289","0.8263072967529297","0.8263072967529297","0.8263072967529297"
"61332","0.861142635345459","0.861142635345459","0.861142635345459"
"61335","1.1901302337646484","1.1901302337646484","1.1901302337646484"
"61362","0.8751870393753052","0.8751870393753052","0.8751870393753052"
"61418","0.7740562558174133","0.7740562558174133","0.7740562558174133"
"61419","0.998680830001831","0.998680830001831","0.998680830001831"
"61447","0.9796659350395203","0.9796659350395203","0.9796659350395203"
"61460","1.0780470371246338","1.0780470371246338","1.0780470371246338"
"61463","0.9165728092193604","0.9165728092193604","0.9165728092193604"
"61494","1.0070085525512695","1.0070085525512695","1.0070085525512695"
"61531","1.091825008392334","1.091825008392334","1.091825008392334"
"61557","0.7237141132354736","0.7237141132354736","0.7237141132354736"
"61571","0.8262635469436646","0.8262635469436646","0.8262635469436646"
"61597","0.9121501445770264","0.9121501445770264","0.9121501445770264"
"61606","1.0079182386398315","1.0079182386398315","1.0079182386398315"
"61627","0.7985482811927795","0.7985482811927795","0.7985482811927795"
"61648","0.8915059566497803","0.8915059566497803","0.8915059566497803"
"61696","0.7099823951721191","0.7099823951721191","0.7099823951721191"
"61732","0.9798056483268738","0.9798056483268738","0.9798056483268738"
"61831","1.191025733947754","1.191025733947754","1.191025733947754"
"61858","0.9846366047859192","0.9846366047859192","0.9846366047859192"
"61902","0.9435123801231384","0.9435123801231384","0.9435123801231384"
"61913","0.9288492202758789","0.9288492202758789","0.9288492202758789"
"61940","0.8651242256164551","0.8651242256164551","0.8651242256164551"
"61942","1.113132357597351","1.113132357597351","1.113132357597351"
"61965","0.6797744035720825","0.6797744035720825","0.6797744035720825"
"62027","1.020086646080017","1.020086646080017","1.020086646080017"
"62060","1.2423465251922607","1.2423465251922607","1.2423465251922607"
"62105","1.1943302154541016","1.1943302154541016","1.1943302154541016"
"62123","0.7959609031677246","0.7959609031677246","0.7959609031677246"
"62125","1.183097004890442","1.183097004890442","1.183097004890442"
"62145","0.7779452800750732","0.7779452800750732","0.7779452800750732"
"62180","0.5649415254592896","0.5649415254592896","0.5649415254592896"
"62215","1.055925965309143","1.055925965309143","1.055925965309143"
"62270","0.8586939573287964","0.8586939573287964","0.8586939573287964"
"62283","1.0621463060379028","1.0621463060379028","1.0621463060379028"
"62317","0.6828083992004395","0.6828083992004395","0.6828083992004395"
"62341","0.6430343389511108","0.6430343389511108","0.6430343389511108"
"62349","0.8950799703598022","0.8950799703598022","0.8950799703598022"
"62355","1.0048532485961914","1.0048532485961914","1.0048532485961914"
"62374","1.094750165939331","1.094750165939331","1.094750165939331"
"62413","1.015129804611206","1.015129804611206","1.015129804611206"
"62428","1.2601392269134521","1.2601392269134521","1.2601392269134521"
"62435","1.0146665573120117","1.0146665573120117","1.0146665573120117"
"62470","0.8907701373100281","0.8907701373100281","0.8907701373100281"
"62474","1.227695107460022","1.227695107460022","1.227695107460022"
"62496","1.1441764831542969","1.1441764831542969","1.1441764831542969"
"62569","1.2289485931396484","1.2289485931396484","1.2289485931396484"
"62595","0.8560408353805542","0.8560408353805542","0.8560408353805542"
"62605","0.8065536022186279","0.8065536022186279","0.8065536022186279"
"62670","1.0840075016021729","1.0840075016021729","1.0840075016021729"
"62680","0.9310393333435059","0.9310393333435059","0.9310393333435059"
"62712","0.7916762828826904","0.7916762828826904","0.7916762828826904"
"62743","0.8661174774169922","0.8661174774169922","0.8661174774169922"
"62803","1.329819679260254","1.329819679260254","1.329819679260254"
"62831","1.1017076969146729","1.1017076969146729","1.1017076969146729"
"62836","0.8926539421081543","0.8926539421081543","0.8926539421081543"
"62884","1.0482463836669922","1.0482463836669922","1.0482463836669922"
"62942","0.8838653564453125","0.8838653564453125","0.8838653564453125"
"62986","1.2327537536621094","1.2327537536621094","1.2327537536621094"
"62993","0.6951276063919067","0.6951276063919067","0.6951276063919067"
"63027","0.6697788238525391","0.6697788238525391","0.6697788238525391"
"63039","0.9644577503204346","0.9644577503204346","0.9644577503204346"
"63106","0.8117595314979553","0.8117595314979553","0.8117595314979553"
"63135","0.9767522811889648","0.9767522811889648","0.9767522811889648"
"63173","0.826259970664978","0.826259970664978","0.826259970664978"
"63177","1.0457872152328491","1.0457872152328491","1.0457872152328491"
"63188","1.0531047582626343","1.0531047582626343","1.0531047582626343"
"63193","0.8622684478759766","0.8622684478759766","0.8622684478759766"
"63260","0.7015731334686279","0.7015731334686279","0.7015731334686279"
"63359","1.1522350311279297","1.1522350311279297","1.1522350311279297"
"63372","1.1632097959518433","1.1632097959518433","1.1632097959518433"
"63385","0.90850830078125","0.90850830078125","0.90850830078125"
"63387","1.114790678024292","1.114790678024292","1.114790678024292"
"63415","1.140641689300537","1.140641689300537","1.140641689300537"
"63425","1.0215824842453003","1.0215824842453003","1.0215824842453003"
"63444","0.9991418123245239","0.9991418123245239","0.9991418123245239"
"63457","1.1791152954101562","1.1791152954101562","1.1791152954101562"
"63473","0.9278150796890259","0.9278150796890259","0.9278150796890259"
"63488","1.2542896270751953","1.2542896270751953","1.2542896270751953"
"63499","0.996596097946167","0.996596097946167","0.996596097946167"
"63528","1.506149172782898","1.506149172782898","1.506149172782898"
"63577","0.716355562210083","0.716355562210083","0.716355562210083"
"63606","0.7116169929504395","0.7116169929504395","0.7116169929504395"
"63608","0.7989345192909241","0.7989345192909241","0.7989345192909241"
"63621","1.0025112628936768","1.0025112628936768","1.0025112628936768"
"63624","0.973133385181427","0.973133385181427","0.973133385181427"
"63625","1.1154230833053589","1.1154230833053589","1.1154230833053589"
"63634","1.2789480686187744","1.2789480686187744","1.2789480686187744"
"63650","1.1421287059783936","1.1421287059783936","1.1421287059783936"
"63681","0.884498119354248","0.884498119354248","0.884498119354248"
"63722","0.8560729026794434","0.8560729026794434","0.8560729026794434"
"63761","1.1566376686096191","1.1566376686096191","1.1566376686096191"
"63764","1.0867140293121338","1.0867140293121338","1.0867140293121338"
"63770","1.250387191772461","1.250387191772461","1.250387191772461"
"63775","0.955265998840332","0.955265998840332","0.955265998840332"
"63778","0.9929776191711426","0.9929776191711426","0.9929776191711426"
"63887","1.1319913864135742","1.1319913864135742","1.1319913864135742"
"63903","0.9683836698532104","0.9683836698532104","0.9683836698532104"
"63907","1.1629304885864258","1.1629304885864258","1.1629304885864258"
"63946","0.9532313346862793","0.9532313346862793","0.9532313346862793"
"63948","1.1087758541107178","1.1087758541107178","1.1087758541107178"
"64002","1.0131025314331055","1.0131025314331055","1.0131025314331055"
"64035","0.9963940382003784","0.9963940382003784","0.9963940382003784"
"64062","1.2764205932617188","1.2764205932617188","1.2764205932617188"
"64143","0.8654098510742188","0.8654098510742188","0.8654098510742188"
"64160","1.0009459257125854","1.0009459257125854","1.0009459257125854"
"64172","1.1641724109649658","1.1641724109649658","1.1641724109649658"
"64182","0.7499549388885498","0.7499549388885498","0.7499549388885498"
"64185","1.0009331703186035","1.0009331703186035","1.0009331703186035"
"64186","0.9868035316467285","0.9868035316467285","0.9868035316467285"
"64232","1.373450517654419","1.373450517654419","1.373450517654419"
"64276","1.0177276134490967","1.0177276134490967","1.0177276134490967"
"64331","0.979656457901001","0.979656457901001","0.979656457901001"
"64365","0.867969274520874","0.867969274520874","0.867969274520874"
"64390","1.1351618766784668","1.1351618766784668","1.1351618766784668"
"64398","0.8426674008369446","0.8426674008369446","0.8426674008369446"
"64406","1.101832628250122","1.101832628250122","1.101832628250122"
"64407","1.049809455871582","1.049809455871582","1.049809455871582"
"64430","1.3913030624389648","1.3913030624389648","1.3913030624389648"
"64437","1.1407389640808105","1.1407389640808105","1.1407389640808105"
"64454","0.9054204225540161","0.9054204225540161","0.9054204225540161"
"64464","1.0912721157073975","1.0912721157073975","1.0912721157073975"
"64480","0.8684604167938232","0.8684604167938232","0.8684604167938232"
"64517","1.2823766469955444","1.2823766469955444","1.2823766469955444"
"64526","0.9486420154571533","0.9486420154571533","0.9486420154571533"
"64533","1.3349530696868896","1.3349530696868896","1.3349530696868896"
"64552","1.0011911392211914","1.0011911392211914","1.0011911392211914"
"64581","1.1331989765167236","1.1331989765167236","1.1331989765167236"
"64606","0.9167327880859375","0.9167327880859375","0.9167327880859375"
"64630","0.7801141738891602","0.7801141738891602","0.7801141738891602"
"64632","0.6907240152359009","0.6907240152359009","0.6907240152359009"
"64660","0.9570965766906738","0.9570965766906738","0.9570965766906738"
"64667","0.9418700337409973","0.9418700337409973","0.9418700337409973"
"64672","0.8954446315765381","0.8954446315765381","0.8954446315765381"
"64680","0.8546080589294434","0.8546080589294434","0.8546080589294434"
"64731","1.1824519634246826","1.1824519634246826","1.1824519634246826"
"64733","0.8190411925315857","0.8190411925315857","0.8190411925315857"
"64751","0.8895883560180664","0.8895883560180664","0.8895883560180664"
"64783","1.1121805906295776","1.1121805906295776","1.1121805906295776"
"64785","0.8231382369995117","0.8231382369995117","0.8231382369995117"
"64802","1.1816127300262451","1.1816127300262451","1.1816127300262451"
"64803","1.219530701637268","1.219530701637268","1.219530701637268"
"64816","1.025666356086731","1.025666356086731","1.025666356086731"
"64843","1.1052173376083374","1.1052173376083374","1.1052173376083374"
"64856","0.8945275545120239","0.8945275545120239","0.8945275545120239"
"64898","0.8935147523880005","0.8935147523880005","0.8935147523880005"
"64916","0.9567492604255676","0.9567492604255676","0.9567492604255676"
"64935","0.7842774391174316","0.7842774391174316","0.7842774391174316"
"64973","1.2241178750991821","1.2241178750991821","1.2241178750991821"
"64977","0.727562665939331","0.727562665939331","0.727562665939331"
"64992","1.0950050354003906","1.0950050354003906","1.0950050354003906"
"65003","0.7351884841918945","0.7351884841918945","0.7351884841918945"
"65007","1.0115212202072144","1.0115212202072144","1.0115212202072144"
"65008","1.0471032857894897","1.0471032857894897","1.0471032857894897"
"65087","0.5822404623031616","0.5822404623031616","0.5822404623031616"
"65152","1.0028289556503296","1.0028289556503296","1.0028289556503296"
"65174","0.9808621406555176","0.9808621406555176","0.9808621406555176"
"65188","0.9212963581085205","0.9212963581085205","0.9212963581085205"
"65226","0.925133228302002","0.925133228302002","0.925133228302002"
"65240","1.0075128078460693","1.0075128078460693","1.0075128078460693"
"65250","0.8914530277252197","0.8914530277252197","0.8914530277252197"
"65277","1.1919413805007935","1.1919413805007935","1.1919413805007935"
"65302","0.6137842535972595","0.6137842535972595","0.6137842535972595"
"65313","1.1222866773605347","1.1222866773605347","1.1222866773605347"
"65330","1.012494683265686","1.012494683265686","1.012494683265686"
"65358","1.400526762008667","1.400526762008667","1.400526762008667"
"65362","0.8355814218521118","0.8355814218521118","0.8355814218521118"
"65372","1.1404588222503662","1.1404588222503662","1.1404588222503662"
"65398","0.9720897674560547","0.9720897674560547","0.9720897674560547"
"65434","0.9113659858703613","0.9113659858703613","0.9113659858703613"
"65453","0.9781118631362915","0.9781118631362915","0.9781118631362915"
"65501","1.1733603477478027","1.1733603477478027","1.1733603477478027"
"65510","0.7473189234733582","0.7473189234733582","0.7473189234733582"
"65533","1.1158835887908936","1.1158835887908936","1.1158835887908936"
"65594","0.6288074254989624","0.6288074254989624","0.6288074254989624"
"65647","0.8421609997749329","0.8421609997749329","0.8421609997749329"
"65673","0.9589595794677734","0.9589595794677734","0.9589595794677734"
"65700","0.5819458961486816","0.5819458961486816","0.5819458961486816"
"65707","0.9281164407730103","0.9281164407730103","0.9281164407730103"
"65739","1.1730586290359497","1.1730586290359497","1.1730586290359497"
"65804","0.9106020331382751","0.9106020331382751","0.9106020331382751"
"65854","1.172518014907837","1.172518014907837","1.172518014907837"
"65855","0.7668570280075073","0.7668570280075073","0.7668570280075073"
"65857","0.7141351699829102","0.7141351699829102","0.7141351699829102"
"65862","0.9109530448913574","0.9109530448913574","0.9109530448913574"
"65946","0.9058270454406738","0.9058270454406738","0.9058270454406738"
"66024","0.8902525901794434","0.8902525901794434","0.8902525901794434"
"66043","1.044650673866272","1.044650673866272","1.044650673866272"
"66072","0.7443609833717346","0.7443609833717346","0.7443609833717346"
"66113","0.9511402249336243","0.9511402249336243","0.9511402249336243"
"66127","0.6998031735420227","0.6998031735420227","0.6998031735420227"
"66131","0.6957448720932007","0.6957448720932007","0.6957448720932007"
"66137","1.0368212461471558","1.0368212461471558","1.0368212461471558"
"66149","0.8865201473236084","0.8865201473236084","0.8865201473236084"
"66160","1.1800968647003174","1.1800968647003174","1.1800968647003174"
"66181","0.8066394329071045","0.8066394329071045","0.8066394329071045"
"66186","1.1235657930374146","1.1235657930374146","1.1235657930374146"
"66194","0.9843074083328247","0.9843074083328247","0.9843074083328247"
"66237","1.2386926412582397","1.2386926412582397","1.2386926412582397"
"66311","0.9471204876899719","0.9471204876899719","0.9471204876899719"
"66315","1.0529756546020508","1.0529756546020508","1.0529756546020508"
"66319","0.9180759191513062","0.9180759191513062","0.9180759191513062"
"66342","1.2848730087280273","1.2848730087280273","1.2848730087280273"
"66378","1.0988540649414062","1.0988540649414062","1.0988540649414062"
"66396","0.8713374733924866","0.8713374733924866","0.8713374733924866"
"66428","0.8404476642608643","0.8404476642608643","0.8404476642608643"
"66497","0.9733268022537231","0.9733268022537231","0.9733268022537231"
"66530","0.8072450160980225","0.8072450160980225","0.8072450160980225"
"66554","1.0700874328613281","1.0700874328613281","1.0700874328613281"
"66556","1.1001992225646973","1.1001992225646973","1.1001992225646973"
"66560","0.924674391746521","0.924674391746521","0.924674391746521"
"66561","0.8743404746055603","0.8743404746055603","0.8743404746055603"
"66587","0.9128773212432861","0.9128773212432861","0.9128773212432861"
"66601","0.957037091255188","0.957037091255188","0.957037091255188"
"66602","0.646316647529602","0.646316647529602","0.646316647529602"
"66622","1.1534740924835205","1.1534740924835205","1.1534740924835205"
"66630","0.906625509262085","0.906625509262085","0.906625509262085"
"66650","0.699543833732605","0.699543833732605","0.699543833732605"
"66656","1.0128018856048584","1.0128018856048584","1.0128018856048584"
"66677","1.1714197397232056","1.1714197397232056","1.1714197397232056"
"66712","1.1161210536956787","1.1161210536956787","1.1161210536956787"
"66740","0.9335033893585205","0.9335033893585205","0.9335033893585205"
"66780","0.9509262442588806","0.9509262442588806","0.9509262442588806"
"66804","1.0043387413024902","1.0043387413024902","1.0043387413024902"
"66835","0.9734551906585693","0.9734551906585693","0.9734551906585693"
"66841","0.844813346862793","0.844813346862793","0.844813346862793"
"66845","1.1989564895629883","1.1989564895629883","1.1989564895629883"
"66858","1.0145182609558105","1.0145182609558105","1.0145182609558105"
"66859","0.9650537967681885","0.9650537967681885","0.9650537967681885"
"66874","1.0395512580871582","1.0395512580871582","1.0395512580871582"
"66875","1.2415354251861572","1.2415354251861572","1.2415354251861572"
"66918","0.9364237785339355","0.9364237785339355","0.9364237785339355"
"66959","1.2977046966552734","1.2977046966552734","1.2977046966552734"
"66960","0.8469601273536682","0.8469601273536682","0.8469601273536682"
"66979","0.7960254549980164","0.7960254549980164","0.7960254549980164"
"66982","1.077033519744873","1.077033519744873","1.077033519744873"
"66984","0.9741284251213074","0.9741284251213074","0.9741284251213074"
"67007","0.6882882714271545","0.6882882714271545","0.6882882714271545"
"67008","0.8102673292160034","0.8102673292160034","0.8102673292160034"
"67017","0.9596714973449707","0.9596714973449707","0.9596714973449707"
"67049","0.7829965949058533","0.7829965949058533","0.7829965949058533"
"67068","1.071012020111084","1.071012020111084","1.071012020111084"
"67072","1.3249084949493408","1.3249084949493408","1.3249084949493408"
"67077","0.7903752326965332","0.7903752326965332","0.7903752326965332"
"67139","0.8658960461616516","0.8658960461616516","0.8658960461616516"
"67140","1.0430750846862793","1.0430750846862793","1.0430750846862793"
"67142","1.4167535305023193","1.4167535305023193","1.4167535305023193"
"67176","0.9831987619400024","0.9831987619400024","0.9831987619400024"
"67201","0.7878684997558594","0.7878684997558594","0.7878684997558594"
"67202","0.9381207227706909","0.9381207227706909","0.9381207227706909"
"67205","0.7967490553855896","0.7967490553855896","0.7967490553855896"
"67223","1.1614282131195068","1.1614282131195068","1.1614282131195068"
"67261","1.0352671146392822","1.0352671146392822","1.0352671146392822"
"67268","1.0373082160949707","1.0373082160949707","1.0373082160949707"
"67285","1.2907229661941528","1.2907229661941528","1.2907229661941528"
"67311","0.7507920265197754","0.7507920265197754","0.7507920265197754"
"67327","0.8748651146888733","0.8748651146888733","0.8748651146888733"
"67341","0.8466102480888367","0.8466102480888367","0.8466102480888367"
"67380","1.3372033834457397","1.3372033834457397","1.3372033834457397"
"67392","1.1314723491668701","1.1314723491668701","1.1314723491668701"
"67393","0.8074352741241455","0.8074352741241455","0.8074352741241455"
"67406","0.9971957802772522","0.9971957802772522","0.9971957802772522"
"67409","1.2934110164642334","1.2934110164642334","1.2934110164642334"
"67447","0.8924692869186401","0.8924692869186401","0.8924692869186401"
"67450","0.8164535760879517","0.8164535760879517","0.8164535760879517"
"67495","1.2782647609710693","1.2782647609710693","1.2782647609710693"
"67547","0.932609498500824","0.932609498500824","0.932609498500824"
"67569","0.7714261412620544","0.7714261412620544","0.7714261412620544"
"67573","1.3241037130355835","1.3241037130355835","1.3241037130355835"
"67598","0.9472506642341614","0.9472506642341614","0.9472506642341614"
"67602","0.9078195691108704","0.9078195691108704","0.9078195691108704"
"67609","1.0004839897155762","1.0004839897155762","1.0004839897155762"
"67696","1.0821564197540283","1.0821564197540283","1.0821564197540283"
"67710","1.1232287883758545","1.1232287883758545","1.1232287883758545"
"67735","1.2482805252075195","1.2482805252075195","1.2482805252075195"
"67751","1.0683012008666992","1.0683012008666992","1.0683012008666992"
"67776","0.8661861419677734","0.8661861419677734","0.8661861419677734"
"67790","1.193418264389038","1.193418264389038","1.193418264389038"
"67791","0.9126565456390381","0.9126565456390381","0.9126565456390381"
"67835","1.2073554992675781","1.2073554992675781","1.2073554992675781"
"67839","1.1875157356262207","1.1875157356262207","1.1875157356262207"
"67848","1.0615702867507935","1.0615702867507935","1.0615702867507935"
"67851","1.163832187652588","1.163832187652588","1.163832187652588"
"67863","1.045586347579956","1.045586347579956","1.045586347579956"
"67877","0.9964704513549805","0.9964704513549805","0.9964704513549805"
"67902","1.1289160251617432","1.1289160251617432","1.1289160251617432"
"67921","1.247361183166504","1.247361183166504","1.247361183166504"
"67932","1.0174747705459595","1.0174747705459595","1.0174747705459595"
"67951","0.8487843871116638","0.8487843871116638","0.8487843871116638"
"67952","0.9353065490722656","0.9353065490722656","0.9353065490722656"
"67962","0.6867913007736206","0.6867913007736206","0.6867913007736206"
"67966","1.130052089691162","1.130052089691162","1.130052089691162"
"67967","0.8050177693367004","0.8050177693367004","0.8050177693367004"
"67978","0.9745061993598938","0.9745061993598938","0.9745061993598938"
"67990","0.8896509408950806","0.8896509408950806","0.8896509408950806"
"68016","0.9831438064575195","0.9831438064575195","0.9831438064575195"
"68018","1.2154839038848877","1.2154839038848877","1.2154839038848877"
"68052","0.8821282386779785","0.8821282386779785","0.8821282386779785"
"68058","0.7279735803604126","0.7279735803604126","0.7279735803604126"
"68097","1.100624442100525","1.100624442100525","1.100624442100525"
"68103","0.8158187866210938","0.8158187866210938","0.8158187866210938"
"68112","0.8684377074241638","0.8684377074241638","0.8684377074241638"
"68120","0.9755277633666992","0.9755277633666992","0.9755277633666992"
"68165","0.9460194110870361","0.9460194110870361","0.9460194110870361"
"68173","1.0277000665664673","1.0277000665664673","1.0277000665664673"
"68228","1.1010403633117676","1.1010403633117676","1.1010403633117676"
"68265","1.0108294486999512","1.0108294486999512","1.0108294486999512"
"68268","0.9595377445220947","0.9595377445220947","0.9595377445220947"
"68327","1.353629231452942","1.353629231452942","1.353629231452942"
"68342","0.9906717538833618","0.9906717538833618","0.9906717538833618"
"68378","0.7023921608924866","0.7023921608924866","0.7023921608924866"
"68395","1.0341302156448364","1.0341302156448364","1.0341302156448364"
"68420","1.1735224723815918","1.1735224723815918","1.1735224723815918"
"68422","0.6751012802124023","0.6751012802124023","0.6751012802124023"
"68476","0.69908607006073","0.69908607006073","0.69908607006073"
"68491","0.9762471914291382","0.9762471914291382","0.9762471914291382"
"68493","0.8944165706634521","0.8944165706634521","0.8944165706634521"
"68505","0.715337872505188","0.715337872505188","0.715337872505188"
"68507","1.2746405601501465","1.2746405601501465","1.2746405601501465"
"68508","0.9169530272483826","0.9169530272483826","0.9169530272483826"
"68541","0.9120467901229858","0.9120467901229858","0.9120467901229858"
"68561","1.4143893718719482","1.4143893718719482","1.4143893718719482"
"68640","0.9168266654014587","0.9168266654014587","0.9168266654014587"
"68646","0.9797465801239014","0.9797465801239014","0.9797465801239014"
"68662","0.9514789581298828","0.9514789581298828","0.9514789581298828"
"68701","0.7165699005126953","0.7165699005126953","0.7165699005126953"
"68721","0.9589514136314392","0.9589514136314392","0.9589514136314392"
"68770","0.924414336681366","0.924414336681366","0.924414336681366"
"68796","0.9476807713508606","0.9476807713508606","0.9476807713508606"
"68805","1.0146249532699585","1.0146249532699585","1.0146249532699585"
"68814","1.3532830476760864","1.3532830476760864","1.3532830476760864"
"68825","0.9892589449882507","0.9892589449882507","0.9892589449882507"
"68837","1.0378508567810059","1.0378508567810059","1.0378508567810059"
"68845","1.0923149585723877","1.0923149585723877","1.0923149585723877"
"68903","0.981502890586853","0.981502890586853","0.981502890586853"
"68930","0.7245545387268066","0.7245545387268066","0.7245545387268066"
"68933","1.022814154624939","1.022814154624939","1.022814154624939"
"68958","1.3755648136138916","1.3755648136138916","1.3755648136138916"
"69018","0.8741377592086792","0.8741377592086792","0.8741377592086792"
"69020","1.206263780593872","1.206263780593872","1.206263780593872"
"69030","1.2969942092895508","1.2969942092895508","1.2969942092895508"
"69100","1.2935254573822021","1.2935254573822021","1.2935254573822021"
"69102","0.9606610536575317","0.9606610536575317","0.9606610536575317"
"69104","0.8646898865699768","0.8646898865699768","0.8646898865699768"
"69169","0.759128212928772","0.759128212928772","0.759128212928772"
"69199","0.690259575843811","0.690259575843811","0.690259575843811"
"69200","1.0677366256713867","1.0677366256713867","1.0677366256713867"
"69208","0.8728764057159424","0.8728764057159424","0.8728764057159424"
"69222","0.7966090440750122","0.7966090440750122","0.7966090440750122"
"69259","0.8149295449256897","0.8149295449256897","0.8149295449256897"
"69278","0.8941670656204224","0.8941670656204224","0.8941670656204224"
"69282","0.9399867057800293","0.9399867057800293","0.9399867057800293"
"69288","1.0561836957931519","1.0561836957931519","1.0561836957931519"
"69313","0.9278075695037842","0.9278075695037842","0.9278075695037842"
"69355","0.7776432037353516","0.7776432037353516","0.7776432037353516"
"69361","0.7673635482788086","0.7673635482788086","0.7673635482788086"
"69367","1.3870989084243774","1.3870989084243774","1.3870989084243774"
"69372","0.8397868871688843","0.8397868871688843","0.8397868871688843"
"69390","1.1753780841827393","1.1753780841827393","1.1753780841827393"
"69412","0.7633408308029175","0.7633408308029175","0.7633408308029175"
"69436","0.9728865623474121","0.9728865623474121","0.9728865623474121"
"69437","1.223116397857666","1.223116397857666","1.223116397857666"
"69471","0.9231271743774414","0.9231271743774414","0.9231271743774414"
"69525","0.7988274097442627","0.7988274097442627","0.7988274097442627"
"69530","0.930630087852478","0.930630087852478","0.930630087852478"
"69537","0.6448735594749451","0.6448735594749451","0.6448735594749451"
"69539","1.2900390625","1.2900390625","1.2900390625"
"69570","0.8845685720443726","0.8845685720443726","0.8845685720443726"
"69576","0.8778324127197266","0.8778324127197266","0.8778324127197266"
"69614","0.7659274339675903","0.7659274339675903","0.7659274339675903"
"69636","1.0502796173095703","1.0502796173095703","1.0502796173095703"
"69640","1.20907723903656","1.20907723903656","1.20907723903656"
"69656","0.9516371488571167","0.9516371488571167","0.9516371488571167"
"69671","0.9308474659919739","0.9308474659919739","0.9308474659919739"
"69678","0.8579798936843872","0.8579798936843872","0.8579798936843872"
"69687","0.7273938059806824","0.7273938059806824","0.7273938059806824"
"69701","0.9179434180259705","0.9179434180259705","0.9179434180259705"
"69738","1.0415561199188232","1.0415561199188232","1.0415561199188232"
"69762","0.8830690383911133","0.8830690383911133","0.8830690383911133"
"69778","1.0756499767303467","1.0756499767303467","1.0756499767303467"
"69867","1.0380892753601074","1.0380892753601074","1.0380892753601074"
"69869","0.7453538179397583","0.7453538179397583","0.7453538179397583"
"69907","0.9979135990142822","0.9979135990142822","0.9979135990142822"
"69914","1.2572492361068726","1.2572492361068726","1.2572492361068726"
"69916","1.4791035652160645","1.4791035652160645","1.4791035652160645"
"69956","1.038986325263977","1.038986325263977","1.038986325263977"
"69989","1.0382091999053955","1.0382091999053955","1.0382091999053955"
"70004","1.0424867868423462","1.0424867868423462","1.0424867868423462"
"70045","0.7828065156936646","0.7828065156936646","0.7828065156936646"
"70086","0.9074056148529053","0.9074056148529053","0.9074056148529053"
"70101","0.8411145210266113","0.8411145210266113","0.8411145210266113"
"70139","0.8599593043327332","0.8599593043327332","0.8599593043327332"
"70147","1.133178472518921","1.133178472518921","1.133178472518921"
"70164","0.8599128723144531","0.8599128723144531","0.8599128723144531"
"70183","0.9185459017753601","0.9185459017753601","0.9185459017753601"
"70208","1.168553352355957","1.168553352355957","1.168553352355957"
"70213","0.8072168827056885","0.8072168827056885","0.8072168827056885"
"70216","0.9958207607269287","0.9958207607269287","0.9958207607269287"
"70231","0.7845879793167114","0.7845879793167114","0.7845879793167114"
"70243","1.031263828277588","1.031263828277588","1.031263828277588"
"70248","1.0672690868377686","1.0672690868377686","1.0672690868377686"
"70268","0.9317003488540649","0.9317003488540649","0.9317003488540649"
"70274","0.6812867522239685","0.6812867522239685","0.6812867522239685"
"70300","1.1142128705978394","1.1142128705978394","1.1142128705978394"
"70351","1.0845187902450562","1.0845187902450562","1.0845187902450562"
"70438","0.9706333875656128","0.9706333875656128","0.9706333875656128"
"70467","1.2057372331619263","1.2057372331619263","1.2057372331619263"
"70498","0.9097862839698792","0.9097862839698792","0.9097862839698792"
"70524","1.0731858015060425","1.0731858015060425","1.0731858015060425"
"70527","1.191537857055664","1.191537857055664","1.191537857055664"
"70548","0.625749945640564","0.625749945640564","0.625749945640564"
"70578","0.9146214723587036","0.9146214723587036","0.9146214723587036"
"70587","0.832070529460907","0.832070529460907","0.832070529460907"
"70593","1.1913466453552246","1.1913466453552246","1.1913466453552246"
"70598","0.8239377737045288","0.8239377737045288","0.8239377737045288"
"70637","0.9367915987968445","0.9367915987968445","0.9367915987968445"
"70655","1.1910732984542847","1.1910732984542847","1.1910732984542847"
"70679","1.197139024734497","1.197139024734497","1.197139024734497"
"70682","0.942415177822113","0.942415177822113","0.942415177822113"
"70814","1.1176525354385376","1.1176525354385376","1.1176525354385376"
"70855","1.0057196617126465","1.0057196617126465","1.0057196617126465"
"70869","0.8581234216690063","0.8581234216690063","0.8581234216690063"
"70876","1.0029510259628296","1.0029510259628296","1.0029510259628296"
"70884","1.1232779026031494","1.1232779026031494","1.1232779026031494"
"70941","1.1826039552688599","1.1826039552688599","1.1826039552688599"
"70957","0.5626857280731201","0.5626857280731201","0.5626857280731201"
"70959","0.877521276473999","0.877521276473999","0.877521276473999"
"70985","0.905023992061615","0.905023992061615","0.905023992061615"
"70996","1.1204640865325928","1.1204640865325928","1.1204640865325928"
"71024","0.8762526512145996","0.8762526512145996","0.8762526512145996"
"71075","0.603958010673523","0.603958010673523","0.603958010673523"
"71086","0.9163909554481506","0.9163909554481506","0.9163909554481506"
"71092","1.3074944019317627","1.3074944019317627","1.3074944019317627"
"71111","0.8177390098571777","0.8177390098571777","0.8177390098571777"
"71167","1.1250413656234741","1.1250413656234741","1.1250413656234741"
"71174","1.1387063264846802","1.1387063264846802","1.1387063264846802"
"71176","0.89665687084198","0.89665687084198","0.89665687084198"
"71230","1.137800931930542","1.137800931930542","1.137800931930542"
"71238","0.9067668318748474","0.9067668318748474","0.9067668318748474"
"71244","1.1036322116851807","1.1036322116851807","1.1036322116851807"
"71250","1.0037198066711426","1.0037198066711426","1.0037198066711426"
"71261","0.8448247909545898","0.8448247909545898","0.8448247909545898"
"71305","0.7821160554885864","0.7821160554885864","0.7821160554885864"
"71307","0.6703900694847107","0.6703900694847107","0.6703900694847107"
"71364","1.2502593994140625","1.2502593994140625","1.2502593994140625"
"71385","0.6610565781593323","0.6610565781593323","0.6610565781593323"
"71416","1.122990369796753","1.122990369796753","1.122990369796753"
"71423","0.7395728230476379","0.7395728230476379","0.7395728230476379"
"71549","1.1869533061981201","1.1869533061981201","1.1869533061981201"
"71555","0.7648515701293945","0.7648515701293945","0.7648515701293945"
"71583","0.8415901064872742","0.8415901064872742","0.8415901064872742"
"71598","0.9894496202468872","0.9894496202468872","0.9894496202468872"
"71622","0.7299193143844604","0.7299193143844604","0.7299193143844604"
"71645","0.8923308849334717","0.8923308849334717","0.8923308849334717"
"71648","0.6517239809036255","0.6517239809036255","0.6517239809036255"
"71656","0.9192638993263245","0.9192638993263245","0.9192638993263245"
"71672","0.9969449043273926","0.9969449043273926","0.9969449043273926"
"71693","1.029497504234314","1.029497504234314","1.029497504234314"
"71699","1.0379427671432495","1.0379427671432495","1.0379427671432495"
"71719","0.9817879796028137","0.9817879796028137","0.9817879796028137"
"71752","1.0356844663619995","1.0356844663619995","1.0356844663619995"
"71789","0.8137248158454895","0.8137248158454895","0.8137248158454895"
"71791","1.101456880569458","1.101456880569458","1.101456880569458"
"71798","1.3081976175308228","1.3081976175308228","1.3081976175308228"
"71851","0.7911531925201416","0.7911531925201416","0.7911531925201416"
"71879","1.0815074443817139","1.0815074443817139","1.0815074443817139"
"71933","1.1506330966949463","1.1506330966949463","1.1506330966949463"
"71962","0.8687341213226318","0.8687341213226318","0.8687341213226318"
"72050","0.8719861507415771","0.8719861507415771","0.8719861507415771"
"72097","1.4404414892196655","1.4404414892196655","1.4404414892196655"
"72111","0.6888673305511475","0.6888673305511475","0.6888673305511475"
"72163","0.8870026469230652","0.8870026469230652","0.8870026469230652"
"72199","1.1891008615493774","1.1891008615493774","1.1891008615493774"
"72224","0.7924656271934509","0.7924656271934509","0.7924656271934509"
"72233","1.0929945707321167","1.0929945707321167","1.0929945707321167"
"72254","0.9242455959320068","0.9242455959320068","0.9242455959320068"
"72263","1.2273895740509033","1.2273895740509033","1.2273895740509033"
"72281","1.2197099924087524","1.2197099924087524","1.2197099924087524"
"72302","0.8711540102958679","0.8711540102958679","0.8711540102958679"
"72305","0.935459315776825","0.935459315776825","0.935459315776825"
"72339","0.800082802772522","0.800082802772522","0.800082802772522"
"72351","1.0077496767044067","1.0077496767044067","1.0077496767044067"
"72446","0.8071565628051758","0.8071565628051758","0.8071565628051758"
"72516","0.9556798934936523","0.9556798934936523","0.9556798934936523"
"72522","0.9865748882293701","0.9865748882293701","0.9865748882293701"
"72550","1.1048413515090942","1.1048413515090942","1.1048413515090942"
"72554","0.9767611026763916","0.9767611026763916","0.9767611026763916"
"72570","0.7835258841514587","0.7835258841514587","0.7835258841514587"
"72609","0.9268636703491211","0.9268636703491211","0.9268636703491211"
"72615","0.5610256195068359","0.5610256195068359","0.5610256195068359"
"72653","1.0001814365386963","1.0001814365386963","1.0001814365386963"
"72655","0.9892759323120117","0.9892759323120117","0.9892759323120117"
"72704","1.1953749656677246","1.1953749656677246","1.1953749656677246"
"72717","0.7916139364242554","0.7916139364242554","0.7916139364242554"
"72723","0.6963893175125122","0.6963893175125122","0.6963893175125122"
"72725","0.8241437673568726","0.8241437673568726","0.8241437673568726"
"72731","1.056513786315918","1.056513786315918","1.056513786315918"
"72772","1.2175283432006836","1.2175283432006836","1.2175283432006836"
"72787","0.6864988207817078","0.6864988207817078","0.6864988207817078"
"72826","0.9446549415588379","0.9446549415588379","0.9446549415588379"
"72843","0.698448657989502","0.698448657989502","0.698448657989502"
"72857","1.0129644870758057","1.0129644870758057","1.0129644870758057"
"72858","1.096969723701477","1.096969723701477","1.096969723701477"
"72893","1.0443472862243652","1.0443472862243652","1.0443472862243652"
"72909","0.8011293411254883","0.8011293411254883","0.8011293411254883"
"73040","0.4841248393058777","0.4841248393058777","0.4841248393058777"
"73068","0.9346908330917358","0.9346908330917358","0.9346908330917358"
"73096","0.7456522583961487","0.7456522583961487","0.7456522583961487"
"73099","1.0766407251358032","1.0766407251358032","1.0766407251358032"
"73157","0.8856878876686096","0.8856878876686096","0.8856878876686096"
"73188","0.8381035327911377","0.8381035327911377","0.8381035327911377"
"73196","0.9896910190582275","0.9896910190582275","0.9896910190582275"
"73205","1.137591004371643","1.137591004371643","1.137591004371643"
"73212","0.9108436107635498","0.9108436107635498","0.9108436107635498"
"73311","0.829880952835083","0.829880952835083","0.829880952835083"
"73317","1.1507749557495117","1.1507749557495117","1.1507749557495117"
"73353","0.9865798950195312","0.9865798950195312","0.9865798950195312"
"73391","0.8792580962181091","0.8792580962181091","0.8792580962181091"
"73461","1.0923819541931152","1.0923819541931152","1.0923819541931152"
"73504","0.9559586048126221","0.9559586048126221","0.9559586048126221"
"73518","1.304910659790039","1.304910659790039","1.304910659790039"
"73569","0.9435827732086182","0.9435827732086182","0.9435827732086182"
"73596","1.1673226356506348","1.1673226356506348","1.1673226356506348"
"73608","1.1262186765670776","1.1262186765670776","1.1262186765670776"
"73627","0.7924339771270752","0.7924339771270752","0.7924339771270752"
"73657","0.8754996061325073","0.8754996061325073","0.8754996061325073"
"73671","1.1415200233459473","1.1415200233459473","1.1415200233459473"
"73707","1.3427329063415527","1.3427329063415527","1.3427329063415527"
"73713","0.9302856922149658","0.9302856922149658","0.9302856922149658"
"73740","0.6928646564483643","0.6928646564483643","0.6928646564483643"
"73786","0.8880270719528198","0.8880270719528198","0.8880270719528198"
"73868","1.0057501792907715","1.0057501792907715","1.0057501792907715"
"73884","1.0342090129852295","1.0342090129852295","1.0342090129852295"
"73892","0.9152693748474121","0.9152693748474121","0.9152693748474121"
"73954","0.9333518743515015","0.9333518743515015","0.9333518743515015"
"73963","1.0492918491363525","1.0492918491363525","1.0492918491363525"
"73965","1.238548994064331","1.238548994064331","1.238548994064331"
"73992","0.7179915308952332","0.7179915308952332","0.7179915308952332"
"74015","0.7655584216117859","0.7655584216117859","0.7655584216117859"
"74025","0.7376312017440796","0.7376312017440796","0.7376312017440796"
"74040","0.7680743932723999","0.7680743932723999","0.7680743932723999"
"74056","1.0613417625427246","1.0613417625427246","1.0613417625427246"
"74093","0.9038604497909546","0.9038604497909546","0.9038604497909546"
"74124","0.6887190341949463","0.6887190341949463","0.6887190341949463"
"74138","0.7414247393608093","0.7414247393608093","0.7414247393608093"
"74203","0.7599905729293823","0.7599905729293823","0.7599905729293823"
"74207","0.7017881870269775","0.7017881870269775","0.7017881870269775"
"74238","1.0067451000213623","1.0067451000213623","1.0067451000213623"
"74280","0.7930819988250732","0.7930819988250732","0.7930819988250732"
"74283","0.7798522114753723","0.7798522114753723","0.7798522114753723"
"74316","0.9867291450500488","0.9867291450500488","0.9867291450500488"
"74320","0.8096091747283936","0.8096091747283936","0.8096091747283936"
"74339","1.0046555995941162","1.0046555995941162","1.0046555995941162"
"74449","1.0036598443984985","1.0036598443984985","1.0036598443984985"
"74451","0.809612512588501","0.809612512588501","0.809612512588501"
"74476","1.317528247833252","1.317528247833252","1.317528247833252"
"74478","1.088363766670227","1.088363766670227","1.088363766670227"
"74481","0.6770617961883545","0.6770617961883545","0.6770617961883545"
"74490","1.0313209295272827","1.0313209295272827","1.0313209295272827"
"74492","0.8163511753082275","0.8163511753082275","0.8163511753082275"
"74494","1.1087312698364258","1.1087312698364258","1.1087312698364258"
"74547","1.214845895767212","1.214845895767212","1.214845895767212"
"74548","1.3204150199890137","1.3204150199890137","1.3204150199890137"
"74616","0.9579918384552002","0.9579918384552002","0.9579918384552002"
"74635","1.1082228422164917","1.1082228422164917","1.1082228422164917"
"74637","0.9947060346603394","0.9947060346603394","0.9947060346603394"
"74661","1.1795570850372314","1.1795570850372314","1.1795570850372314"
"74678","0.8983840942382812","0.8983840942382812","0.8983840942382812"
"74760","0.6322284936904907","0.6322284936904907","0.6322284936904907"
"74763","0.7931459546089172","0.7931459546089172","0.7931459546089172"
"74796","0.8379380702972412","0.8379380702972412","0.8379380702972412"
"74812","0.9880625009536743","0.9880625009536743","0.9880625009536743"
"74816","1.010533332824707","1.010533332824707","1.010533332824707"
"74839","0.909278392791748","0.909278392791748","0.909278392791748"
"74848","1.0209802389144897","1.0209802389144897","1.0209802389144897"
"74853","1.2656495571136475","1.2656495571136475","1.2656495571136475"
"74873","0.9913232326507568","0.9913232326507568","0.9913232326507568"
"74921","0.5897470712661743","0.5897470712661743","0.5897470712661743"
"74974","0.6206687688827515","0.6206687688827515","0.6206687688827515"
"74989","0.7908515930175781","0.7908515930175781","0.7908515930175781"
"74999","0.615390419960022","0.615390419960022","0.615390419960022"
"75026","0.8294914960861206","0.8294914960861206","0.8294914960861206"
"75052","0.5803436636924744","0.5803436636924744","0.5803436636924744"
"75063","0.9505849480628967","0.9505849480628967","0.9505849480628967"
"75107","0.9277330040931702","0.9277330040931702","0.9277330040931702"
"75130","0.8948065042495728","0.8948065042495728","0.8948065042495728"
"75197","0.7759222984313965","0.7759222984313965","0.7759222984313965"
"75199","0.7436801195144653","0.7436801195144653","0.7436801195144653"
"75247","1.00678288936615","1.00678288936615","1.00678288936615"
"75267","0.9506219625473022","0.9506219625473022","0.9506219625473022"
"75348","0.8599556684494019","0.8599556684494019","0.8599556684494019"
"75363","1.046791434288025","1.046791434288025","1.046791434288025"
"75372","0.9065161943435669","0.9065161943435669","0.9065161943435669"
"75445","0.557340681552887","0.557340681552887","0.557340681552887"
"75453","0.8662194609642029","0.8662194609642029","0.8662194609642029"
"75464","1.089915156364441","1.089915156364441","1.089915156364441"
"75482","1.1989009380340576","1.1989009380340576","1.1989009380340576"
"75497","1.0997462272644043","1.0997462272644043","1.0997462272644043"
"75509","0.8970917463302612","0.8970917463302612","0.8970917463302612"
"75517","0.8007070422172546","0.8007070422172546","0.8007070422172546"
"75595","1.0591866970062256","1.0591866970062256","1.0591866970062256"
"75600","1.0023438930511475","1.0023438930511475","1.0023438930511475"
"75629","1.3510226011276245","1.3510226011276245","1.3510226011276245"
"75634","0.6685832738876343","0.6685832738876343","0.6685832738876343"
"75653","0.7121893167495728","0.7121893167495728","0.7121893167495728"
"75687","1.0046755075454712","1.0046755075454712","1.0046755075454712"
"75706","1.207805871963501","1.207805871963501","1.207805871963501"
"75739","1.2002699375152588","1.2002699375152588","1.2002699375152588"
"75795","0.9088622331619263","0.9088622331619263","0.9088622331619263"
"75818","0.876333475112915","0.876333475112915","0.876333475112915"
"75840","0.7487817406654358","0.7487817406654358","0.7487817406654358"
"75934","0.9611349105834961","0.9611349105834961","0.9611349105834961"
"75955","0.6933004856109619","0.6933004856109619","0.6933004856109619"
"75957","0.6903043985366821","0.6903043985366821","0.6903043985366821"
"75991","0.9925668239593506","0.9925668239593506","0.9925668239593506"
"76018","0.9767431616783142","0.9767431616783142","0.9767431616783142"
"76021","1.2276852130889893","1.2276852130889893","1.2276852130889893"
"76031","0.8047759532928467","0.8047759532928467","0.8047759532928467"
"76048","1.2560615539550781","1.2560615539550781","1.2560615539550781"
"76082","0.76994788646698","0.76994788646698","0.76994788646698"
"76106","0.8353716135025024","0.8353716135025024","0.8353716135025024"
"76115","0.9033095836639404","0.9033095836639404","0.9033095836639404"
"76116","0.8312282562255859","0.8312282562255859","0.8312282562255859"
"76146","0.9564769864082336","0.9564769864082336","0.9564769864082336"
"76188","0.8847248554229736","0.8847248554229736","0.8847248554229736"
"76212","1.1451609134674072","1.1451609134674072","1.1451609134674072"
"76236","1.042189359664917","1.042189359664917","1.042189359664917"
"76287","0.983332633972168","0.983332633972168","0.983332633972168"
"76295","0.8528716564178467","0.8528716564178467","0.8528716564178467"
"76337","0.9511202573776245","0.9511202573776245","0.9511202573776245"
"76342","0.8937934041023254","0.8937934041023254","0.8937934041023254"
"76361","1.207263469696045","1.207263469696045","1.207263469696045"
"76374","0.6550390720367432","0.6550390720367432","0.6550390720367432"
"76401","0.8669308423995972","0.8669308423995972","0.8669308423995972"
"76427","1.121887445449829","1.121887445449829","1.121887445449829"
"76446","1.1795039176940918","1.1795039176940918","1.1795039176940918"
"76455","1.1776564121246338","1.1776564121246338","1.1776564121246338"
"76470","0.6761077642440796","0.6761077642440796","0.6761077642440796"
"76518","1.1381006240844727","1.1381006240844727","1.1381006240844727"
"76543","0.8207573890686035","0.8207573890686035","0.8207573890686035"
"76573","1.0346102714538574","1.0346102714538574","1.0346102714538574"
"76594","0.8272110819816589","0.8272110819816589","0.8272110819816589"
"76667","1.0386903285980225","1.0386903285980225","1.0386903285980225"
"76692","1.159178614616394","1.159178614616394","1.159178614616394"
"76698","0.9745306968688965","0.9745306968688965","0.9745306968688965"
"76702","1.1152477264404297","1.1152477264404297","1.1152477264404297"
"76718","0.9559864401817322","0.9559864401817322","0.9559864401817322"
"76740","0.8518483638763428","0.8518483638763428","0.8518483638763428"
"76777","0.9080862998962402","0.9080862998962402","0.9080862998962402"
"76782","0.768389105796814","0.768389105796814","0.768389105796814"
"76855","1.024435043334961","1.024435043334961","1.024435043334961"
"76874","0.9305256605148315","0.9305256605148315","0.9305256605148315"
"76893","1.0190155506134033","1.0190155506134033","1.0190155506134033"
"76916","0.9288021922111511","0.9288021922111511","0.9288021922111511"
"76977","0.8743219375610352","0.8743219375610352","0.8743219375610352"
"76978","0.8332123756408691","0.8332123756408691","0.8332123756408691"
"77026","0.8680412769317627","0.8680412769317627","0.8680412769317627"
"77057","1.0038995742797852","1.0038995742797852","1.0038995742797852"
"77074","0.6822671294212341","0.6822671294212341","0.6822671294212341"
"77088","1.2614808082580566","1.2614808082580566","1.2614808082580566"
"77121","0.7764951586723328","0.7764951586723328","0.7764951586723328"
"77143","1.1035783290863037","1.1035783290863037","1.1035783290863037"
"77145","0.7805163860321045","0.7805163860321045","0.7805163860321045"
"77178","0.9306018352508545","0.9306018352508545","0.9306018352508545"
"77186","1.1237046718597412","1.1237046718597412","1.1237046718597412"
"77239","1.0129966735839844","1.0129966735839844","1.0129966735839844"
"77339","0.8884178400039673","0.8884178400039673","0.8884178400039673"
"77359","0.543777346611023","0.543777346611023","0.543777346611023"
"77382","0.5017964839935303","0.5017964839935303","0.5017964839935303"
"77387","0.6429769992828369","0.6429769992828369","0.6429769992828369"
"77434","0.7947789430618286","0.7947789430618286","0.7947789430618286"
"77435","0.9049081802368164","0.9049081802368164","0.9049081802368164"
"77494","0.7743459939956665","0.7743459939956665","0.7743459939956665"
"77505","0.8140242099761963","0.8140242099761963","0.8140242099761963"
"77561","0.9776179194450378","0.9776179194450378","0.9776179194450378"
"77623","0.9589818716049194","0.9589818716049194","0.9589818716049194"
"77629","1.1120023727416992","1.1120023727416992","1.1120023727416992"
"77631","0.7970720529556274","0.7970720529556274","0.7970720529556274"
"77662","1.0023870468139648","1.0023870468139648","1.0023870468139648"
"77663","0.8027685880661011","0.8027685880661011","0.8027685880661011"
"77704","0.8287265300750732","0.8287265300750732","0.8287265300750732"
"77725","0.8434262275695801","0.8434262275695801","0.8434262275695801"
"77742","1.0327205657958984","1.0327205657958984","1.0327205657958984"
"77748","0.5785266160964966","0.5785266160964966","0.5785266160964966"
"77751","0.9967659711837769","0.9967659711837769","0.9967659711837769"
"77765","1.188070297241211","1.188070297241211","1.188070297241211"
"77796","0.78156977891922","0.78156977891922","0.78156977891922"
"77812","0.8912085294723511","0.8912085294723511","0.8912085294723511"
"77814","0.6181465983390808","0.6181465983390808","0.6181465983390808"
"77820","1.0783708095550537","1.0783708095550537","1.0783708095550537"
"77834","0.7880189418792725","0.7880189418792725","0.7880189418792725"
"77837","0.9086742401123047","0.9086742401123047","0.9086742401123047"
"77840","0.8418381214141846","0.8418381214141846","0.8418381214141846"
"77877","0.9711538553237915","0.9711538553237915","0.9711538553237915"
"77891","0.9820197820663452","0.9820197820663452","0.9820197820663452"
"77934","1.2458016872406006","1.2458016872406006","1.2458016872406006"
"77962","0.8161278367042542","0.8161278367042542","0.8161278367042542"
"77995","1.0545594692230225","1.0545594692230225","1.0545594692230225"
"78020","0.7958575487136841","0.7958575487136841","0.7958575487136841"
"78043","1.0168890953063965","1.0168890953063965","1.0168890953063965"
"78095","0.819501519203186","0.819501519203186","0.819501519203186"
"78117","1.0503183603286743","1.0503183603286743","1.0503183603286743"
"78119","0.8458046913146973","0.8458046913146973","0.8458046913146973"
"78140","0.6207238435745239","0.6207238435745239","0.6207238435745239"
"78161","0.8125746250152588","0.8125746250152588","0.8125746250152588"
"78163","0.6751484870910645","0.6751484870910645","0.6751484870910645"
"78190","1.0921913385391235","1.0921913385391235","1.0921913385391235"
"78210","0.9989659190177917","0.9989659190177917","0.9989659190177917"
"78287","0.8217772245407104","0.8217772245407104","0.8217772245407104"
"78300","0.6794536113739014","0.6794536113739014","0.6794536113739014"
"78304","0.9261434078216553","0.9261434078216553","0.9261434078216553"
"78312","0.606106162071228","0.606106162071228","0.606106162071228"
"78338","0.939568281173706","0.939568281173706","0.939568281173706"
"78370","0.7950211763381958","0.7950211763381958","0.7950211763381958"
"78378","0.872073769569397","0.872073769569397","0.872073769569397"
"78410","1.113305687904358","1.113305687904358","1.113305687904358"
"78434","0.48071449995040894","0.48071449995040894","0.48071449995040894"
"78536","1.083062767982483","1.083062767982483","1.083062767982483"
"78577","0.8096994757652283","0.8096994757652283","0.8096994757652283"
"78584","0.5910910367965698","0.5910910367965698","0.5910910367965698"
"78601","0.6397304534912109","0.6397304534912109","0.6397304534912109"
"78604","1.1888737678527832","1.1888737678527832","1.1888737678527832"
"78614","0.9339969158172607","0.9339969158172607","0.9339969158172607"
"78633","0.9693688154220581","0.9693688154220581","0.9693688154220581"
"78698","0.9200981259346008","0.9200981259346008","0.9200981259346008"
"78719","1.0495294332504272","1.0495294332504272","1.0495294332504272"
"78721","0.977242112159729","0.977242112159729","0.977242112159729"
"78724","0.9900386333465576","0.9900386333465576","0.9900386333465576"
"78769","0.9498589038848877","0.9498589038848877","0.9498589038848877"
"78780","1.009093999862671","1.009093999862671","1.009093999862671"
"78871","0.7534118890762329","0.7534118890762329","0.7534118890762329"
"78877","1.1737518310546875","1.1737518310546875","1.1737518310546875"
"78885","0.5916103720664978","0.5916103720664978","0.5916103720664978"
"78913","0.6852810382843018","0.6852810382843018","0.6852810382843018"
"78948","0.9516955018043518","0.9516955018043518","0.9516955018043518"
"78956","0.8781160116195679","0.8781160116195679","0.8781160116195679"
"78997","0.8642275333404541","0.8642275333404541","0.8642275333404541"
"79032","0.6437539458274841","0.6437539458274841","0.6437539458274841"
"79076","0.9422736167907715","0.9422736167907715","0.9422736167907715"
"79098","0.7086215615272522","0.7086215615272522","0.7086215615272522"
"79104","0.6799253225326538","0.6799253225326538","0.6799253225326538"
"79109","0.8222787380218506","0.8222787380218506","0.8222787380218506"
"79148","0.7806717753410339","0.7806717753410339","0.7806717753410339"
"79153","0.6604174375534058","0.6604174375534058","0.6604174375534058"
"79186","0.6913723945617676","0.6913723945617676","0.6913723945617676"
"79230","0.849205732345581","0.849205732345581","0.849205732345581"
"79273","0.9870686531066895","0.9870686531066895","0.9870686531066895"
"79287","0.6613835096359253","0.6613835096359253","0.6613835096359253"
"79288","0.8974485397338867","0.8974485397338867","0.8974485397338867"
"79330","1.0630059242248535","1.0630059242248535","1.0630059242248535"
"79339","0.873178243637085","0.873178243637085","0.873178243637085"
"79343","0.8227529525756836","0.8227529525756836","0.8227529525756836"
"79349","0.9358928203582764","0.9358928203582764","0.9358928203582764"
"79353","0.7603957653045654","0.7603957653045654","0.7603957653045654"
"79379","0.8100335597991943","0.8100335597991943","0.8100335597991943"
"79385","0.7895927429199219","0.7895927429199219","0.7895927429199219"
"79393","1.0768814086914062","1.0768814086914062","1.0768814086914062"
"79464","0.6863635778427124","0.6863635778427124","0.6863635778427124"
"79536","1.1288950443267822","1.1288950443267822","1.1288950443267822"
"79559","1.0393800735473633","1.0393800735473633","1.0393800735473633"
"79571","0.7327778339385986","0.7327778339385986","0.7327778339385986"
"79573","0.7980616092681885","0.7980616092681885","0.7980616092681885"
"79604","0.8562476634979248","0.8562476634979248","0.8562476634979248"
"79613","1.0296299457550049","1.0296299457550049","1.0296299457550049"
"79647","0.885422945022583","0.885422945022583","0.885422945022583"
"79668","1.0154342651367188","1.0154342651367188","1.0154342651367188"
"79684","0.6964232921600342","0.6964232921600342","0.6964232921600342"
"79703","0.8976941108703613","0.8976941108703613","0.8976941108703613"
"79712","0.8091573119163513","0.8091573119163513","0.8091573119163513"
"79727","0.9675867557525635","0.9675867557525635","0.9675867557525635"
"79728","0.9803264141082764","0.9803264141082764","0.9803264141082764"
"79753","0.8833020329475403","0.8833020329475403","0.8833020329475403"
"79775","1.0005810260772705","1.0005810260772705","1.0005810260772705"
"79786","0.6301908493041992","0.6301908493041992","0.6301908493041992"
"79792","0.999085009098053","0.999085009098053","0.999085009098053"
"79802","0.45254433155059814","0.45254433155059814","0.45254433155059814"
"79827","0.6354005336761475","0.6354005336761475","0.6354005336761475"
"79828","0.9012715816497803","0.9012715816497803","0.9012715816497803"
"79837","0.7635951042175293","0.7635951042175293","0.7635951042175293"
"79842","1.2206408977508545","1.2206408977508545","1.2206408977508545"
"79889","1.0204977989196777","1.0204977989196777","1.0204977989196777"
"79916","0.8233699798583984","0.8233699798583984","0.8233699798583984"
"79918","0.6423093676567078","0.6423093676567078","0.6423093676567078"
"79942","0.9439277648925781","0.9439277648925781","0.9439277648925781"
"79952","0.7851369976997375","0.7851369976997375","0.7851369976997375"
"79956","0.8352068662643433","0.8352068662643433","0.8352068662643433"
"79963","0.6119353771209717","0.6119353771209717","0.6119353771209717"
"79972","0.9801884889602661","0.9801884889602661","0.9801884889602661"
"79979","0.8607017993927002","0.8607017993927002","0.8607017993927002"
"79992","0.9741519689559937","0.9741519689559937","0.9741519689559937"
"79996","1.0947339534759521","1.0947339534759521","1.0947339534759521"
"80050","0.7487878799438477","0.7487878799438477","0.7487878799438477"
"80053","0.7916374802589417","0.7916374802589417","0.7916374802589417"
"80115","0.901546061038971","0.901546061038971","0.901546061038971"
"80135","0.9540339112281799","0.9540339112281799","0.9540339112281799"
"80145","1.0187106132507324","1.0187106132507324","1.0187106132507324"
"80191","0.5989069938659668","0.5989069938659668","0.5989069938659668"
"80202","0.757905900478363","0.757905900478363","0.757905900478363"
"80207","0.9833508133888245","0.9833508133888245","0.9833508133888245"
"80225","0.5773725509643555","0.5773725509643555","0.5773725509643555"
"80249","0.9069908857345581","0.9069908857345581","0.9069908857345581"
"80297","1.1075066328048706","1.1075066328048706","1.1075066328048706"
"80306","0.8591674566268921","0.8591674566268921","0.8591674566268921"
"80336","0.688929557800293","0.688929557800293","0.688929557800293"
"80388","0.9132677316665649","0.9132677316665649","0.9132677316665649"
"80404","0.8193175196647644","0.8193175196647644","0.8193175196647644"
"80406","0.8692746162414551","0.8692746162414551","0.8692746162414551"
"80501","0.7745687961578369","0.7745687961578369","0.7745687961578369"
"80520","0.8133754730224609","0.8133754730224609","0.8133754730224609"
"80588","0.775712788105011","0.775712788105011","0.775712788105011"
"80594","0.9468475580215454","0.9468475580215454","0.9468475580215454"
"80605","0.8168860077857971","0.8168860077857971","0.8168860077857971"
"80607","0.8704638481140137","0.8704638481140137","0.8704638481140137"
"80617","0.9940446615219116","0.9940446615219116","0.9940446615219116"
"80632","0.6857332587242126","0.6857332587242126","0.6857332587242126"
"80646","1.0025219917297363","1.0025219917297363","1.0025219917297363"
"80668","0.6702952980995178","0.6702952980995178","0.6702952980995178"
"80675","0.8549466133117676","0.8549466133117676","0.8549466133117676"
"80679","0.8480054140090942","0.8480054140090942","0.8480054140090942"
"80716","1.065955638885498","1.065955638885498","1.065955638885498"
"80750","0.6934183835983276","0.6934183835983276","0.6934183835983276"
"80753","0.856827974319458","0.856827974319458","0.856827974319458"
"80759","0.8139581680297852","0.8139581680297852","0.8139581680297852"
"80773","0.9552392959594727","0.9552392959594727","0.9552392959594727"
"80788","0.9098255038261414","0.9098255038261414","0.9098255038261414"
"80827","1.019808292388916","1.019808292388916","1.019808292388916"
"80862","0.6468007564544678","0.6468007564544678","0.6468007564544678"
"80865","1.0884767770767212","1.0884767770767212","1.0884767770767212"
"80868","0.6700468063354492","0.6700468063354492","0.6700468063354492"
"80875","0.6891485452651978","0.6891485452651978","0.6891485452651978"
"80892","0.9963988065719604","0.9963988065719604","0.9963988065719604"
"80937","1.0066723823547363","1.0066723823547363","1.0066723823547363"
"80947","0.9072363376617432","0.9072363376617432","0.9072363376617432"
"81085","0.8542889356613159","0.8542889356613159","0.8542889356613159"
"81090","0.9184799790382385","0.9184799790382385","0.9184799790382385"
"81160","1.0029246807098389","1.0029246807098389","1.0029246807098389"
"81201","0.5686805844306946","0.5686805844306946","0.5686805844306946"
"81218","0.8633292317390442","0.8633292317390442","0.8633292317390442"
"81309","0.9262073636054993","0.9262073636054993","0.9262073636054993"
"81320","0.8735608458518982","0.8735608458518982","0.8735608458518982"
"81351","0.6017633676528931","0.6017633676528931","0.6017633676528931"
"81408","0.6298002600669861","0.6298002600669861","0.6298002600669861"
"81414","1.16099214553833","1.16099214553833","1.16099214553833"
"81424","0.9734199047088623","0.9734199047088623","0.9734199047088623"
"81459","0.7256224155426025","0.7256224155426025","0.7256224155426025"
"81460","1.0711922645568848","1.0711922645568848","1.0711922645568848"
"81545","1.0134310722351074","1.0134310722351074","1.0134310722351074"
"81555","1.1103794574737549","1.1103794574737549","1.1103794574737549"
"81566","1.12716543674469","1.12716543674469","1.12716543674469"
"81573","1.0530810356140137","1.0530810356140137","1.0530810356140137"
"81677","0.9774678945541382","0.9774678945541382","0.9774678945541382"
"81718","0.7452797889709473","0.7452797889709473","0.7452797889709473"
"81728","0.6541525721549988","0.6541525721549988","0.6541525721549988"
"81757","0.8067675828933716","0.8067675828933716","0.8067675828933716"
"81767","0.964781641960144","0.964781641960144","0.964781641960144"
"81810","0.5560294389724731","0.5560294389724731","0.5560294389724731"
"81829","0.7620654106140137","0.7620654106140137","0.7620654106140137"
"81831","0.59562087059021","0.59562087059021","0.59562087059021"
"81840","1.0007634162902832","1.0007634162902832","1.0007634162902832"
"81875","0.8100490570068359","0.8100490570068359","0.8100490570068359"
"81905","0.8556326627731323","0.8556326627731323","0.8556326627731323"
"81908","0.8163778781890869","0.8163778781890869","0.8163778781890869"
"81998","0.984795093536377","0.984795093536377","0.984795093536377"
"82039","0.8253130316734314","0.8253130316734314","0.8253130316734314"
"82054","0.7958043217658997","0.7958043217658997","0.7958043217658997"
"82071","1.1629245281219482","1.1629245281219482","1.1629245281219482"
"82086","0.6591315269470215","0.6591315269470215","0.6591315269470215"
"82096","0.8516589999198914","0.8516589999198914","0.8516589999198914"
"82102","1.0704870223999023","1.0704870223999023","1.0704870223999023"
"82133","1.1438512802124023","1.1438512802124023","1.1438512802124023"
"82163","0.845304012298584","0.845304012298584","0.845304012298584"
"82225","0.5366851091384888","0.5366851091384888","0.5366851091384888"
"82245","0.8424209356307983","0.8424209356307983","0.8424209356307983"
"82258","1.048669457435608","1.048669457435608","1.048669457435608"
"82295","0.8435694575309753","0.8435694575309753","0.8435694575309753"
"82334","0.6870150566101074","0.6870150566101074","0.6870150566101074"
"82355","1.2141567468643188","1.2141567468643188","1.2141567468643188"
"82363","0.884580135345459","0.884580135345459","0.884580135345459"
"82366","0.8824272155761719","0.8824272155761719","0.8824272155761719"
"82367","1.0482618808746338","1.0482618808746338","1.0482618808746338"
"82374","1.0094201564788818","1.0094201564788818","1.0094201564788818"
"82391","0.637814998626709","0.637814998626709","0.637814998626709"
"82404","1.1801588535308838","1.1801588535308838","1.1801588535308838"
"82446","0.5578891634941101","0.5578891634941101","0.5578891634941101"
"82453","0.9419333934783936","0.9419333934783936","0.9419333934783936"
"82459","1.0765540599822998","1.0765540599822998","1.0765540599822998"
"82474","0.9830829501152039","0.9830829501152039","0.9830829501152039"
"82492","0.9169713258743286","0.9169713258743286","0.9169713258743286"
"82505","0.8606709241867065","0.8606709241867065","0.8606709241867065"
"82530","0.9075623750686646","0.9075623750686646","0.9075623750686646"
"82613","0.7701005935668945","0.7701005935668945","0.7701005935668945"
"82625","1.018248200416565","1.018248200416565","1.018248200416565"
"82632","0.5996257066726685","0.5996257066726685","0.5996257066726685"
"82642","1.1084015369415283","1.1084015369415283","1.1084015369415283"
"82653","0.7991905212402344","0.7991905212402344","0.7991905212402344"
"82670","0.8010219931602478","0.8010219931602478","0.8010219931602478"
"82679","0.7753498554229736","0.7753498554229736","0.7753498554229736"
"82700","1.1224030256271362","1.1224030256271362","1.1224030256271362"
"82727","0.7862840890884399","0.7862840890884399","0.7862840890884399"
"82747","1.2876927852630615","1.2876927852630615","1.2876927852630615"
"82752","0.8427248001098633","0.8427248001098633","0.8427248001098633"
"82766","0.7215787172317505","0.7215787172317505","0.7215787172317505"
"82776","1.0913307666778564","1.0913307666778564","1.0913307666778564"
"82796","0.8205529451370239","0.8205529451370239","0.8205529451370239"
"82802","0.9009174108505249","0.9009174108505249","0.9009174108505249"
"82836","0.5778023600578308","0.5778023600578308","0.5778023600578308"
"82847","0.8331286907196045","0.8331286907196045","0.8331286907196045"
"82853","0.6997501850128174","0.6997501850128174","0.6997501850128174"
"82864","0.8875422477722168","0.8875422477722168","0.8875422477722168"
"82872","0.7471151947975159","0.7471151947975159","0.7471151947975159"
"82890","1.1769216060638428","1.1769216060638428","1.1769216060638428"
"82926","1.0211999416351318","1.0211999416351318","1.0211999416351318"
"82958","0.684569239616394","0.684569239616394","0.684569239616394"
"82961","0.6604825854301453","0.6604825854301453","0.6604825854301453"
"82966","0.8139849901199341","0.8139849901199341","0.8139849901199341"
"83006","0.9063724279403687","0.9063724279403687","0.9063724279403687"
"83031","0.9158816933631897","0.9158816933631897","0.9158816933631897"
"83033","0.8583669662475586","0.8583669662475586","0.8583669662475586"
"83050","0.5907651782035828","0.5907651782035828","0.5907651782035828"
"83053","0.8686094284057617","0.8686094284057617","0.8686094284057617"
"83070","0.8345373868942261","0.8345373868942261","0.8345373868942261"
"83086","1.0977593660354614","1.0977593660354614","1.0977593660354614"
"83111","0.811703085899353","0.811703085899353","0.811703085899353"
"83151","0.6425504684448242","0.6425504684448242","0.6425504684448242"
"83206","1.201676368713379","1.201676368713379","1.201676368713379"
"83217","0.6937295794487","0.6937295794487","0.6937295794487"
"83299","0.7373149394989014","0.7373149394989014","0.7373149394989014"
"83314","0.9469234943389893","0.9469234943389893","0.9469234943389893"
"83320","0.48196786642074585","0.48196786642074585","0.48196786642074585"
"83326","0.7773194313049316","0.7773194313049316","0.7773194313049316"
"83364","0.8741977214813232","0.8741977214813232","0.8741977214813232"
"83401","0.9843516945838928","0.9843516945838928","0.9843516945838928"
"83403","0.7842863202095032","0.7842863202095032","0.7842863202095032"
"83404","1.1485174894332886","1.1485174894332886","1.1485174894332886"
"83405","0.951676607131958","0.951676607131958","0.951676607131958"
"83423","0.8895939588546753","0.8895939588546753","0.8895939588546753"
"83452","0.8030171990394592","0.8030171990394592","0.8030171990394592"
"83473","1.140232801437378","1.140232801437378","1.140232801437378"
"83494","0.922640323638916","0.922640323638916","0.922640323638916"
"83541","0.7174588441848755","0.7174588441848755","0.7174588441848755"
"83551","0.9030526876449585","0.9030526876449585","0.9030526876449585"
"83555","1.045583724975586","1.045583724975586","1.045583724975586"
"83573","0.7601583003997803","0.7601583003997803","0.7601583003997803"
"83579","0.6258280873298645","0.6258280873298645","0.6258280873298645"
"83583","0.6587943434715271","0.6587943434715271","0.6587943434715271"
"83586","0.814994215965271","0.814994215965271","0.814994215965271"
"83623","0.8444051742553711","0.8444051742553711","0.8444051742553711"
"83642","0.6000480651855469","0.6000480651855469","0.6000480651855469"
"83661","1.2779918909072876","1.2779918909072876","1.2779918909072876"
"83681","0.5409752130508423","0.5409752130508423","0.5409752130508423"
"83704","0.7486802339553833","0.7486802339553833","0.7486802339553833"
"83710","0.7376883029937744","0.7376883029937744","0.7376883029937744"
"83724","0.8053504228591919","0.8053504228591919","0.8053504228591919"
"83726","0.7133229970932007","0.7133229970932007","0.7133229970932007"
"83743","1.0588020086288452","1.0588020086288452","1.0588020086288452"
"83784","0.9292117357254028","0.9292117357254028","0.9292117357254028"
"83796","1.1701877117156982","1.1701877117156982","1.1701877117156982"
"83800","1.085046648979187","1.085046648979187","1.085046648979187"
"83820","0.9433301091194153","0.9433301091194153","0.9433301091194153"
"83824","0.8803924322128296","0.8803924322128296","0.8803924322128296"
"83829","0.6001676321029663","0.6001676321029663","0.6001676321029663"
"83854","0.7172831892967224","0.7172831892967224","0.7172831892967224"
"83884","0.6809356212615967","0.6809356212615967","0.6809356212615967"
"83898","0.7623148560523987","0.7623148560523987","0.7623148560523987"
"83899","0.7250292897224426","0.7250292897224426","0.7250292897224426"
"83962","0.9802002310752869","0.9802002310752869","0.9802002310752869"
"83969","0.7817630171775818","0.7817630171775818","0.7817630171775818"
"83993","0.691811740398407","0.691811740398407","0.691811740398407"
"83997","1.137524962425232","1.137524962425232","1.137524962425232"
"84012","0.78691565990448","0.78691565990448","0.78691565990448"
"84024","1.3817625045776367","1.3817625045776367","1.3817625045776367"
"84035","0.9728366732597351","0.9728366732597351","0.9728366732597351"
"84057","0.8364837765693665","0.8364837765693665","0.8364837765693665"
"84061","0.6068761348724365","0.6068761348724365","0.6068761348724365"
"84074","0.6929235458374023","0.6929235458374023","0.6929235458374023"
"84098","1.038461446762085","1.038461446762085","1.038461446762085"
"84113","0.8959136009216309","0.8959136009216309","0.8959136009216309"
"84117","0.8844630718231201","0.8844630718231201","0.8844630718231201"
"84138","1.068552017211914","1.068552017211914","1.068552017211914"
"84199","1.0869834423065186","1.0869834423065186","1.0869834423065186"
"84237","0.7079994678497314","0.7079994678497314","0.7079994678497314"
"84282","0.8613210916519165","0.8613210916519165","0.8613210916519165"
"84292","0.7562646865844727","0.7562646865844727","0.7562646865844727"
"84365","1.0708746910095215","1.0708746910095215","1.0708746910095215"
"84370","0.6677667498588562","0.6677667498588562","0.6677667498588562"
"84388","0.7677204012870789","0.7677204012870789","0.7677204012870789"
"84408","0.7512446641921997","0.7512446641921997","0.7512446641921997"
"84411","1.082842469215393","1.082842469215393","1.082842469215393"
"84417","0.6278167963027954","0.6278167963027954","0.6278167963027954"
"84430","0.6287648677825928","0.6287648677825928","0.6287648677825928"
"84431","1.073659896850586","1.073659896850586","1.073659896850586"
"84442","1.0910366773605347","1.0910366773605347","1.0910366773605347"
"84452","1.0691860914230347","1.0691860914230347","1.0691860914230347"
"84454","0.7490867376327515","0.7490867376327515","0.7490867376327515"
"84458","0.7500742673873901","0.7500742673873901","0.7500742673873901"
"84474","0.9569936394691467","0.9569936394691467","0.9569936394691467"
"84489","1.0796658992767334","1.0796658992767334","1.0796658992767334"
"84516","0.6879689693450928","0.6879689693450928","0.6879689693450928"
"84544","0.8834326863288879","0.8834326863288879","0.8834326863288879"
"84554","1.040711760520935","1.040711760520935","1.040711760520935"
"84657","0.8351146578788757","0.8351146578788757","0.8351146578788757"
"84672","0.8440990447998047","0.8440990447998047","0.8440990447998047"
"84679","0.6473426818847656","0.6473426818847656","0.6473426818847656"
"84682","0.8160378932952881","0.8160378932952881","0.8160378932952881"
"84696","0.9257216453552246","0.9257216453552246","0.9257216453552246"
"84712","0.7065005302429199","0.7065005302429199","0.7065005302429199"
"84761","0.42231500148773193","0.42231500148773193","0.42231500148773193"
"84782","1.0631517171859741","1.0631517171859741","1.0631517171859741"
"84796","0.946555495262146","0.946555495262146","0.946555495262146"
"84807","0.7357564568519592","0.7357564568519592","0.7357564568519592"
"84811","0.9877076148986816","0.9877076148986816","0.9877076148986816"
"84829","0.781340479850769","0.781340479850769","0.781340479850769"
"84830","0.9451156854629517","0.9451156854629517","0.9451156854629517"
"84846","0.9488511085510254","0.9488511085510254","0.9488511085510254"
"84855","0.5830822587013245","0.5830822587013245","0.5830822587013245"
"84897","0.808785617351532","0.808785617351532","0.808785617351532"
"84945","0.9649226665496826","0.9649226665496826","0.9649226665496826"
"84992","1.0002429485321045","1.0002429485321045","1.0002429485321045"
"85015","0.8343248963356018","0.8343248963356018","0.8343248963356018"
"85018","0.734939455986023","0.734939455986023","0.734939455986023"
"85025","0.6878455281257629","0.6878455281257629","0.6878455281257629"
"85054","0.8312492370605469","0.8312492370605469","0.8312492370605469"
"85070","0.732207179069519","0.732207179069519","0.732207179069519"
"85295","0.778498649597168","0.778498649597168","0.778498649597168"
"85349","0.8451517224311829","0.8451517224311829","0.8451517224311829"
"85398","0.8705200552940369","0.8705200552940369","0.8705200552940369"
"85405","1.0248807668685913","1.0248807668685913","1.0248807668685913"
"85440","0.658417820930481","0.658417820930481","0.658417820930481"
"85448","0.5871338844299316","0.5871338844299316","0.5871338844299316"
"85450","0.6381813883781433","0.6381813883781433","0.6381813883781433"
"85480","0.7637704610824585","0.7637704610824585","0.7637704610824585"
"85527","0.7664153575897217","0.7664153575897217","0.7664153575897217"
"85533","0.8114613890647888","0.8114613890647888","0.8114613890647888"
"85560","1.0292632579803467","1.0292632579803467","1.0292632579803467"
"85562","0.9595068097114563","0.9595068097114563","0.9595068097114563"
"85577","0.7021108269691467","0.7021108269691467","0.7021108269691467"
"85603","0.9240566492080688","0.9240566492080688","0.9240566492080688"
"85607","0.6927781701087952","0.6927781701087952","0.6927781701087952"
"85641","0.7208430767059326","0.7208430767059326","0.7208430767059326"
"85698","1.2853611707687378","1.2853611707687378","1.2853611707687378"
"85741","0.765400767326355","0.765400767326355","0.765400767326355"
"85868","0.8577665686607361","0.8577665686607361","0.8577665686607361"
"85893","0.8713840246200562","0.8713840246200562","0.8713840246200562"
"85956","0.7176617980003357","0.7176617980003357","0.7176617980003357"
"85982","1.345952033996582","1.345952033996582","1.345952033996582"
"86009","0.8844908475875854","0.8844908475875854","0.8844908475875854"
"86044","0.7119537591934204","0.7119537591934204","0.7119537591934204"
"86051","0.6083278059959412","0.6083278059959412","0.6083278059959412"
"86066","1.0050249099731445","1.0050249099731445","1.0050249099731445"
"86086","0.9945995807647705","0.9945995807647705","0.9945995807647705"
"86134","0.6977319121360779","0.6977319121360779","0.6977319121360779"
"86152","1.1680786609649658","1.1680786609649658","1.1680786609649658"
"86195","0.8159631490707397","0.8159631490707397","0.8159631490707397"
"86259","1.2483018636703491","1.2483018636703491","1.2483018636703491"
"86277","0.8508237600326538","0.8508237600326538","0.8508237600326538"
"86295","0.9812690615653992","0.9812690615653992","0.9812690615653992"
"86312","0.8481705188751221","0.8481705188751221","0.8481705188751221"
"86345","0.6528373956680298","0.6528373956680298","0.6528373956680298"
"86352","0.8149415254592896","0.8149415254592896","0.8149415254592896"
"86374","0.806620180606842","0.806620180606842","0.806620180606842"
"86390","1.0706886053085327","1.0706886053085327","1.0706886053085327"
"86399","0.5458993911743164","0.5458993911743164","0.5458993911743164"
"86458","0.6396639347076416","0.6396639347076416","0.6396639347076416"
"86459","0.8624891042709351","0.8624891042709351","0.8624891042709351"
"86462","0.7888429164886475","0.7888429164886475","0.7888429164886475"
"86466","0.6795544028282166","0.6795544028282166","0.6795544028282166"
"86485","0.7313234806060791","0.7313234806060791","0.7313234806060791"
"86489","0.6534150838851929","0.6534150838851929","0.6534150838851929"
"86514","0.8659348487854004","0.8659348487854004","0.8659348487854004"
"86541","0.8693718910217285","0.8693718910217285","0.8693718910217285"
"86610","0.8457915782928467","0.8457915782928467","0.8457915782928467"
"86618","1.3167604207992554","1.3167604207992554","1.3167604207992554"
"86643","0.8377622961997986","0.8377622961997986","0.8377622961997986"
"86672","0.7021970748901367","0.7021970748901367","0.7021970748901367"
"86681","0.9340047836303711","0.9340047836303711","0.9340047836303711"
"86705","0.6710206270217896","0.6710206270217896","0.6710206270217896"
"86745","1.0043033361434937","1.0043033361434937","1.0043033361434937"
"86748","0.6182000637054443","0.6182000637054443","0.6182000637054443"
"86788","1.3788118362426758","1.3788118362426758","1.3788118362426758"
"86793","0.8226153254508972","0.8226153254508972","0.8226153254508972"
"86847","0.8589534163475037","0.8589534163475037","0.8589534163475037"
"86857","1.160599708557129","1.160599708557129","1.160599708557129"
"86883","0.7478349804878235","0.7478349804878235","0.7478349804878235"
"86892","0.7220150232315063","0.7220150232315063","0.7220150232315063"
"86918","0.7050449848175049","0.7050449848175049","0.7050449848175049"
"86998","0.7079075574874878","0.7079075574874878","0.7079075574874878"
"87009","0.6080025434494019","0.6080025434494019","0.6080025434494019"
"87071","1.1728978157043457","1.1728978157043457","1.1728978157043457"
"87079","0.671745240688324","0.671745240688324","0.671745240688324"
"87142","0.8720747232437134","0.8720747232437134","0.8720747232437134"
"87145","0.8797156810760498","0.8797156810760498","0.8797156810760498"
"87147","0.9022908210754395","0.9022908210754395","0.9022908210754395"
"87152","0.9357165694236755","0.9357165694236755","0.9357165694236755"
"87175","1.2726973295211792","1.2726973295211792","1.2726973295211792"
"87193","0.822742760181427","0.822742760181427","0.822742760181427"
"87215","0.500846266746521","0.500846266746521","0.500846266746521"
"87219","0.6505345106124878","0.6505345106124878","0.6505345106124878"
"87223","1.1363182067871094","1.1363182067871094","1.1363182067871094"
"87250","0.966795802116394","0.966795802116394","0.966795802116394"
"87255","0.8184217214584351","0.8184217214584351","0.8184217214584351"
"87288","0.7202953100204468","0.7202953100204468","0.7202953100204468"
"87294","0.9075720310211182","0.9075720310211182","0.9075720310211182"
"87300","0.9745990037918091","0.9745990037918091","0.9745990037918091"
"87309","0.6206144690513611","0.6206144690513611","0.6206144690513611"
"87324","1.1147785186767578","1.1147785186767578","1.1147785186767578"
"87352","0.9330430030822754","0.9330430030822754","0.9330430030822754"
"87358","0.7571192979812622","0.7571192979812622","0.7571192979812622"
"87387","0.9367894530296326","0.9367894530296326","0.9367894530296326"
"87417","0.9831252694129944","0.9831252694129944","0.9831252694129944"
"87424","0.3933589458465576","0.3933589458465576","0.3933589458465576"
"87446","1.2814182043075562","1.2814182043075562","1.2814182043075562"
"87449","0.8672891855239868","0.8672891855239868","0.8672891855239868"
"87546","0.8415323495864868","0.8415323495864868","0.8415323495864868"
"87555","0.4370698928833008","0.4370698928833008","0.4370698928833008"
"87587","0.8074935674667358","0.8074935674667358","0.8074935674667358"
"87593","1.0389189720153809","1.0389189720153809","1.0389189720153809"
"87596","0.8283141851425171","0.8283141851425171","0.8283141851425171"
"87612","1.0459800958633423","1.0459800958633423","1.0459800958633423"
"87617","1.2459642887115479","1.2459642887115479","1.2459642887115479"
"87658","0.7000913619995117","0.7000913619995117","0.7000913619995117"
"87691","0.8880728483200073","0.8880728483200073","0.8880728483200073"
"87698","1.041121482849121","1.041121482849121","1.041121482849121"
"87721","1.150559425354004","1.150559425354004","1.150559425354004"
"87725","0.7933668494224548","0.7933668494224548","0.7933668494224548"
"87755","0.8905172348022461","0.8905172348022461","0.8905172348022461"
"87798","0.6234626173973083","0.6234626173973083","0.6234626173973083"
"87799","0.9174696803092957","0.9174696803092957","0.9174696803092957"
"87808","1.1271088123321533","1.1271088123321533","1.1271088123321533"
"87818","0.8788860440254211","0.8788860440254211","0.8788860440254211"
"87834","1.1259866952896118","1.1259866952896118","1.1259866952896118"
"87879","0.7956555485725403","0.7956555485725403","0.7956555485725403"
"87901","0.9610629677772522","0.9610629677772522","0.9610629677772522"
"87981","0.7866120338439941","0.7866120338439941","0.7866120338439941"
"88006","0.9171745777130127","0.9171745777130127","0.9171745777130127"
"88029","0.7937774658203125","0.7937774658203125","0.7937774658203125"
"88030","0.7925150394439697","0.7925150394439697","0.7925150394439697"
"88038","0.9976552724838257","0.9976552724838257","0.9976552724838257"
"88042","0.927283763885498","0.927283763885498","0.927283763885498"
"88043","0.7139583230018616","0.7139583230018616","0.7139583230018616"
"88046","0.9359992146492004","0.9359992146492004","0.9359992146492004"
"88071","0.7363663911819458","0.7363663911819458","0.7363663911819458"
"88098","0.7444934248924255","0.7444934248924255","0.7444934248924255"
"88103","0.9356043934822083","0.9356043934822083","0.9356043934822083"
"88109","1.3058117628097534","1.3058117628097534","1.3058117628097534"
"88121","0.6902050971984863","0.6902050971984863","0.6902050971984863"
"88140","0.7352414131164551","0.7352414131164551","0.7352414131164551"
"88169","0.5071310997009277","0.5071310997009277","0.5071310997009277"
"88209","0.9655356407165527","0.9655356407165527","0.9655356407165527"
"88212","0.6068664789199829","0.6068664789199829","0.6068664789199829"
"88264","1.2811036109924316","1.2811036109924316","1.2811036109924316"
"88340","0.9522289037704468","0.9522289037704468","0.9522289037704468"
"88382","0.6149702668190002","0.6149702668190002","0.6149702668190002"
"88402","0.7821621894836426","0.7821621894836426","0.7821621894836426"
"88414","0.8433701992034912","0.8433701992034912","0.8433701992034912"
"88418","0.8901745080947876","0.8901745080947876","0.8901745080947876"
"88430","1.0045990943908691","1.0045990943908691","1.0045990943908691"
"88461","1.0127280950546265","1.0127280950546265","1.0127280950546265"
"88467","0.9732829928398132","0.9732829928398132","0.9732829928398132"
"88475","0.8099643588066101","0.8099643588066101","0.8099643588066101"
"88533","0.7517285346984863","0.7517285346984863","0.7517285346984863"
"88539","0.9664480090141296","0.9664480090141296","0.9664480090141296"
"88552","0.9561525583267212","0.9561525583267212","0.9561525583267212"
"88564","0.9958991408348083","0.9958991408348083","0.9958991408348083"
"88566","0.8692361116409302","0.8692361116409302","0.8692361116409302"
"88593","1.0395402908325195","1.0395402908325195","1.0395402908325195"
"88597","0.6220066547393799","0.6220066547393799","0.6220066547393799"
"88603","0.8909212350845337","0.8909212350845337","0.8909212350845337"
"88618","0.6434328556060791","0.6434328556060791","0.6434328556060791"
"88622","0.898266613483429","0.898266613483429","0.898266613483429"
"88692","1.0611445903778076","1.0611445903778076","1.0611445903778076"
"88698","0.7555016875267029","0.7555016875267029","0.7555016875267029"
"88743","0.9812989234924316","0.9812989234924316","0.9812989234924316"
"88793","0.8513401746749878","0.8513401746749878","0.8513401746749878"
"88795","0.7704201936721802","0.7704201936721802","0.7704201936721802"
"88836","0.9236217737197876","0.9236217737197876","0.9236217737197876"
"88924","0.8204407691955566","0.8204407691955566","0.8204407691955566"
"88926","1.135010838508606","1.135010838508606","1.135010838508606"
"88941","0.6533319354057312","0.6533319354057312","0.6533319354057312"
"88942","1.129035234451294","1.129035234451294","1.129035234451294"
"88944","0.9499046802520752","0.9499046802520752","0.9499046802520752"
"88967","0.9180286526679993","0.9180286526679993","0.9180286526679993"
"89014","0.9270566701889038","0.9270566701889038","0.9270566701889038"
"89040","0.9527971148490906","0.9527971148490906","0.9527971148490906"
"89049","0.861805260181427","0.861805260181427","0.861805260181427"
"89053","0.6594251990318298","0.6594251990318298","0.6594251990318298"
"89060","0.7235677242279053","0.7235677242279053","0.7235677242279053"
"89093","0.9168273210525513","0.9168273210525513","0.9168273210525513"
"89126","0.9133397340774536","0.9133397340774536","0.9133397340774536"
"89164","0.975927472114563","0.975927472114563","0.975927472114563"
"89169","0.5077146291732788","0.5077146291732788","0.5077146291732788"
"89183","0.694623589515686","0.694623589515686","0.694623589515686"
"89188","0.9614704251289368","0.9614704251289368","0.9614704251289368"
"89218","0.8322068452835083","0.8322068452835083","0.8322068452835083"
"89233","0.8087976574897766","0.8087976574897766","0.8087976574897766"
"89242","0.7982324361801147","0.7982324361801147","0.7982324361801147"
"89309","0.6581069231033325","0.6581069231033325","0.6581069231033325"
"89323","0.6563254594802856","0.6563254594802856","0.6563254594802856"
"89358","0.841437041759491","0.841437041759491","0.841437041759491"
"89378","0.5969220399856567","0.5969220399856567","0.5969220399856567"
"89382","0.8999265432357788","0.8999265432357788","0.8999265432357788"
"89385","0.7190006971359253","0.7190006971359253","0.7190006971359253"
"89396","0.7592935562133789","0.7592935562133789","0.7592935562133789"
"89403","0.7838250994682312","0.7838250994682312","0.7838250994682312"
"89410","1.1377136707305908","1.1377136707305908","1.1377136707305908"
"89418","0.9084974527359009","0.9084974527359009","0.9084974527359009"
"89424","0.7814258337020874","0.7814258337020874","0.7814258337020874"
"89467","1.1344276666641235","1.1344276666641235","1.1344276666641235"
"89469","0.5535609126091003","0.5535609126091003","0.5535609126091003"
"89527","0.893398642539978","0.893398642539978","0.893398642539978"
"89542","1.1108925342559814","1.1108925342559814","1.1108925342559814"
"89630","0.9448407292366028","0.9448407292366028","0.9448407292366028"
"89653","0.8633731603622437","0.8633731603622437","0.8633731603622437"
"89674","0.6439427137374878","0.6439427137374878","0.6439427137374878"
"89682","0.8301177620887756","0.8301177620887756","0.8301177620887756"
"89707","0.9297406673431396","0.9297406673431396","0.9297406673431396"
"89716","0.853960394859314","0.853960394859314","0.853960394859314"
"89740","0.9297757744789124","0.9297757744789124","0.9297757744789124"
"89767","0.5920517444610596","0.5920517444610596","0.5920517444610596"
"89786","0.8612872958183289","0.8612872958183289","0.8612872958183289"
"89805","0.8845785856246948","0.8845785856246948","0.8845785856246948"
"89810","0.9936619400978088","0.9936619400978088","0.9936619400978088"
"89823","0.7840468883514404","0.7840468883514404","0.7840468883514404"
"89828","0.9825023412704468","0.9825023412704468","0.9825023412704468"
"89865","0.8806045055389404","0.8806045055389404","0.8806045055389404"
"89906","1.0903215408325195","1.0903215408325195","1.0903215408325195"
"89928","0.7866318821907043","0.7866318821907043","0.7866318821907043"
"89949","1.0534831285476685","1.0534831285476685","1.0534831285476685"
"90006","0.6219732761383057","0.6219732761383057","0.6219732761383057"
"90045","1.0091713666915894","1.0091713666915894","1.0091713666915894"
"90083","0.7162478566169739","0.7162478566169739","0.7162478566169739"
"90085","1.1474840641021729","1.1474840641021729","1.1474840641021729"
"90144","1.01737380027771","1.01737380027771","1.01737380027771"
"90146","0.7876258492469788","0.7876258492469788","0.7876258492469788"
"90147","0.8850651979446411","0.8850651979446411","0.8850651979446411"
"90166","1.1110329627990723","1.1110329627990723","1.1110329627990723"
"90167","0.7344725131988525","0.7344725131988525","0.7344725131988525"
"90173","0.5710222721099854","0.5710222721099854","0.5710222721099854"
"90216","1.1175134181976318","1.1175134181976318","1.1175134181976318"
"90231","0.7197648882865906","0.7197648882865906","0.7197648882865906"
"90240","0.5334575176239014","0.5334575176239014","0.5334575176239014"
"90243","0.9529519081115723","0.9529519081115723","0.9529519081115723"
"90245","0.8976373672485352","0.8976373672485352","0.8976373672485352"
"90292","0.6904593110084534","0.6904593110084534","0.6904593110084534"
"90310","1.1642118692398071","1.1642118692398071","1.1642118692398071"
"90327","0.9145472645759583","0.9145472645759583","0.9145472645759583"
"90348","0.7639141082763672","0.7639141082763672","0.7639141082763672"
"90377","1.2216618061065674","1.2216618061065674","1.2216618061065674"
"90386","1.1681867837905884","1.1681867837905884","1.1681867837905884"
"90413","0.8882148861885071","0.8882148861885071","0.8882148861885071"
"90428","0.8080721497535706","0.8080721497535706","0.8080721497535706"
"90430","0.9948973655700684","0.9948973655700684","0.9948973655700684"
"90456","0.9739875793457031","0.9739875793457031","0.9739875793457031"
"90473","0.7499711513519287","0.7499711513519287","0.7499711513519287"
"90478","0.7211225628852844","0.7211225628852844","0.7211225628852844"
"90496","0.6915457248687744","0.6915457248687744","0.6915457248687744"
"90502","1.0585486888885498","1.0585486888885498","1.0585486888885498"
"90517","0.7880480289459229","0.7880480289459229","0.7880480289459229"
"90527","0.9200108051300049","0.9200108051300049","0.9200108051300049"
"90583","0.918886661529541","0.918886661529541","0.918886661529541"
"90606","0.5131396055221558","0.5131396055221558","0.5131396055221558"
"90611","0.7008394002914429","0.7008394002914429","0.7008394002914429"
"90646","0.9425603151321411","0.9425603151321411","0.9425603151321411"
"90670","0.9391899108886719","0.9391899108886719","0.9391899108886719"
"90809","0.9320041537284851","0.9320041537284851","0.9320041537284851"
"90875","1.0772764682769775","1.0772764682769775","1.0772764682769775"
"90971","0.8380426168441772","0.8380426168441772","0.8380426168441772"
"90981","0.6591805219650269","0.6591805219650269","0.6591805219650269"
"91131","0.5672346353530884","0.5672346353530884","0.5672346353530884"
"91133","1.0292596817016602","1.0292596817016602","1.0292596817016602"
"91135","1.0338635444641113","1.0338635444641113","1.0338635444641113"
"91196","0.8161547183990479","0.8161547183990479","0.8161547183990479"
"91202","1.0027930736541748","1.0027930736541748","1.0027930736541748"
"91224","0.8051832318305969","0.8051832318305969","0.8051832318305969"
"91235","1.230765461921692","1.230765461921692","1.230765461921692"
"91270","1.094870924949646","1.094870924949646","1.094870924949646"
"91282","0.9137240648269653","0.9137240648269653","0.9137240648269653"
"91288","1.5284521579742432","1.5284521579742432","1.5284521579742432"
"91291","0.9572514295578003","0.9572514295578003","0.9572514295578003"
"91307","0.8624345064163208","0.8624345064163208","0.8624345064163208"
"91344","0.8305082321166992","0.8305082321166992","0.8305082321166992"
"91386","1.0175448656082153","1.0175448656082153","1.0175448656082153"
"91388","1.1752443313598633","1.1752443313598633","1.1752443313598633"
"91393","0.8528327941894531","0.8528327941894531","0.8528327941894531"
"91431","0.7030084729194641","0.7030084729194641","0.7030084729194641"
"91449","0.9798200726509094","0.9798200726509094","0.9798200726509094"
"91493","0.6769818067550659","0.6769818067550659","0.6769818067550659"
"91544","0.630141019821167","0.630141019821167","0.630141019821167"
"91557","0.6244434714317322","0.6244434714317322","0.6244434714317322"
"91582","0.6564247608184814","0.6564247608184814","0.6564247608184814"
"91603","1.0387200117111206","1.0387200117111206","1.0387200117111206"
"91636","0.560278594493866","0.560278594493866","0.560278594493866"
"91649","0.8077441453933716","0.8077441453933716","0.8077441453933716"
"91657","0.5866447687149048","0.5866447687149048","0.5866447687149048"
"91679","0.8850846290588379","0.8850846290588379","0.8850846290588379"
"91696","0.7928006052970886","0.7928006052970886","0.7928006052970886"
"91706","1.1226146221160889","1.1226146221160889","1.1226146221160889"
"91717","1.305669903755188","1.305669903755188","1.305669903755188"
"91736","0.988000214099884","0.988000214099884","0.988000214099884"
"91752","1.0148128271102905","1.0148128271102905","1.0148128271102905"
"91766","0.8127408027648926","0.8127408027648926","0.8127408027648926"
"91770","1.0899055004119873","1.0899055004119873","1.0899055004119873"
"91875","0.8406769633293152","0.8406769633293152","0.8406769633293152"
"91897","0.6878464221954346","0.6878464221954346","0.6878464221954346"
"91902","0.9397934079170227","0.9397934079170227","0.9397934079170227"
"91920","0.5564346313476562","0.5564346313476562","0.5564346313476562"
"91936","0.9113065600395203","0.9113065600395203","0.9113065600395203"
"91937","0.6203489899635315","0.6203489899635315","0.6203489899635315"
"91951","1.020647644996643","1.020647644996643","1.020647644996643"
"91982","0.7421168088912964","0.7421168088912964","0.7421168088912964"
"92016","0.5649321675300598","0.5649321675300598","0.5649321675300598"
"92030","0.9315786361694336","0.9315786361694336","0.9315786361694336"
"92052","0.7331334352493286","0.7331334352493286","0.7331334352493286"
"92076","0.9796097278594971","0.9796097278594971","0.9796097278594971"
"92102","0.8799917697906494","0.8799917697906494","0.8799917697906494"
"92113","0.8259113430976868","0.8259113430976868","0.8259113430976868"
"92121","0.9558529853820801","0.9558529853820801","0.9558529853820801"
"92134","0.6521127223968506","0.6521127223968506","0.6521127223968506"
"92142","0.8849016427993774","0.8849016427993774","0.8849016427993774"
"92150","0.6182237863540649","0.6182237863540649","0.6182237863540649"
"92161","0.7352745532989502","0.7352745532989502","0.7352745532989502"
"92173","0.6784926652908325","0.6784926652908325","0.6784926652908325"
"92179","0.786652684211731","0.786652684211731","0.786652684211731"
"92186","0.7684574127197266","0.7684574127197266","0.7684574127197266"
"92202","0.5694141387939453","0.5694141387939453","0.5694141387939453"
"92203","0.4539531469345093","0.4539531469345093","0.4539531469345093"
"92240","0.8952676653862","0.8952676653862","0.8952676653862"
"92245","0.885292649269104","0.885292649269104","0.885292649269104"
"92257","0.6640089750289917","0.6640089750289917","0.6640089750289917"
"92261","0.8001229763031006","0.8001229763031006","0.8001229763031006"
"92303","0.7186435461044312","0.7186435461044312","0.7186435461044312"
"92334","0.6997326016426086","0.6997326016426086","0.6997326016426086"
"92341","0.9782338738441467","0.9782338738441467","0.9782338738441467"
"92386","1.0272475481033325","1.0272475481033325","1.0272475481033325"
"92393","0.9045907855033875","0.9045907855033875","0.9045907855033875"
"92415","0.9002035856246948","0.9002035856246948","0.9002035856246948"
"92493","0.5883213877677917","0.5883213877677917","0.5883213877677917"
"92504","0.6577782034873962","0.6577782034873962","0.6577782034873962"
"92531","1.050059199333191","1.050059199333191","1.050059199333191"
"92549","0.8323553800582886","0.8323553800582886","0.8323553800582886"
"92615","1.179885983467102","1.179885983467102","1.179885983467102"
"92618","0.7998720407485962","0.7998720407485962","0.7998720407485962"
"92649","0.9712896347045898","0.9712896347045898","0.9712896347045898"
"92651","0.5829951167106628","0.5829951167106628","0.5829951167106628"
"92687","0.8908158540725708","0.8908158540725708","0.8908158540725708"
"92702","0.9711726903915405","0.9711726903915405","0.9711726903915405"
"92721","0.6261134743690491","0.6261134743690491","0.6261134743690491"
"92824","0.4996934235095978","0.4996934235095978","0.4996934235095978"
"92843","0.6171796321868896","0.6171796321868896","0.6171796321868896"
"92864","0.6379997730255127","0.6379997730255127","0.6379997730255127"
"92868","0.7771235704421997","0.7771235704421997","0.7771235704421997"
"92886","0.7122215032577515","0.7122215032577515","0.7122215032577515"
"92894","0.7390146255493164","0.7390146255493164","0.7390146255493164"
"92919","0.9571827054023743","0.9571827054023743","0.9571827054023743"
"92969","1.0392473936080933","1.0392473936080933","1.0392473936080933"
"92973","0.6879838705062866","0.6879838705062866","0.6879838705062866"
"93006","0.7532954812049866","0.7532954812049866","0.7532954812049866"
"93016","0.735215425491333","0.735215425491333","0.735215425491333"
"93039","0.7360055446624756","0.7360055446624756","0.7360055446624756"
"93059","0.7981733083724976","0.7981733083724976","0.7981733083724976"
"93098","0.7957279086112976","0.7957279086112976","0.7957279086112976"
"93100","0.8011293411254883","0.8011293411254883","0.8011293411254883"
"93110","1.083558440208435","1.083558440208435","1.083558440208435"
"93132","0.9894646406173706","0.9894646406173706","0.9894646406173706"
"93151","0.523585855960846","0.523585855960846","0.523585855960846"
"93162","0.6028615236282349","0.6028615236282349","0.6028615236282349"
"93170","0.9038688540458679","0.9038688540458679","0.9038688540458679"
"93216","0.6666519641876221","0.6666519641876221","0.6666519641876221"
"93229","0.7583750486373901","0.7583750486373901","0.7583750486373901"
"93250","0.7435848712921143","0.7435848712921143","0.7435848712921143"
"93251","0.9225897789001465","0.9225897789001465","0.9225897789001465"
"93258","0.8444088697433472","0.8444088697433472","0.8444088697433472"
"93266","0.9602789282798767","0.9602789282798767","0.9602789282798767"
"93288","0.6786100268363953","0.6786100268363953","0.6786100268363953"
"93312","0.7077709436416626","0.7077709436416626","0.7077709436416626"
"93325","0.8525240421295166","0.8525240421295166","0.8525240421295166"
"93327","0.8587930202484131","0.8587930202484131","0.8587930202484131"
"93368","0.9734634160995483","0.9734634160995483","0.9734634160995483"
"93390","0.7775651216506958","0.7775651216506958","0.7775651216506958"
"93397","1.025213360786438","1.025213360786438","1.025213360786438"
"93402","0.6939123868942261","0.6939123868942261","0.6939123868942261"
"93425","1.0156376361846924","1.0156376361846924","1.0156376361846924"
"93434","0.8609910011291504","0.8609910011291504","0.8609910011291504"
"93481","0.8069251775741577","0.8069251775741577","0.8069251775741577"
"93541","0.6203345060348511","0.6203345060348511","0.6203345060348511"
"93566","0.6034696698188782","0.6034696698188782","0.6034696698188782"
"93595","0.5811067819595337","0.5811067819595337","0.5811067819595337"
"93608","0.8134031295776367","0.8134031295776367","0.8134031295776367"
"93621","0.7824609279632568","0.7824609279632568","0.7824609279632568"
"93633","0.9168150424957275","0.9168150424957275","0.9168150424957275"
"93641","0.7877528667449951","0.7877528667449951","0.7877528667449951"
"93660","0.734999418258667","0.734999418258667","0.734999418258667"
"93698","1.1231138706207275","1.1231138706207275","1.1231138706207275"
"93705","0.6502108573913574","0.6502108573913574","0.6502108573913574"
"93772","0.8324638605117798","0.8324638605117798","0.8324638605117798"
"93780","0.7546113729476929","0.7546113729476929","0.7546113729476929"
"93784","0.90094393491745","0.90094393491745","0.90094393491745"
"93786","0.9593325257301331","0.9593325257301331","0.9593325257301331"
"93791","0.5978198051452637","0.5978198051452637","0.5978198051452637"
"93798","0.9862353801727295","0.9862353801727295","0.9862353801727295"
"93805","0.5882766246795654","0.5882766246795654","0.5882766246795654"
"93816","0.5858104825019836","0.5858104825019836","0.5858104825019836"
"93841","0.9149477481842041","0.9149477481842041","0.9149477481842041"
"93878","0.5632871985435486","0.5632871985435486","0.5632871985435486"
"93895","0.883018970489502","0.883018970489502","0.883018970489502"
"93932","0.8918678164482117","0.8918678164482117","0.8918678164482117"
"93988","0.5688164234161377","0.5688164234161377","0.5688164234161377"
"94018","0.9274848699569702","0.9274848699569702","0.9274848699569702"
"94019","0.9083057641983032","0.9083057641983032","0.9083057641983032"
"94052","0.9869966506958008","0.9869966506958008","0.9869966506958008"
"94059","0.6228780150413513","0.6228780150413513","0.6228780150413513"
"94067","1.0356042385101318","1.0356042385101318","1.0356042385101318"
"94104","0.8867979645729065","0.8867979645729065","0.8867979645729065"
"94126","0.6764898300170898","0.6764898300170898","0.6764898300170898"
"94134","0.6921788454055786","0.6921788454055786","0.6921788454055786"
"94162","0.4932703971862793","0.4932703971862793","0.4932703971862793"
"94168","0.6363067030906677","0.6363067030906677","0.6363067030906677"
"94230","0.8037152290344238","0.8037152290344238","0.8037152290344238"
"94245","0.7123384475708008","0.7123384475708008","0.7123384475708008"
"94271","0.6836528182029724","0.6836528182029724","0.6836528182029724"
"94278","0.9386487603187561","0.9386487603187561","0.9386487603187561"
"94282","0.6885271072387695","0.6885271072387695","0.6885271072387695"
"94298","0.8818198442459106","0.8818198442459106","0.8818198442459106"
"94326","0.7006821632385254","0.7006821632385254","0.7006821632385254"
"94336","0.5618590116500854","0.5618590116500854","0.5618590116500854"
"94388","0.8945469260215759","0.8945469260215759","0.8945469260215759"
"94401","0.7689531445503235","0.7689531445503235","0.7689531445503235"
"94428","1.0442640781402588","1.0442640781402588","1.0442640781402588"
"94435","0.7362639904022217","0.7362639904022217","0.7362639904022217"
"94443","0.9334605932235718","0.9334605932235718","0.9334605932235718"
"94462","0.5678547620773315","0.5678547620773315","0.5678547620773315"
"94475","0.6758866310119629","0.6758866310119629","0.6758866310119629"
"94507","0.6588670015335083","0.6588670015335083","0.6588670015335083"
"94510","0.8021670579910278","0.8021670579910278","0.8021670579910278"
"94545","0.9409059286117554","0.9409059286117554","0.9409059286117554"
"94556","0.7809605598449707","0.7809605598449707","0.7809605598449707"
"94564","0.7425678968429565","0.7425678968429565","0.7425678968429565"
"94581","0.6763065457344055","0.6763065457344055","0.6763065457344055"
"94650","0.40699663758277893","0.40699663758277893","0.40699663758277893"
"94681","0.887696385383606","0.887696385383606","0.887696385383606"
"94750","0.49067237973213196","0.49067237973213196","0.49067237973213196"
"94765","0.6291714310646057","0.6291714310646057","0.6291714310646057"
"94783","0.6841133832931519","0.6841133832931519","0.6841133832931519"
"94806","0.9141254425048828","0.9141254425048828","0.9141254425048828"
"94836","1.0451714992523193","1.0451714992523193","1.0451714992523193"
"94863","0.9066509008407593","0.9066509008407593","0.9066509008407593"
"94893","0.715749979019165","0.715749979019165","0.715749979019165"
"94918","0.8380717039108276","0.8380717039108276","0.8380717039108276"
"94940","0.8613551259040833","0.8613551259040833","0.8613551259040833"
"94951","0.7583879828453064","0.7583879828453064","0.7583879828453064"
"94962","0.6837923526763916","0.6837923526763916","0.6837923526763916"
"94975","1.2556313276290894","1.2556313276290894","1.2556313276290894"
"95001","0.875732421875","0.875732421875","0.875732421875"
"95005","0.8849256038665771","0.8849256038665771","0.8849256038665771"
"95070","1.071150779724121","1.071150779724121","1.071150779724121"
"95096","0.6119272708892822","0.6119272708892822","0.6119272708892822"
"95147","0.5661730766296387","0.5661730766296387","0.5661730766296387"
"95157","0.6980963945388794","0.6980963945388794","0.6980963945388794"
"95175","0.720801591873169","0.720801591873169","0.720801591873169"
"95194","0.7792767286300659","0.7792767286300659","0.7792767286300659"
"95225","1.0519022941589355","1.0519022941589355","1.0519022941589355"
"95242","0.7969167232513428","0.7969167232513428","0.7969167232513428"
"95308","0.8567777276039124","0.8567777276039124","0.8567777276039124"
"95324","0.8762851357460022","0.8762851357460022","0.8762851357460022"
"95350","0.8710426688194275","0.8710426688194275","0.8710426688194275"
"95353","0.7769274711608887","0.7769274711608887","0.7769274711608887"
"95372","0.8286932706832886","0.8286932706832886","0.8286932706832886"
"95376","0.9296019077301025","0.9296019077301025","0.9296019077301025"
"95378","0.7625370621681213","0.7625370621681213","0.7625370621681213"
"95465","0.7910621166229248","0.7910621166229248","0.7910621166229248"
"95500","0.6860150694847107","0.6860150694847107","0.6860150694847107"
"95548","0.6254564523696899","0.6254564523696899","0.6254564523696899"
"95574","0.8665725588798523","0.8665725588798523","0.8665725588798523"
"95595","0.8010759949684143","0.8010759949684143","0.8010759949684143"
"95600","0.9492188096046448","0.9492188096046448","0.9492188096046448"
"95644","0.6564271450042725","0.6564271450042725","0.6564271450042725"
"95675","0.9252982139587402","0.9252982139587402","0.9252982139587402"
"95698","0.891046941280365","0.891046941280365","0.891046941280365"
"95711","0.742719292640686","0.742719292640686","0.742719292640686"
"95727","0.6159884929656982","0.6159884929656982","0.6159884929656982"
"95732","0.7627797722816467","0.7627797722816467","0.7627797722816467"
"95784","0.9228250980377197","0.9228250980377197","0.9228250980377197"
"95788","0.8841832876205444","0.8841832876205444","0.8841832876205444"
"95823","0.8234114050865173","0.8234114050865173","0.8234114050865173"
"95841","0.8236380815505981","0.8236380815505981","0.8236380815505981"
"95860","0.9992483854293823","0.9992483854293823","0.9992483854293823"
"95871","0.8708027601242065","0.8708027601242065","0.8708027601242065"
"95886","0.5429425835609436","0.5429425835609436","0.5429425835609436"
"95887","1.0224628448486328","1.0224628448486328","1.0224628448486328"
"95906","0.7229186296463013","0.7229186296463013","0.7229186296463013"
"95912","0.5104156136512756","0.5104156136512756","0.5104156136512756"
"95921","0.7712026834487915","0.7712026834487915","0.7712026834487915"
"95932","0.9587366580963135","0.9587366580963135","0.9587366580963135"
"95984","0.9792264699935913","0.9792264699935913","0.9792264699935913"
"96009","0.7184015512466431","0.7184015512466431","0.7184015512466431"
"96077","0.8236854076385498","0.8236854076385498","0.8236854076385498"
"96104","1.0624866485595703","1.0624866485595703","1.0624866485595703"
"96131","1.2286418676376343","1.2286418676376343","1.2286418676376343"
"96150","1.0457425117492676","1.0457425117492676","1.0457425117492676"
"96167","1.1546193361282349","1.1546193361282349","1.1546193361282349"
"96188","0.8503899574279785","0.8503899574279785","0.8503899574279785"
"96202","0.688288152217865","0.688288152217865","0.688288152217865"
"96205","0.43196067214012146","0.43196067214012146","0.43196067214012146"
"96209","0.9423402547836304","0.9423402547836304","0.9423402547836304"
"96276","0.660812497138977","0.660812497138977","0.660812497138977"
"96348","0.6249508261680603","0.6249508261680603","0.6249508261680603"
"96367","0.7772743701934814","0.7772743701934814","0.7772743701934814"
"96388","0.9780095815658569","0.9780095815658569","0.9780095815658569"
"96396","0.8690610527992249","0.8690610527992249","0.8690610527992249"
"96405","0.8731817007064819","0.8731817007064819","0.8731817007064819"
"96416","0.6420140266418457","0.6420140266418457","0.6420140266418457"
"96418","0.8956619501113892","0.8956619501113892","0.8956619501113892"
"96442","0.8533176183700562","0.8533176183700562","0.8533176183700562"
"96488","0.8997102975845337","0.8997102975845337","0.8997102975845337"
"96502","0.6970788240432739","0.6970788240432739","0.6970788240432739"
"96505","0.6590518951416016","0.6590518951416016","0.6590518951416016"
"96537","0.94797682762146","0.94797682762146","0.94797682762146"
"96561","0.8757344484329224","0.8757344484329224","0.8757344484329224"
"96587","0.9960761666297913","0.9960761666297913","0.9960761666297913"
"96645","1.0397999286651611","1.0397999286651611","1.0397999286651611"
"96671","0.8842847943305969","0.8842847943305969","0.8842847943305969"
"96711","0.9799164533615112","0.9799164533615112","0.9799164533615112"
"96739","0.9355987310409546","0.9355987310409546","0.9355987310409546"
"96793","0.5654366612434387","0.5654366612434387","0.5654366612434387"
"96799","0.9673722386360168","0.9673722386360168","0.9673722386360168"
"96820","0.9296382665634155","0.9296382665634155","0.9296382665634155"
"96847","0.6507099866867065","0.6507099866867065","0.6507099866867065"
"96851","0.9178310036659241","0.9178310036659241","0.9178310036659241"
"96908","0.7190724611282349","0.7190724611282349","0.7190724611282349"
"96933","1.0175268650054932","1.0175268650054932","1.0175268650054932"
"96936","0.7417575120925903","0.7417575120925903","0.7417575120925903"
"96979","0.8006969690322876","0.8006969690322876","0.8006969690322876"
"97048","0.49746593832969666","0.49746593832969666","0.49746593832969666"
"97073","0.8770987391471863","0.8770987391471863","0.8770987391471863"
"97089","0.6650034189224243","0.6650034189224243","0.6650034189224243"
"97116","0.8320636749267578","0.8320636749267578","0.8320636749267578"
"97134","0.8972404599189758","0.8972404599189758","0.8972404599189758"
"97141","1.0508161783218384","1.0508161783218384","1.0508161783218384"
"97160","1.0844392776489258","1.0844392776489258","1.0844392776489258"
"97165","0.7051304578781128","0.7051304578781128","0.7051304578781128"
"97186","0.7980496883392334","0.7980496883392334","0.7980496883392334"
"97219","0.8087244033813477","0.8087244033813477","0.8087244033813477"
"97244","0.6603924036026001","0.6603924036026001","0.6603924036026001"
"97306","0.9143714904785156","0.9143714904785156","0.9143714904785156"
"97332","0.7492809295654297","0.7492809295654297","0.7492809295654297"
"97392","0.6352367401123047","0.6352367401123047","0.6352367401123047"
"97418","0.7617204785346985","0.7617204785346985","0.7617204785346985"
"97452","0.7361286878585815","0.7361286878585815","0.7361286878585815"
"97480","1.0337704420089722","1.0337704420089722","1.0337704420089722"
"97502","0.9439939260482788","0.9439939260482788","0.9439939260482788"
"97505","0.7036380767822266","0.7036380767822266","0.7036380767822266"
"97515","0.6045962572097778","0.6045962572097778","0.6045962572097778"
"97522","1.1507829427719116","1.1507829427719116","1.1507829427719116"
"97538","0.8031924366950989","0.8031924366950989","0.8031924366950989"
"97540","0.7331033945083618","0.7331033945083618","0.7331033945083618"
"97613","0.6307775974273682","0.6307775974273682","0.6307775974273682"
"97634","0.8729931712150574","0.8729931712150574","0.8729931712150574"
"97659","0.8479019403457642","0.8479019403457642","0.8479019403457642"
"97696","1.272979497909546","1.272979497909546","1.272979497909546"
"97711","0.737891674041748","0.737891674041748","0.737891674041748"
"97742","0.7539005279541016","0.7539005279541016","0.7539005279541016"
"97762","1.1356635093688965","1.1356635093688965","1.1356635093688965"
"97801","0.9287948608398438","0.9287948608398438","0.9287948608398438"
"97806","0.8990945816040039","0.8990945816040039","0.8990945816040039"
"97822","0.7705066800117493","0.7705066800117493","0.7705066800117493"
"97848","1.0264227390289307","1.0264227390289307","1.0264227390289307"
"97861","1.0980815887451172","1.0980815887451172","1.0980815887451172"
"97891","0.6998722553253174","0.6998722553253174","0.6998722553253174"
"97908","0.8619500398635864","0.8619500398635864","0.8619500398635864"
"97910","0.7689026594161987","0.7689026594161987","0.7689026594161987"
"97923","0.7424803376197815","0.7424803376197815","0.7424803376197815"
"98012","0.9995803833007812","0.9995803833007812","0.9995803833007812"
"98024","1.0661230087280273","1.0661230087280273","1.0661230087280273"
"98066","0.8485777378082275","0.8485777378082275","0.8485777378082275"
"98091","0.7835865020751953","0.7835865020751953","0.7835865020751953"
"98110","0.6867126226425171","0.6867126226425171","0.6867126226425171"
"98157","0.6897474527359009","0.6897474527359009","0.6897474527359009"
"98164","0.7359499931335449","0.7359499931335449","0.7359499931335449"
"98165","0.6224174499511719","0.6224174499511719","0.6224174499511719"
"98190","0.7489194273948669","0.7489194273948669","0.7489194273948669"
"98211","0.431704044342041","0.431704044342041","0.431704044342041"
"98213","0.8976470828056335","0.8976470828056335","0.8976470828056335"
"98240","0.6424204111099243","0.6424204111099243","0.6424204111099243"
"98320","0.6281904578208923","0.6281904578208923","0.6281904578208923"
"98330","1.0397957563400269","1.0397957563400269","1.0397957563400269"
"98340","0.8014602065086365","0.8014602065086365","0.8014602065086365"
"98362","0.5950865745544434","0.5950865745544434","0.5950865745544434"
"98434","0.729271411895752","0.729271411895752","0.729271411895752"
"98471","0.6631589531898499","0.6631589531898499","0.6631589531898499"
"98475","0.8192800283432007","0.8192800283432007","0.8192800283432007"
"98548","0.6437006592750549","0.6437006592750549","0.6437006592750549"
"98551","0.8553024530410767","0.8553024530410767","0.8553024530410767"
"98553","1.3534741401672363","1.3534741401672363","1.3534741401672363"
"98673","0.743316650390625","0.743316650390625","0.743316650390625"
"98745","0.7056683897972107","0.7056683897972107","0.7056683897972107"
"98769","1.1624717712402344","1.1624717712402344","1.1624717712402344"
"98816","0.7013853788375854","0.7013853788375854","0.7013853788375854"
"98935","0.7708936929702759","0.7708936929702759","0.7708936929702759"
"98947","0.8170745372772217","0.8170745372772217","0.8170745372772217"
"98971","0.6970188617706299","0.6970188617706299","0.6970188617706299"
"98998","0.6455035209655762","0.6455035209655762","0.6455035209655762"
"99007","0.8882149457931519","0.8882149457931519","0.8882149457931519"
"99014","1.0095627307891846","1.0095627307891846","1.0095627307891846"
"99023","0.8021883964538574","0.8021883964538574","0.8021883964538574"
"99030","0.9389698505401611","0.9389698505401611","0.9389698505401611"
"99047","0.7064435482025146","0.7064435482025146","0.7064435482025146"
"99048","0.8441499471664429","0.8441499471664429","0.8441499471664429"
"99059","1.122910737991333","1.122910737991333","1.122910737991333"
"99062","0.8771121501922607","0.8771121501922607","0.8771121501922607"
"99094","0.5614638924598694","0.5614638924598694","0.5614638924598694"
"99114","0.7919121980667114","0.7919121980667114","0.7919121980667114"
"99133","1.1441395282745361","1.1441395282745361","1.1441395282745361"
"99158","0.8755306005477905","0.8755306005477905","0.8755306005477905"
"99211","0.9524970054626465","0.9524970054626465","0.9524970054626465"
"99282","0.7749010324478149","0.7749010324478149","0.7749010324478149"
"99304","1.0077779293060303","1.0077779293060303","1.0077779293060303"
"99316","0.445709228515625","0.445709228515625","0.445709228515625"
"99345","0.5864896774291992","0.5864896774291992","0.5864896774291992"
"99352","0.6150611042976379","0.6150611042976379","0.6150611042976379"
"99454","0.9133554697036743","0.9133554697036743","0.9133554697036743"
"99491","0.7490650415420532","0.7490650415420532","0.7490650415420532"
"99497","0.7089807391166687","0.7089807391166687","0.7089807391166687"
"99502","0.6805551648139954","0.6805551648139954","0.6805551648139954"
"99608","0.5467121601104736","0.5467121601104736","0.5467121601104736"
"99735","0.4529898166656494","0.4529898166656494","0.4529898166656494"
"99777","0.7544265985488892","0.7544265985488892","0.7544265985488892"
"99780","0.8588643670082092","0.8588643670082092","0.8588643670082092"
"99799","0.6944717168807983","0.6944717168807983","0.6944717168807983"
"99804","0.7362292408943176","0.7362292408943176","0.7362292408943176"
"99812","0.9516186714172363","0.9516186714172363","0.9516186714172363"
"99894","0.9308418035507202","0.9308418035507202","0.9308418035507202"
"99909","0.7780987024307251","0.7780987024307251","0.7780987024307251"
"99917","0.8854917287826538","0.8854917287826538","0.8854917287826538"
"99964","0.7766028642654419","0.7766028642654419","0.7766028642654419"
"100034","0.6914182901382446","0.6914182901382446","0.6914182901382446"
"100038","1.0826019048690796","1.0826019048690796","1.0826019048690796"
"100051","0.8500595688819885","0.8500595688819885","0.8500595688819885"
"100071","0.7989652156829834","0.7989652156829834","0.7989652156829834"
"100078","0.5458110570907593","0.5458110570907593","0.5458110570907593"
"100097","0.9076840877532959","0.9076840877532959","0.9076840877532959"
"100116","0.7963854074478149","0.7963854074478149","0.7963854074478149"
"100134","0.6502506732940674","0.6502506732940674","0.6502506732940674"
"100153","0.8465120792388916","0.8465120792388916","0.8465120792388916"
"100159","0.6918718218803406","0.6918718218803406","0.6918718218803406"
"100204","0.7005376219749451","0.7005376219749451","0.7005376219749451"
"100210","0.9277318716049194","0.9277318716049194","0.9277318716049194"
"100220","0.9927801489830017","0.9927801489830017","0.9927801489830017"
"100249","0.9870282411575317","0.9870282411575317","0.9870282411575317"
"100262","0.620834469795227","0.620834469795227","0.620834469795227"
"100287","0.8327256441116333","0.8327256441116333","0.8327256441116333"
"100308","0.8673070669174194","0.8673070669174194","0.8673070669174194"
"100317","1.115431785583496","1.115431785583496","1.115431785583496"
"100326","0.6680879592895508","0.6680879592895508","0.6680879592895508"
"100336","0.7854553461074829","0.7854553461074829","0.7854553461074829"
"100363","0.7172956466674805","0.7172956466674805","0.7172956466674805"
"100410","1.0210084915161133","1.0210084915161133","1.0210084915161133"
"100463","0.645771861076355","0.645771861076355","0.645771861076355"
"100465","0.8389744758605957","0.8389744758605957","0.8389744758605957"
"100490","1.0947659015655518","1.0947659015655518","1.0947659015655518"
"100511","0.9696041941642761","0.9696041941642761","0.9696041941642761"
"100512","0.6470540761947632","0.6470540761947632","0.6470540761947632"
"100526","0.742028534412384","0.742028534412384","0.742028534412384"
"100645","0.9917026162147522","0.9917026162147522","0.9917026162147522"
"100661","0.9184084534645081","0.9184084534645081","0.9184084534645081"
"100721","0.8478775024414062","0.8478775024414062","0.8478775024414062"
"100727","0.5752440690994263","0.5752440690994263","0.5752440690994263"
"100737","0.7984721660614014","0.7984721660614014","0.7984721660614014"
"100750","1.0557827949523926","1.0557827949523926","1.0557827949523926"
"100782","0.8173379898071289","0.8173379898071289","0.8173379898071289"
"100793","0.8173463344573975","0.8173463344573975","0.8173463344573975"
"100794","1.1459382772445679","1.1459382772445679","1.1459382772445679"
"100813","0.8853347301483154","0.8853347301483154","0.8853347301483154"
"100820","0.7896113395690918","0.7896113395690918","0.7896113395690918"
"100833","0.8300223350524902","0.8300223350524902","0.8300223350524902"
"100848","0.8765206933021545","0.8765206933021545","0.8765206933021545"
"100853","0.5645655989646912","0.5645655989646912","0.5645655989646912"
"100857","0.5815021991729736","0.5815021991729736","0.5815021991729736"
"100874","0.8734049201011658","0.8734049201011658","0.8734049201011658"
"100909","0.8482286930084229","0.8482286930084229","0.8482286930084229"
"100934","0.6990695595741272","0.6990695595741272","0.6990695595741272"
"100957","0.6206570863723755","0.6206570863723755","0.6206570863723755"
"100966","0.6638749837875366","0.6638749837875366","0.6638749837875366"
"100977","0.5166283845901489","0.5166283845901489","0.5166283845901489"
"100998","0.77663254737854","0.77663254737854","0.77663254737854"
"101000","0.9354029893875122","0.9354029893875122","0.9354029893875122"
"101023","0.8495534062385559","0.8495534062385559","0.8495534062385559"
"101031","0.9665933847427368","0.9665933847427368","0.9665933847427368"
"101067","0.7710235714912415","0.7710235714912415","0.7710235714912415"
"101073","0.8202692866325378","0.8202692866325378","0.8202692866325378"
"101081","0.9010139107704163","0.9010139107704163","0.9010139107704163"
"101105","0.8462764024734497","0.8462764024734497","0.8462764024734497"
"101131","0.6838682293891907","0.6838682293891907","0.6838682293891907"
"101135","0.7342228889465332","0.7342228889465332","0.7342228889465332"
"101158","0.558071494102478","0.558071494102478","0.558071494102478"
"101204","0.7906606197357178","0.7906606197357178","0.7906606197357178"
"101210","1.0318851470947266","1.0318851470947266","1.0318851470947266"
"101216","0.5340019464492798","0.5340019464492798","0.5340019464492798"
"101225","1.0362412929534912","1.0362412929534912","1.0362412929534912"
"101246","1.0571258068084717","1.0571258068084717","1.0571258068084717"
"101288","0.8493270874023438","0.8493270874023438","0.8493270874023438"
"101382","1.0281367301940918","1.0281367301940918","1.0281367301940918"
"101461","1.349607229232788","1.349607229232788","1.349607229232788"
"101462","0.7537047863006592","0.7537047863006592","0.7537047863006592"
"101470","1.405152678489685","1.405152678489685","1.405152678489685"
"101471","0.787013828754425","0.787013828754425","0.787013828754425"
"101485","0.6358126401901245","0.6358126401901245","0.6358126401901245"
"101507","1.015465259552002","1.015465259552002","1.015465259552002"
"101510","0.8368780612945557","0.8368780612945557","0.8368780612945557"
"101530","0.5537424087524414","0.5537424087524414","0.5537424087524414"
"101531","0.8756638765335083","0.8756638765335083","0.8756638765335083"
"101533","0.9268712401390076","0.9268712401390076","0.9268712401390076"
"101564","0.6370453834533691","0.6370453834533691","0.6370453834533691"
"101602","0.9014345407485962","0.9014345407485962","0.9014345407485962"
"101612","0.5169597268104553","0.5169597268104553","0.5169597268104553"
"101624","0.7905652523040771","0.7905652523040771","0.7905652523040771"
"101641","0.6516667008399963","0.6516667008399963","0.6516667008399963"
"101656","0.5427340269088745","0.5427340269088745","0.5427340269088745"
"101662","0.7423678040504456","0.7423678040504456","0.7423678040504456"
"101667","1.0536742210388184","1.0536742210388184","1.0536742210388184"
"101671","0.8679499626159668","0.8679499626159668","0.8679499626159668"
"101719","0.5839930772781372","0.5839930772781372","0.5839930772781372"
"101730","0.6752736568450928","0.6752736568450928","0.6752736568450928"
"101739","0.6312034130096436","0.6312034130096436","0.6312034130096436"
"101750","0.6903731822967529","0.6903731822967529","0.6903731822967529"
"101775","0.8066952228546143","0.8066952228546143","0.8066952228546143"
"101822","0.7866994142532349","0.7866994142532349","0.7866994142532349"
"101837","0.6073185205459595","0.6073185205459595","0.6073185205459595"
"101882","0.931644082069397","0.931644082069397","0.931644082069397"
"101885","0.7800333499908447","0.7800333499908447","0.7800333499908447"
"101886","0.8637028932571411","0.8637028932571411","0.8637028932571411"
"101972","1.2243804931640625","1.2243804931640625","1.2243804931640625"
"102022","0.7132093906402588","0.7132093906402588","0.7132093906402588"
"102033","0.8967374563217163","0.8967374563217163","0.8967374563217163"
"102040","0.610828161239624","0.610828161239624","0.610828161239624"
"102113","0.912057638168335","0.912057638168335","0.912057638168335"
"102171","0.5506858229637146","0.5506858229637146","0.5506858229637146"
"102173","0.8883239030838013","0.8883239030838013","0.8883239030838013"
"102198","0.7258886098861694","0.7258886098861694","0.7258886098861694"
"102201","0.7647281885147095","0.7647281885147095","0.7647281885147095"
"102203","1.2873260974884033","1.2873260974884033","1.2873260974884033"
"102205","0.9326708912849426","0.9326708912849426","0.9326708912849426"
"102233","0.7380526661872864","0.7380526661872864","0.7380526661872864"
"102244","0.8467597961425781","0.8467597961425781","0.8467597961425781"
"102248","0.632089376449585","0.632089376449585","0.632089376449585"
"102281","0.5628990530967712","0.5628990530967712","0.5628990530967712"
"102282","0.47899091243743896","0.47899091243743896","0.47899091243743896"
"102372","0.7337988615036011","0.7337988615036011","0.7337988615036011"
"102392","0.47630417346954346","0.47630417346954346","0.47630417346954346"
"102440","1.2036118507385254","1.2036118507385254","1.2036118507385254"
"102442","0.9547479152679443","0.9547479152679443","0.9547479152679443"
"102447","0.7993349432945251","0.7993349432945251","0.7993349432945251"
"102454","0.9718782901763916","0.9718782901763916","0.9718782901763916"
"102458","0.8581094741821289","0.8581094741821289","0.8581094741821289"
"102463","0.9421401619911194","0.9421401619911194","0.9421401619911194"
"102471","0.7698583602905273","0.7698583602905273","0.7698583602905273"
"102550","0.6035938262939453","0.6035938262939453","0.6035938262939453"
"102599","1.008195400238037","1.008195400238037","1.008195400238037"
"102604","0.8194241523742676","0.8194241523742676","0.8194241523742676"
"102655","0.8501556515693665","0.8501556515693665","0.8501556515693665"
"102663","1.1623866558074951","1.1623866558074951","1.1623866558074951"
"102695","0.6972548365592957","0.6972548365592957","0.6972548365592957"
"102720","0.6665710210800171","0.6665710210800171","0.6665710210800171"
"102732","0.7309576272964478","0.7309576272964478","0.7309576272964478"
"102741","0.5201231241226196","0.5201231241226196","0.5201231241226196"
"102782","0.7817909717559814","0.7817909717559814","0.7817909717559814"
"102786","0.5670797228813171","0.5670797228813171","0.5670797228813171"
"102788","0.9745925664901733","0.9745925664901733","0.9745925664901733"
"102804","0.6011562943458557","0.6011562943458557","0.6011562943458557"
"102830","0.6900511384010315","0.6900511384010315","0.6900511384010315"
"102844","0.7839534878730774","0.7839534878730774","0.7839534878730774"
"102895","0.669070839881897","0.669070839881897","0.669070839881897"
"102896","0.5549660921096802","0.5549660921096802","0.5549660921096802"
"102913","0.8883926868438721","0.8883926868438721","0.8883926868438721"
"102937","0.6582202911376953","0.6582202911376953","0.6582202911376953"
"102960","0.5053271055221558","0.5053271055221558","0.5053271055221558"
"103004","0.9846148490905762","0.9846148490905762","0.9846148490905762"
"103031","1.1063305139541626","1.1063305139541626","1.1063305139541626"
"103108","0.9134112596511841","0.9134112596511841","0.9134112596511841"
"103113","1.0469334125518799","1.0469334125518799","1.0469334125518799"
"103127","0.6701050996780396","0.6701050996780396","0.6701050996780396"
"103138","0.9789431095123291","0.9789431095123291","0.9789431095123291"
"103224","0.6810463666915894","0.6810463666915894","0.6810463666915894"
"103278","0.8039729595184326","0.8039729595184326","0.8039729595184326"
"103281","0.7454369068145752","0.7454369068145752","0.7454369068145752"
"103323","0.9831609129905701","0.9831609129905701","0.9831609129905701"
"103336","0.6263450384140015","0.6263450384140015","0.6263450384140015"
"103350","0.7251084446907043","0.7251084446907043","0.7251084446907043"
"103355","1.0541549921035767","1.0541549921035767","1.0541549921035767"
"103359","0.7225222587585449","0.7225222587585449","0.7225222587585449"
"103374","0.5592999458312988","0.5592999458312988","0.5592999458312988"
"103396","0.7569671869277954","0.7569671869277954","0.7569671869277954"
"103409","0.6221758127212524","0.6221758127212524","0.6221758127212524"
"103462","0.5262761116027832","0.5262761116027832","0.5262761116027832"
"103482","0.7222850322723389","0.7222850322723389","0.7222850322723389"
"103499","0.8502779006958008","0.8502779006958008","0.8502779006958008"
"103547","1.0801868438720703","1.0801868438720703","1.0801868438720703"
"103553","0.7870192527770996","0.7870192527770996","0.7870192527770996"
"103577","1.2310200929641724","1.2310200929641724","1.2310200929641724"
"103585","0.7809520363807678","0.7809520363807678","0.7809520363807678"
"103602","0.7938439249992371","0.7938439249992371","0.7938439249992371"
"103613","1.2984428405761719","1.2984428405761719","1.2984428405761719"
"103629","0.8620924353599548","0.8620924353599548","0.8620924353599548"
"103677","0.46430325508117676","0.46430325508117676","0.46430325508117676"
"103679","0.6091474294662476","0.6091474294662476","0.6091474294662476"
"103681","0.5347840785980225","0.5347840785980225","0.5347840785980225"
"103704","0.7902193069458008","0.7902193069458008","0.7902193069458008"
"103719","0.7581928968429565","0.7581928968429565","0.7581928968429565"
"103768","0.8517677187919617","0.8517677187919617","0.8517677187919617"
"103810","1.143951177597046","1.143951177597046","1.143951177597046"
"103842","1.1773627996444702","1.1773627996444702","1.1773627996444702"
"103860","0.8321391344070435","0.8321391344070435","0.8321391344070435"
"103861","0.790648341178894","0.790648341178894","0.790648341178894"
"103871","0.7548072338104248","0.7548072338104248","0.7548072338104248"
"103891","0.6829318404197693","0.6829318404197693","0.6829318404197693"
"103896","0.8350287675857544","0.8350287675857544","0.8350287675857544"
"103908","0.8821600675582886","0.8821600675582886","0.8821600675582886"
"103926","0.8175704479217529","0.8175704479217529","0.8175704479217529"
"103960","1.2197964191436768","1.2197964191436768","1.2197964191436768"
"103980","0.6737989783287048","0.6737989783287048","0.6737989783287048"
"103982","0.8991415500640869","0.8991415500640869","0.8991415500640869"
"103987","0.9269142150878906","0.9269142150878906","0.9269142150878906"
"104068","0.9794105291366577","0.9794105291366577","0.9794105291366577"
"104096","0.90521240234375","0.90521240234375","0.90521240234375"
"104131","0.7994706630706787","0.7994706630706787","0.7994706630706787"
"104203","0.8027249574661255","0.8027249574661255","0.8027249574661255"
"104254","0.4963315427303314","0.4963315427303314","0.4963315427303314"
"104256","0.9605284929275513","0.9605284929275513","0.9605284929275513"
"104266","0.3394222855567932","0.3394222855567932","0.3394222855567932"
"104267","0.6760978698730469","0.6760978698730469","0.6760978698730469"
"104299","0.7001709938049316","0.7001709938049316","0.7001709938049316"
"104309","0.7817769646644592","0.7817769646644592","0.7817769646644592"
"104330","0.7064731121063232","0.7064731121063232","0.7064731121063232"
"104366","0.8327988386154175","0.8327988386154175","0.8327988386154175"
"104375","0.9812206029891968","0.9812206029891968","0.9812206029891968"
"104398","0.937477171421051","0.937477171421051","0.937477171421051"
"104400","0.7716401815414429","0.7716401815414429","0.7716401815414429"
"104441","1.021674394607544","1.021674394607544","1.021674394607544"
"104457","1.2112284898757935","1.2112284898757935","1.2112284898757935"
"104458","0.800998330116272","0.800998330116272","0.800998330116272"
"104467","1.0522369146347046","1.0522369146347046","1.0522369146347046"
"104492","0.6786878108978271","0.6786878108978271","0.6786878108978271"
"104529","0.7249631285667419","0.7249631285667419","0.7249631285667419"
"104554","1.244489073753357","1.244489073753357","1.244489073753357"
"104584","0.7744145393371582","0.7744145393371582","0.7744145393371582"
"104593","0.8181310296058655","0.8181310296058655","0.8181310296058655"
"104601","1.0139601230621338","1.0139601230621338","1.0139601230621338"
"104630","0.6636559367179871","0.6636559367179871","0.6636559367179871"
"104647","0.8385459184646606","0.8385459184646606","0.8385459184646606"
"104648","0.9841554164886475","0.9841554164886475","0.9841554164886475"
"104719","0.7185868620872498","0.7185868620872498","0.7185868620872498"
"104762","0.6779874563217163","0.6779874563217163","0.6779874563217163"
"104908","0.7029263973236084","0.7029263973236084","0.7029263973236084"
"104915","0.8690289258956909","0.8690289258956909","0.8690289258956909"
"104949","0.8299415111541748","0.8299415111541748","0.8299415111541748"
"104978","0.9478064179420471","0.9478064179420471","0.9478064179420471"
"105022","0.9242799878120422","0.9242799878120422","0.9242799878120422"
"105049","0.8422908782958984","0.8422908782958984","0.8422908782958984"
"105062","0.7312471270561218","0.7312471270561218","0.7312471270561218"
"105072","0.7461942434310913","0.7461942434310913","0.7461942434310913"
"105087","0.7654070854187012","0.7654070854187012","0.7654070854187012"
"105092","0.60269695520401","0.60269695520401","0.60269695520401"
"105096","0.8782694935798645","0.8782694935798645","0.8782694935798645"
"105215","0.22486692667007446","0.22486692667007446","0.22486692667007446"
"105218","0.7405160665512085","0.7405160665512085","0.7405160665512085"
"105224","0.9514185190200806","0.9514185190200806","0.9514185190200806"
"105289","0.7515429854393005","0.7515429854393005","0.7515429854393005"
"105290","0.688650369644165","0.688650369644165","0.688650369644165"
"105329","0.86432945728302","0.86432945728302","0.86432945728302"
"105331","0.8362025618553162","0.8362025618553162","0.8362025618553162"
"105334","0.6848573684692383","0.6848573684692383","0.6848573684692383"
"105410","0.6897675395011902","0.6897675395011902","0.6897675395011902"
"105439","0.5290192365646362","0.5290192365646362","0.5290192365646362"
"105482","0.8542200326919556","0.8542200326919556","0.8542200326919556"
"105483","0.6246715188026428","0.6246715188026428","0.6246715188026428"
"105541","1.0595192909240723","1.0595192909240723","1.0595192909240723"
"105549","1.0041604042053223","1.0041604042053223","1.0041604042053223"
"105553","0.9481380581855774","0.9481380581855774","0.9481380581855774"
"105576","1.1989647150039673","1.1989647150039673","1.1989647150039673"
"105610","1.0102550983428955","1.0102550983428955","1.0102550983428955"
"105622","0.7215274572372437","0.7215274572372437","0.7215274572372437"
"105647","1.197308897972107","1.197308897972107","1.197308897972107"
"105685","0.8021848797798157","0.8021848797798157","0.8021848797798157"
"105691","0.8437685966491699","0.8437685966491699","0.8437685966491699"
"105720","0.8203273415565491","0.8203273415565491","0.8203273415565491"
"105726","0.670724093914032","0.670724093914032","0.670724093914032"
"105743","0.9891302585601807","0.9891302585601807","0.9891302585601807"
"105750","0.7547259330749512","0.7547259330749512","0.7547259330749512"
"105783","0.9541300535202026","0.9541300535202026","0.9541300535202026"
"105808","0.7914958000183105","0.7914958000183105","0.7914958000183105"
"105832","1.0538690090179443","1.0538690090179443","1.0538690090179443"
"105844","0.6940234899520874","0.6940234899520874","0.6940234899520874"
"105910","0.9627478122711182","0.9627478122711182","0.9627478122711182"
"105921","0.6175352334976196","0.6175352334976196","0.6175352334976196"
"105954","0.9027726054191589","0.9027726054191589","0.9027726054191589"
"106013","0.9850958585739136","0.9850958585739136","0.9850958585739136"
"106038","0.6588106155395508","0.6588106155395508","0.6588106155395508"
"106109","0.8820949196815491","0.8820949196815491","0.8820949196815491"
"106120","0.9104980230331421","0.9104980230331421","0.9104980230331421"
"106182","0.9510385990142822","0.9510385990142822","0.9510385990142822"
"106204","0.7610636949539185","0.7610636949539185","0.7610636949539185"
"106220","1.0924253463745117","1.0924253463745117","1.0924253463745117"
"106225","0.7052427530288696","0.7052427530288696","0.7052427530288696"
"106259","0.582268238067627","0.582268238067627","0.582268238067627"
"106270","0.8560143709182739","0.8560143709182739","0.8560143709182739"
"106289","0.7261766195297241","0.7261766195297241","0.7261766195297241"
"106295","0.5800576210021973","0.5800576210021973","0.5800576210021973"
"106326","1.010358214378357","1.010358214378357","1.010358214378357"
"106381","0.4827108383178711","0.4827108383178711","0.4827108383178711"
"106411","0.5808007121086121","0.5808007121086121","0.5808007121086121"
"106436","0.7479232549667358","0.7479232549667358","0.7479232549667358"
"106447","0.6580901145935059","0.6580901145935059","0.6580901145935059"
"106464","1.013065218925476","1.013065218925476","1.013065218925476"
"106480","1.0326793193817139","1.0326793193817139","1.0326793193817139"
"106495","0.8324928283691406","0.8324928283691406","0.8324928283691406"
"106497","0.7869654297828674","0.7869654297828674","0.7869654297828674"
"106509","0.5490695238113403","0.5490695238113403","0.5490695238113403"
"106528","1.0316303968429565","1.0316303968429565","1.0316303968429565"
"106531","0.521020770072937","0.521020770072937","0.521020770072937"
"106539","0.5570822954177856","0.5570822954177856","0.5570822954177856"
"106543","0.9952521920204163","0.9952521920204163","0.9952521920204163"
"106574","0.8439840078353882","0.8439840078353882","0.8439840078353882"
"106652","0.744455873966217","0.744455873966217","0.744455873966217"
"106674","0.6435642838478088","0.6435642838478088","0.6435642838478088"
"106713","0.8886916637420654","0.8886916637420654","0.8886916637420654"
"106724","0.5762143135070801","0.5762143135070801","0.5762143135070801"
"106738","0.593226432800293","0.593226432800293","0.593226432800293"
"106741","0.8134012818336487","0.8134012818336487","0.8134012818336487"
"106775","1.1891127824783325","1.1891127824783325","1.1891127824783325"
"106793","0.9318135976791382","0.9318135976791382","0.9318135976791382"
"106817","0.8825253248214722","0.8825253248214722","0.8825253248214722"
"106858","0.48747682571411133","0.48747682571411133","0.48747682571411133"
"106867","0.8138620853424072","0.8138620853424072","0.8138620853424072"
"106885","0.970024824142456","0.970024824142456","0.970024824142456"
"106927","0.7232730388641357","0.7232730388641357","0.7232730388641357"
"106933","0.503027081489563","0.503027081489563","0.503027081489563"
"106943","0.7215862274169922","0.7215862274169922","0.7215862274169922"
"106947","0.6474351286888123","0.6474351286888123","0.6474351286888123"
"106969","0.6450134515762329","0.6450134515762329","0.6450134515762329"
"106975","1.1371064186096191","1.1371064186096191","1.1371064186096191"
"106977","1.0148810148239136","1.0148810148239136","1.0148810148239136"
"106998","0.8927868604660034","0.8927868604660034","0.8927868604660034"
"107035","0.7176520824432373","0.7176520824432373","0.7176520824432373"
"107095","0.7928601503372192","0.7928601503372192","0.7928601503372192"
"107096","0.6277725696563721","0.6277725696563721","0.6277725696563721"
"107107","0.8991484642028809","0.8991484642028809","0.8991484642028809"
"107128","0.9567686319351196","0.9567686319351196","0.9567686319351196"
"107196","0.6392342448234558","0.6392342448234558","0.6392342448234558"
"107247","0.5132449865341187","0.5132449865341187","0.5132449865341187"
"107257","0.9547277092933655","0.9547277092933655","0.9547277092933655"
"107360","0.550527036190033","0.550527036190033","0.550527036190033"
"107441","0.4584285020828247","0.4584285020828247","0.4584285020828247"
"107443","0.8938288688659668","0.8938288688659668","0.8938288688659668"
"107451","0.637189507484436","0.637189507484436","0.637189507484436"
"107457","0.7571907639503479","0.7571907639503479","0.7571907639503479"
"107476","0.7001977562904358","0.7001977562904358","0.7001977562904358"
"107487","0.6693853139877319","0.6693853139877319","0.6693853139877319"
"107492","0.9123885035514832","0.9123885035514832","0.9123885035514832"
"107493","0.8082016110420227","0.8082016110420227","0.8082016110420227"
"107508","0.663267970085144","0.663267970085144","0.663267970085144"
"107597","0.683789849281311","0.683789849281311","0.683789849281311"
"107611","0.5763769149780273","0.5763769149780273","0.5763769149780273"
"107636","0.8927291631698608","0.8927291631698608","0.8927291631698608"
"107644","0.557396411895752","0.557396411895752","0.557396411895752"
"107653","0.7608484625816345","0.7608484625816345","0.7608484625816345"
"107658","0.8436101675033569","0.8436101675033569","0.8436101675033569"
"107666","0.8355339765548706","0.8355339765548706","0.8355339765548706"
"107684","0.7334190607070923","0.7334190607070923","0.7334190607070923"
"107691","0.5445014238357544","0.5445014238357544","0.5445014238357544"
"107725","0.7529935240745544","0.7529935240745544","0.7529935240745544"
"107738","0.8781200647354126","0.8781200647354126","0.8781200647354126"
"107739","0.6905646324157715","0.6905646324157715","0.6905646324157715"
"107747","0.7219851016998291","0.7219851016998291","0.7219851016998291"
"107748","0.7159557342529297","0.7159557342529297","0.7159557342529297"
"107790","0.9120384454727173","0.9120384454727173","0.9120384454727173"
"107795","0.7522901296615601","0.7522901296615601","0.7522901296615601"
"107803","0.8668512105941772","0.8668512105941772","0.8668512105941772"
"107908","0.734969973564148","0.734969973564148","0.734969973564148"
"107911","0.634598970413208","0.634598970413208","0.634598970413208"
"107916","1.0112872123718262","1.0112872123718262","1.0112872123718262"
"107979","1.1368582248687744","1.1368582248687744","1.1368582248687744"
"108017","0.893657922744751","0.893657922744751","0.893657922744751"
"108019","0.6621408462524414","0.6621408462524414","0.6621408462524414"
"108028","0.7640001177787781","0.7640001177787781","0.7640001177787781"
"108050","0.8994239568710327","0.8994239568710327","0.8994239568710327"
"108100","0.5455031991004944","0.5455031991004944","0.5455031991004944"
"108105","0.7059045433998108","0.7059045433998108","0.7059045433998108"
"108151","0.9696636199951172","0.9696636199951172","0.9696636199951172"
"108155","0.8417899012565613","0.8417899012565613","0.8417899012565613"
"108168","1.0803288221359253","1.0803288221359253","1.0803288221359253"
"108196","0.6457611918449402","0.6457611918449402","0.6457611918449402"
"108202","0.7095012664794922","0.7095012664794922","0.7095012664794922"
"108241","0.6584420204162598","0.6584420204162598","0.6584420204162598"
"108256","0.7045580148696899","0.7045580148696899","0.7045580148696899"
"108270","0.6367912888526917","0.6367912888526917","0.6367912888526917"
"108275","1.2333707809448242","1.2333707809448242","1.2333707809448242"
"108289","0.6535608768463135","0.6535608768463135","0.6535608768463135"
"108298","1.260239601135254","1.260239601135254","1.260239601135254"
"108326","0.5712213516235352","0.5712213516235352","0.5712213516235352"
"108351","0.49556466937065125","0.49556466937065125","0.49556466937065125"
"108364","0.9251316785812378","0.9251316785812378","0.9251316785812378"
"108385","0.9537999629974365","0.9537999629974365","0.9537999629974365"
"108413","0.6539725661277771","0.6539725661277771","0.6539725661277771"
"108465","0.8298743963241577","0.8298743963241577","0.8298743963241577"
"108508","0.8355798125267029","0.8355798125267029","0.8355798125267029"
"108515","0.7013615369796753","0.7013615369796753","0.7013615369796753"
"108549","0.8316452503204346","0.8316452503204346","0.8316452503204346"
"108560","0.6305890679359436","0.6305890679359436","0.6305890679359436"
"108709","0.6855363845825195","0.6855363845825195","0.6855363845825195"
"108718","0.8735594749450684","0.8735594749450684","0.8735594749450684"
"108736","0.7000434994697571","0.7000434994697571","0.7000434994697571"
"108792","0.7713050246238708","0.7713050246238708","0.7713050246238708"
"108798","0.6252492666244507","0.6252492666244507","0.6252492666244507"
"108863","0.7561945915222168","0.7561945915222168","0.7561945915222168"
"108880","0.7707726359367371","0.7707726359367371","0.7707726359367371"
"108887","0.9437923431396484","0.9437923431396484","0.9437923431396484"
"108948","0.7725358605384827","0.7725358605384827","0.7725358605384827"
"108949","0.4536430239677429","0.4536430239677429","0.4536430239677429"
"109005","0.6669352650642395","0.6669352650642395","0.6669352650642395"
"109024","0.39430803060531616","0.39430803060531616","0.39430803060531616"
"109107","0.7481536865234375","0.7481536865234375","0.7481536865234375"
"109135","1.1252970695495605","1.1252970695495605","1.1252970695495605"
"109179","0.763541579246521","0.763541579246521","0.763541579246521"
"109233","0.8155914545059204","0.8155914545059204","0.8155914545059204"
"109256","0.6534428000450134","0.6534428000450134","0.6534428000450134"
"109259","0.6073508262634277","0.6073508262634277","0.6073508262634277"
"109260","0.6184865236282349","0.6184865236282349","0.6184865236282349"
"109309","0.762028694152832","0.762028694152832","0.762028694152832"
"109316","0.9213294982910156","0.9213294982910156","0.9213294982910156"
"109320","0.9393611550331116","0.9393611550331116","0.9393611550331116"
"109408","0.6044111251831055","0.6044111251831055","0.6044111251831055"
"109473","0.9056762456893921","0.9056762456893921","0.9056762456893921"
"109476","0.6667065024375916","0.6667065024375916","0.6667065024375916"
"109477","0.45746442675590515","0.45746442675590515","0.45746442675590515"
"109513","0.8088206052780151","0.8088206052780151","0.8088206052780151"
"109533","0.6857717037200928","0.6857717037200928","0.6857717037200928"
"109576","0.7672544717788696","0.7672544717788696","0.7672544717788696"
"109604","0.735715389251709","0.735715389251709","0.735715389251709"
"109606","0.760772705078125","0.760772705078125","0.760772705078125"
"109616","0.7571103572845459","0.7571103572845459","0.7571103572845459"
"109635","0.6080269813537598","0.6080269813537598","0.6080269813537598"
"109650","0.686030924320221","0.686030924320221","0.686030924320221"
"109737","0.7823032736778259","0.7823032736778259","0.7823032736778259"
"109742","0.6587809920310974","0.6587809920310974","0.6587809920310974"
"109840","1.0033706426620483","1.0033706426620483","1.0033706426620483"
"109849","1.0271438360214233","1.0271438360214233","1.0271438360214233"
"109884","0.7563914060592651","0.7563914060592651","0.7563914060592651"
"109889","0.6952621340751648","0.6952621340751648","0.6952621340751648"
"109932","0.902745246887207","0.902745246887207","0.902745246887207"
"109949","0.8923543691635132","0.8923543691635132","0.8923543691635132"
"109957","0.5963425636291504","0.5963425636291504","0.5963425636291504"
"109980","0.8223825693130493","0.8223825693130493","0.8223825693130493"
"110029","0.5639238953590393","0.5639238953590393","0.5639238953590393"
"110131","1.05893874168396","1.05893874168396","1.05893874168396"
"110155","0.6235740184783936","0.6235740184783936","0.6235740184783936"
"110158","0.6309112310409546","0.6309112310409546","0.6309112310409546"
"110163","0.6342369914054871","0.6342369914054871","0.6342369914054871"
"110195","0.7718881368637085","0.7718881368637085","0.7718881368637085"
"110218","0.6643472909927368","0.6643472909927368","0.6643472909927368"
"110227","0.6537134051322937","0.6537134051322937","0.6537134051322937"
"110264","0.8112800121307373","0.8112800121307373","0.8112800121307373"
"110280","0.5558207035064697","0.5558207035064697","0.5558207035064697"
"110290","0.8673900365829468","0.8673900365829468","0.8673900365829468"
"110311","0.8404691219329834","0.8404691219329834","0.8404691219329834"
"110338","0.9016520977020264","0.9016520977020264","0.9016520977020264"
"110347","0.8858166933059692","0.8858166933059692","0.8858166933059692"
"110367","0.6056181192398071","0.6056181192398071","0.6056181192398071"
"110374","1.027601957321167","1.027601957321167","1.027601957321167"
"110377","0.5390469431877136","0.5390469431877136","0.5390469431877136"
"110385","0.5881481170654297","0.5881481170654297","0.5881481170654297"
"110390","0.6620873212814331","0.6620873212814331","0.6620873212814331"
"110445","0.5692293643951416","0.5692293643951416","0.5692293643951416"
"110454","0.8070993423461914","0.8070993423461914","0.8070993423461914"
"110458","0.8327279686927795","0.8327279686927795","0.8327279686927795"
"110469","0.9148083925247192","0.9148083925247192","0.9148083925247192"
"110487","0.7489838600158691","0.7489838600158691","0.7489838600158691"
"110492","0.8074727058410645","0.8074727058410645","0.8074727058410645"
"110506","0.6732602119445801","0.6732602119445801","0.6732602119445801"
"110507","0.7116278409957886","0.7116278409957886","0.7116278409957886"
"110537","0.6812763214111328","0.6812763214111328","0.6812763214111328"
"110581","0.593812108039856","0.593812108039856","0.593812108039856"
"110598","1.0314923524856567","1.0314923524856567","1.0314923524856567"
"110613","0.9092150926589966","0.9092150926589966","0.9092150926589966"
"110630","1.0011934041976929","1.0011934041976929","1.0011934041976929"
"110633","0.8080277442932129","0.8080277442932129","0.8080277442932129"
"110642","0.5992914438247681","0.5992914438247681","0.5992914438247681"
"110652","0.6677231788635254","0.6677231788635254","0.6677231788635254"
"110664","0.8295747637748718","0.8295747637748718","0.8295747637748718"
"110675","0.6885965466499329","0.6885965466499329","0.6885965466499329"
"110679","0.8420134782791138","0.8420134782791138","0.8420134782791138"
"110685","0.7553159594535828","0.7553159594535828","0.7553159594535828"
"110688","1.0625865459442139","1.0625865459442139","1.0625865459442139"
"110689","0.8637063503265381","0.8637063503265381","0.8637063503265381"
"110692","0.6714487075805664","0.6714487075805664","0.6714487075805664"
"110814","0.4451737701892853","0.4451737701892853","0.4451737701892853"
"110850","0.5830821394920349","0.5830821394920349","0.5830821394920349"
"110885","0.618868350982666","0.618868350982666","0.618868350982666"
"110892","0.5455895662307739","0.5455895662307739","0.5455895662307739"
"110979","0.9448708295822144","0.9448708295822144","0.9448708295822144"
"110993","0.48282045125961304","0.48282045125961304","0.48282045125961304"
"111013","0.9051893949508667","0.9051893949508667","0.9051893949508667"
"111021","0.7373669147491455","0.7373669147491455","0.7373669147491455"
"111031","0.9551761150360107","0.9551761150360107","0.9551761150360107"
"111087","0.6349983215332031","0.6349983215332031","0.6349983215332031"
"111141","0.6487396955490112","0.6487396955490112","0.6487396955490112"
"111149","0.7546833157539368","0.7546833157539368","0.7546833157539368"
"111162","0.516243577003479","0.516243577003479","0.516243577003479"
"111163","0.7297714948654175","0.7297714948654175","0.7297714948654175"
"111181","0.7401372194290161","0.7401372194290161","0.7401372194290161"
"111194","1.011720061302185","1.011720061302185","1.011720061302185"
"111197","0.82146155834198","0.82146155834198","0.82146155834198"
"111201","0.7089616060256958","0.7089616060256958","0.7089616060256958"
"111246","0.49500325322151184","0.49500325322151184","0.49500325322151184"
"111257","0.6088352203369141","0.6088352203369141","0.6088352203369141"
"111281","0.801243782043457","0.801243782043457","0.801243782043457"
"111326","0.698131799697876","0.698131799697876","0.698131799697876"
"111330","0.8666689991950989","0.8666689991950989","0.8666689991950989"
"111334","0.7682129740715027","0.7682129740715027","0.7682129740715027"
"111394","0.5419189929962158","0.5419189929962158","0.5419189929962158"
"111410","0.9783926010131836","0.9783926010131836","0.9783926010131836"
"111426","0.692772388458252","0.692772388458252","0.692772388458252"
"111462","0.609660804271698","0.609660804271698","0.609660804271698"
"111526","0.6600426435470581","0.6600426435470581","0.6600426435470581"
"111538","0.6924439072608948","0.6924439072608948","0.6924439072608948"
"111540","0.8267810940742493","0.8267810940742493","0.8267810940742493"
"111570","0.6604886054992676","0.6604886054992676","0.6604886054992676"
"111660","0.5600471496582031","0.5600471496582031","0.5600471496582031"
"111665","0.8578734993934631","0.8578734993934631","0.8578734993934631"
"111667","0.6957651376724243","0.6957651376724243","0.6957651376724243"
"111673","0.47932520508766174","0.47932520508766174","0.47932520508766174"
"111677","0.6978884339332581","0.6978884339332581","0.6978884339332581"
"111711","0.661811888217926","0.661811888217926","0.661811888217926"
"111731","0.7826476693153381","0.7826476693153381","0.7826476693153381"
"111733","0.4223060607910156","0.4223060607910156","0.4223060607910156"
"111787","1.112485647201538","1.112485647201538","1.112485647201538"
"111834","0.8212552070617676","0.8212552070617676","0.8212552070617676"
"111874","0.7860877513885498","0.7860877513885498","0.7860877513885498"
"111882","1.094245433807373","1.094245433807373","1.094245433807373"
"112019","0.569052517414093","0.569052517414093","0.569052517414093"
"112059","0.7206035852432251","0.7206035852432251","0.7206035852432251"
"112087","0.5724612474441528","0.5724612474441528","0.5724612474441528"
"112102","0.8091483116149902","0.8091483116149902","0.8091483116149902"
"112137","0.9829062223434448","0.9829062223434448","0.9829062223434448"
"112138","0.6498919725418091","0.6498919725418091","0.6498919725418091"
"112149","0.7036881446838379","0.7036881446838379","0.7036881446838379"
"112165","1.190622329711914","1.190622329711914","1.190622329711914"
"112167","1.1621065139770508","1.1621065139770508","1.1621065139770508"
"112196","0.5327605605125427","0.5327605605125427","0.5327605605125427"
"112276","0.6624929904937744","0.6624929904937744","0.6624929904937744"
"112305","0.929239809513092","0.929239809513092","0.929239809513092"
"112357","0.7828873991966248","0.7828873991966248","0.7828873991966248"
"112374","0.6976413130760193","0.6976413130760193","0.6976413130760193"
"112386","0.959962010383606","0.959962010383606","0.959962010383606"
"112406","0.7997313141822815","0.7997313141822815","0.7997313141822815"
"112445","0.4226057529449463","0.4226057529449463","0.4226057529449463"
"112467","0.8806893825531006","0.8806893825531006","0.8806893825531006"
"112471","0.7107789516448975","0.7107789516448975","0.7107789516448975"
"112532","0.8193597793579102","0.8193597793579102","0.8193597793579102"
"112539","0.7602540254592896","0.7602540254592896","0.7602540254592896"
"112544","0.4580869674682617","0.4580869674682617","0.4580869674682617"
"112545","0.7525098323822021","0.7525098323822021","0.7525098323822021"
"112546","0.6078809499740601","0.6078809499740601","0.6078809499740601"
"112566","0.7517638802528381","0.7517638802528381","0.7517638802528381"
"112576","1.0282907485961914","1.0282907485961914","1.0282907485961914"
"112589","0.6021384000778198","0.6021384000778198","0.6021384000778198"
"112603","0.9247275590896606","0.9247275590896606","0.9247275590896606"
"112646","0.5911162495613098","0.5911162495613098","0.5911162495613098"
"112667","0.6853559613227844","0.6853559613227844","0.6853559613227844"
"112697","0.7680999040603638","0.7680999040603638","0.7680999040603638"
"112701","0.8714588284492493","0.8714588284492493","0.8714588284492493"
"112744","0.5161892771720886","0.5161892771720886","0.5161892771720886"
"112768","0.5398637056350708","0.5398637056350708","0.5398637056350708"
"112797","0.6634447574615479","0.6634447574615479","0.6634447574615479"
"112814","0.8218454122543335","0.8218454122543335","0.8218454122543335"
"112856","0.9469179511070251","0.9469179511070251","0.9469179511070251"
"112886","0.6733543872833252","0.6733543872833252","0.6733543872833252"
"112891","0.7551605105400085","0.7551605105400085","0.7551605105400085"
"112913","0.6681194305419922","0.6681194305419922","0.6681194305419922"
"112919","0.8991186618804932","0.8991186618804932","0.8991186618804932"
"112920","0.7884918451309204","0.7884918451309204","0.7884918451309204"
"112983","0.6412909626960754","0.6412909626960754","0.6412909626960754"
"113034","0.7526333332061768","0.7526333332061768","0.7526333332061768"
"113073","0.7561597228050232","0.7561597228050232","0.7561597228050232"
"113139","0.7873489260673523","0.7873489260673523","0.7873489260673523"
"113249","0.6705447435379028","0.6705447435379028","0.6705447435379028"
"113256","0.599280834197998","0.599280834197998","0.599280834197998"
"113276","0.8714237213134766","0.8714237213134766","0.8714237213134766"
"113284","0.3970054090023041","0.3970054090023041","0.3970054090023041"
"113290","1.0338879823684692","1.0338879823684692","1.0338879823684692"
"113305","0.8778094053268433","0.8778094053268433","0.8778094053268433"
"113329","1.0166534185409546","1.0166534185409546","1.0166534185409546"
"113416","0.7281727194786072","0.7281727194786072","0.7281727194786072"
"113422","0.6557080149650574","0.6557080149650574","0.6557080149650574"
"113430","0.7281447649002075","0.7281447649002075","0.7281447649002075"
"113518","0.9974873065948486","0.9974873065948486","0.9974873065948486"
"113569","0.8154935240745544","0.8154935240745544","0.8154935240745544"
"113571","0.8145898580551147","0.8145898580551147","0.8145898580551147"
"113583","0.6399631500244141","0.6399631500244141","0.6399631500244141"
"113593","0.7196259498596191","0.7196259498596191","0.7196259498596191"
"113631","0.7556647062301636","0.7556647062301636","0.7556647062301636"
"113640","0.6962650418281555","0.6962650418281555","0.6962650418281555"
"113648","0.7717384696006775","0.7717384696006775","0.7717384696006775"
"113656","0.8827398419380188","0.8827398419380188","0.8827398419380188"
"113699","0.46857982873916626","0.46857982873916626","0.46857982873916626"
"113701","0.7438647150993347","0.7438647150993347","0.7438647150993347"
"113708","0.6893160343170166","0.6893160343170166","0.6893160343170166"
"113709","0.7086071968078613","0.7086071968078613","0.7086071968078613"
"113710","0.7973678112030029","0.7973678112030029","0.7973678112030029"
"113731","0.684511661529541","0.684511661529541","0.684511661529541"
"113773","0.5219978094100952","0.5219978094100952","0.5219978094100952"
"113784","0.5825604796409607","0.5825604796409607","0.5825604796409607"
"113822","0.8666000366210938","0.8666000366210938","0.8666000366210938"
"113832","0.7012328505516052","0.7012328505516052","0.7012328505516052"
"113837","0.9556983709335327","0.9556983709335327","0.9556983709335327"
"113846","0.586472749710083","0.586472749710083","0.586472749710083"
"113893","0.625273585319519","0.625273585319519","0.625273585319519"
"113927","1.0400015115737915","1.0400015115737915","1.0400015115737915"
"113933","0.7331244349479675","0.7331244349479675","0.7331244349479675"
"113934","0.6326442956924438","0.6326442956924438","0.6326442956924438"
"113943","0.9598718285560608","0.9598718285560608","0.9598718285560608"
"113985","0.7461943626403809","0.7461943626403809","0.7461943626403809"
"114000","0.7749128341674805","0.7749128341674805","0.7749128341674805"
"114031","0.8664731979370117","0.8664731979370117","0.8664731979370117"
"114059","0.7356238961219788","0.7356238961219788","0.7356238961219788"
"114080","0.7779201865196228","0.7779201865196228","0.7779201865196228"
"114123","0.6618030071258545","0.6618030071258545","0.6618030071258545"
"114143","0.8043250441551208","0.8043250441551208","0.8043250441551208"
"114160","0.7615201473236084","0.7615201473236084","0.7615201473236084"
"114251","0.7428040504455566","0.7428040504455566","0.7428040504455566"
"114268","0.7477399110794067","0.7477399110794067","0.7477399110794067"
"114273","0.9549139738082886","0.9549139738082886","0.9549139738082886"
"114287","0.7507630586624146","0.7507630586624146","0.7507630586624146"
"114310","0.6065597534179688","0.6065597534179688","0.6065597534179688"
"114373","0.9681275486946106","0.9681275486946106","0.9681275486946106"
"114385","0.7831867337226868","0.7831867337226868","0.7831867337226868"
"114389","0.7888064980506897","0.7888064980506897","0.7888064980506897"
"114410","0.7529652714729309","0.7529652714729309","0.7529652714729309"
"114475","0.7953665256500244","0.7953665256500244","0.7953665256500244"
"114494","0.7714967727661133","0.7714967727661133","0.7714967727661133"
"114530","0.8059064149856567","0.8059064149856567","0.8059064149856567"
"114531","0.766191840171814","0.766191840171814","0.766191840171814"
"114537","1.0348857641220093","1.0348857641220093","1.0348857641220093"
"114576","0.7131544351577759","0.7131544351577759","0.7131544351577759"
"114595","0.9374067783355713","0.9374067783355713","0.9374067783355713"
"114596","0.8978062868118286","0.8978062868118286","0.8978062868118286"
"114601","0.7945607304573059","0.7945607304573059","0.7945607304573059"
"114612","0.8054372072219849","0.8054372072219849","0.8054372072219849"
"114619","0.845050036907196","0.845050036907196","0.845050036907196"
"114660","1.0967812538146973","1.0967812538146973","1.0967812538146973"
"114666","0.6321883797645569","0.6321883797645569","0.6321883797645569"
"114691","0.6149535775184631","0.6149535775184631","0.6149535775184631"
"114712","0.6419265866279602","0.6419265866279602","0.6419265866279602"
"114740","0.6497253775596619","0.6497253775596619","0.6497253775596619"
"114802","0.7450818419456482","0.7450818419456482","0.7450818419456482"
"114804","0.8829236030578613","0.8829236030578613","0.8829236030578613"
"114817","0.9186820983886719","0.9186820983886719","0.9186820983886719"
"114826","0.5687931776046753","0.5687931776046753","0.5687931776046753"
"114855","0.8969995379447937","0.8969995379447937","0.8969995379447937"
"114860","0.5810831189155579","0.5810831189155579","0.5810831189155579"
"114869","0.6633053421974182","0.6633053421974182","0.6633053421974182"
"114877","0.8505653142929077","0.8505653142929077","0.8505653142929077"
"114924","0.6669902801513672","0.6669902801513672","0.6669902801513672"
"114962","0.7666504383087158","0.7666504383087158","0.7666504383087158"
"114984","0.5461289882659912","0.5461289882659912","0.5461289882659912"
"115028","0.89604651927948","0.89604651927948","0.89604651927948"
"115049","0.6446666717529297","0.6446666717529297","0.6446666717529297"
"115055","0.8505951166152954","0.8505951166152954","0.8505951166152954"
"115065","0.7583342790603638","0.7583342790603638","0.7583342790603638"
"115096","0.9063643217086792","0.9063643217086792","0.9063643217086792"
"115100","0.7417766451835632","0.7417766451835632","0.7417766451835632"
"115134","0.8700762391090393","0.8700762391090393","0.8700762391090393"
"115138","0.7928168773651123","0.7928168773651123","0.7928168773651123"
"115165","0.7445119619369507","0.7445119619369507","0.7445119619369507"
"115169","1.0681339502334595","1.0681339502334595","1.0681339502334595"
"115180","0.6241594552993774","0.6241594552993774","0.6241594552993774"
"115294","0.7337210774421692","0.7337210774421692","0.7337210774421692"
"115302","0.740887463092804","0.740887463092804","0.740887463092804"
"115307","0.7664717435836792","0.7664717435836792","0.7664717435836792"
"115315","0.6225280165672302","0.6225280165672302","0.6225280165672302"
"115320","0.7122884392738342","0.7122884392738342","0.7122884392738342"
"115329","0.5501524806022644","0.5501524806022644","0.5501524806022644"
"115349","0.7965654730796814","0.7965654730796814","0.7965654730796814"
"115444","1.0999661684036255","1.0999661684036255","1.0999661684036255"
"115477","0.9098597168922424","0.9098597168922424","0.9098597168922424"
"115513","0.8153367042541504","0.8153367042541504","0.8153367042541504"
"115519","0.9347697496414185","0.9347697496414185","0.9347697496414185"
"115527","0.5076364278793335","0.5076364278793335","0.5076364278793335"
"115542","0.6828853487968445","0.6828853487968445","0.6828853487968445"
"115573","0.7592818737030029","0.7592818737030029","0.7592818737030029"
"115580","0.7778313159942627","0.7778313159942627","0.7778313159942627"
"115583","0.7557750344276428","0.7557750344276428","0.7557750344276428"
"115597","0.6258904933929443","0.6258904933929443","0.6258904933929443"
"115645","0.8483192324638367","0.8483192324638367","0.8483192324638367"
"115652","1.3137078285217285","1.3137078285217285","1.3137078285217285"
"115669","0.5909019708633423","0.5909019708633423","0.5909019708633423"
"115672","0.998886227607727","0.998886227607727","0.998886227607727"
"115718","1.2466851472854614","1.2466851472854614","1.2466851472854614"
"115721","0.6622002720832825","0.6622002720832825","0.6622002720832825"
"115728","0.9382370710372925","0.9382370710372925","0.9382370710372925"
"115753","0.6412634253501892","0.6412634253501892","0.6412634253501892"
"115809","0.7866322994232178","0.7866322994232178","0.7866322994232178"
"115837","0.9256963729858398","0.9256963729858398","0.9256963729858398"
"115872","0.741056501865387","0.741056501865387","0.741056501865387"
"115884","0.5221793055534363","0.5221793055534363","0.5221793055534363"
"115891","0.865424394607544","0.865424394607544","0.865424394607544"
"115911","0.6606707572937012","0.6606707572937012","0.6606707572937012"
"115917","0.4126931428909302","0.4126931428909302","0.4126931428909302"
"115932","0.7171132564544678","0.7171132564544678","0.7171132564544678"
"115963","0.6124457716941833","0.6124457716941833","0.6124457716941833"
"115984","0.7516401410102844","0.7516401410102844","0.7516401410102844"
"116004","0.3864898681640625","0.3864898681640625","0.3864898681640625"
"116048","0.9732670783996582","0.9732670783996582","0.9732670783996582"
"116068","0.8577950596809387","0.8577950596809387","0.8577950596809387"
"116083","0.8122848272323608","0.8122848272323608","0.8122848272323608"
"116106","0.8863110542297363","0.8863110542297363","0.8863110542297363"
"116123","1.0207815170288086","1.0207815170288086","1.0207815170288086"
"116141","0.45289915800094604","0.45289915800094604","0.45289915800094604"
"116152","0.47958987951278687","0.47958987951278687","0.47958987951278687"
"116204","0.5942272543907166","0.5942272543907166","0.5942272543907166"
"116243","1.144619345664978","1.144619345664978","1.144619345664978"
"116244","0.6779026985168457","0.6779026985168457","0.6779026985168457"
"116248","0.9099130630493164","0.9099130630493164","0.9099130630493164"
"116266","0.5551201105117798","0.5551201105117798","0.5551201105117798"
"116294","0.6316441297531128","0.6316441297531128","0.6316441297531128"
"116298","0.7264145612716675","0.7264145612716675","0.7264145612716675"
"116316","0.8212655782699585","0.8212655782699585","0.8212655782699585"
"116350","0.8040993213653564","0.8040993213653564","0.8040993213653564"
"116359","0.503900408744812","0.503900408744812","0.503900408744812"
"116412","1.073793649673462","1.073793649673462","1.073793649673462"
"116424","0.4791296720504761","0.4791296720504761","0.4791296720504761"
"116488","0.7857593297958374","0.7857593297958374","0.7857593297958374"
"116519","0.9704093933105469","0.9704093933105469","0.9704093933105469"
"116534","0.9040489196777344","0.9040489196777344","0.9040489196777344"
"116559","0.6579651236534119","0.6579651236534119","0.6579651236534119"
"116616","0.7645350694656372","0.7645350694656372","0.7645350694656372"
"116675","0.7011501789093018","0.7011501789093018","0.7011501789093018"
"116685","0.7073538899421692","0.7073538899421692","0.7073538899421692"
"116695","0.72164386510849","0.72164386510849","0.72164386510849"
"116707","0.8583667278289795","0.8583667278289795","0.8583667278289795"
"116723","0.8298283815383911","0.8298283815383911","0.8298283815383911"
"116757","0.9227166771888733","0.9227166771888733","0.9227166771888733"
"116813","0.8362281322479248","0.8362281322479248","0.8362281322479248"
"116814","0.5504693388938904","0.5504693388938904","0.5504693388938904"
"116815","0.6345596313476562","0.6345596313476562","0.6345596313476562"
"116821","1.0168876647949219","1.0168876647949219","1.0168876647949219"
"116868","0.9873238801956177","0.9873238801956177","0.9873238801956177"
"116874","0.6463228464126587","0.6463228464126587","0.6463228464126587"
"116899","0.5425889492034912","0.5425889492034912","0.5425889492034912"
"116954","0.6477056741714478","0.6477056741714478","0.6477056741714478"
"116965","0.6566728353500366","0.6566728353500366","0.6566728353500366"
"116981","0.7575705647468567","0.7575705647468567","0.7575705647468567"
"116990","0.6673483848571777","0.6673483848571777","0.6673483848571777"
"117002","0.7537513375282288","0.7537513375282288","0.7537513375282288"
"117027","1.088071346282959","1.088071346282959","1.088071346282959"
"117085","0.8654001355171204","0.8654001355171204","0.8654001355171204"
"117104","0.6132591962814331","0.6132591962814331","0.6132591962814331"
"117190","0.7337992787361145","0.7337992787361145","0.7337992787361145"
"117257","0.841768741607666","0.841768741607666","0.841768741607666"
"117292","0.706960916519165","0.706960916519165","0.706960916519165"
"117320","0.7846620082855225","0.7846620082855225","0.7846620082855225"
"117323","0.954815149307251","0.954815149307251","0.954815149307251"
"117363","0.5592079758644104","0.5592079758644104","0.5592079758644104"
"117371","0.960810661315918","0.960810661315918","0.960810661315918"
"117372","0.8707337379455566","0.8707337379455566","0.8707337379455566"
"117374","0.6589227318763733","0.6589227318763733","0.6589227318763733"
"117426","0.8188166618347168","0.8188166618347168","0.8188166618347168"
"117462","0.599968433380127","0.599968433380127","0.599968433380127"
"117492","0.6459380388259888","0.6459380388259888","0.6459380388259888"
"117541","0.6685594320297241","0.6685594320297241","0.6685594320297241"
"117553","0.8794767260551453","0.8794767260551453","0.8794767260551453"
"117573","0.7374393939971924","0.7374393939971924","0.7374393939971924"
"117618","0.8128852248191833","0.8128852248191833","0.8128852248191833"
"117643","0.9008437991142273","0.9008437991142273","0.9008437991142273"
"117659","0.7651292085647583","0.7651292085647583","0.7651292085647583"
"117671","0.7476565837860107","0.7476565837860107","0.7476565837860107"
"117681","0.580777645111084","0.580777645111084","0.580777645111084"
"117703","0.9508158564567566","0.9508158564567566","0.9508158564567566"
"117705","0.8574214577674866","0.8574214577674866","0.8574214577674866"
"117720","0.8531904220581055","0.8531904220581055","0.8531904220581055"
"117746","0.8291381001472473","0.8291381001472473","0.8291381001472473"
"117778","0.6006706953048706","0.6006706953048706","0.6006706953048706"
"117783","0.8887298107147217","0.8887298107147217","0.8887298107147217"
"117805","0.7861615419387817","0.7861615419387817","0.7861615419387817"
"117902","0.9416842460632324","0.9416842460632324","0.9416842460632324"
"117905","0.9432206749916077","0.9432206749916077","0.9432206749916077"
"117915","0.6370329856872559","0.6370329856872559","0.6370329856872559"
"117974","0.8484859466552734","0.8484859466552734","0.8484859466552734"
"118031","1.0327956676483154","1.0327956676483154","1.0327956676483154"
"118082","0.6324037313461304","0.6324037313461304","0.6324037313461304"
"118092","0.9346610307693481","0.9346610307693481","0.9346610307693481"
"118120","0.45974600315093994","0.45974600315093994","0.45974600315093994"
"118131","1.1335957050323486","1.1335957050323486","1.1335957050323486"
"118159","0.8254169225692749","0.8254169225692749","0.8254169225692749"
"118192","0.7157461643218994","0.7157461643218994","0.7157461643218994"
"118212","1.0128839015960693","1.0128839015960693","1.0128839015960693"
"118267","0.6221367120742798","0.6221367120742798","0.6221367120742798"
"118275","0.8278282880783081","0.8278282880783081","0.8278282880783081"
"118308","0.695818305015564","0.695818305015564","0.695818305015564"
"118325","0.8372746706008911","0.8372746706008911","0.8372746706008911"
"118380","0.774651825428009","0.774651825428009","0.774651825428009"
"118395","0.7443896532058716","0.7443896532058716","0.7443896532058716"
"118435","0.6612558364868164","0.6612558364868164","0.6612558364868164"
"118450","0.8814733028411865","0.8814733028411865","0.8814733028411865"
"118465","0.8521683812141418","0.8521683812141418","0.8521683812141418"
"118482","0.8781098127365112","0.8781098127365112","0.8781098127365112"
"118511","0.6850353479385376","0.6850353479385376","0.6850353479385376"
"118526","0.676936149597168","0.676936149597168","0.676936149597168"
"118547","0.9656031727790833","0.9656031727790833","0.9656031727790833"
"118580","0.6797930598258972","0.6797930598258972","0.6797930598258972"
"118582","0.6829637289047241","0.6829637289047241","0.6829637289047241"
"118588","0.5699586272239685","0.5699586272239685","0.5699586272239685"
"118637","1.1676626205444336","1.1676626205444336","1.1676626205444336"
"118642","0.7716261744499207","0.7716261744499207","0.7716261744499207"
"118659","0.5974613428115845","0.5974613428115845","0.5974613428115845"
"118661","0.5620262026786804","0.5620262026786804","0.5620262026786804"
"118694","0.7553048133850098","0.7553048133850098","0.7553048133850098"
"118712","0.6363592743873596","0.6363592743873596","0.6363592743873596"
"118737","1.1479122638702393","1.1479122638702393","1.1479122638702393"
"118833","0.8329764604568481","0.8329764604568481","0.8329764604568481"
"118841","0.6487725377082825","0.6487725377082825","0.6487725377082825"
"118848","0.5845242738723755","0.5845242738723755","0.5845242738723755"
"118853","0.6398438215255737","0.6398438215255737","0.6398438215255737"
"118877","0.5209153294563293","0.5209153294563293","0.5209153294563293"
"118907","0.9652560949325562","0.9652560949325562","0.9652560949325562"
"118988","0.9676031470298767","0.9676031470298767","0.9676031470298767"
"118992","0.61100834608078","0.61100834608078","0.61100834608078"
"119018","1.2958393096923828","1.2958393096923828","1.2958393096923828"
"119027","0.8022065758705139","0.8022065758705139","0.8022065758705139"
"119036","0.708771288394928","0.708771288394928","0.708771288394928"
"119040","0.7190342545509338","0.7190342545509338","0.7190342545509338"
"119045","0.6500495672225952","0.6500495672225952","0.6500495672225952"
"119073","0.5608882904052734","0.5608882904052734","0.5608882904052734"
"119075","0.6883462071418762","0.6883462071418762","0.6883462071418762"
"119103","0.6805658340454102","0.6805658340454102","0.6805658340454102"
"119147","0.9496574401855469","0.9496574401855469","0.9496574401855469"
"119155","0.5436945557594299","0.5436945557594299","0.5436945557594299"
"119224","0.7391391396522522","0.7391391396522522","0.7391391396522522"
"119237","0.9230741262435913","0.9230741262435913","0.9230741262435913"
"119249","0.29083526134490967","0.29083526134490967","0.29083526134490967"
"119252","0.8634464740753174","0.8634464740753174","0.8634464740753174"
"119277","0.43201395869255066","0.43201395869255066","0.43201395869255066"
"119282","0.628514289855957","0.628514289855957","0.628514289855957"
"119292","0.9634102582931519","0.9634102582931519","0.9634102582931519"
"119316","0.9292294979095459","0.9292294979095459","0.9292294979095459"
"119336","0.6689046621322632","0.6689046621322632","0.6689046621322632"
"119347","0.899030327796936","0.899030327796936","0.899030327796936"
"119368","0.9085617065429688","0.9085617065429688","0.9085617065429688"
"119374","0.8833469152450562","0.8833469152450562","0.8833469152450562"
"119412","0.48318251967430115","0.48318251967430115","0.48318251967430115"
"119425","0.7050178647041321","0.7050178647041321","0.7050178647041321"
"119448","0.8197423219680786","0.8197423219680786","0.8197423219680786"
"119468","0.4875355362892151","0.4875355362892151","0.4875355362892151"
"119629","0.7350896000862122","0.7350896000862122","0.7350896000862122"
"119632","0.606776773929596","0.606776773929596","0.606776773929596"
"119638","0.5416818857192993","0.5416818857192993","0.5416818857192993"
"119642","0.5611110329627991","0.5611110329627991","0.5611110329627991"
"119645","0.9401410222053528","0.9401410222053528","0.9401410222053528"
"119655","0.8696838617324829","0.8696838617324829","0.8696838617324829"
"119696","1.1143851280212402","1.1143851280212402","1.1143851280212402"
"119704","0.9791336059570312","0.9791336059570312","0.9791336059570312"
"119711","0.6346041560173035","0.6346041560173035","0.6346041560173035"
"119718","0.5849772691726685","0.5849772691726685","0.5849772691726685"
"119732","0.6154028177261353","0.6154028177261353","0.6154028177261353"
"119753","0.703208863735199","0.703208863735199","0.703208863735199"
"119788","0.6519856452941895","0.6519856452941895","0.6519856452941895"
"119795","0.7875545024871826","0.7875545024871826","0.7875545024871826"
"119821","0.728381872177124","0.728381872177124","0.728381872177124"
"119823","0.8242169618606567","0.8242169618606567","0.8242169618606567"
"119828","0.7301899194717407","0.7301899194717407","0.7301899194717407"
"119831","1.0963245630264282","1.0963245630264282","1.0963245630264282"
"119832","0.5963249206542969","0.5963249206542969","0.5963249206542969"
"119837","0.8060348033905029","0.8060348033905029","0.8060348033905029"
"119892","0.5312776565551758","0.5312776565551758","0.5312776565551758"
"119894","0.8242655992507935","0.8242655992507935","0.8242655992507935"
"119923","0.7609227299690247","0.7609227299690247","0.7609227299690247"
"119971","0.8490681648254395","0.8490681648254395","0.8490681648254395"
"119975","0.7573379278182983","0.7573379278182983","0.7573379278182983"
"120027","1.019476294517517","1.019476294517517","1.019476294517517"
"120038","0.5619748830795288","0.5619748830795288","0.5619748830795288"
"120052","0.6262273788452148","0.6262273788452148","0.6262273788452148"
"120068","0.7900197505950928","0.7900197505950928","0.7900197505950928"
"120115","0.8299712538719177","0.8299712538719177","0.8299712538719177"
"120118","0.814204752445221","0.814204752445221","0.814204752445221"
"120134","0.718655526638031","0.718655526638031","0.718655526638031"
"120166","0.7038679122924805","0.7038679122924805","0.7038679122924805"
"120207","1.1337414979934692","1.1337414979934692","1.1337414979934692"
"120304","0.8394017815589905","0.8394017815589905","0.8394017815589905"
"120311","0.7062374353408813","0.7062374353408813","0.7062374353408813"
"120313","0.7276045083999634","0.7276045083999634","0.7276045083999634"
"120320","0.7237153053283691","0.7237153053283691","0.7237153053283691"
"120334","1.0043424367904663","1.0043424367904663","1.0043424367904663"
"120343","0.5657888054847717","0.5657888054847717","0.5657888054847717"
"120447","0.6558240652084351","0.6558240652084351","0.6558240652084351"
"120467","0.6991461515426636","0.6991461515426636","0.6991461515426636"
"120483","0.874784529209137","0.874784529209137","0.874784529209137"
"120490","0.7304785251617432","0.7304785251617432","0.7304785251617432"
"120531","0.7572707533836365","0.7572707533836365","0.7572707533836365"
"120535","0.547426700592041","0.547426700592041","0.547426700592041"
"120558","0.8589545488357544","0.8589545488357544","0.8589545488357544"
"120601","0.7182533740997314","0.7182533740997314","0.7182533740997314"
"120632","0.7686260938644409","0.7686260938644409","0.7686260938644409"
"120683","0.8192349672317505","0.8192349672317505","0.8192349672317505"
"120745","0.7267140746116638","0.7267140746116638","0.7267140746116638"
"120797","0.8379803895950317","0.8379803895950317","0.8379803895950317"
"120818","0.7638059258460999","0.7638059258460999","0.7638059258460999"
"120821","1.03435480594635","1.03435480594635","1.03435480594635"
"120847","1.0628881454467773","1.0628881454467773","1.0628881454467773"
"120862","0.777100145816803","0.777100145816803","0.777100145816803"
"120880","0.706352710723877","0.706352710723877","0.706352710723877"
"120969","0.6709997653961182","0.6709997653961182","0.6709997653961182"
"120981","0.8706549406051636","0.8706549406051636","0.8706549406051636"
"120985","0.7353256940841675","0.7353256940841675","0.7353256940841675"
"120995","0.8023090362548828","0.8023090362548828","0.8023090362548828"
"121006","1.1116443872451782","1.1116443872451782","1.1116443872451782"
"121055","0.7183840274810791","0.7183840274810791","0.7183840274810791"
"121058","0.45919132232666016","0.45919132232666016","0.45919132232666016"
"121065","0.752063512802124","0.752063512802124","0.752063512802124"
"121070","0.784386396408081","0.784386396408081","0.784386396408081"
"121087","0.8039963245391846","0.8039963245391846","0.8039963245391846"
"121094","0.9011807441711426","0.9011807441711426","0.9011807441711426"
"121146","0.6903657913208008","0.6903657913208008","0.6903657913208008"
"121162","0.6439244151115417","0.6439244151115417","0.6439244151115417"
"121174","0.6540135145187378","0.6540135145187378","0.6540135145187378"
"121178","0.5012391805648804","0.5012391805648804","0.5012391805648804"
"121188","1.0672293901443481","1.0672293901443481","1.0672293901443481"
"121194","0.7793205380439758","0.7793205380439758","0.7793205380439758"
"121204","0.765626072883606","0.765626072883606","0.765626072883606"
"121210","0.704828143119812","0.704828143119812","0.704828143119812"
"121218","0.7979178428649902","0.7979178428649902","0.7979178428649902"
"121249","0.9905425310134888","0.9905425310134888","0.9905425310134888"
"121262","0.8672985434532166","0.8672985434532166","0.8672985434532166"
"121263","0.7114155292510986","0.7114155292510986","0.7114155292510986"
"121266","0.6245653033256531","0.6245653033256531","0.6245653033256531"
"121269","0.7830739617347717","0.7830739617347717","0.7830739617347717"
"121282","0.960684597492218","0.960684597492218","0.960684597492218"
"121294","0.7418918013572693","0.7418918013572693","0.7418918013572693"
"121306","0.7772996425628662","0.7772996425628662","0.7772996425628662"
"121315","0.6816310882568359","0.6816310882568359","0.6816310882568359"
"121367","0.7092611789703369","0.7092611789703369","0.7092611789703369"
"121385","0.8687301874160767","0.8687301874160767","0.8687301874160767"
"121397","0.49943459033966064","0.49943459033966064","0.49943459033966064"
"121420","0.6697057485580444","0.6697057485580444","0.6697057485580444"
"121449","0.8929718732833862","0.8929718732833862","0.8929718732833862"
"121451","0.9618303179740906","0.9618303179740906","0.9618303179740906"
"121542","0.7140304446220398","0.7140304446220398","0.7140304446220398"
"121580","0.5336132645606995","0.5336132645606995","0.5336132645606995"
"121583","0.7997338771820068","0.7997338771820068","0.7997338771820068"
"121597","0.9073386192321777","0.9073386192321777","0.9073386192321777"
"121598","0.5190436840057373","0.5190436840057373","0.5190436840057373"
"121620","0.6855595707893372","0.6855595707893372","0.6855595707893372"
"121623","0.6391441822052002","0.6391441822052002","0.6391441822052002"
"121632","0.6230233907699585","0.6230233907699585","0.6230233907699585"
"121644","0.745818555355072","0.745818555355072","0.745818555355072"
"121647","0.611042857170105","0.611042857170105","0.611042857170105"
"121651","0.7665475606918335","0.7665475606918335","0.7665475606918335"
"121670","0.44763392210006714","0.44763392210006714","0.44763392210006714"
"121789","0.80597984790802","0.80597984790802","0.80597984790802"
"121802","1.010321855545044","1.010321855545044","1.010321855545044"
"121842","0.8017696738243103","0.8017696738243103","0.8017696738243103"
"121867","0.8723821640014648","0.8723821640014648","0.8723821640014648"
"121876","0.9217990040779114","0.9217990040779114","0.9217990040779114"
"121968","0.6732059121131897","0.6732059121131897","0.6732059121131897"
"121984","0.525506854057312","0.525506854057312","0.525506854057312"
"121991","1.2496036291122437","1.2496036291122437","1.2496036291122437"
"122010","0.7172794342041016","0.7172794342041016","0.7172794342041016"
"122045","0.7660927176475525","0.7660927176475525","0.7660927176475525"
"122054","0.863257884979248","0.863257884979248","0.863257884979248"
"122059","0.9282329678535461","0.9282329678535461","0.9282329678535461"
"122109","0.8913189172744751","0.8913189172744751","0.8913189172744751"
"122125","0.9844291806221008","0.9844291806221008","0.9844291806221008"
"122162","0.8900238275527954","0.8900238275527954","0.8900238275527954"
"122165","0.6225622892379761","0.6225622892379761","0.6225622892379761"
"122175","0.7064597010612488","0.7064597010612488","0.7064597010612488"
"122181","0.9775597453117371","0.9775597453117371","0.9775597453117371"
"122218","0.7007142901420593","0.7007142901420593","0.7007142901420593"
"122224","0.805762767791748","0.805762767791748","0.805762767791748"
"122279","0.7496787309646606","0.7496787309646606","0.7496787309646606"
"122327","0.6487627029418945","0.6487627029418945","0.6487627029418945"
"122342","0.810398519039154","0.810398519039154","0.810398519039154"
"122350","0.905839741230011","0.905839741230011","0.905839741230011"
"122352","0.6004239320755005","0.6004239320755005","0.6004239320755005"
"122357","0.7181386351585388","0.7181386351585388","0.7181386351585388"
"122400","0.653418779373169","0.653418779373169","0.653418779373169"
"122404","0.9623299837112427","0.9623299837112427","0.9623299837112427"
"122524","0.812531590461731","0.812531590461731","0.812531590461731"
"122537","0.8760942816734314","0.8760942816734314","0.8760942816734314"
"122584","0.685759425163269","0.685759425163269","0.685759425163269"
"122593","0.8616434335708618","0.8616434335708618","0.8616434335708618"
"122624","0.697451651096344","0.697451651096344","0.697451651096344"
"122630","0.8508143424987793","0.8508143424987793","0.8508143424987793"
"122642","1.121307134628296","1.121307134628296","1.121307134628296"
"122649","0.922247052192688","0.922247052192688","0.922247052192688"
"122659","0.4698750972747803","0.4698750972747803","0.4698750972747803"
"122678","0.5661558508872986","0.5661558508872986","0.5661558508872986"
"122752","0.8169127702713013","0.8169127702713013","0.8169127702713013"
"122754","1.0108873844146729","1.0108873844146729","1.0108873844146729"
"122778","0.6703112125396729","0.6703112125396729","0.6703112125396729"
"122806","0.7477822303771973","0.7477822303771973","0.7477822303771973"
"122816","0.7626628875732422","0.7626628875732422","0.7626628875732422"
"122840","0.8231151700019836","0.8231151700019836","0.8231151700019836"
"122842","0.5932531952857971","0.5932531952857971","0.5932531952857971"
"122887","0.6676154732704163","0.6676154732704163","0.6676154732704163"
"122940","0.7100610733032227","0.7100610733032227","0.7100610733032227"
"123031","0.5984593629837036","0.5984593629837036","0.5984593629837036"
"123035","0.640139102935791","0.640139102935791","0.640139102935791"
"123039","0.831654965877533","0.831654965877533","0.831654965877533"
"123057","0.8941152095794678","0.8941152095794678","0.8941152095794678"
"123067","0.612335205078125","0.612335205078125","0.612335205078125"
"123076","0.7895964980125427","0.7895964980125427","0.7895964980125427"
"123097","0.6238574981689453","0.6238574981689453","0.6238574981689453"
"123116","0.6738982200622559","0.6738982200622559","0.6738982200622559"
"123124","0.9838179349899292","0.9838179349899292","0.9838179349899292"
"123180","1.0648407936096191","1.0648407936096191","1.0648407936096191"
"123210","0.6316568851470947","0.6316568851470947","0.6316568851470947"
"123234","0.5720540285110474","0.5720540285110474","0.5720540285110474"
"123306","0.9397087097167969","0.9397087097167969","0.9397087097167969"
"123316","0.8938988447189331","0.8938988447189331","0.8938988447189331"
"123320","1.1646451950073242","1.1646451950073242","1.1646451950073242"
"123342","0.6513131856918335","0.6513131856918335","0.6513131856918335"
"123354","0.882318377494812","0.882318377494812","0.882318377494812"
"123379","0.8249039649963379","0.8249039649963379","0.8249039649963379"
"123388","0.751657247543335","0.751657247543335","0.751657247543335"
"123394","0.6117684841156006","0.6117684841156006","0.6117684841156006"
"123435","0.6898412704467773","0.6898412704467773","0.6898412704467773"
"123445","0.7620469927787781","0.7620469927787781","0.7620469927787781"
"123457","0.5035085678100586","0.5035085678100586","0.5035085678100586"
"123463","0.594768226146698","0.594768226146698","0.594768226146698"
"123480","0.5487490892410278","0.5487490892410278","0.5487490892410278"
"123525","0.6320143938064575","0.6320143938064575","0.6320143938064575"
"123621","0.9793357253074646","0.9793357253074646","0.9793357253074646"
"123645","0.789084255695343","0.789084255695343","0.789084255695343"
"123693","0.5280001759529114","0.5280001759529114","0.5280001759529114"
"123799","1.3359427452087402","1.3359427452087402","1.3359427452087402"
"123802","0.7523034811019897","0.7523034811019897","0.7523034811019897"
"123810","0.7233133316040039","0.7233133316040039","0.7233133316040039"
"123813","0.8701143860816956","0.8701143860816956","0.8701143860816956"
"123858","1.0992258787155151","1.0992258787155151","1.0992258787155151"
"123860","0.7791417241096497","0.7791417241096497","0.7791417241096497"
"123900","0.5518310070037842","0.5518310070037842","0.5518310070037842"
"123915","0.6359703540802002","0.6359703540802002","0.6359703540802002"
"123918","1.003868579864502","1.003868579864502","1.003868579864502"
"123923","0.7586658596992493","0.7586658596992493","0.7586658596992493"
"123932","0.8030485510826111","0.8030485510826111","0.8030485510826111"
"123947","1.12367844581604","1.12367844581604","1.12367844581604"
"123973","0.48840153217315674","0.48840153217315674","0.48840153217315674"
"123979","0.7478338479995728","0.7478338479995728","0.7478338479995728"
"123992","0.8510864973068237","0.8510864973068237","0.8510864973068237"
"124007","1.0075539350509644","1.0075539350509644","1.0075539350509644"
"124066","0.8511985540390015","0.8511985540390015","0.8511985540390015"
"124083","0.7124865055084229","0.7124865055084229","0.7124865055084229"
"124093","0.8573726415634155","0.8573726415634155","0.8573726415634155"
"124168","0.5865943431854248","0.5865943431854248","0.5865943431854248"
"124197","0.8592920303344727","0.8592920303344727","0.8592920303344727"
"124199","0.4934398829936981","0.4934398829936981","0.4934398829936981"
"124204","0.6534848809242249","0.6534848809242249","0.6534848809242249"
"124209","0.6633729338645935","0.6633729338645935","0.6633729338645935"
"124210","0.6086537837982178","0.6086537837982178","0.6086537837982178"
"124243","0.7867987155914307","0.7867987155914307","0.7867987155914307"
"124248","0.7602128982543945","0.7602128982543945","0.7602128982543945"
"124270","0.7468155026435852","0.7468155026435852","0.7468155026435852"
"124338","0.7219427824020386","0.7219427824020386","0.7219427824020386"
"124361","0.8583381175994873","0.8583381175994873","0.8583381175994873"
"124372","0.6543585062026978","0.6543585062026978","0.6543585062026978"
"124388","0.8968562483787537","0.8968562483787537","0.8968562483787537"
"124396","0.7455921173095703","0.7455921173095703","0.7455921173095703"
"124432","0.7714632749557495","0.7714632749557495","0.7714632749557495"
"124455","0.8219483494758606","0.8219483494758606","0.8219483494758606"
"124467","0.8632980585098267","0.8632980585098267","0.8632980585098267"
"124468","0.7954822182655334","0.7954822182655334","0.7954822182655334"
"124505","0.5930685997009277","0.5930685997009277","0.5930685997009277"
"124517","0.6001313924789429","0.6001313924789429","0.6001313924789429"
"124585","0.9630614519119263","0.9630614519119263","0.9630614519119263"
"124599","0.9024412035942078","0.9024412035942078","0.9024412035942078"
"124661","0.9242758750915527","0.9242758750915527","0.9242758750915527"
"124696","0.9050487279891968","0.9050487279891968","0.9050487279891968"
"124699","0.6646568775177002","0.6646568775177002","0.6646568775177002"
"124733","0.7981137037277222","0.7981137037277222","0.7981137037277222"
"124761","0.757944643497467","0.757944643497467","0.757944643497467"
"124764","0.4283750057220459","0.4283750057220459","0.4283750057220459"
"124780","0.9151145815849304","0.9151145815849304","0.9151145815849304"
"124785","0.7801331877708435","0.7801331877708435","0.7801331877708435"
"124806","0.4914008378982544","0.4914008378982544","0.4914008378982544"
"124823","0.6447879076004028","0.6447879076004028","0.6447879076004028"
"124884","0.9797279834747314","0.9797279834747314","0.9797279834747314"
"124889","0.5504770278930664","0.5504770278930664","0.5504770278930664"
"124913","0.8389334082603455","0.8389334082603455","0.8389334082603455"
"124924","0.6519764065742493","0.6519764065742493","0.6519764065742493"
"124943","0.5420849323272705","0.5420849323272705","0.5420849323272705"
"124953","0.9364399909973145","0.9364399909973145","0.9364399909973145"
"124970","0.7393420934677124","0.7393420934677124","0.7393420934677124"
"124986","0.5974185466766357","0.5974185466766357","0.5974185466766357"
"125005","0.6600449085235596","0.6600449085235596","0.6600449085235596"
"125020","0.789202094078064","0.789202094078064","0.789202094078064"
"125033","0.6562901735305786","0.6562901735305786","0.6562901735305786"
"125049","0.8300548195838928","0.8300548195838928","0.8300548195838928"
"125104","0.5759543180465698","0.5759543180465698","0.5759543180465698"
"125108","0.5384608507156372","0.5384608507156372","0.5384608507156372"
"125128","0.6883590221405029","0.6883590221405029","0.6883590221405029"
"125131","0.5096938610076904","0.5096938610076904","0.5096938610076904"
"125166","0.6324388980865479","0.6324388980865479","0.6324388980865479"
"125174","0.9238530993461609","0.9238530993461609","0.9238530993461609"
"125197","0.8576001524925232","0.8576001524925232","0.8576001524925232"
"125213","0.6437955498695374","0.6437955498695374","0.6437955498695374"
"125267","0.7226296663284302","0.7226296663284302","0.7226296663284302"
"125270","0.6570741534233093","0.6570741534233093","0.6570741534233093"
"125271","0.8954005241394043","0.8954005241394043","0.8954005241394043"
"125292","0.920803964138031","0.920803964138031","0.920803964138031"
"125335","0.824753999710083","0.824753999710083","0.824753999710083"
"125363","0.8645113110542297","0.8645113110542297","0.8645113110542297"
"125375","1.2234808206558228","1.2234808206558228","1.2234808206558228"
"125398","0.8425750136375427","0.8425750136375427","0.8425750136375427"
"125451","0.5673093199729919","0.5673093199729919","0.5673093199729919"
"125460","0.610244631767273","0.610244631767273","0.610244631767273"
"125462","0.5748282670974731","0.5748282670974731","0.5748282670974731"
"125488","0.5904755592346191","0.5904755592346191","0.5904755592346191"
"125558","0.7738021612167358","0.7738021612167358","0.7738021612167358"
"125577","0.6731430888175964","0.6731430888175964","0.6731430888175964"
"125594","0.6131530404090881","0.6131530404090881","0.6131530404090881"
"125614","0.6721616387367249","0.6721616387367249","0.6721616387367249"
"125658","0.6062167882919312","0.6062167882919312","0.6062167882919312"
"125692","0.655734658241272","0.655734658241272","0.655734658241272"
"125728","1.2474383115768433","1.2474383115768433","1.2474383115768433"
"125756","0.7106176018714905","0.7106176018714905","0.7106176018714905"
"125807","0.9625018239021301","0.9625018239021301","0.9625018239021301"
"125811","0.6740559339523315","0.6740559339523315","0.6740559339523315"
"125812","0.4941047430038452","0.4941047430038452","0.4941047430038452"
"125821","0.5675504803657532","0.5675504803657532","0.5675504803657532"
"125825","0.9997406601905823","0.9997406601905823","0.9997406601905823"
"125846","0.6993796825408936","0.6993796825408936","0.6993796825408936"
"125884","0.9451820850372314","0.9451820850372314","0.9451820850372314"
"125896","0.9668973684310913","0.9668973684310913","0.9668973684310913"
"125902","0.9340717196464539","0.9340717196464539","0.9340717196464539"
"125918","0.636421799659729","0.636421799659729","0.636421799659729"
"125929","0.7136395573616028","0.7136395573616028","0.7136395573616028"
"125936","0.6286060810089111","0.6286060810089111","0.6286060810089111"
"125938","0.6597506999969482","0.6597506999969482","0.6597506999969482"
"125954","0.6832275986671448","0.6832275986671448","0.6832275986671448"
"125955","0.5811882019042969","0.5811882019042969","0.5811882019042969"
"126031","0.9320604801177979","0.9320604801177979","0.9320604801177979"
"126096","0.6235138177871704","0.6235138177871704","0.6235138177871704"
"126102","0.8185243606567383","0.8185243606567383","0.8185243606567383"
"126144","0.9261606335639954","0.9261606335639954","0.9261606335639954"
"126145","1.10819673538208","1.10819673538208","1.10819673538208"
"126155","0.6778373122215271","0.6778373122215271","0.6778373122215271"
"126157","0.6180627346038818","0.6180627346038818","0.6180627346038818"
"126243","0.620393693447113","0.620393693447113","0.620393693447113"
"126275","0.8933372497558594","0.8933372497558594","0.8933372497558594"
"126278","0.48014509677886963","0.48014509677886963","0.48014509677886963"
"126291","0.7975154519081116","0.7975154519081116","0.7975154519081116"
"126300","0.5896848440170288","0.5896848440170288","0.5896848440170288"
"126322","0.9904126524925232","0.9904126524925232","0.9904126524925232"
"126338","0.6809598207473755","0.6809598207473755","0.6809598207473755"
"126363","0.9469407796859741","0.9469407796859741","0.9469407796859741"
"126368","0.9661988019943237","0.9661988019943237","0.9661988019943237"
"126398","0.664740264415741","0.664740264415741","0.664740264415741"
"126428","0.9383615851402283","0.9383615851402283","0.9383615851402283"
"126519","0.7047406435012817","0.7047406435012817","0.7047406435012817"
"126536","0.8590279817581177","0.8590279817581177","0.8590279817581177"
"126568","1.0153911113739014","1.0153911113739014","1.0153911113739014"
"126578","0.4882916808128357","0.4882916808128357","0.4882916808128357"
"126627","0.8029237985610962","0.8029237985610962","0.8029237985610962"
"126639","0.8224713802337646","0.8224713802337646","0.8224713802337646"
"126670","0.6830873489379883","0.6830873489379883","0.6830873489379883"
"126671","0.7002264857292175","0.7002264857292175","0.7002264857292175"
"126685","0.691082775592804","0.691082775592804","0.691082775592804"
"126695","0.7103744745254517","0.7103744745254517","0.7103744745254517"
"126705","0.45163536071777344","0.45163536071777344","0.45163536071777344"
"126714","0.828325629234314","0.828325629234314","0.828325629234314"
"126719","0.5401966571807861","0.5401966571807861","0.5401966571807861"
"126732","0.6804948449134827","0.6804948449134827","0.6804948449134827"
"126745","0.8441627621650696","0.8441627621650696","0.8441627621650696"
"126792","0.7040929794311523","0.7040929794311523","0.7040929794311523"
"126884","0.9054423570632935","0.9054423570632935","0.9054423570632935"
"126886","0.8337871432304382","0.8337871432304382","0.8337871432304382"
"126960","0.5309486985206604","0.5309486985206604","0.5309486985206604"
"127076","0.6550095081329346","0.6550095081329346","0.6550095081329346"
"127130","0.7417080402374268","0.7417080402374268","0.7417080402374268"
"127136","1.0496554374694824","1.0496554374694824","1.0496554374694824"
"127138","0.7584262490272522","0.7584262490272522","0.7584262490272522"
"127209","0.8932428359985352","0.8932428359985352","0.8932428359985352"
"127255","0.9089751243591309","0.9089751243591309","0.9089751243591309"
"127274","0.8145545125007629","0.8145545125007629","0.8145545125007629"
"127311","0.6864920258522034","0.6864920258522034","0.6864920258522034"
"127326","0.7207900285720825","0.7207900285720825","0.7207900285720825"
"127335","1.0634605884552002","1.0634605884552002","1.0634605884552002"
"127367","1.0580955743789673","1.0580955743789673","1.0580955743789673"
"127378","1.071751356124878","1.071751356124878","1.071751356124878"
"127404","0.907293438911438","0.907293438911438","0.907293438911438"
"127421","0.7434272170066833","0.7434272170066833","0.7434272170066833"
"127422","0.7276627421379089","0.7276627421379089","0.7276627421379089"
"127443","0.7534660696983337","0.7534660696983337","0.7534660696983337"
"127457","0.6840574741363525","0.6840574741363525","0.6840574741363525"
"127482","0.6361240148544312","0.6361240148544312","0.6361240148544312"
"127501","0.7174171209335327","0.7174171209335327","0.7174171209335327"
"127511","0.9312257766723633","0.9312257766723633","0.9312257766723633"
"127518","0.6895120143890381","0.6895120143890381","0.6895120143890381"
"127534","0.49750518798828125","0.49750518798828125","0.49750518798828125"
"127535","0.5943670272827148","0.5943670272827148","0.5943670272827148"
"127541","0.9608031511306763","0.9608031511306763","0.9608031511306763"
"127598","0.4547423720359802","0.4547423720359802","0.4547423720359802"
"127599","0.6675131320953369","0.6675131320953369","0.6675131320953369"
"127620","0.8085134029388428","0.8085134029388428","0.8085134029388428"
"127641","1.0111716985702515","1.0111716985702515","1.0111716985702515"
"127649","0.639877438545227","0.639877438545227","0.639877438545227"
"127675","0.6791074275970459","0.6791074275970459","0.6791074275970459"
"127695","0.8940837979316711","0.8940837979316711","0.8940837979316711"
"127730","0.622894823551178","0.622894823551178","0.622894823551178"
"127739","0.7795692682266235","0.7795692682266235","0.7795692682266235"
"127807","0.6292543411254883","0.6292543411254883","0.6292543411254883"
"127811","0.6843634247779846","0.6843634247779846","0.6843634247779846"
"127863","0.5508180260658264","0.5508180260658264","0.5508180260658264"
"127912","0.89293372631073","0.89293372631073","0.89293372631073"
"127929","0.7784591913223267","0.7784591913223267","0.7784591913223267"
"127930","0.9814093708992004","0.9814093708992004","0.9814093708992004"
"127931","0.6938837170600891","0.6938837170600891","0.6938837170600891"
"127949","0.8051133751869202","0.8051133751869202","0.8051133751869202"
"127960","0.7259224057197571","0.7259224057197571","0.7259224057197571"
"127963","0.9139537811279297","0.9139537811279297","0.9139537811279297"
"127969","0.7192803621292114","0.7192803621292114","0.7192803621292114"
"127987","0.7817382216453552","0.7817382216453552","0.7817382216453552"
"127997","0.6972267627716064","0.6972267627716064","0.6972267627716064"
"127999","0.732416033744812","0.732416033744812","0.732416033744812"
"128065","0.7611119151115417","0.7611119151115417","0.7611119151115417"
"128071","0.4770383834838867","0.4770383834838867","0.4770383834838867"
"128084","0.9060425758361816","0.9060425758361816","0.9060425758361816"
"128129","0.7638177871704102","0.7638177871704102","0.7638177871704102"
"128158","0.6929821968078613","0.6929821968078613","0.6929821968078613"
"128160","0.5955435633659363","0.5955435633659363","0.5955435633659363"
"128205","0.6214628219604492","0.6214628219604492","0.6214628219604492"
"128209","1.0635266304016113","1.0635266304016113","1.0635266304016113"
"128251","0.7789615392684937","0.7789615392684937","0.7789615392684937"
"128255","0.7998112440109253","0.7998112440109253","0.7998112440109253"
"128326","0.60543292760849","0.60543292760849","0.60543292760849"
"128329","0.7774567604064941","0.7774567604064941","0.7774567604064941"
"128361","0.7522666454315186","0.7522666454315186","0.7522666454315186"
"128394","1.0246174335479736","1.0246174335479736","1.0246174335479736"
"128459","0.8199453353881836","0.8199453353881836","0.8199453353881836"
"128464","0.586117684841156","0.586117684841156","0.586117684841156"
"128466","0.8283742666244507","0.8283742666244507","0.8283742666244507"
"128469","0.7665058374404907","0.7665058374404907","0.7665058374404907"
"128471","0.6513171195983887","0.6513171195983887","0.6513171195983887"
"128562","0.7566368579864502","0.7566368579864502","0.7566368579864502"
"128572","0.6615723371505737","0.6615723371505737","0.6615723371505737"
"128590","0.7425047159194946","0.7425047159194946","0.7425047159194946"
"128601","0.7642882466316223","0.7642882466316223","0.7642882466316223"
"128608","0.8531922101974487","0.8531922101974487","0.8531922101974487"
"128634","0.7174711227416992","0.7174711227416992","0.7174711227416992"
"128646","0.5591428875923157","0.5591428875923157","0.5591428875923157"
"128657","0.9074517488479614","0.9074517488479614","0.9074517488479614"
"128704","0.6497731804847717","0.6497731804847717","0.6497731804847717"
"128705","0.481675922870636","0.481675922870636","0.481675922870636"
"128741","1.0467329025268555","1.0467329025268555","1.0467329025268555"
"128748","0.45107412338256836","0.45107412338256836","0.45107412338256836"
"128758","0.622485876083374","0.622485876083374","0.622485876083374"
"128759","0.9018030166625977","0.9018030166625977","0.9018030166625977"
"128787","1.0007954835891724","1.0007954835891724","1.0007954835891724"
"128794","0.8591998219490051","0.8591998219490051","0.8591998219490051"
"128860","0.8615097403526306","0.8615097403526306","0.8615097403526306"
"128873","0.8779665231704712","0.8779665231704712","0.8779665231704712"
"128916","0.7467825412750244","0.7467825412750244","0.7467825412750244"
"128929","0.8174781203269958","0.8174781203269958","0.8174781203269958"
"128931","0.7279184460639954","0.7279184460639954","0.7279184460639954"
"128938","0.8052628636360168","0.8052628636360168","0.8052628636360168"
"128948","0.7858537435531616","0.7858537435531616","0.7858537435531616"
"128949","0.7741665840148926","0.7741665840148926","0.7741665840148926"
"128988","0.8788701295852661","0.8788701295852661","0.8788701295852661"
"129016","0.9892476797103882","0.9892476797103882","0.9892476797103882"
"129045","0.7046177983283997","0.7046177983283997","0.7046177983283997"
"129101","0.7158264517784119","0.7158264517784119","0.7158264517784119"
"129103","0.8443076610565186","0.8443076610565186","0.8443076610565186"
"129111","0.39161843061447144","0.39161843061447144","0.39161843061447144"
"129121","0.6999063491821289","0.6999063491821289","0.6999063491821289"
"129169","0.7620319128036499","0.7620319128036499","0.7620319128036499"
"129244","0.5235934257507324","0.5235934257507324","0.5235934257507324"
"129259","0.6215412616729736","0.6215412616729736","0.6215412616729736"
"129280","0.5289829969406128","0.5289829969406128","0.5289829969406128"
"129371","0.7149627208709717","0.7149627208709717","0.7149627208709717"
"129379","0.7627317905426025","0.7627317905426025","0.7627317905426025"
"129458","0.7351645827293396","0.7351645827293396","0.7351645827293396"
"129460","0.6368815898895264","0.6368815898895264","0.6368815898895264"
"129473","0.8062256574630737","0.8062256574630737","0.8062256574630737"
"129504","0.44798892736434937","0.44798892736434937","0.44798892736434937"
"129505","0.6836708188056946","0.6836708188056946","0.6836708188056946"
"129532","0.6089129447937012","0.6089129447937012","0.6089129447937012"
"129588","1.017836332321167","1.017836332321167","1.017836332321167"
"129622","0.8643395900726318","0.8643395900726318","0.8643395900726318"
"129641","1.0144672393798828","1.0144672393798828","1.0144672393798828"
"129662","0.9078820943832397","0.9078820943832397","0.9078820943832397"
"129687","0.9024872779846191","0.9024872779846191","0.9024872779846191"
"129737","0.6854934692382812","0.6854934692382812","0.6854934692382812"
"129745","0.5910948514938354","0.5910948514938354","0.5910948514938354"
"129798","0.8821085691452026","0.8821085691452026","0.8821085691452026"
"129818","0.5077762603759766","0.5077762603759766","0.5077762603759766"
"129842","0.8263333439826965","0.8263333439826965","0.8263333439826965"
"129856","0.5665774941444397","0.5665774941444397","0.5665774941444397"
"129868","0.9010555148124695","0.9010555148124695","0.9010555148124695"
"129876","0.4621114134788513","0.4621114134788513","0.4621114134788513"
"129890","0.5846567153930664","0.5846567153930664","0.5846567153930664"
"129959","0.7350125312805176","0.7350125312805176","0.7350125312805176"
"129991","0.6169916391372681","0.6169916391372681","0.6169916391372681"
"130031","0.7405433058738708","0.7405433058738708","0.7405433058738708"
"130075","0.7459683418273926","0.7459683418273926","0.7459683418273926"
"130098","0.8790055513381958","0.8790055513381958","0.8790055513381958"
"130104","0.798602819442749","0.798602819442749","0.798602819442749"
"130108","0.7796835899353027","0.7796835899353027","0.7796835899353027"
"130114","0.6371849179267883","0.6371849179267883","0.6371849179267883"
"130220","0.7747893333435059","0.7747893333435059","0.7747893333435059"
"130222","1.2792704105377197","1.2792704105377197","1.2792704105377197"
"130224","0.6906681656837463","0.6906681656837463","0.6906681656837463"
"130272","0.5041190385818481","0.5041190385818481","0.5041190385818481"
"130302","0.5891712307929993","0.5891712307929993","0.5891712307929993"
"130406","1.1354668140411377","1.1354668140411377","1.1354668140411377"
"130483","0.7085245251655579","0.7085245251655579","0.7085245251655579"
"130498","0.8474756479263306","0.8474756479263306","0.8474756479263306"
"130520","0.6999238729476929","0.6999238729476929","0.6999238729476929"
"130527","1.0433320999145508","1.0433320999145508","1.0433320999145508"
"130531","0.8492816686630249","0.8492816686630249","0.8492816686630249"
"130538","0.8269181847572327","0.8269181847572327","0.8269181847572327"
"130595","0.8600629568099976","0.8600629568099976","0.8600629568099976"
"130602","0.49773937463760376","0.49773937463760376","0.49773937463760376"
"130629","0.6060943603515625","0.6060943603515625","0.6060943603515625"
"130630","1.0005970001220703","1.0005970001220703","1.0005970001220703"
"130659","1.0650423765182495","1.0650423765182495","1.0650423765182495"
"130731","0.6196779012680054","0.6196779012680054","0.6196779012680054"
"130760","0.5834818482398987","0.5834818482398987","0.5834818482398987"
"130802","0.8243100047111511","0.8243100047111511","0.8243100047111511"
"130828","0.9931385517120361","0.9931385517120361","0.9931385517120361"
"130874","0.9297889471054077","0.9297889471054077","0.9297889471054077"
"130880","0.667582094669342","0.667582094669342","0.667582094669342"
"130887","0.7845014929771423","0.7845014929771423","0.7845014929771423"
"130922","0.5459758639335632","0.5459758639335632","0.5459758639335632"
"130944","1.0382089614868164","1.0382089614868164","1.0382089614868164"
"131011","0.6000078320503235","0.6000078320503235","0.6000078320503235"
"131018","0.7684841156005859","0.7684841156005859","0.7684841156005859"
"131023","1.0926908254623413","1.0926908254623413","1.0926908254623413"
"131024","0.8867839574813843","0.8867839574813843","0.8867839574813843"
"131041","0.8870820999145508","0.8870820999145508","0.8870820999145508"
"131058","0.7139125466346741","0.7139125466346741","0.7139125466346741"
"131076","0.9226791262626648","0.9226791262626648","0.9226791262626648"
"131085","0.6416445970535278","0.6416445970535278","0.6416445970535278"
"131136","0.8485683798789978","0.8485683798789978","0.8485683798789978"
"131147","0.6080772876739502","0.6080772876739502","0.6080772876739502"
"131167","0.7519900798797607","0.7519900798797607","0.7519900798797607"
"131169","0.5742825269699097","0.5742825269699097","0.5742825269699097"
"131186","0.5014511346817017","0.5014511346817017","0.5014511346817017"
"131327","0.4946262538433075","0.4946262538433075","0.4946262538433075"
"131334","0.7786222100257874","0.7786222100257874","0.7786222100257874"
"131393","0.8042355179786682","0.8042355179786682","0.8042355179786682"
"131418","0.48487457633018494","0.48487457633018494","0.48487457633018494"
"131436","0.9209321737289429","0.9209321737289429","0.9209321737289429"
"131476","0.5317609310150146","0.5317609310150146","0.5317609310150146"
"131519","0.6341225504875183","0.6341225504875183","0.6341225504875183"
"131524","0.614829421043396","0.614829421043396","0.614829421043396"
"131550","0.6581640243530273","0.6581640243530273","0.6581640243530273"
"131594","0.39426088333129883","0.39426088333129883","0.39426088333129883"
"131617","0.8460028767585754","0.8460028767585754","0.8460028767585754"
"131669","0.6053942441940308","0.6053942441940308","0.6053942441940308"
"131687","1.0292755365371704","1.0292755365371704","1.0292755365371704"
"131730","0.5997740626335144","0.5997740626335144","0.5997740626335144"
"131793","0.6404372453689575","0.6404372453689575","0.6404372453689575"
"131795","0.6936219334602356","0.6936219334602356","0.6936219334602356"
"131801","0.5951895713806152","0.5951895713806152","0.5951895713806152"
"131809","0.7679393291473389","0.7679393291473389","0.7679393291473389"
"131822","0.5874449014663696","0.5874449014663696","0.5874449014663696"
"131836","0.45036327838897705","0.45036327838897705","0.45036327838897705"
"131876","0.5701199769973755","0.5701199769973755","0.5701199769973755"
"131917","1.0617274045944214","1.0617274045944214","1.0617274045944214"
"131927","0.5257031321525574","0.5257031321525574","0.5257031321525574"
"131943","0.7781322002410889","0.7781322002410889","0.7781322002410889"
"132001","1.132127046585083","1.132127046585083","1.132127046585083"
"132005","0.5832455158233643","0.5832455158233643","0.5832455158233643"
"132019","0.8193548917770386","0.8193548917770386","0.8193548917770386"
"132036","0.9092319011688232","0.9092319011688232","0.9092319011688232"
"132048","0.5366706252098083","0.5366706252098083","0.5366706252098083"
"132120","0.8501741886138916","0.8501741886138916","0.8501741886138916"
"132121","0.7236343622207642","0.7236343622207642","0.7236343622207642"
"132156","0.586178183555603","0.586178183555603","0.586178183555603"
"132219","0.7814763784408569","0.7814763784408569","0.7814763784408569"
"132232","0.7609047889709473","0.7609047889709473","0.7609047889709473"
"132288","0.6727111339569092","0.6727111339569092","0.6727111339569092"
"132292","0.6384752988815308","0.6384752988815308","0.6384752988815308"
"132317","0.9114453792572021","0.9114453792572021","0.9114453792572021"
"132330","0.7154197692871094","0.7154197692871094","0.7154197692871094"
"132352","0.6493203639984131","0.6493203639984131","0.6493203639984131"
"132364","0.8132157325744629","0.8132157325744629","0.8132157325744629"
"132390","0.871781587600708","0.871781587600708","0.871781587600708"
"132413","0.719422459602356","0.719422459602356","0.719422459602356"
"132420","0.5252617597579956","0.5252617597579956","0.5252617597579956"
"132449","0.5905546545982361","0.5905546545982361","0.5905546545982361"
"132454","0.8570641279220581","0.8570641279220581","0.8570641279220581"
"132482","0.8572791814804077","0.8572791814804077","0.8572791814804077"
"132533","0.6824371814727783","0.6824371814727783","0.6824371814727783"
"132579","0.5502810478210449","0.5502810478210449","0.5502810478210449"
"132587","0.7650353312492371","0.7650353312492371","0.7650353312492371"
"132606","0.5833423137664795","0.5833423137664795","0.5833423137664795"
"132673","0.885502278804779","0.885502278804779","0.885502278804779"
"132751","0.8168490529060364","0.8168490529060364","0.8168490529060364"
"132774","0.9134736657142639","0.9134736657142639","0.9134736657142639"
"132817","0.8039395809173584","0.8039395809173584","0.8039395809173584"
"132852","0.6783174276351929","0.6783174276351929","0.6783174276351929"
"132865","0.5453628301620483","0.5453628301620483","0.5453628301620483"
"132881","0.9146163463592529","0.9146163463592529","0.9146163463592529"
"132896","0.7015397548675537","0.7015397548675537","0.7015397548675537"
"132926","0.750379204750061","0.750379204750061","0.750379204750061"
"132947","0.6542671322822571","0.6542671322822571","0.6542671322822571"
"132993","0.7299913763999939","0.7299913763999939","0.7299913763999939"
"133010","0.7789499759674072","0.7789499759674072","0.7789499759674072"
"133041","0.5244053602218628","0.5244053602218628","0.5244053602218628"
"133055","0.8277331590652466","0.8277331590652466","0.8277331590652466"
"133119","0.6386246681213379","0.6386246681213379","0.6386246681213379"
"133148","0.7242752909660339","0.7242752909660339","0.7242752909660339"
"133173","0.5968871712684631","0.5968871712684631","0.5968871712684631"
"133190","0.6289151906967163","0.6289151906967163","0.6289151906967163"
"133201","0.6787827610969543","0.6787827610969543","0.6787827610969543"
"133228","0.7467014789581299","0.7467014789581299","0.7467014789581299"
"133262","0.8346218466758728","0.8346218466758728","0.8346218466758728"
"133269","0.9500800371170044","0.9500800371170044","0.9500800371170044"
"133278","1.0393953323364258","1.0393953323364258","1.0393953323364258"
"133297","0.8662980198860168","0.8662980198860168","0.8662980198860168"
"133312","0.7058854103088379","0.7058854103088379","0.7058854103088379"
"133363","0.9332890510559082","0.9332890510559082","0.9332890510559082"
"133398","0.5426804423332214","0.5426804423332214","0.5426804423332214"
"133401","0.7123505473136902","0.7123505473136902","0.7123505473136902"
"133424","1.0302871465682983","1.0302871465682983","1.0302871465682983"
"133490","1.1075764894485474","1.1075764894485474","1.1075764894485474"
"133508","0.8623239398002625","0.8623239398002625","0.8623239398002625"
"133563","1.1214228868484497","1.1214228868484497","1.1214228868484497"
"133600","0.8064700365066528","0.8064700365066528","0.8064700365066528"
"133611","0.7085211277008057","0.7085211277008057","0.7085211277008057"
"133621","0.604550302028656","0.604550302028656","0.604550302028656"
"133645","0.6956050395965576","0.6956050395965576","0.6956050395965576"
"133662","0.8180196285247803","0.8180196285247803","0.8180196285247803"
"133732","0.9498931169509888","0.9498931169509888","0.9498931169509888"
"133735","0.5824739933013916","0.5824739933013916","0.5824739933013916"
"133759","0.864654541015625","0.864654541015625","0.864654541015625"
"133798","0.8171710968017578","0.8171710968017578","0.8171710968017578"
"133802","0.677320122718811","0.677320122718811","0.677320122718811"
"133811","0.7310822010040283","0.7310822010040283","0.7310822010040283"
"133823","0.4298630356788635","0.4298630356788635","0.4298630356788635"
"133880","0.4933542311191559","0.4933542311191559","0.4933542311191559"
"133885","1.2428693771362305","1.2428693771362305","1.2428693771362305"
"133930","0.6244176626205444","0.6244176626205444","0.6244176626205444"
"133974","0.9234994649887085","0.9234994649887085","0.9234994649887085"
"134010","0.5276170372962952","0.5276170372962952","0.5276170372962952"
"134049","0.45186319947242737","0.45186319947242737","0.45186319947242737"
"134123","0.5986454486846924","0.5986454486846924","0.5986454486846924"
"134154","0.7453286051750183","0.7453286051750183","0.7453286051750183"
"134155","0.7181583642959595","0.7181583642959595","0.7181583642959595"
"134156","0.9412171244621277","0.9412171244621277","0.9412171244621277"
"134236","0.8626036643981934","0.8626036643981934","0.8626036643981934"
"134285","0.9684035778045654","0.9684035778045654","0.9684035778045654"
"134296","0.6999485492706299","0.6999485492706299","0.6999485492706299"
"134311","0.6543726921081543","0.6543726921081543","0.6543726921081543"
"134313","0.8036413192749023","0.8036413192749023","0.8036413192749023"
"134317","0.8531200289726257","0.8531200289726257","0.8531200289726257"
"134327","0.7054489850997925","0.7054489850997925","0.7054489850997925"
"134355","0.8344396352767944","0.8344396352767944","0.8344396352767944"
"134418","0.9110996723175049","0.9110996723175049","0.9110996723175049"
"134419","1.089022159576416","1.089022159576416","1.089022159576416"
"134462","0.921951413154602","0.921951413154602","0.921951413154602"
"134499","0.4856713116168976","0.4856713116168976","0.4856713116168976"
"134503","0.6633522510528564","0.6633522510528564","0.6633522510528564"
"134504","0.5287409424781799","0.5287409424781799","0.5287409424781799"
"134553","0.8093535304069519","0.8093535304069519","0.8093535304069519"
"134581","0.7575437426567078","0.7575437426567078","0.7575437426567078"
"134604","0.6010942459106445","0.6010942459106445","0.6010942459106445"
"134653","0.8168458342552185","0.8168458342552185","0.8168458342552185"
"134690","0.7850509881973267","0.7850509881973267","0.7850509881973267"
"134702","0.9707304239273071","0.9707304239273071","0.9707304239273071"
"134809","0.9032976627349854","0.9032976627349854","0.9032976627349854"
"134824","0.729001522064209","0.729001522064209","0.729001522064209"
"134829","0.7953886985778809","0.7953886985778809","0.7953886985778809"
"134875","0.7044457793235779","0.7044457793235779","0.7044457793235779"
"134882","0.5874574780464172","0.5874574780464172","0.5874574780464172"
"134933","0.8034395575523376","0.8034395575523376","0.8034395575523376"
"134953","0.5849084258079529","0.5849084258079529","0.5849084258079529"
"134954","0.5859922170639038","0.5859922170639038","0.5859922170639038"
"134968","0.8106840252876282","0.8106840252876282","0.8106840252876282"
"134983","0.8713858723640442","0.8713858723640442","0.8713858723640442"
"134997","0.4712098240852356","0.4712098240852356","0.4712098240852356"
"135011","0.6939857006072998","0.6939857006072998","0.6939857006072998"
"135028","0.708633542060852","0.708633542060852","0.708633542060852"
"135033","0.6977740526199341","0.6977740526199341","0.6977740526199341"
"135037","1.129176139831543","1.129176139831543","1.129176139831543"
"135047","0.7933955192565918","0.7933955192565918","0.7933955192565918"
"135105","0.5623445510864258","0.5623445510864258","0.5623445510864258"
"135146","0.6381402611732483","0.6381402611732483","0.6381402611732483"
"135153","0.8337588906288147","0.8337588906288147","0.8337588906288147"
"135175","0.8065387010574341","0.8065387010574341","0.8065387010574341"
"135194","0.711318850517273","0.711318850517273","0.711318850517273"
"135205","0.9989633560180664","0.9989633560180664","0.9989633560180664"
"135309","0.6547281742095947","0.6547281742095947","0.6547281742095947"
"135338","0.7647762298583984","0.7647762298583984","0.7647762298583984"
"135365","0.4712340235710144","0.4712340235710144","0.4712340235710144"
"135389","0.7126940488815308","0.7126940488815308","0.7126940488815308"
"135400","0.7998780012130737","0.7998780012130737","0.7998780012130737"
"135442","0.8509625196456909","0.8509625196456909","0.8509625196456909"
"135506","0.8210993409156799","0.8210993409156799","0.8210993409156799"
"135539","0.6620535850524902","0.6620535850524902","0.6620535850524902"
"135574","0.8227119445800781","0.8227119445800781","0.8227119445800781"
"135612","0.83489990234375","0.83489990234375","0.83489990234375"
"135648","0.7940625548362732","0.7940625548362732","0.7940625548362732"
"135687","0.3942481279373169","0.3942481279373169","0.3942481279373169"
"135739","0.740135669708252","0.740135669708252","0.740135669708252"
"135755","0.6343162655830383","0.6343162655830383","0.6343162655830383"
"135788","1.0858843326568604","1.0858843326568604","1.0858843326568604"
"135859","0.6054954528808594","0.6054954528808594","0.6054954528808594"
"135961","0.9383290410041809","0.9383290410041809","0.9383290410041809"
"135992","1.036134958267212","1.036134958267212","1.036134958267212"
"135993","0.7339287996292114","0.7339287996292114","0.7339287996292114"
"136006","0.7800354957580566","0.7800354957580566","0.7800354957580566"
"136015","0.46494537591934204","0.46494537591934204","0.46494537591934204"
"136044","0.7642731666564941","0.7642731666564941","0.7642731666564941"
"136046","0.530373215675354","0.530373215675354","0.530373215675354"
"136054","0.48862195014953613","0.48862195014953613","0.48862195014953613"
"136067","0.4844827651977539","0.4844827651977539","0.4844827651977539"
"136162","0.899969756603241","0.899969756603241","0.899969756603241"
"136169","0.8386253714561462","0.8386253714561462","0.8386253714561462"
"136186","0.5046041011810303","0.5046041011810303","0.5046041011810303"
"136199","0.45647257566452026","0.45647257566452026","0.45647257566452026"
"136216","0.7877188324928284","0.7877188324928284","0.7877188324928284"
"136220","0.9619016647338867","0.9619016647338867","0.9619016647338867"
"136224","0.9835931062698364","0.9835931062698364","0.9835931062698364"
"136225","0.7807412147521973","0.7807412147521973","0.7807412147521973"
"136256","0.5081061720848083","0.5081061720848083","0.5081061720848083"
"136274","0.7414616346359253","0.7414616346359253","0.7414616346359253"
"136295","0.9794519543647766","0.9794519543647766","0.9794519543647766"
"136316","0.9011816382408142","0.9011816382408142","0.9011816382408142"
"136355","0.515623927116394","0.515623927116394","0.515623927116394"
"136485","0.6560806632041931","0.6560806632041931","0.6560806632041931"
"136504","0.7044932246208191","0.7044932246208191","0.7044932246208191"
"136551","0.7456942200660706","0.7456942200660706","0.7456942200660706"
"136558","0.7730235457420349","0.7730235457420349","0.7730235457420349"
"136570","1.1004806756973267","1.1004806756973267","1.1004806756973267"
"136578","0.5596305727958679","0.5596305727958679","0.5596305727958679"
"136580","0.39515265822410583","0.39515265822410583","0.39515265822410583"
"136592","0.7350473403930664","0.7350473403930664","0.7350473403930664"
"136606","0.5905044078826904","0.5905044078826904","0.5905044078826904"
"136641","0.6450485587120056","0.6450485587120056","0.6450485587120056"
"136642","0.751205325126648","0.751205325126648","0.751205325126648"
"136662","0.63816237449646","0.63816237449646","0.63816237449646"
"136686","0.8296377062797546","0.8296377062797546","0.8296377062797546"
"136709","0.5348659753799438","0.5348659753799438","0.5348659753799438"
"136734","0.9387911558151245","0.9387911558151245","0.9387911558151245"
"136762","0.9840677380561829","0.9840677380561829","0.9840677380561829"
"136770","0.5139931440353394","0.5139931440353394","0.5139931440353394"
"136791","0.842526912689209","0.842526912689209","0.842526912689209"
"136796","0.9343315362930298","0.9343315362930298","0.9343315362930298"
"136814","0.8893694281578064","0.8893694281578064","0.8893694281578064"
"136837","1.0634859800338745","1.0634859800338745","1.0634859800338745"
"136894","0.6897262930870056","0.6897262930870056","0.6897262930870056"
"136960","0.5867303609848022","0.5867303609848022","0.5867303609848022"
"136962","1.0220704078674316","1.0220704078674316","1.0220704078674316"
"137003","0.5347188711166382","0.5347188711166382","0.5347188711166382"
"137022","0.8298377990722656","0.8298377990722656","0.8298377990722656"
"137025","0.6634773015975952","0.6634773015975952","0.6634773015975952"
"137047","0.5491161346435547","0.5491161346435547","0.5491161346435547"
"137092","1.133370280265808","1.133370280265808","1.133370280265808"
"137125","0.7355892062187195","0.7355892062187195","0.7355892062187195"
"137130","0.5899243354797363","0.5899243354797363","0.5899243354797363"
"137153","0.6254827976226807","0.6254827976226807","0.6254827976226807"
"137168","0.7229638695716858","0.7229638695716858","0.7229638695716858"
"137178","0.6619113683700562","0.6619113683700562","0.6619113683700562"
"137202","0.8102659583091736","0.8102659583091736","0.8102659583091736"
"137209","0.7226912975311279","0.7226912975311279","0.7226912975311279"
"137233","0.765480101108551","0.765480101108551","0.765480101108551"
"137254","0.7907839417457581","0.7907839417457581","0.7907839417457581"
"137260","1.175999641418457","1.175999641418457","1.175999641418457"
"137333","0.8197296857833862","0.8197296857833862","0.8197296857833862"
"137383","0.6057761311531067","0.6057761311531067","0.6057761311531067"
"137418","0.4487379789352417","0.4487379789352417","0.4487379789352417"
"137446","1.2406545877456665","1.2406545877456665","1.2406545877456665"
"137453","0.6042407751083374","0.6042407751083374","0.6042407751083374"
"137482","0.7743920683860779","0.7743920683860779","0.7743920683860779"
"137485","0.8767064213752747","0.8767064213752747","0.8767064213752747"
"137487","0.5680626630783081","0.5680626630783081","0.5680626630783081"
"137490","0.9137771129608154","0.9137771129608154","0.9137771129608154"
"137497","0.7524954080581665","0.7524954080581665","0.7524954080581665"
"137543","0.6449297070503235","0.6449297070503235","0.6449297070503235"
"137553","0.7403051257133484","0.7403051257133484","0.7403051257133484"
"137578","0.6027973890304565","0.6027973890304565","0.6027973890304565"
"137602","0.6896403431892395","0.6896403431892395","0.6896403431892395"
"137606","0.5474653244018555","0.5474653244018555","0.5474653244018555"
"137611","0.9399240016937256","0.9399240016937256","0.9399240016937256"
"137632","0.7493351101875305","0.7493351101875305","0.7493351101875305"
"137655","0.6797115802764893","0.6797115802764893","0.6797115802764893"
"137676","0.8497512340545654","0.8497512340545654","0.8497512340545654"
"137692","0.6784484386444092","0.6784484386444092","0.6784484386444092"
"137732","0.643099308013916","0.643099308013916","0.643099308013916"
"137785","0.7837837934494019","0.7837837934494019","0.7837837934494019"
"137793","1.2653555870056152","1.2653555870056152","1.2653555870056152"
"137810","0.5735671520233154","0.5735671520233154","0.5735671520233154"
"137836","0.7148133516311646","0.7148133516311646","0.7148133516311646"
"137859","0.8273546695709229","0.8273546695709229","0.8273546695709229"
"137869","0.6093143224716187","0.6093143224716187","0.6093143224716187"
"137910","1.2558436393737793","1.2558436393737793","1.2558436393737793"
"137919","0.6626781225204468","0.6626781225204468","0.6626781225204468"
"137925","1.0308773517608643","1.0308773517608643","1.0308773517608643"
"137937","0.7372878193855286","0.7372878193855286","0.7372878193855286"
"138020","0.5303946733474731","0.5303946733474731","0.5303946733474731"
"138043","0.49758145213127136","0.49758145213127136","0.49758145213127136"
"138048","0.880436897277832","0.880436897277832","0.880436897277832"
"138084","0.4214068353176117","0.4214068353176117","0.4214068353176117"
"138108","0.6227699518203735","0.6227699518203735","0.6227699518203735"
"138136","0.8150969743728638","0.8150969743728638","0.8150969743728638"
"138213","0.8239731788635254","0.8239731788635254","0.8239731788635254"
"138232","0.7140332460403442","0.7140332460403442","0.7140332460403442"
"138238","0.8593798875808716","0.8593798875808716","0.8593798875808716"
"138259","0.7430935502052307","0.7430935502052307","0.7430935502052307"
"138285","0.6532847285270691","0.6532847285270691","0.6532847285270691"
"138296","0.8571730852127075","0.8571730852127075","0.8571730852127075"
"138379","1.180222511291504","1.180222511291504","1.180222511291504"
"138399","0.6570296883583069","0.6570296883583069","0.6570296883583069"
"138406","0.6458355784416199","0.6458355784416199","0.6458355784416199"
"138448","0.5758793354034424","0.5758793354034424","0.5758793354034424"
"138480","0.6446488499641418","0.6446488499641418","0.6446488499641418"
"138486","0.791964054107666","0.791964054107666","0.791964054107666"
"138489","0.9160211086273193","0.9160211086273193","0.9160211086273193"
"138503","0.7916797399520874","0.7916797399520874","0.7916797399520874"
"138525","0.6701139211654663","0.6701139211654663","0.6701139211654663"
"138532","0.8448745012283325","0.8448745012283325","0.8448745012283325"
"138561","0.5841541290283203","0.5841541290283203","0.5841541290283203"
"138583","0.7340900301933289","0.7340900301933289","0.7340900301933289"
"138615","0.9473831057548523","0.9473831057548523","0.9473831057548523"
"138655","0.5579556822776794","0.5579556822776794","0.5579556822776794"
"138663","0.5595194101333618","0.5595194101333618","0.5595194101333618"
"138688","0.7890302538871765","0.7890302538871765","0.7890302538871765"
"138705","0.5107585787773132","0.5107585787773132","0.5107585787773132"
"138734","0.6908498406410217","0.6908498406410217","0.6908498406410217"
"138739","0.3202953636646271","0.3202953636646271","0.3202953636646271"
"138762","0.5650562644004822","0.5650562644004822","0.5650562644004822"
"138823","0.9468764066696167","0.9468764066696167","0.9468764066696167"
"138871","0.8033159971237183","0.8033159971237183","0.8033159971237183"
"138937","0.8703269958496094","0.8703269958496094","0.8703269958496094"
"138945","0.7164510488510132","0.7164510488510132","0.7164510488510132"
"138958","0.7421373724937439","0.7421373724937439","0.7421373724937439"
"138996","1.0260571241378784","1.0260571241378784","1.0260571241378784"
"138997","0.7749735116958618","0.7749735116958618","0.7749735116958618"
"139036","1.023916482925415","1.023916482925415","1.023916482925415"
"139057","0.6122205257415771","0.6122205257415771","0.6122205257415771"
"139063","1.1319912672042847","1.1319912672042847","1.1319912672042847"
"139069","0.6806802153587341","0.6806802153587341","0.6806802153587341"
"139097","0.5782946944236755","0.5782946944236755","0.5782946944236755"
"139121","1.012392520904541","1.012392520904541","1.012392520904541"
"139236","0.7742984294891357","0.7742984294891357","0.7742984294891357"
"139279","0.6645348072052002","0.6645348072052002","0.6645348072052002"
"139281","0.6721571087837219","0.6721571087837219","0.6721571087837219"
"139299","0.884141743183136","0.884141743183136","0.884141743183136"
"139339","0.8454808592796326","0.8454808592796326","0.8454808592796326"
"139443","0.5540034770965576","0.5540034770965576","0.5540034770965576"
"139451","0.8774486780166626","0.8774486780166626","0.8774486780166626"
"139455","0.853381872177124","0.853381872177124","0.853381872177124"
"139461","0.8033636212348938","0.8033636212348938","0.8033636212348938"
"139476","0.6600232720375061","0.6600232720375061","0.6600232720375061"
"139478","0.7545031309127808","0.7545031309127808","0.7545031309127808"
"139515","0.4526885747909546","0.4526885747909546","0.4526885747909546"
"139547","0.9005275368690491","0.9005275368690491","0.9005275368690491"
"139585","0.6620901823043823","0.6620901823043823","0.6620901823043823"
"139645","0.6308090090751648","0.6308090090751648","0.6308090090751648"
"139653","0.6305590867996216","0.6305590867996216","0.6305590867996216"
"139660","0.6124446988105774","0.6124446988105774","0.6124446988105774"
"139675","0.6147197484970093","0.6147197484970093","0.6147197484970093"
"139695","0.8613410592079163","0.8613410592079163","0.8613410592079163"
"139703","0.6119943857192993","0.6119943857192993","0.6119943857192993"
"139729","0.9777675271034241","0.9777675271034241","0.9777675271034241"
"139742","0.7717610597610474","0.7717610597610474","0.7717610597610474"
"139752","0.508099377155304","0.508099377155304","0.508099377155304"
"139760","0.6634368896484375","0.6634368896484375","0.6634368896484375"
"139772","0.9110462665557861","0.9110462665557861","0.9110462665557861"
"139794","0.4785025715827942","0.4785025715827942","0.4785025715827942"
"139821","0.6504210233688354","0.6504210233688354","0.6504210233688354"
"139826","0.5289527177810669","0.5289527177810669","0.5289527177810669"
"139855","0.8859519958496094","0.8859519958496094","0.8859519958496094"
"139869","0.6121395826339722","0.6121395826339722","0.6121395826339722"
"139889","0.8446502089500427","0.8446502089500427","0.8446502089500427"
"139912","1.0420573949813843","1.0420573949813843","1.0420573949813843"
"139920","0.7600888013839722","0.7600888013839722","0.7600888013839722"
"139955","0.7483213543891907","0.7483213543891907","0.7483213543891907"
"139975","0.4365033507347107","0.4365033507347107","0.4365033507347107"
"139999","0.5668660998344421","0.5668660998344421","0.5668660998344421"
"140007","0.5871816277503967","0.5871816277503967","0.5871816277503967"
"140036","0.8883965611457825","0.8883965611457825","0.8883965611457825"
"140118","1.1843109130859375","1.1843109130859375","1.1843109130859375"
"140121","0.724856436252594","0.724856436252594","0.724856436252594"
"140123","0.7096171975135803","0.7096171975135803","0.7096171975135803"
"140138","0.7845809459686279","0.7845809459686279","0.7845809459686279"
"140150","0.9274346232414246","0.9274346232414246","0.9274346232414246"
"140153","0.6706015467643738","0.6706015467643738","0.6706015467643738"
"140161","0.7059882283210754","0.7059882283210754","0.7059882283210754"
"140163","0.5178196430206299","0.5178196430206299","0.5178196430206299"
"140165","0.7701840400695801","0.7701840400695801","0.7701840400695801"
"140196","0.8318279385566711","0.8318279385566711","0.8318279385566711"
"140214","0.705225944519043","0.705225944519043","0.705225944519043"
"140241","0.46947938203811646","0.46947938203811646","0.46947938203811646"
"140280","0.6668558716773987","0.6668558716773987","0.6668558716773987"
"140350","0.6258751749992371","0.6258751749992371","0.6258751749992371"
"140356","0.3709392249584198","0.3709392249584198","0.3709392249584198"
"140379","0.9789465665817261","0.9789465665817261","0.9789465665817261"
"140386","0.7083393335342407","0.7083393335342407","0.7083393335342407"
"140393","0.7437978982925415","0.7437978982925415","0.7437978982925415"
"140396","0.647202730178833","0.647202730178833","0.647202730178833"
"140493","0.7688149213790894","0.7688149213790894","0.7688149213790894"
"140500","0.8903864026069641","0.8903864026069641","0.8903864026069641"
"140531","0.6194052696228027","0.6194052696228027","0.6194052696228027"
"140593","0.8696780204772949","0.8696780204772949","0.8696780204772949"
"140598","0.6567976474761963","0.6567976474761963","0.6567976474761963"
"140658","0.664968729019165","0.664968729019165","0.664968729019165"
"140715","0.532509446144104","0.532509446144104","0.532509446144104"
"140726","0.6630503535270691","0.6630503535270691","0.6630503535270691"
"140746","0.808042049407959","0.808042049407959","0.808042049407959"
"140777","0.9383700489997864","0.9383700489997864","0.9383700489997864"
"140785","0.42750340700149536","0.42750340700149536","0.42750340700149536"
"140797","0.4782809317111969","0.4782809317111969","0.4782809317111969"
"140824","0.8982217311859131","0.8982217311859131","0.8982217311859131"
"140830","0.6520892381668091","0.6520892381668091","0.6520892381668091"
"140837","0.5074343085289001","0.5074343085289001","0.5074343085289001"
"140926","0.684519350528717","0.684519350528717","0.684519350528717"
"140939","0.6950192451477051","0.6950192451477051","0.6950192451477051"
"140968","0.746832013130188","0.746832013130188","0.746832013130188"
"140984","0.6127930283546448","0.6127930283546448","0.6127930283546448"
"140989","0.5708745121955872","0.5708745121955872","0.5708745121955872"
"140993","0.5676409006118774","0.5676409006118774","0.5676409006118774"
"141018","0.6653168201446533","0.6653168201446533","0.6653168201446533"
"141053","0.9910634756088257","0.9910634756088257","0.9910634756088257"
"141093","0.8432477712631226","0.8432477712631226","0.8432477712631226"
"141102","1.021268606185913","1.021268606185913","1.021268606185913"
"141164","0.624311089515686","0.624311089515686","0.624311089515686"
"141166","0.9080582857131958","0.9080582857131958","0.9080582857131958"
"141191","0.8929651379585266","0.8929651379585266","0.8929651379585266"
"141207","0.7425858378410339","0.7425858378410339","0.7425858378410339"
"141217","0.6037575602531433","0.6037575602531433","0.6037575602531433"
"141220","0.6844103932380676","0.6844103932380676","0.6844103932380676"
"141235","1.2763882875442505","1.2763882875442505","1.2763882875442505"
"141271","1.0042126178741455","1.0042126178741455","1.0042126178741455"
"141307","0.6965363025665283","0.6965363025665283","0.6965363025665283"
"141347","0.48987215757369995","0.48987215757369995","0.48987215757369995"
"141380","1.3648163080215454","1.3648163080215454","1.3648163080215454"
"141436","0.7597615718841553","0.7597615718841553","0.7597615718841553"
"141437","0.7563196420669556","0.7563196420669556","0.7563196420669556"
"141438","0.5333940982818604","0.5333940982818604","0.5333940982818604"
"141490","0.7697397470474243","0.7697397470474243","0.7697397470474243"
"141491","0.5180524587631226","0.5180524587631226","0.5180524587631226"
"141496","0.6129144430160522","0.6129144430160522","0.6129144430160522"
"141510","0.7714635133743286","0.7714635133743286","0.7714635133743286"
"141539","0.49623891711235046","0.49623891711235046","0.49623891711235046"
"141551","0.49739858508110046","0.49739858508110046","0.49739858508110046"
"141557","0.7349893450737","0.7349893450737","0.7349893450737"
"141559","0.7613940238952637","0.7613940238952637","0.7613940238952637"
"141571","0.8082684874534607","0.8082684874534607","0.8082684874534607"
"141582","0.6851585507392883","0.6851585507392883","0.6851585507392883"
"141589","0.37784600257873535","0.37784600257873535","0.37784600257873535"
"141632","0.47049248218536377","0.47049248218536377","0.47049248218536377"
"141640","0.6509991884231567","0.6509991884231567","0.6509991884231567"
"141660","0.8878654837608337","0.8878654837608337","0.8878654837608337"
"141691","0.7107919454574585","0.7107919454574585","0.7107919454574585"
"141699","0.6275854706764221","0.6275854706764221","0.6275854706764221"
"141720","1.1128736734390259","1.1128736734390259","1.1128736734390259"
"141726","0.6722570657730103","0.6722570657730103","0.6722570657730103"
"141730","0.42713743448257446","0.42713743448257446","0.42713743448257446"
"141775","0.7332850694656372","0.7332850694656372","0.7332850694656372"
"141798","0.7481738328933716","0.7481738328933716","0.7481738328933716"
"141848","0.8087095618247986","0.8087095618247986","0.8087095618247986"
"141853","0.8312151432037354","0.8312151432037354","0.8312151432037354"
"141860","0.7980897426605225","0.7980897426605225","0.7980897426605225"
"141861","0.6879285573959351","0.6879285573959351","0.6879285573959351"
"141900","0.616182804107666","0.616182804107666","0.616182804107666"
"141929","1.0059683322906494","1.0059683322906494","1.0059683322906494"
"141950","0.721469521522522","0.721469521522522","0.721469521522522"
"141951","0.7150917053222656","0.7150917053222656","0.7150917053222656"
"141959","0.5836380124092102","0.5836380124092102","0.5836380124092102"
"142010","0.9016156196594238","0.9016156196594238","0.9016156196594238"
"142016","0.8409966826438904","0.8409966826438904","0.8409966826438904"
"142022","0.6901353597640991","0.6901353597640991","0.6901353597640991"
"142036","0.6491334438323975","0.6491334438323975","0.6491334438323975"
"142037","0.8996462821960449","0.8996462821960449","0.8996462821960449"
"142055","0.46350550651550293","0.46350550651550293","0.46350550651550293"
"142117","0.7896056175231934","0.7896056175231934","0.7896056175231934"
"142169","0.8695942163467407","0.8695942163467407","0.8695942163467407"
"142210","0.76283860206604","0.76283860206604","0.76283860206604"
"142244","0.9722176790237427","0.9722176790237427","0.9722176790237427"
"142265","0.6815252900123596","0.6815252900123596","0.6815252900123596"
"142321","0.7584203481674194","0.7584203481674194","0.7584203481674194"
"142353","0.8614990711212158","0.8614990711212158","0.8614990711212158"
"142382","0.3806789815425873","0.3806789815425873","0.3806789815425873"
"142437","0.7694147229194641","0.7694147229194641","0.7694147229194641"
"142505","0.5524661540985107","0.5524661540985107","0.5524661540985107"
"142535","0.657801628112793","0.657801628112793","0.657801628112793"
"142547","0.9045067429542542","0.9045067429542542","0.9045067429542542"
"142554","1.0634417533874512","1.0634417533874512","1.0634417533874512"
"142625","0.7392281889915466","0.7392281889915466","0.7392281889915466"
"142631","0.7943758964538574","0.7943758964538574","0.7943758964538574"
"142647","0.6933078765869141","0.6933078765869141","0.6933078765869141"
"142660","0.8432403206825256","0.8432403206825256","0.8432403206825256"
"142719","0.8877108693122864","0.8877108693122864","0.8877108693122864"
"142732","0.5559240579605103","0.5559240579605103","0.5559240579605103"
"142757","0.9146028161048889","0.9146028161048889","0.9146028161048889"
"142810","0.39723166823387146","0.39723166823387146","0.39723166823387146"
"142832","0.49451330304145813","0.49451330304145813","0.49451330304145813"
"142900","0.5681089162826538","0.5681089162826538","0.5681089162826538"
"142907","0.3639404773712158","0.3639404773712158","0.3639404773712158"
"142919","0.6788098812103271","0.6788098812103271","0.6788098812103271"
"142960","0.5905928611755371","0.5905928611755371","0.5905928611755371"
"142970","0.4813126027584076","0.4813126027584076","0.4813126027584076"
"142974","0.8796707987785339","0.8796707987785339","0.8796707987785339"
"142976","0.6881133317947388","0.6881133317947388","0.6881133317947388"
"143031","0.8626116514205933","0.8626116514205933","0.8626116514205933"
"143033","0.7398264408111572","0.7398264408111572","0.7398264408111572"
"143067","0.6198166012763977","0.6198166012763977","0.6198166012763977"
"143074","0.7099491357803345","0.7099491357803345","0.7099491357803345"
"143087","0.8596197962760925","0.8596197962760925","0.8596197962760925"
"143144","0.4181339740753174","0.4181339740753174","0.4181339740753174"
"143159","0.8066366314888","0.8066366314888","0.8066366314888"
"143172","0.8581044673919678","0.8581044673919678","0.8581044673919678"
"143177","0.7373283505439758","0.7373283505439758","0.7373283505439758"
"143180","0.5744390487670898","0.5744390487670898","0.5744390487670898"
"143194","0.5968142151832581","0.5968142151832581","0.5968142151832581"
"143239","0.5588983297348022","0.5588983297348022","0.5588983297348022"
"143256","0.825214147567749","0.825214147567749","0.825214147567749"
"143303","0.7709795236587524","0.7709795236587524","0.7709795236587524"
"143319","0.8742345571517944","0.8742345571517944","0.8742345571517944"
"143335","0.8491086959838867","0.8491086959838867","0.8491086959838867"
"143344","0.4542481303215027","0.4542481303215027","0.4542481303215027"
"143475","0.7269752025604248","0.7269752025604248","0.7269752025604248"
"143514","0.6640834808349609","0.6640834808349609","0.6640834808349609"
"143586","0.6016258597373962","0.6016258597373962","0.6016258597373962"
"143599","0.7025295495986938","0.7025295495986938","0.7025295495986938"
"143638","0.6397181749343872","0.6397181749343872","0.6397181749343872"
"143640","0.6769702434539795","0.6769702434539795","0.6769702434539795"
"143649","0.6833195686340332","0.6833195686340332","0.6833195686340332"
"143667","0.5833743810653687","0.5833743810653687","0.5833743810653687"
"143678","1.1499123573303223","1.1499123573303223","1.1499123573303223"
"143683","0.5737164616584778","0.5737164616584778","0.5737164616584778"
"143692","0.35167402029037476","0.35167402029037476","0.35167402029037476"
"143694","1.1137360334396362","1.1137360334396362","1.1137360334396362"
"143747","0.9055955410003662","0.9055955410003662","0.9055955410003662"
"143757","0.2998221814632416","0.2998221814632416","0.2998221814632416"
"143776","0.8565442562103271","0.8565442562103271","0.8565442562103271"
"143828","0.9892494082450867","0.9892494082450867","0.9892494082450867"
"143849","0.9713403582572937","0.9713403582572937","0.9713403582572937"
"143850","0.3974628448486328","0.3974628448486328","0.3974628448486328"
"143918","0.597007155418396","0.597007155418396","0.597007155418396"
"143942","0.7524228096008301","0.7524228096008301","0.7524228096008301"
"143952","0.8864821195602417","0.8864821195602417","0.8864821195602417"
"143961","0.9345773458480835","0.9345773458480835","0.9345773458480835"
"143971","0.5548496246337891","0.5548496246337891","0.5548496246337891"
"144013","0.6306397914886475","0.6306397914886475","0.6306397914886475"
"144015","0.6612551212310791","0.6612551212310791","0.6612551212310791"
"144016","0.614457368850708","0.614457368850708","0.614457368850708"
"144030","1.1928023099899292","1.1928023099899292","1.1928023099899292"
"144046","0.673816442489624","0.673816442489624","0.673816442489624"
"144050","0.6755243539810181","0.6755243539810181","0.6755243539810181"
"144131","0.9156187772750854","0.9156187772750854","0.9156187772750854"
"144140","0.9090603590011597","0.9090603590011597","0.9090603590011597"
"144146","0.6918607354164124","0.6918607354164124","0.6918607354164124"
"144150","0.5315359830856323","0.5315359830856323","0.5315359830856323"
"144161","0.6828411817550659","0.6828411817550659","0.6828411817550659"
"144162","0.7062638998031616","0.7062638998031616","0.7062638998031616"
"144196","0.669495165348053","0.669495165348053","0.669495165348053"
"144213","0.6261972188949585","0.6261972188949585","0.6261972188949585"
"144262","0.6643764972686768","0.6643764972686768","0.6643764972686768"
"144302","0.7869827151298523","0.7869827151298523","0.7869827151298523"
"144303","0.534732460975647","0.534732460975647","0.534732460975647"
"144316","0.43961966037750244","0.43961966037750244","0.43961966037750244"
"144362","0.6479272246360779","0.6479272246360779","0.6479272246360779"
"144411","0.8712624311447144","0.8712624311447144","0.8712624311447144"
"144446","0.6537995338439941","0.6537995338439941","0.6537995338439941"
"144488","0.6528264284133911","0.6528264284133911","0.6528264284133911"
"144494","0.6043589115142822","0.6043589115142822","0.6043589115142822"
"144512","0.5996758937835693","0.5996758937835693","0.5996758937835693"
"144518","0.8334037661552429","0.8334037661552429","0.8334037661552429"
"144534","0.7691027522087097","0.7691027522087097","0.7691027522087097"
"144574","0.6442558765411377","0.6442558765411377","0.6442558765411377"
"144616","0.749542236328125","0.749542236328125","0.749542236328125"
"144623","0.6725121140480042","0.6725121140480042","0.6725121140480042"
"144630","0.7047077417373657","0.7047077417373657","0.7047077417373657"
"144633","1.08125901222229","1.08125901222229","1.08125901222229"
"144650","1.0553244352340698","1.0553244352340698","1.0553244352340698"
"144680","0.7263878583908081","0.7263878583908081","0.7263878583908081"
"144683","0.6972960829734802","0.6972960829734802","0.6972960829734802"
"144691","0.720220685005188","0.720220685005188","0.720220685005188"
"144734","0.8246040344238281","0.8246040344238281","0.8246040344238281"
"144736","0.6666182279586792","0.6666182279586792","0.6666182279586792"
"144743","0.9499660730361938","0.9499660730361938","0.9499660730361938"
"144748","0.843900203704834","0.843900203704834","0.843900203704834"
"144769","0.7490167021751404","0.7490167021751404","0.7490167021751404"
"144802","0.6360357999801636","0.6360357999801636","0.6360357999801636"
"144814","0.678538978099823","0.678538978099823","0.678538978099823"
"144859","0.8178861141204834","0.8178861141204834","0.8178861141204834"
"144869","0.6474380493164062","0.6474380493164062","0.6474380493164062"
"144874","0.7434488534927368","0.7434488534927368","0.7434488534927368"
"144891","0.9471958875656128","0.9471958875656128","0.9471958875656128"
"144941","0.9499711990356445","0.9499711990356445","0.9499711990356445"
"144996","0.78617924451828","0.78617924451828","0.78617924451828"
"145003","0.6558026075363159","0.6558026075363159","0.6558026075363159"
"145007","0.896538257598877","0.896538257598877","0.896538257598877"
"145009","0.9432088136672974","0.9432088136672974","0.9432088136672974"
"145014","0.5757721066474915","0.5757721066474915","0.5757721066474915"
"145020","0.7248139977455139","0.7248139977455139","0.7248139977455139"
"145035","0.5388101935386658","0.5388101935386658","0.5388101935386658"
"145076","0.6915932893753052","0.6915932893753052","0.6915932893753052"
"145095","0.9050897359848022","0.9050897359848022","0.9050897359848022"
"145096","0.6352910995483398","0.6352910995483398","0.6352910995483398"
"145105","0.5608201622962952","0.5608201622962952","0.5608201622962952"
"145114","0.895908534526825","0.895908534526825","0.895908534526825"
"145125","0.7458409667015076","0.7458409667015076","0.7458409667015076"
"145130","0.450278639793396","0.450278639793396","0.450278639793396"
"145149","0.698053240776062","0.698053240776062","0.698053240776062"
"145157","0.6506564021110535","0.6506564021110535","0.6506564021110535"
"145171","0.554180920124054","0.554180920124054","0.554180920124054"
"145176","0.6690616607666016","0.6690616607666016","0.6690616607666016"
"145205","0.7514953017234802","0.7514953017234802","0.7514953017234802"
"145226","0.6317735314369202","0.6317735314369202","0.6317735314369202"
"145301","1.080971598625183","1.080971598625183","1.080971598625183"
"145361","0.5182206630706787","0.5182206630706787","0.5182206630706787"
"145402","0.6901219487190247","0.6901219487190247","0.6901219487190247"
"145446","0.8506478667259216","0.8506478667259216","0.8506478667259216"
"145448","0.5104511976242065","0.5104511976242065","0.5104511976242065"
"145474","0.984870195388794","0.984870195388794","0.984870195388794"
"145528","0.6995630264282227","0.6995630264282227","0.6995630264282227"
"145542","0.5753786563873291","0.5753786563873291","0.5753786563873291"
"145548","0.9047317504882812","0.9047317504882812","0.9047317504882812"
"145561","0.7381875514984131","0.7381875514984131","0.7381875514984131"
"145589","0.6198267340660095","0.6198267340660095","0.6198267340660095"
"145590","0.8097171783447266","0.8097171783447266","0.8097171783447266"
"145593","0.7540750503540039","0.7540750503540039","0.7540750503540039"
"145598","0.8814638257026672","0.8814638257026672","0.8814638257026672"
"145599","0.5989391803741455","0.5989391803741455","0.5989391803741455"
"145624","0.6942638754844666","0.6942638754844666","0.6942638754844666"
"145625","0.5561598539352417","0.5561598539352417","0.5561598539352417"
"145636","0.6781487464904785","0.6781487464904785","0.6781487464904785"
"145658","0.7070081233978271","0.7070081233978271","0.7070081233978271"
"145679","0.5600213408470154","0.5600213408470154","0.5600213408470154"
"145687","0.7483020424842834","0.7483020424842834","0.7483020424842834"
"145730","0.7730011940002441","0.7730011940002441","0.7730011940002441"
"145800","0.7548789381980896","0.7548789381980896","0.7548789381980896"
"145806","0.8142826557159424","0.8142826557159424","0.8142826557159424"
"145838","0.7292689681053162","0.7292689681053162","0.7292689681053162"
"145851","0.5427240133285522","0.5427240133285522","0.5427240133285522"
"145852","0.8222909569740295","0.8222909569740295","0.8222909569740295"
"145882","0.8806115984916687","0.8806115984916687","0.8806115984916687"
"145935","0.8888390064239502","0.8888390064239502","0.8888390064239502"
"145943","0.48645690083503723","0.48645690083503723","0.48645690083503723"
"145952","0.7776532769203186","0.7776532769203186","0.7776532769203186"
"145962","0.883728563785553","0.883728563785553","0.883728563785553"
"145987","0.7236189842224121","0.7236189842224121","0.7236189842224121"
"146019","0.8633800745010376","0.8633800745010376","0.8633800745010376"
"146059","0.7997443675994873","0.7997443675994873","0.7997443675994873"
"146061","0.6788085699081421","0.6788085699081421","0.6788085699081421"
"146095","0.7660634517669678","0.7660634517669678","0.7660634517669678"
"146116","0.5445204973220825","0.5445204973220825","0.5445204973220825"
"146121","0.5226326584815979","0.5226326584815979","0.5226326584815979"
"146122","1.1051656007766724","1.1051656007766724","1.1051656007766724"
"146127","0.7064076662063599","0.7064076662063599","0.7064076662063599"
"146129","0.48960191011428833","0.48960191011428833","0.48960191011428833"
"146140","0.8423692584037781","0.8423692584037781","0.8423692584037781"
"146162","0.7014209628105164","0.7014209628105164","0.7014209628105164"
"146168","0.4320697784423828","0.4320697784423828","0.4320697784423828"
"146169","0.7488551139831543","0.7488551139831543","0.7488551139831543"
"146172","0.5549866557121277","0.5549866557121277","0.5549866557121277"
"146199","0.9438163638114929","0.9438163638114929","0.9438163638114929"
"146281","0.9084384441375732","0.9084384441375732","0.9084384441375732"
"146311","0.7355772852897644","0.7355772852897644","0.7355772852897644"
"146336","0.9866076111793518","0.9866076111793518","0.9866076111793518"
"146374","0.6439990401268005","0.6439990401268005","0.6439990401268005"
"146382","0.6685514450073242","0.6685514450073242","0.6685514450073242"
"146387","0.7704517841339111","0.7704517841339111","0.7704517841339111"
"146414","0.7969496250152588","0.7969496250152588","0.7969496250152588"
"146429","0.6538879871368408","0.6538879871368408","0.6538879871368408"
"146447","0.8191443085670471","0.8191443085670471","0.8191443085670471"
"146448","0.7239513397216797","0.7239513397216797","0.7239513397216797"
"146458","0.7559605836868286","0.7559605836868286","0.7559605836868286"
"146466","0.595559298992157","0.595559298992157","0.595559298992157"
"146500","0.6033755540847778","0.6033755540847778","0.6033755540847778"
"146503","0.5382674932479858","0.5382674932479858","0.5382674932479858"
"146525","0.6848070621490479","0.6848070621490479","0.6848070621490479"
"146552","0.6200933456420898","0.6200933456420898","0.6200933456420898"
"146557","0.5564109086990356","0.5564109086990356","0.5564109086990356"
"146586","0.8205097913742065","0.8205097913742065","0.8205097913742065"
"146628","0.9726030826568604","0.9726030826568604","0.9726030826568604"
"146639","0.6391230225563049","0.6391230225563049","0.6391230225563049"
"146652","0.6124390363693237","0.6124390363693237","0.6124390363693237"
"146700","0.6327822208404541","0.6327822208404541","0.6327822208404541"
"146743","1.0469412803649902","1.0469412803649902","1.0469412803649902"
"146752","0.7437713146209717","0.7437713146209717","0.7437713146209717"
"146776","0.7414994239807129","0.7414994239807129","0.7414994239807129"
"146795","0.6802723407745361","0.6802723407745361","0.6802723407745361"
"146832","0.7218343019485474","0.7218343019485474","0.7218343019485474"
"146836","0.720556914806366","0.720556914806366","0.720556914806366"
"146874","0.49701666831970215","0.49701666831970215","0.49701666831970215"
"146887","0.8424246907234192","0.8424246907234192","0.8424246907234192"
"146983","0.5614380836486816","0.5614380836486816","0.5614380836486816"
"146988","0.8478618860244751","0.8478618860244751","0.8478618860244751"
"147060","0.5820153951644897","0.5820153951644897","0.5820153951644897"
"147071","0.5265264511108398","0.5265264511108398","0.5265264511108398"
"147104","0.5536784529685974","0.5536784529685974","0.5536784529685974"
"147114","0.7798386812210083","0.7798386812210083","0.7798386812210083"
"147138","0.8614463806152344","0.8614463806152344","0.8614463806152344"
"147170","0.7115753293037415","0.7115753293037415","0.7115753293037415"
"147172","0.6477921605110168","0.6477921605110168","0.6477921605110168"
"147200","0.7981529831886292","0.7981529831886292","0.7981529831886292"
"147214","0.8580983281135559","0.8580983281135559","0.8580983281135559"
"147285","0.7948951721191406","0.7948951721191406","0.7948951721191406"
"147339","0.683211088180542","0.683211088180542","0.683211088180542"
"147344","0.982302725315094","0.982302725315094","0.982302725315094"
"147348","0.6597992181777954","0.6597992181777954","0.6597992181777954"
"147350","0.6798686981201172","0.6798686981201172","0.6798686981201172"
"147352","1.0363091230392456","1.0363091230392456","1.0363091230392456"
"147413","0.5775042772293091","0.5775042772293091","0.5775042772293091"
"147417","0.3176296353340149","0.3176296353340149","0.3176296353340149"
"147421","0.9563261270523071","0.9563261270523071","0.9563261270523071"
"147441","0.902603030204773","0.902603030204773","0.902603030204773"
"147462","0.6926774978637695","0.6926774978637695","0.6926774978637695"
"147496","0.7069330215454102","0.7069330215454102","0.7069330215454102"
"147530","0.5334712266921997","0.5334712266921997","0.5334712266921997"
"147531","0.7976060509681702","0.7976060509681702","0.7976060509681702"
"147532","0.6062277555465698","0.6062277555465698","0.6062277555465698"
"147561","1.0780854225158691","1.0780854225158691","1.0780854225158691"
"147579","0.6589667201042175","0.6589667201042175","0.6589667201042175"
"147581","0.5445560812950134","0.5445560812950134","0.5445560812950134"
"147589","0.6617516875267029","0.6617516875267029","0.6617516875267029"
"147602","0.7390556335449219","0.7390556335449219","0.7390556335449219"
"147657","0.6743755340576172","0.6743755340576172","0.6743755340576172"
"147676","1.0697026252746582","1.0697026252746582","1.0697026252746582"
"147681","0.8088078498840332","0.8088078498840332","0.8088078498840332"
"147693","0.6312885284423828","0.6312885284423828","0.6312885284423828"
"147731","0.83957839012146","0.83957839012146","0.83957839012146"
"147742","0.869107186794281","0.869107186794281","0.869107186794281"
"147816","0.6438553333282471","0.6438553333282471","0.6438553333282471"
"147826","0.6876270174980164","0.6876270174980164","0.6876270174980164"
"147839","0.7661274075508118","0.7661274075508118","0.7661274075508118"
"147845","0.672571063041687","0.672571063041687","0.672571063041687"
"147852","0.5084493160247803","0.5084493160247803","0.5084493160247803"
"147878","0.4565255641937256","0.4565255641937256","0.4565255641937256"
"147890","0.496846079826355","0.496846079826355","0.496846079826355"
"147900","0.8130913972854614","0.8130913972854614","0.8130913972854614"
"147921","0.8428848385810852","0.8428848385810852","0.8428848385810852"
"147970","0.8935856819152832","0.8935856819152832","0.8935856819152832"
"148008","0.41162025928497314","0.41162025928497314","0.41162025928497314"
"148039","0.6272330284118652","0.6272330284118652","0.6272330284118652"
"148077","0.7402917146682739","0.7402917146682739","0.7402917146682739"
"148087","0.9015698432922363","0.9015698432922363","0.9015698432922363"
"148120","0.6392822861671448","0.6392822861671448","0.6392822861671448"
"148150","0.9810421466827393","0.9810421466827393","0.9810421466827393"
"148153","1.0288969278335571","1.0288969278335571","1.0288969278335571"
"148158","0.6799781918525696","0.6799781918525696","0.6799781918525696"
"148174","0.9986958503723145","0.9986958503723145","0.9986958503723145"
"148206","0.657806396484375","0.657806396484375","0.657806396484375"
"148216","0.6456429958343506","0.6456429958343506","0.6456429958343506"
"148222","0.5837574601173401","0.5837574601173401","0.5837574601173401"
"148245","0.5695464611053467","0.5695464611053467","0.5695464611053467"
"148248","0.9145150780677795","0.9145150780677795","0.9145150780677795"
"148256","0.5941838026046753","0.5941838026046753","0.5941838026046753"
"148312","0.6410012245178223","0.6410012245178223","0.6410012245178223"
"148336","0.5862154960632324","0.5862154960632324","0.5862154960632324"
"148380","0.5702768564224243","0.5702768564224243","0.5702768564224243"
"148386","0.6826249361038208","0.6826249361038208","0.6826249361038208"
"148431","0.6297471523284912","0.6297471523284912","0.6297471523284912"
"148437","0.8390873670578003","0.8390873670578003","0.8390873670578003"
"148452","0.80750972032547","0.80750972032547","0.80750972032547"
"148503","0.5942106246948242","0.5942106246948242","0.5942106246948242"
"148534","1.0004827976226807","1.0004827976226807","1.0004827976226807"
"148552","0.752994954586029","0.752994954586029","0.752994954586029"
"148572","0.6554867625236511","0.6554867625236511","0.6554867625236511"
"148575","0.7560232877731323","0.7560232877731323","0.7560232877731323"
"148591","0.6301286816596985","0.6301286816596985","0.6301286816596985"
"148597","0.7818315029144287","0.7818315029144287","0.7818315029144287"
"148612","0.5154812932014465","0.5154812932014465","0.5154812932014465"
"148614","0.5613905191421509","0.5613905191421509","0.5613905191421509"
"148628","0.2858521640300751","0.2858521640300751","0.2858521640300751"
"148632","0.7800050973892212","0.7800050973892212","0.7800050973892212"
"148640","1.3236353397369385","1.3236353397369385","1.3236353397369385"
"148644","0.6058157086372375","0.6058157086372375","0.6058157086372375"
"148649","0.8829525709152222","0.8829525709152222","0.8829525709152222"
"148671","0.6614055633544922","0.6614055633544922","0.6614055633544922"
"148692","0.7066150903701782","0.7066150903701782","0.7066150903701782"
"148702","0.7815836668014526","0.7815836668014526","0.7815836668014526"
"148729","1.0074371099472046","1.0074371099472046","1.0074371099472046"
"148733","0.7800548672676086","0.7800548672676086","0.7800548672676086"
"148758","0.7386105060577393","0.7386105060577393","0.7386105060577393"
"148760","0.6259708404541016","0.6259708404541016","0.6259708404541016"
"148768","0.7812588214874268","0.7812588214874268","0.7812588214874268"
"148783","0.4934313893318176","0.4934313893318176","0.4934313893318176"
"148904","0.770017683506012","0.770017683506012","0.770017683506012"
"148914","0.5631000995635986","0.5631000995635986","0.5631000995635986"
"148923","1.0819356441497803","1.0819356441497803","1.0819356441497803"
"148955","0.7495533227920532","0.7495533227920532","0.7495533227920532"
"149017","0.9124975204467773","0.9124975204467773","0.9124975204467773"
"149023","0.6842992305755615","0.6842992305755615","0.6842992305755615"
"149060","0.6674450635910034","0.6674450635910034","0.6674450635910034"
"149093","0.9176549911499023","0.9176549911499023","0.9176549911499023"
"149217","0.8919367790222168","0.8919367790222168","0.8919367790222168"
"149228","0.9614048004150391","0.9614048004150391","0.9614048004150391"
"149249","0.7438129186630249","0.7438129186630249","0.7438129186630249"
"149255","0.8383316993713379","0.8383316993713379","0.8383316993713379"
"149256","0.7671248316764832","0.7671248316764832","0.7671248316764832"
"149258","0.6948462724685669","0.6948462724685669","0.6948462724685669"
"149283","0.6727150678634644","0.6727150678634644","0.6727150678634644"
"149293","0.5227405428886414","0.5227405428886414","0.5227405428886414"
"149306","0.5581738948822021","0.5581738948822021","0.5581738948822021"
"149325","0.6206357479095459","0.6206357479095459","0.6206357479095459"
"149327","0.5349335074424744","0.5349335074424744","0.5349335074424744"
"149328","0.4608362913131714","0.4608362913131714","0.4608362913131714"
"149338","0.7676204442977905","0.7676204442977905","0.7676204442977905"
"149353","0.8662386536598206","0.8662386536598206","0.8662386536598206"
"149375","0.6413411498069763","0.6413411498069763","0.6413411498069763"
"149376","0.609214186668396","0.609214186668396","0.609214186668396"
"149386","0.7612700462341309","0.7612700462341309","0.7612700462341309"
"149422","0.5336830019950867","0.5336830019950867","0.5336830019950867"
"149436","0.720191478729248","0.720191478729248","0.720191478729248"
"149483","0.7224707007408142","0.7224707007408142","0.7224707007408142"
"149493","0.4473877549171448","0.4473877549171448","0.4473877549171448"
"149522","0.7195805311203003","0.7195805311203003","0.7195805311203003"
"149563","0.6624500155448914","0.6624500155448914","0.6624500155448914"
"149584","0.52659672498703","0.52659672498703","0.52659672498703"
"149643","0.6393652558326721","0.6393652558326721","0.6393652558326721"
"149659","0.724990725517273","0.724990725517273","0.724990725517273"
"149698","0.723118782043457","0.723118782043457","0.723118782043457"
"149724","0.8046058416366577","0.8046058416366577","0.8046058416366577"
"149769","0.7861655950546265","0.7861655950546265","0.7861655950546265"
"149789","0.7001755237579346","0.7001755237579346","0.7001755237579346"
"149811","0.5177063941955566","0.5177063941955566","0.5177063941955566"
"149828","0.7187995314598083","0.7187995314598083","0.7187995314598083"
"149862","0.6352171897888184","0.6352171897888184","0.6352171897888184"
"149867","0.749271035194397","0.749271035194397","0.749271035194397"
"149899","0.7867242097854614","0.7867242097854614","0.7867242097854614"
"149946","0.83762526512146","0.83762526512146","0.83762526512146"
"149999","0.7518145442008972","0.7518145442008972","0.7518145442008972"
"150017","0.548927366733551","0.548927366733551","0.548927366733551"
"150042","0.6088975667953491","0.6088975667953491","0.6088975667953491"
"150052","0.6635065078735352","0.6635065078735352","0.6635065078735352"
"150083","0.8509631752967834","0.8509631752967834","0.8509631752967834"
"150095","0.5543496012687683","0.5543496012687683","0.5543496012687683"
"150108","0.7293612957000732","0.7293612957000732","0.7293612957000732"
"150165","0.6273791790008545","0.6273791790008545","0.6273791790008545"
"150187","0.9401975274085999","0.9401975274085999","0.9401975274085999"
"150191","0.8928875923156738","0.8928875923156738","0.8928875923156738"
"150198","0.6948381662368774","0.6948381662368774","0.6948381662368774"
"150213","0.7386358976364136","0.7386358976364136","0.7386358976364136"
"150225","0.4402531087398529","0.4402531087398529","0.4402531087398529"
"150259","0.8183229565620422","0.8183229565620422","0.8183229565620422"
"150261","0.8844053149223328","0.8844053149223328","0.8844053149223328"
"150323","1.01084303855896","1.01084303855896","1.01084303855896"
"150338","1.1454837322235107","1.1454837322235107","1.1454837322235107"
"150352","0.9035322666168213","0.9035322666168213","0.9035322666168213"
"150365","0.9119962453842163","0.9119962453842163","0.9119962453842163"
"150413","0.5618840456008911","0.5618840456008911","0.5618840456008911"
"150420","0.7493267059326172","0.7493267059326172","0.7493267059326172"
"150433","0.6630953550338745","0.6630953550338745","0.6630953550338745"
"150435","0.706692099571228","0.706692099571228","0.706692099571228"
"150446","0.8433993458747864","0.8433993458747864","0.8433993458747864"
"150449","0.8173693418502808","0.8173693418502808","0.8173693418502808"
"150464","0.7955138683319092","0.7955138683319092","0.7955138683319092"
"150478","0.7922846078872681","0.7922846078872681","0.7922846078872681"
"150511","0.6682180762290955","0.6682180762290955","0.6682180762290955"
"150526","0.5448489189147949","0.5448489189147949","0.5448489189147949"
"150538","0.6149526834487915","0.6149526834487915","0.6149526834487915"
"150554","0.6295880079269409","0.6295880079269409","0.6295880079269409"
"150559","0.8301762938499451","0.8301762938499451","0.8301762938499451"
"150560","0.6759684085845947","0.6759684085845947","0.6759684085845947"
"150584","0.9474387168884277","0.9474387168884277","0.9474387168884277"
"150625","0.7656564712524414","0.7656564712524414","0.7656564712524414"
"150637","1.0009526014328003","1.0009526014328003","1.0009526014328003"
"150649","0.7076658606529236","0.7076658606529236","0.7076658606529236"
"150659","0.6759799718856812","0.6759799718856812","0.6759799718856812"
"150679","0.43229055404663086","0.43229055404663086","0.43229055404663086"
"150722","0.529495358467102","0.529495358467102","0.529495358467102"
"150807","0.42214706540107727","0.42214706540107727","0.42214706540107727"
"150822","0.8098052740097046","0.8098052740097046","0.8098052740097046"
"150840","0.9599100947380066","0.9599100947380066","0.9599100947380066"
"150842","0.6892291307449341","0.6892291307449341","0.6892291307449341"
"150852","0.5197891592979431","0.5197891592979431","0.5197891592979431"
"150865","0.6489602327346802","0.6489602327346802","0.6489602327346802"
"150894","0.8364444971084595","0.8364444971084595","0.8364444971084595"
"150913","0.5545315742492676","0.5545315742492676","0.5545315742492676"
"150917","0.8433306813240051","0.8433306813240051","0.8433306813240051"
"150929","0.3155050277709961","0.3155050277709961","0.3155050277709961"
"150930","0.6378165483474731","0.6378165483474731","0.6378165483474731"
"150954","0.9560114741325378","0.9560114741325378","0.9560114741325378"
"150994","0.914595365524292","0.914595365524292","0.914595365524292"
"151006","0.46869826316833496","0.46869826316833496","0.46869826316833496"
"151034","0.8158165216445923","0.8158165216445923","0.8158165216445923"
"151045","0.49681854248046875","0.49681854248046875","0.49681854248046875"
"151052","0.497916579246521","0.497916579246521","0.497916579246521"
"151078","0.6472076177597046","0.6472076177597046","0.6472076177597046"
"151113","0.5314286947250366","0.5314286947250366","0.5314286947250366"
"151115","0.8859726190567017","0.8859726190567017","0.8859726190567017"
"151127","0.7596042156219482","0.7596042156219482","0.7596042156219482"
"151172","0.5701462030410767","0.5701462030410767","0.5701462030410767"
"151191","0.7922168374061584","0.7922168374061584","0.7922168374061584"
"151201","0.7042205333709717","0.7042205333709717","0.7042205333709717"
"151202","0.5062751770019531","0.5062751770019531","0.5062751770019531"
"151204","0.5535005331039429","0.5535005331039429","0.5535005331039429"
"151225","0.7512405514717102","0.7512405514717102","0.7512405514717102"
"151229","1.1185426712036133","1.1185426712036133","1.1185426712036133"
"151247","0.8103177547454834","0.8103177547454834","0.8103177547454834"
"151255","0.6334027051925659","0.6334027051925659","0.6334027051925659"
"151271","0.6919059753417969","0.6919059753417969","0.6919059753417969"
"151325","0.6430810689926147","0.6430810689926147","0.6430810689926147"
"151332","1.047922134399414","1.047922134399414","1.047922134399414"
"151368","0.5649208426475525","0.5649208426475525","0.5649208426475525"
"151386","0.743050754070282","0.743050754070282","0.743050754070282"
"151389","0.7119983434677124","0.7119983434677124","0.7119983434677124"
"151392","1.0185693502426147","1.0185693502426147","1.0185693502426147"
"151410","0.8770084381103516","0.8770084381103516","0.8770084381103516"
"151429","0.976937472820282","0.976937472820282","0.976937472820282"
"151457","0.5280587673187256","0.5280587673187256","0.5280587673187256"
"151500","0.8407441973686218","0.8407441973686218","0.8407441973686218"
"151506","0.8684992790222168","0.8684992790222168","0.8684992790222168"
"151511","0.6723785996437073","0.6723785996437073","0.6723785996437073"
"151536","0.5482627749443054","0.5482627749443054","0.5482627749443054"
"151539","0.6771815419197083","0.6771815419197083","0.6771815419197083"
"151556","0.9397313594818115","0.9397313594818115","0.9397313594818115"
"151562","0.7685307264328003","0.7685307264328003","0.7685307264328003"
"151564","0.5078964233398438","0.5078964233398438","0.5078964233398438"
"151565","0.7390304803848267","0.7390304803848267","0.7390304803848267"
"151603","0.4309426546096802","0.4309426546096802","0.4309426546096802"
"151636","0.7813050150871277","0.7813050150871277","0.7813050150871277"
"151678","0.7179840803146362","0.7179840803146362","0.7179840803146362"
"151681","0.9054325819015503","0.9054325819015503","0.9054325819015503"
"151733","0.8305395245552063","0.8305395245552063","0.8305395245552063"
"151734","0.9551616311073303","0.9551616311073303","0.9551616311073303"
"151773","0.7304619550704956","0.7304619550704956","0.7304619550704956"
"151816","0.825498640537262","0.825498640537262","0.825498640537262"
"151886","0.6033104658126831","0.6033104658126831","0.6033104658126831"
"151902","0.67046058177948","0.67046058177948","0.67046058177948"
"151911","0.7728074789047241","0.7728074789047241","0.7728074789047241"
"151934","0.48453354835510254","0.48453354835510254","0.48453354835510254"
"151949","0.7613593339920044","0.7613593339920044","0.7613593339920044"
"151983","1.0157110691070557","1.0157110691070557","1.0157110691070557"
"151989","0.7969967126846313","0.7969967126846313","0.7969967126846313"
"151991","0.8498587608337402","0.8498587608337402","0.8498587608337402"
"151993","0.7976995706558228","0.7976995706558228","0.7976995706558228"
"152005","0.7624973058700562","0.7624973058700562","0.7624973058700562"
"152007","0.46557068824768066","0.46557068824768066","0.46557068824768066"
"152010","0.8607819080352783","0.8607819080352783","0.8607819080352783"
"152033","0.7554184198379517","0.7554184198379517","0.7554184198379517"
"152034","0.5451352596282959","0.5451352596282959","0.5451352596282959"
"152069","0.9186716079711914","0.9186716079711914","0.9186716079711914"
"152081","0.7765638828277588","0.7765638828277588","0.7765638828277588"
"152131","0.8469107151031494","0.8469107151031494","0.8469107151031494"
"152222","0.8160725831985474","0.8160725831985474","0.8160725831985474"
"152251","0.8073553442955017","0.8073553442955017","0.8073553442955017"
"152285","0.7113790512084961","0.7113790512084961","0.7113790512084961"
"152288","0.751732349395752","0.751732349395752","0.751732349395752"
"152308","0.6440995931625366","0.6440995931625366","0.6440995931625366"
"152345","0.37069129943847656","0.37069129943847656","0.37069129943847656"
"152375","0.8853013515472412","0.8853013515472412","0.8853013515472412"
"152394","0.47413837909698486","0.47413837909698486","0.47413837909698486"
"152426","0.7524329423904419","0.7524329423904419","0.7524329423904419"
"152491","0.5520715117454529","0.5520715117454529","0.5520715117454529"
"152499","0.6488392949104309","0.6488392949104309","0.6488392949104309"
"152511","0.7822442650794983","0.7822442650794983","0.7822442650794983"
"152597","0.7938533425331116","0.7938533425331116","0.7938533425331116"
"152640","0.823855996131897","0.823855996131897","0.823855996131897"
"152687","0.4574013352394104","0.4574013352394104","0.4574013352394104"
"152702","0.7973333597183228","0.7973333597183228","0.7973333597183228"
"152763","1.0121476650238037","1.0121476650238037","1.0121476650238037"
"152776","0.7334231734275818","0.7334231734275818","0.7334231734275818"
"152784","0.6145671010017395","0.6145671010017395","0.6145671010017395"
"152825","0.557765007019043","0.557765007019043","0.557765007019043"
"152861","0.3659999370574951","0.3659999370574951","0.3659999370574951"
"152865","0.6336471438407898","0.6336471438407898","0.6336471438407898"
"152866","0.6247877478599548","0.6247877478599548","0.6247877478599548"
"152869","0.5687122344970703","0.5687122344970703","0.5687122344970703"
"152901","0.7280158996582031","0.7280158996582031","0.7280158996582031"
"152909","0.7747856378555298","0.7747856378555298","0.7747856378555298"
"152912","0.7895960807800293","0.7895960807800293","0.7895960807800293"
"152921","0.4324897527694702","0.4324897527694702","0.4324897527694702"
"152939","0.6092102527618408","0.6092102527618408","0.6092102527618408"
"152948","0.7393562197685242","0.7393562197685242","0.7393562197685242"
"152952","1.0270066261291504","1.0270066261291504","1.0270066261291504"
"152981","0.5762759447097778","0.5762759447097778","0.5762759447097778"
"153015","0.7250366806983948","0.7250366806983948","0.7250366806983948"
"153027","0.6194579005241394","0.6194579005241394","0.6194579005241394"
"153063","0.9387866854667664","0.9387866854667664","0.9387866854667664"
"153097","0.6998307704925537","0.6998307704925537","0.6998307704925537"
"153098","0.770891547203064","0.770891547203064","0.770891547203064"
"153110","0.744513988494873","0.744513988494873","0.744513988494873"
"153145","0.7097893953323364","0.7097893953323364","0.7097893953323364"
"153168","0.7024520039558411","0.7024520039558411","0.7024520039558411"
"153192","1.1171294450759888","1.1171294450759888","1.1171294450759888"
"153195","0.6130968332290649","0.6130968332290649","0.6130968332290649"
"153208","0.9632124900817871","0.9632124900817871","0.9632124900817871"
"153224","0.8262360692024231","0.8262360692024231","0.8262360692024231"
"153290","0.5345149040222168","0.5345149040222168","0.5345149040222168"
"153293","0.9045552611351013","0.9045552611351013","0.9045552611351013"
"153296","0.5650216937065125","0.5650216937065125","0.5650216937065125"
"153308","0.6175245046615601","0.6175245046615601","0.6175245046615601"
"153333","0.8380250930786133","0.8380250930786133","0.8380250930786133"
"153338","0.9289830923080444","0.9289830923080444","0.9289830923080444"
"153365","0.7899117469787598","0.7899117469787598","0.7899117469787598"
"153416","1.0588514804840088","1.0588514804840088","1.0588514804840088"
"153430","0.6729406118392944","0.6729406118392944","0.6729406118392944"
"153477","0.7599632740020752","0.7599632740020752","0.7599632740020752"
"153507","0.8167054653167725","0.8167054653167725","0.8167054653167725"
"153527","0.9042421579360962","0.9042421579360962","0.9042421579360962"
"153542","0.8672328591346741","0.8672328591346741","0.8672328591346741"
"153593","0.811270534992218","0.811270534992218","0.811270534992218"
"153603","0.774628758430481","0.774628758430481","0.774628758430481"
"153615","0.6540645360946655","0.6540645360946655","0.6540645360946655"
"153648","0.9276971817016602","0.9276971817016602","0.9276971817016602"
"153652","0.6334354877471924","0.6334354877471924","0.6334354877471924"
"153660","0.5937492847442627","0.5937492847442627","0.5937492847442627"
"153692","0.5964913368225098","0.5964913368225098","0.5964913368225098"
"153728","0.7179550528526306","0.7179550528526306","0.7179550528526306"
"153754","0.7849370837211609","0.7849370837211609","0.7849370837211609"
"153758","0.6443710327148438","0.6443710327148438","0.6443710327148438"
"153760","0.85139399766922","0.85139399766922","0.85139399766922"
"153769","0.9204727411270142","0.9204727411270142","0.9204727411270142"
"153779","0.5847276449203491","0.5847276449203491","0.5847276449203491"
"153820","0.60040283203125","0.60040283203125","0.60040283203125"
"153824","0.955915093421936","0.955915093421936","0.955915093421936"
"153836","0.7776243686676025","0.7776243686676025","0.7776243686676025"
"153868","0.5641607046127319","0.5641607046127319","0.5641607046127319"
"153874","0.8216416239738464","0.8216416239738464","0.8216416239738464"
"153897","0.4755987226963043","0.4755987226963043","0.4755987226963043"
"153955","0.6665123701095581","0.6665123701095581","0.6665123701095581"
"154005","0.6624821424484253","0.6624821424484253","0.6624821424484253"
"154043","0.6936889886856079","0.6936889886856079","0.6936889886856079"
"154048","0.4510282874107361","0.4510282874107361","0.4510282874107361"
"154102","0.7695239782333374","0.7695239782333374","0.7695239782333374"
"154132","0.6046240329742432","0.6046240329742432","0.6046240329742432"
"154166","0.567325234413147","0.567325234413147","0.567325234413147"
"154170","0.6529425978660583","0.6529425978660583","0.6529425978660583"
"154181","1.0156720876693726","1.0156720876693726","1.0156720876693726"
"154192","0.5590327978134155","0.5590327978134155","0.5590327978134155"
"154239","0.6899877190589905","0.6899877190589905","0.6899877190589905"
"154244","0.815692663192749","0.815692663192749","0.815692663192749"
"154278","0.7636659145355225","0.7636659145355225","0.7636659145355225"
"154279","0.7683844566345215","0.7683844566345215","0.7683844566345215"
"154295","0.5704452991485596","0.5704452991485596","0.5704452991485596"
"154299","0.5339438915252686","0.5339438915252686","0.5339438915252686"
"154373","0.9521876573562622","0.9521876573562622","0.9521876573562622"
"154374","0.8344869017601013","0.8344869017601013","0.8344869017601013"
"154411","0.6447616219520569","0.6447616219520569","0.6447616219520569"
"154412","0.635801374912262","0.635801374912262","0.635801374912262"
"154424","0.6436600685119629","0.6436600685119629","0.6436600685119629"
"154441","0.6274234056472778","0.6274234056472778","0.6274234056472778"
"154445","0.7457371950149536","0.7457371950149536","0.7457371950149536"
"154458","0.6231830716133118","0.6231830716133118","0.6231830716133118"
"154497","0.6088730096817017","0.6088730096817017","0.6088730096817017"
"154542","0.8952817916870117","0.8952817916870117","0.8952817916870117"
"154551","0.7415151000022888","0.7415151000022888","0.7415151000022888"
"154557","0.5603228211402893","0.5603228211402893","0.5603228211402893"
"154570","0.5982847809791565","0.5982847809791565","0.5982847809791565"
"154610","0.868226945400238","0.868226945400238","0.868226945400238"
"154631","0.7490108013153076","0.7490108013153076","0.7490108013153076"
"154658","0.6355696320533752","0.6355696320533752","0.6355696320533752"
"154683","0.8166602849960327","0.8166602849960327","0.8166602849960327"
"154711","0.7262200117111206","0.7262200117111206","0.7262200117111206"
"154721","0.8166828751564026","0.8166828751564026","0.8166828751564026"
"154726","0.8342733979225159","0.8342733979225159","0.8342733979225159"
"154747","0.8424791693687439","0.8424791693687439","0.8424791693687439"
"154799","0.6159694790840149","0.6159694790840149","0.6159694790840149"
"154800","0.9432872533798218","0.9432872533798218","0.9432872533798218"
"154837","0.7008349895477295","0.7008349895477295","0.7008349895477295"
"154865","0.6074116230010986","0.6074116230010986","0.6074116230010986"
"154878","0.7502622008323669","0.7502622008323669","0.7502622008323669"
"154919","0.8672200441360474","0.8672200441360474","0.8672200441360474"
"154925","1.0245885848999023","1.0245885848999023","1.0245885848999023"
"154969","0.5464708209037781","0.5464708209037781","0.5464708209037781"
"154987","0.972293496131897","0.972293496131897","0.972293496131897"
"155043","1.02342689037323","1.02342689037323","1.02342689037323"
"155091","0.8147268891334534","0.8147268891334534","0.8147268891334534"
"155130","0.618896484375","0.618896484375","0.618896484375"
"155141","0.41690492630004883","0.41690492630004883","0.41690492630004883"
"155225","0.6262601613998413","0.6262601613998413","0.6262601613998413"
"155240","0.4470216631889343","0.4470216631889343","0.4470216631889343"
"155262","0.761110782623291","0.761110782623291","0.761110782623291"
"155281","0.5382547974586487","0.5382547974586487","0.5382547974586487"
"155296","0.5430811643600464","0.5430811643600464","0.5430811643600464"
"155297","0.6159958243370056","0.6159958243370056","0.6159958243370056"
"155321","0.5193513631820679","0.5193513631820679","0.5193513631820679"
"155329","0.9700238108634949","0.9700238108634949","0.9700238108634949"
"155334","0.8660457134246826","0.8660457134246826","0.8660457134246826"
"155345","0.47702130675315857","0.47702130675315857","0.47702130675315857"
"155404","0.8609223961830139","0.8609223961830139","0.8609223961830139"
"155443","0.8221315145492554","0.8221315145492554","0.8221315145492554"
"155466","0.8567090034484863","0.8567090034484863","0.8567090034484863"
"155480","0.5325813293457031","0.5325813293457031","0.5325813293457031"
"155505","0.8073581457138062","0.8073581457138062","0.8073581457138062"
"155513","0.5353269577026367","0.5353269577026367","0.5353269577026367"
"155610","0.826278567314148","0.826278567314148","0.826278567314148"
"155621","0.7411803603172302","0.7411803603172302","0.7411803603172302"
"155653","0.8732912540435791","0.8732912540435791","0.8732912540435791"
"155678","0.8334171772003174","0.8334171772003174","0.8334171772003174"
"155734","0.8004167675971985","0.8004167675971985","0.8004167675971985"
"155739","0.617794394493103","0.617794394493103","0.617794394493103"
"155754","0.5804564952850342","0.5804564952850342","0.5804564952850342"
"155841","0.7153597474098206","0.7153597474098206","0.7153597474098206"
"155843","0.9747936129570007","0.9747936129570007","0.9747936129570007"
"155875","0.6526061296463013","0.6526061296463013","0.6526061296463013"
"155914","1.0634006261825562","1.0634006261825562","1.0634006261825562"
"155938","0.8416024446487427","0.8416024446487427","0.8416024446487427"
"155961","0.6514624357223511","0.6514624357223511","0.6514624357223511"
"155992","1.0091866254806519","1.0091866254806519","1.0091866254806519"
"156012","0.7577561736106873","0.7577561736106873","0.7577561736106873"
"156050","0.6182422637939453","0.6182422637939453","0.6182422637939453"
"156057","0.7100229859352112","0.7100229859352112","0.7100229859352112"
"156082","0.7840962409973145","0.7840962409973145","0.7840962409973145"
"156101","0.7371425628662109","0.7371425628662109","0.7371425628662109"
"156119","0.9538887739181519","0.9538887739181519","0.9538887739181519"
"156170","0.59493088722229","0.59493088722229","0.59493088722229"
"156177","1.0170719623565674","1.0170719623565674","1.0170719623565674"
"156192","0.6568915843963623","0.6568915843963623","0.6568915843963623"
"156208","0.6961257457733154","0.6961257457733154","0.6961257457733154"
"156216","0.6094268560409546","0.6094268560409546","0.6094268560409546"
"156259","0.955352783203125","0.955352783203125","0.955352783203125"
"156284","0.75895094871521","0.75895094871521","0.75895094871521"
"156287","0.5425291657447815","0.5425291657447815","0.5425291657447815"
"156313","0.6393292546272278","0.6393292546272278","0.6393292546272278"
"156329","0.45968103408813477","0.45968103408813477","0.45968103408813477"
"156348","0.5554513931274414","0.5554513931274414","0.5554513931274414"
"156365","0.5981641411781311","0.5981641411781311","0.5981641411781311"
"156377","0.6804872751235962","0.6804872751235962","0.6804872751235962"
"156413","0.5204896330833435","0.5204896330833435","0.5204896330833435"
"156434","1.1082605123519897","1.1082605123519897","1.1082605123519897"
"156460","0.6681498289108276","0.6681498289108276","0.6681498289108276"
"156469","0.7475869655609131","0.7475869655609131","0.7475869655609131"
"156493","0.7556672096252441","0.7556672096252441","0.7556672096252441"
"156495","0.676422119140625","0.676422119140625","0.676422119140625"
"156497","0.6650658249855042","0.6650658249855042","0.6650658249855042"
"156499","0.8572307825088501","0.8572307825088501","0.8572307825088501"
"156526","0.4288897216320038","0.4288897216320038","0.4288897216320038"
"156543","0.5743487477302551","0.5743487477302551","0.5743487477302551"
"156566","0.6093835234642029","0.6093835234642029","0.6093835234642029"
"156571","0.9281801581382751","0.9281801581382751","0.9281801581382751"
"156630","0.5482678413391113","0.5482678413391113","0.5482678413391113"
"156679","0.5734125375747681","0.5734125375747681","0.5734125375747681"
"156693","0.5731617212295532","0.5731617212295532","0.5731617212295532"
"156697","0.7059166431427002","0.7059166431427002","0.7059166431427002"
"156703","0.5531231164932251","0.5531231164932251","0.5531231164932251"
"156704","0.9680490493774414","0.9680490493774414","0.9680490493774414"
"156793","0.2952588200569153","0.2952588200569153","0.2952588200569153"
"156804","0.8597551584243774","0.8597551584243774","0.8597551584243774"
"156819","0.6859151721000671","0.6859151721000671","0.6859151721000671"
"156832","0.8519928455352783","0.8519928455352783","0.8519928455352783"
"156839","0.668993353843689","0.668993353843689","0.668993353843689"
"156876","0.8923931121826172","0.8923931121826172","0.8923931121826172"
"156891","0.7468195557594299","0.7468195557594299","0.7468195557594299"
"156907","0.8568766117095947","0.8568766117095947","0.8568766117095947"
"156912","0.7714431285858154","0.7714431285858154","0.7714431285858154"
"156934","0.7478979229927063","0.7478979229927063","0.7478979229927063"
"156938","0.862201452255249","0.862201452255249","0.862201452255249"
"156951","0.5934197306632996","0.5934197306632996","0.5934197306632996"
"156954","0.7546582221984863","0.7546582221984863","0.7546582221984863"
"157020","0.8790818452835083","0.8790818452835083","0.8790818452835083"
"157041","0.8781177997589111","0.8781177997589111","0.8781177997589111"
"157086","0.5222114324569702","0.5222114324569702","0.5222114324569702"
"157091","0.7061357498168945","0.7061357498168945","0.7061357498168945"
"157122","0.5522047281265259","0.5522047281265259","0.5522047281265259"
"157243","0.8265476226806641","0.8265476226806641","0.8265476226806641"
"157322","1.0230987071990967","1.0230987071990967","1.0230987071990967"
"157372","0.9591284394264221","0.9591284394264221","0.9591284394264221"
"157403","0.617661714553833","0.617661714553833","0.617661714553833"
"157406","0.6367545127868652","0.6367545127868652","0.6367545127868652"
"157443","0.6812632083892822","0.6812632083892822","0.6812632083892822"
"157459","0.545222818851471","0.545222818851471","0.545222818851471"
"157501","0.6724921464920044","0.6724921464920044","0.6724921464920044"
"157533","0.5906087160110474","0.5906087160110474","0.5906087160110474"
"157543","0.4229806661605835","0.4229806661605835","0.4229806661605835"
"157554","0.7181575894355774","0.7181575894355774","0.7181575894355774"
"157632","1.0260852575302124","1.0260852575302124","1.0260852575302124"
"157658","0.8207551836967468","0.8207551836967468","0.8207551836967468"
"157661","0.6708397269248962","0.6708397269248962","0.6708397269248962"
"157702","0.8047575950622559","0.8047575950622559","0.8047575950622559"
"157723","0.6822826862335205","0.6822826862335205","0.6822826862335205"
"157734","0.68499356508255","0.68499356508255","0.68499356508255"
"157741","0.8773860931396484","0.8773860931396484","0.8773860931396484"
"157763","0.8105036616325378","0.8105036616325378","0.8105036616325378"
"157800","0.5566610097885132","0.5566610097885132","0.5566610097885132"
"157817","0.7138795852661133","0.7138795852661133","0.7138795852661133"
"157819","0.7839159965515137","0.7839159965515137","0.7839159965515137"
"157900","0.8353465795516968","0.8353465795516968","0.8353465795516968"
"157912","0.9925462007522583","0.9925462007522583","0.9925462007522583"
"157934","0.4610859751701355","0.4610859751701355","0.4610859751701355"
"157940","0.63923579454422","0.63923579454422","0.63923579454422"
"157942","0.7818039655685425","0.7818039655685425","0.7818039655685425"
"157964","0.6210445165634155","0.6210445165634155","0.6210445165634155"
"157986","0.7751204967498779","0.7751204967498779","0.7751204967498779"
"157996","0.8580161929130554","0.8580161929130554","0.8580161929130554"
"158002","0.6985615491867065","0.6985615491867065","0.6985615491867065"
"158026","0.5093783736228943","0.5093783736228943","0.5093783736228943"
"158096","0.7120018005371094","0.7120018005371094","0.7120018005371094"
"158141","0.8578038811683655","0.8578038811683655","0.8578038811683655"
"158188","0.8572707772254944","0.8572707772254944","0.8572707772254944"
"158189","0.900149405002594","0.900149405002594","0.900149405002594"
"158190","0.5958879590034485","0.5958879590034485","0.5958879590034485"
"158193","0.8012297749519348","0.8012297749519348","0.8012297749519348"
"158227","0.7726773619651794","0.7726773619651794","0.7726773619651794"
"158249","0.6879138350486755","0.6879138350486755","0.6879138350486755"
"158258","0.6644647121429443","0.6644647121429443","0.6644647121429443"
"158279","0.842972457408905","0.842972457408905","0.842972457408905"
"158284","0.9687724709510803","0.9687724709510803","0.9687724709510803"
"158336","0.6098889112472534","0.6098889112472534","0.6098889112472534"
"158368","0.4550197124481201","0.4550197124481201","0.4550197124481201"
"158388","0.7595117688179016","0.7595117688179016","0.7595117688179016"
"158424","0.5613342523574829","0.5613342523574829","0.5613342523574829"
"158429","0.4873804450035095","0.4873804450035095","0.4873804450035095"
"158495","0.9784009456634521","0.9784009456634521","0.9784009456634521"
"158501","0.9744470119476318","0.9744470119476318","0.9744470119476318"
"158529","0.42970454692840576","0.42970454692840576","0.42970454692840576"
"158553","0.9233786463737488","0.9233786463737488","0.9233786463737488"
"158574","0.5520520806312561","0.5520520806312561","0.5520520806312561"
"158610","0.757000207901001","0.757000207901001","0.757000207901001"
"158624","0.604529619216919","0.604529619216919","0.604529619216919"
"158647","0.8087112903594971","0.8087112903594971","0.8087112903594971"
"158681","0.7145118713378906","0.7145118713378906","0.7145118713378906"
"158714","0.7556307911872864","0.7556307911872864","0.7556307911872864"
"158828","0.9043642282485962","0.9043642282485962","0.9043642282485962"
"158860","0.8340993523597717","0.8340993523597717","0.8340993523597717"
"158889","1.0199326276779175","1.0199326276779175","1.0199326276779175"
"158933","0.8814067840576172","0.8814067840576172","0.8814067840576172"
"158939","0.9841651916503906","0.9841651916503906","0.9841651916503906"
"158965","0.5256921052932739","0.5256921052932739","0.5256921052932739"
"158989","0.5711469650268555","0.5711469650268555","0.5711469650268555"
"158994","0.7076636552810669","0.7076636552810669","0.7076636552810669"
"159034","0.5787918567657471","0.5787918567657471","0.5787918567657471"
"159073","0.5311228036880493","0.5311228036880493","0.5311228036880493"
"159088","0.7231987118721008","0.7231987118721008","0.7231987118721008"
"159101","1.0061156749725342","1.0061156749725342","1.0061156749725342"
"159128","0.4359029531478882","0.4359029531478882","0.4359029531478882"
"159157","0.6019028425216675","0.6019028425216675","0.6019028425216675"
"159166","0.6002291440963745","0.6002291440963745","0.6002291440963745"
"159197","0.4798271656036377","0.4798271656036377","0.4798271656036377"
"159217","0.7277445793151855","0.7277445793151855","0.7277445793151855"
"159226","0.9080162644386292","0.9080162644386292","0.9080162644386292"
"159231","0.7142822742462158","0.7142822742462158","0.7142822742462158"
"159283","0.7548964023590088","0.7548964023590088","0.7548964023590088"
"159285","0.6335773468017578","0.6335773468017578","0.6335773468017578"
"159288","1.1215758323669434","1.1215758323669434","1.1215758323669434"
"159298","0.5821419954299927","0.5821419954299927","0.5821419954299927"
"159311","0.6928101181983948","0.6928101181983948","0.6928101181983948"
"159331","0.7125519514083862","0.7125519514083862","0.7125519514083862"
"159377","0.8792847394943237","0.8792847394943237","0.8792847394943237"
"159382","0.6640785932540894","0.6640785932540894","0.6640785932540894"
"159395","0.620410680770874","0.620410680770874","0.620410680770874"
"159403","0.757722020149231","0.757722020149231","0.757722020149231"
"159455","0.9740362167358398","0.9740362167358398","0.9740362167358398"
"159554","0.8953218460083008","0.8953218460083008","0.8953218460083008"
"159583","0.8828829526901245","0.8828829526901245","0.8828829526901245"
"159593","0.8569599986076355","0.8569599986076355","0.8569599986076355"
"159608","0.955451488494873","0.955451488494873","0.955451488494873"
"159670","0.7685108184814453","0.7685108184814453","0.7685108184814453"
"159676","0.6063387393951416","0.6063387393951416","0.6063387393951416"
"159697","0.8202948570251465","0.8202948570251465","0.8202948570251465"
"159780","0.7931023836135864","0.7931023836135864","0.7931023836135864"
"159781","0.6442966461181641","0.6442966461181641","0.6442966461181641"
"159800","0.9697763919830322","0.9697763919830322","0.9697763919830322"
"159805","0.6496002674102783","0.6496002674102783","0.6496002674102783"
"159878","1.0718340873718262","1.0718340873718262","1.0718340873718262"
"159923","0.7577118873596191","0.7577118873596191","0.7577118873596191"
"159950","0.7220276594161987","0.7220276594161987","0.7220276594161987"
"160017","0.7829771041870117","0.7829771041870117","0.7829771041870117"
"160032","0.9135558605194092","0.9135558605194092","0.9135558605194092"
"160065","0.6420667767524719","0.6420667767524719","0.6420667767524719"
"160086","0.6819242835044861","0.6819242835044861","0.6819242835044861"
"160132","0.8191978931427002","0.8191978931427002","0.8191978931427002"
"160139","0.6496868133544922","0.6496868133544922","0.6496868133544922"
"160156","0.5469720363616943","0.5469720363616943","0.5469720363616943"
"160177","0.9075231552124023","0.9075231552124023","0.9075231552124023"
"160182","0.6800117492675781","0.6800117492675781","0.6800117492675781"
"160198","0.6875084638595581","0.6875084638595581","0.6875084638595581"
"160217","0.5544900894165039","0.5544900894165039","0.5544900894165039"
"160229","0.7104984521865845","0.7104984521865845","0.7104984521865845"
"160244","0.9752583503723145","0.9752583503723145","0.9752583503723145"
"160246","0.9241418838500977","0.9241418838500977","0.9241418838500977"
"160255","0.7668612003326416","0.7668612003326416","0.7668612003326416"
"160256","0.8191950917243958","0.8191950917243958","0.8191950917243958"
"160332","0.7016180753707886","0.7016180753707886","0.7016180753707886"
"160417","0.8214868307113647","0.8214868307113647","0.8214868307113647"
"160446","0.9810490608215332","0.9810490608215332","0.9810490608215332"
"160515","0.6932938098907471","0.6932938098907471","0.6932938098907471"
"160540","0.5297936797142029","0.5297936797142029","0.5297936797142029"
"160605","0.9367302656173706","0.9367302656173706","0.9367302656173706"
"160617","0.8605425357818604","0.8605425357818604","0.8605425357818604"
"160642","0.5159648656845093","0.5159648656845093","0.5159648656845093"
"160670","0.5484157800674438","0.5484157800674438","0.5484157800674438"
"160675","0.8635250329971313","0.8635250329971313","0.8635250329971313"
"160687","0.5953119993209839","0.5953119993209839","0.5953119993209839"
"160754","0.5841672420501709","0.5841672420501709","0.5841672420501709"
"160755","0.8109720945358276","0.8109720945358276","0.8109720945358276"
"160765","0.6307592988014221","0.6307592988014221","0.6307592988014221"
"160774","0.8395683765411377","0.8395683765411377","0.8395683765411377"
"160798","0.7241893410682678","0.7241893410682678","0.7241893410682678"
"160826","0.7828275561332703","0.7828275561332703","0.7828275561332703"
"160858","0.8020793795585632","0.8020793795585632","0.8020793795585632"
"160875","0.9482031464576721","0.9482031464576721","0.9482031464576721"
"160896","0.7454845905303955","0.7454845905303955","0.7454845905303955"
"160897","0.7514110207557678","0.7514110207557678","0.7514110207557678"
"160920","0.8463008403778076","0.8463008403778076","0.8463008403778076"
"160987","0.46590161323547363","0.46590161323547363","0.46590161323547363"
"160988","0.4934426546096802","0.4934426546096802","0.4934426546096802"
"161000","0.9068372845649719","0.9068372845649719","0.9068372845649719"
"161009","0.4557056427001953","0.4557056427001953","0.4557056427001953"
"161018","0.6088167428970337","0.6088167428970337","0.6088167428970337"
"161045","0.801828920841217","0.801828920841217","0.801828920841217"
"161089","0.9486594200134277","0.9486594200134277","0.9486594200134277"
"161094","0.7936508655548096","0.7936508655548096","0.7936508655548096"
"161109","0.7540573477745056","0.7540573477745056","0.7540573477745056"
"161159","0.6519628167152405","0.6519628167152405","0.6519628167152405"
"161173","0.9210318922996521","0.9210318922996521","0.9210318922996521"
"161191","0.5665507316589355","0.5665507316589355","0.5665507316589355"
"161194","0.7942860126495361","0.7942860126495361","0.7942860126495361"
"161227","0.7068657875061035","0.7068657875061035","0.7068657875061035"
"161250","0.6529414653778076","0.6529414653778076","0.6529414653778076"
"161283","0.7856587767601013","0.7856587767601013","0.7856587767601013"
"161297","0.7875474691390991","0.7875474691390991","0.7875474691390991"
"161304","0.7379085421562195","0.7379085421562195","0.7379085421562195"
"161322","0.9845430254936218","0.9845430254936218","0.9845430254936218"
"161344","0.8652209043502808","0.8652209043502808","0.8652209043502808"
"161395","0.5408788919448853","0.5408788919448853","0.5408788919448853"
"161406","0.9268699288368225","0.9268699288368225","0.9268699288368225"
"161413","0.732602059841156","0.732602059841156","0.732602059841156"
"161481","0.7171465158462524","0.7171465158462524","0.7171465158462524"
"161540","0.534445583820343","0.534445583820343","0.534445583820343"
"161567","0.8558889627456665","0.8558889627456665","0.8558889627456665"
"161569","0.7026057243347168","0.7026057243347168","0.7026057243347168"
"161597","0.7419005632400513","0.7419005632400513","0.7419005632400513"
"161629","0.586470365524292","0.586470365524292","0.586470365524292"
"161641","0.7613850831985474","0.7613850831985474","0.7613850831985474"
"161665","0.9684670567512512","0.9684670567512512","0.9684670567512512"
"161671","0.9944334626197815","0.9944334626197815","0.9944334626197815"
"161677","0.5819101929664612","0.5819101929664612","0.5819101929664612"
"161722","0.6879808306694031","0.6879808306694031","0.6879808306694031"
"161726","0.9923489093780518","0.9923489093780518","0.9923489093780518"
"161732","0.7461647987365723","0.7461647987365723","0.7461647987365723"
"161777","0.8948590159416199","0.8948590159416199","0.8948590159416199"
"161803","0.6060663461685181","0.6060663461685181","0.6060663461685181"
"161806","0.5212889909744263","0.5212889909744263","0.5212889909744263"
"161824","0.6334447860717773","0.6334447860717773","0.6334447860717773"
"161825","0.5938405394554138","0.5938405394554138","0.5938405394554138"
"161838","0.24324554204940796","0.24324554204940796","0.24324554204940796"
"161848","0.8373613357543945","0.8373613357543945","0.8373613357543945"
"161869","0.6783152222633362","0.6783152222633362","0.6783152222633362"
"161931","0.8195151090621948","0.8195151090621948","0.8195151090621948"
"161940","0.5221621990203857","0.5221621990203857","0.5221621990203857"
"161943","0.8359578847885132","0.8359578847885132","0.8359578847885132"
"161950","0.8681474328041077","0.8681474328041077","0.8681474328041077"
"161951","0.8286476135253906","0.8286476135253906","0.8286476135253906"
"161986","0.9349133372306824","0.9349133372306824","0.9349133372306824"
"161994","1.2123641967773438","1.2123641967773438","1.2123641967773438"
"161998","0.8665091395378113","0.8665091395378113","0.8665091395378113"
"162081","0.6223791837692261","0.6223791837692261","0.6223791837692261"
"162095","0.6257899403572083","0.6257899403572083","0.6257899403572083"
"162104","0.7592753171920776","0.7592753171920776","0.7592753171920776"
"162131","0.456967830657959","0.456967830657959","0.456967830657959"
"162150","0.9460903406143188","0.9460903406143188","0.9460903406143188"
"162163","0.7372224926948547","0.7372224926948547","0.7372224926948547"
"162191","0.9113712906837463","0.9113712906837463","0.9113712906837463"
"162213","0.7326782941818237","0.7326782941818237","0.7326782941818237"
"162225","0.7944231629371643","0.7944231629371643","0.7944231629371643"
"162238","0.8466833829879761","0.8466833829879761","0.8466833829879761"
"162264","0.7224316596984863","0.7224316596984863","0.7224316596984863"
"162265","0.6335813999176025","0.6335813999176025","0.6335813999176025"
"162275","0.7115889191627502","0.7115889191627502","0.7115889191627502"
"162282","0.5898388624191284","0.5898388624191284","0.5898388624191284"
"162293","0.7594669461250305","0.7594669461250305","0.7594669461250305"
"162359","0.49133795499801636","0.49133795499801636","0.49133795499801636"
"162369","0.7867839336395264","0.7867839336395264","0.7867839336395264"
"162423","0.7170190811157227","0.7170190811157227","0.7170190811157227"
"162449","0.7811052799224854","0.7811052799224854","0.7811052799224854"
"162463","0.838200032711029","0.838200032711029","0.838200032711029"
"162464","0.4291166663169861","0.4291166663169861","0.4291166663169861"
"162470","0.9025039672851562","0.9025039672851562","0.9025039672851562"
"162473","0.8030660152435303","0.8030660152435303","0.8030660152435303"
"162479","0.7562018632888794","0.7562018632888794","0.7562018632888794"
"162520","0.6251351833343506","0.6251351833343506","0.6251351833343506"
"162522","0.7049489617347717","0.7049489617347717","0.7049489617347717"
"162596","0.7706164121627808","0.7706164121627808","0.7706164121627808"
"162610","0.9121898412704468","0.9121898412704468","0.9121898412704468"
"162615","0.7336401343345642","0.7336401343345642","0.7336401343345642"
"162632","0.8067771196365356","0.8067771196365356","0.8067771196365356"
"162678","0.5796207189559937","0.5796207189559937","0.5796207189559937"
"162697","0.7296546101570129","0.7296546101570129","0.7296546101570129"
"162729","0.5626325607299805","0.5626325607299805","0.5626325607299805"
"162749","0.7480133771896362","0.7480133771896362","0.7480133771896362"
"162759","0.7632564902305603","0.7632564902305603","0.7632564902305603"
"162827","0.9940046072006226","0.9940046072006226","0.9940046072006226"
"162885","0.717057466506958","0.717057466506958","0.717057466506958"
"162899","0.508787989616394","0.508787989616394","0.508787989616394"
"162900","0.5735645890235901","0.5735645890235901","0.5735645890235901"
"162904","0.8599082231521606","0.8599082231521606","0.8599082231521606"
"162915","0.8025836944580078","0.8025836944580078","0.8025836944580078"
"162939","0.9593937993049622","0.9593937993049622","0.9593937993049622"
"162948","0.5667510032653809","0.5667510032653809","0.5667510032653809"
"162985","0.40728193521499634","0.40728193521499634","0.40728193521499634"
"162991","0.8152302503585815","0.8152302503585815","0.8152302503585815"
"163008","0.8180964589118958","0.8180964589118958","0.8180964589118958"
"163029","0.7996837496757507","0.7996837496757507","0.7996837496757507"
"163077","0.7296253442764282","0.7296253442764282","0.7296253442764282"
"163083","0.8169385194778442","0.8169385194778442","0.8169385194778442"
"163096","0.7391873002052307","0.7391873002052307","0.7391873002052307"
"163129","0.9991902112960815","0.9991902112960815","0.9991902112960815"
"163201","0.7213274240493774","0.7213274240493774","0.7213274240493774"
"163209","0.9212433099746704","0.9212433099746704","0.9212433099746704"
"163233","0.8704031705856323","0.8704031705856323","0.8704031705856323"
"163279","0.8589866161346436","0.8589866161346436","0.8589866161346436"
"163291","0.85429847240448","0.85429847240448","0.85429847240448"
"163297","0.8467501401901245","0.8467501401901245","0.8467501401901245"
"163298","0.8202375173568726","0.8202375173568726","0.8202375173568726"
"163353","0.8961842656135559","0.8961842656135559","0.8961842656135559"
"163355","0.5865376591682434","0.5865376591682434","0.5865376591682434"
"163373","0.5839320421218872","0.5839320421218872","0.5839320421218872"
"163377","0.7545444369316101","0.7545444369316101","0.7545444369316101"
"163385","0.624984085559845","0.624984085559845","0.624984085559845"
"163386","0.6372406482696533","0.6372406482696533","0.6372406482696533"
"163390","0.7609937787055969","0.7609937787055969","0.7609937787055969"
"163406","0.6409358382225037","0.6409358382225037","0.6409358382225037"
"163433","0.5279436111450195","0.5279436111450195","0.5279436111450195"
"163518","0.7163834571838379","0.7163834571838379","0.7163834571838379"
"163538","0.6912595629692078","0.6912595629692078","0.6912595629692078"
"163583","0.42180952429771423","0.42180952429771423","0.42180952429771423"
"163587","0.6796510219573975","0.6796510219573975","0.6796510219573975"
"163591","0.5738832950592041","0.5738832950592041","0.5738832950592041"
"163606","0.6232215166091919","0.6232215166091919","0.6232215166091919"
"163624","0.8389050960540771","0.8389050960540771","0.8389050960540771"
"163653","0.5709370374679565","0.5709370374679565","0.5709370374679565"
"163678","0.89824378490448","0.89824378490448","0.89824378490448"
"163711","0.8756515979766846","0.8756515979766846","0.8756515979766846"
"163713","0.6836913824081421","0.6836913824081421","0.6836913824081421"
"163717","0.49999457597732544","0.49999457597732544","0.49999457597732544"
"163724","0.9056400656700134","0.9056400656700134","0.9056400656700134"
"163735","0.5770769119262695","0.5770769119262695","0.5770769119262695"
"163758","1.334532618522644","1.334532618522644","1.334532618522644"
"163836","0.9495448470115662","0.9495448470115662","0.9495448470115662"
"163852","0.6088465452194214","0.6088465452194214","0.6088465452194214"
"163913","0.7739142775535583","0.7739142775535583","0.7739142775535583"
"163938","0.677915096282959","0.677915096282959","0.677915096282959"
"163940","0.7400238513946533","0.7400238513946533","0.7400238513946533"
"163958","0.8360411524772644","0.8360411524772644","0.8360411524772644"
"163968","0.5344782471656799","0.5344782471656799","0.5344782471656799"
"163998","0.5918992161750793","0.5918992161750793","0.5918992161750793"
"164003","0.7848917841911316","0.7848917841911316","0.7848917841911316"
"164094","0.5176858901977539","0.5176858901977539","0.5176858901977539"
"164105","0.6879702210426331","0.6879702210426331","0.6879702210426331"
"164128","0.6846402287483215","0.6846402287483215","0.6846402287483215"
"164150","0.6299839615821838","0.6299839615821838","0.6299839615821838"
"164161","0.48619282245635986","0.48619282245635986","0.48619282245635986"
"164178","0.6886523962020874","0.6886523962020874","0.6886523962020874"
"164182","0.8320062160491943","0.8320062160491943","0.8320062160491943"
"164214","0.6532034277915955","0.6532034277915955","0.6532034277915955"
"164224","0.6526721715927124","0.6526721715927124","0.6526721715927124"
"164228","0.43879127502441406","0.43879127502441406","0.43879127502441406"
"164232","0.6674304604530334","0.6674304604530334","0.6674304604530334"
"164270","0.382307767868042","0.382307767868042","0.382307767868042"
"164281","0.4770278334617615","0.4770278334617615","0.4770278334617615"
"164309","0.7276192307472229","0.7276192307472229","0.7276192307472229"
"164316","0.7377649545669556","0.7377649545669556","0.7377649545669556"
"164374","0.661637544631958","0.661637544631958","0.661637544631958"
"164431","0.8285201191902161","0.8285201191902161","0.8285201191902161"
"164435","0.6982293128967285","0.6982293128967285","0.6982293128967285"
"164444","0.6773172616958618","0.6773172616958618","0.6773172616958618"
"164454","0.49894988536834717","0.49894988536834717","0.49894988536834717"
"164456","0.6279752254486084","0.6279752254486084","0.6279752254486084"
"164528","0.8590682744979858","0.8590682744979858","0.8590682744979858"
"164613","0.7359503507614136","0.7359503507614136","0.7359503507614136"
"164704","0.5271649360656738","0.5271649360656738","0.5271649360656738"
"164711","0.6732379198074341","0.6732379198074341","0.6732379198074341"
"164723","0.7842895984649658","0.7842895984649658","0.7842895984649658"
"164765","0.7294133901596069","0.7294133901596069","0.7294133901596069"
"164781","0.8404719829559326","0.8404719829559326","0.8404719829559326"
"164796","0.74589604139328","0.74589604139328","0.74589604139328"
"164800","0.8849959373474121","0.8849959373474121","0.8849959373474121"
"164858","0.8994361162185669","0.8994361162185669","0.8994361162185669"
"164889","0.7108230590820312","0.7108230590820312","0.7108230590820312"
"164931","0.5719908475875854","0.5719908475875854","0.5719908475875854"
"164933","0.6270135641098022","0.6270135641098022","0.6270135641098022"
"164934","0.4777226150035858","0.4777226150035858","0.4777226150035858"
"164935","0.698063313961029","0.698063313961029","0.698063313961029"
"165009","0.5291317105293274","0.5291317105293274","0.5291317105293274"
"165025","0.4884885549545288","0.4884885549545288","0.4884885549545288"
"165040","0.8185487389564514","0.8185487389564514","0.8185487389564514"
"165080","0.6293253898620605","0.6293253898620605","0.6293253898620605"
"165100","0.6720716953277588","0.6720716953277588","0.6720716953277588"
"165106","0.8524610996246338","0.8524610996246338","0.8524610996246338"
"165117","0.4934636950492859","0.4934636950492859","0.4934636950492859"
"165150","0.7122834920883179","0.7122834920883179","0.7122834920883179"
"165203","0.8584570288658142","0.8584570288658142","0.8584570288658142"
"165231","0.9609458446502686","0.9609458446502686","0.9609458446502686"
"165280","0.6707937121391296","0.6707937121391296","0.6707937121391296"
"165290","0.67344069480896","0.67344069480896","0.67344069480896"
"165306","0.9830224514007568","0.9830224514007568","0.9830224514007568"
"165315","0.5042298436164856","0.5042298436164856","0.5042298436164856"
"165352","1.003976583480835","1.003976583480835","1.003976583480835"
"165360","0.7950941324234009","0.7950941324234009","0.7950941324234009"
"165372","1.1013917922973633","1.1013917922973633","1.1013917922973633"
"165405","0.7641704082489014","0.7641704082489014","0.7641704082489014"
"165438","0.9889513254165649","0.9889513254165649","0.9889513254165649"
"165455","0.6749769449234009","0.6749769449234009","0.6749769449234009"
"165505","0.9235084652900696","0.9235084652900696","0.9235084652900696"
"165524","0.6775038838386536","0.6775038838386536","0.6775038838386536"
"165531","0.5907130241394043","0.5907130241394043","0.5907130241394043"
"165549","0.6282676458358765","0.6282676458358765","0.6282676458358765"
"165562","0.6095531582832336","0.6095531582832336","0.6095531582832336"
"165586","0.5084789991378784","0.5084789991378784","0.5084789991378784"
"165626","0.7605642080307007","0.7605642080307007","0.7605642080307007"
"165629","0.43937310576438904","0.43937310576438904","0.43937310576438904"
"165641","0.8788015246391296","0.8788015246391296","0.8788015246391296"
"165672","0.8521169424057007","0.8521169424057007","0.8521169424057007"
"165683","0.5063647031784058","0.5063647031784058","0.5063647031784058"
"165692","0.5240447521209717","0.5240447521209717","0.5240447521209717"
"165706","0.7242075204849243","0.7242075204849243","0.7242075204849243"
"165716","0.8323714137077332","0.8323714137077332","0.8323714137077332"
"165717","0.6358010768890381","0.6358010768890381","0.6358010768890381"
"165803","0.6563030481338501","0.6563030481338501","0.6563030481338501"
"165806","0.9073375463485718","0.9073375463485718","0.9073375463485718"
"165940","0.9669385552406311","0.9669385552406311","0.9669385552406311"
"165944","0.5101132392883301","0.5101132392883301","0.5101132392883301"
"165950","0.9586232900619507","0.9586232900619507","0.9586232900619507"
"165959","0.7551409006118774","0.7551409006118774","0.7551409006118774"
"165974","0.43364453315734863","0.43364453315734863","0.43364453315734863"
"165976","0.8994195461273193","0.8994195461273193","0.8994195461273193"
"165981","0.7027474641799927","0.7027474641799927","0.7027474641799927"
"165989","0.6545939445495605","0.6545939445495605","0.6545939445495605"
"166029","0.8854367136955261","0.8854367136955261","0.8854367136955261"
"166053","0.490039587020874","0.490039587020874","0.490039587020874"
"166066","0.9703570604324341","0.9703570604324341","0.9703570604324341"
"166072","0.8461815118789673","0.8461815118789673","0.8461815118789673"
"166103","0.5515816807746887","0.5515816807746887","0.5515816807746887"
"166128","1.1436233520507812","1.1436233520507812","1.1436233520507812"
"166158","0.9066159129142761","0.9066159129142761","0.9066159129142761"
"166165","0.7320834398269653","0.7320834398269653","0.7320834398269653"
"166194","0.6339970231056213","0.6339970231056213","0.6339970231056213"
"166197","0.6540005803108215","0.6540005803108215","0.6540005803108215"
"166203","0.5612138509750366","0.5612138509750366","0.5612138509750366"
"166214","0.6494994163513184","0.6494994163513184","0.6494994163513184"
"166215","0.7108261585235596","0.7108261585235596","0.7108261585235596"
"166239","0.8346879482269287","0.8346879482269287","0.8346879482269287"
"166243","0.9968651533126831","0.9968651533126831","0.9968651533126831"
"166247","1.008280634880066","1.008280634880066","1.008280634880066"
"166276","0.7439661622047424","0.7439661622047424","0.7439661622047424"
"166296","0.6929197311401367","0.6929197311401367","0.6929197311401367"
"166308","0.6691800355911255","0.6691800355911255","0.6691800355911255"
"166315","0.6225816607475281","0.6225816607475281","0.6225816607475281"
"166348","0.44406259059906006","0.44406259059906006","0.44406259059906006"
"166385","0.4810350835323334","0.4810350835323334","0.4810350835323334"
"166393","0.9431923031806946","0.9431923031806946","0.9431923031806946"
"166416","1.080519199371338","1.080519199371338","1.080519199371338"
"166428","0.7753050327301025","0.7753050327301025","0.7753050327301025"
"166445","0.6889758706092834","0.6889758706092834","0.6889758706092834"
"166504","0.8346383571624756","0.8346383571624756","0.8346383571624756"
"166521","1.047529697418213","1.047529697418213","1.047529697418213"
"166524","0.9062202572822571","0.9062202572822571","0.9062202572822571"
"166546","0.6236340999603271","0.6236340999603271","0.6236340999603271"
"166561","0.791536808013916","0.791536808013916","0.791536808013916"
"166612","0.9043400287628174","0.9043400287628174","0.9043400287628174"
"166626","0.6491230130195618","0.6491230130195618","0.6491230130195618"
"166644","0.5833510160446167","0.5833510160446167","0.5833510160446167"
"166670","0.9230882525444031","0.9230882525444031","0.9230882525444031"
"166676","0.9114621877670288","0.9114621877670288","0.9114621877670288"
"166711","0.7131259441375732","0.7131259441375732","0.7131259441375732"
"166716","0.7711981534957886","0.7711981534957886","0.7711981534957886"
"166760","0.7195180654525757","0.7195180654525757","0.7195180654525757"
"166776","0.6667077541351318","0.6667077541351318","0.6667077541351318"
"166779","0.7497702836990356","0.7497702836990356","0.7497702836990356"
"166883","0.5542182922363281","0.5542182922363281","0.5542182922363281"
"166896","1.0443227291107178","1.0443227291107178","1.0443227291107178"
"166904","0.711276113986969","0.711276113986969","0.711276113986969"
"166931","0.6265642642974854","0.6265642642974854","0.6265642642974854"
"166950","0.5631411075592041","0.5631411075592041","0.5631411075592041"
"166994","0.6118574738502502","0.6118574738502502","0.6118574738502502"
"167021","0.9135252237319946","0.9135252237319946","0.9135252237319946"
"167035","0.7290145754814148","0.7290145754814148","0.7290145754814148"
"167042","0.795606791973114","0.795606791973114","0.795606791973114"
"167052","0.39210647344589233","0.39210647344589233","0.39210647344589233"
"167072","0.800986647605896","0.800986647605896","0.800986647605896"
"167073","0.5868607759475708","0.5868607759475708","0.5868607759475708"
"167097","0.732954204082489","0.732954204082489","0.732954204082489"
"167130","0.7233632802963257","0.7233632802963257","0.7233632802963257"
"167133","0.593909740447998","0.593909740447998","0.593909740447998"
"167186","0.9507656097412109","0.9507656097412109","0.9507656097412109"
"167244","0.8392559289932251","0.8392559289932251","0.8392559289932251"
"167245","0.782541036605835","0.782541036605835","0.782541036605835"
"167262","1.189562439918518","1.189562439918518","1.189562439918518"
"167280","0.9324933886528015","0.9324933886528015","0.9324933886528015"
"167285","0.8195548057556152","0.8195548057556152","0.8195548057556152"
"167306","0.598673939704895","0.598673939704895","0.598673939704895"
"167311","0.9149514436721802","0.9149514436721802","0.9149514436721802"
"167320","0.703544557094574","0.703544557094574","0.703544557094574"
"167324","1.068777084350586","1.068777084350586","1.068777084350586"
"167331","0.6874424815177917","0.6874424815177917","0.6874424815177917"
"167335","0.45313411951065063","0.45313411951065063","0.45313411951065063"
"167338","0.9932924509048462","0.9932924509048462","0.9932924509048462"
"167351","0.6825244426727295","0.6825244426727295","0.6825244426727295"
"167363","0.7725459337234497","0.7725459337234497","0.7725459337234497"
"167370","0.630011796951294","0.630011796951294","0.630011796951294"
"167410","0.6629312038421631","0.6629312038421631","0.6629312038421631"
"167451","0.6400672793388367","0.6400672793388367","0.6400672793388367"
"167470","0.7169197201728821","0.7169197201728821","0.7169197201728821"
"167474","0.5615118145942688","0.5615118145942688","0.5615118145942688"
"167498","1.239929437637329","1.239929437637329","1.239929437637329"
"167505","0.8519285917282104","0.8519285917282104","0.8519285917282104"
"167507","0.43697434663772583","0.43697434663772583","0.43697434663772583"
"167515","0.5491073727607727","0.5491073727607727","0.5491073727607727"
"167536","0.6390488147735596","0.6390488147735596","0.6390488147735596"
"167537","0.7882782816886902","0.7882782816886902","0.7882782816886902"
"167634","0.8702315092086792","0.8702315092086792","0.8702315092086792"
"167664","0.7544080018997192","0.7544080018997192","0.7544080018997192"
"167688","0.652324914932251","0.652324914932251","0.652324914932251"
"167696","0.630432665348053","0.630432665348053","0.630432665348053"
"167773","0.9537836313247681","0.9537836313247681","0.9537836313247681"
"167780","0.8174343109130859","0.8174343109130859","0.8174343109130859"
"167781","0.740993857383728","0.740993857383728","0.740993857383728"
"167789","0.5287573337554932","0.5287573337554932","0.5287573337554932"
"167931","0.7392744421958923","0.7392744421958923","0.7392744421958923"
"167944","0.7855108380317688","0.7855108380317688","0.7855108380317688"
"167959","0.8002541661262512","0.8002541661262512","0.8002541661262512"
"167991","0.6527100205421448","0.6527100205421448","0.6527100205421448"
"168022","0.6526024341583252","0.6526024341583252","0.6526024341583252"
"168105","0.8170262575149536","0.8170262575149536","0.8170262575149536"
"168136","0.592041552066803","0.592041552066803","0.592041552066803"
"168141","0.695411205291748","0.695411205291748","0.695411205291748"
"168172","0.6746061444282532","0.6746061444282532","0.6746061444282532"
"168207","0.5732532739639282","0.5732532739639282","0.5732532739639282"
"168267","0.5499764680862427","0.5499764680862427","0.5499764680862427"
"168269","0.38499653339385986","0.38499653339385986","0.38499653339385986"
"168295","0.7858161330223083","0.7858161330223083","0.7858161330223083"
"168309","0.7503302097320557","0.7503302097320557","0.7503302097320557"
"168446","0.9187406897544861","0.9187406897544861","0.9187406897544861"
"168466","0.6097069978713989","0.6097069978713989","0.6097069978713989"
"168473","0.8949776291847229","0.8949776291847229","0.8949776291847229"
"168489","0.6842190027236938","0.6842190027236938","0.6842190027236938"
"168548","0.8821004629135132","0.8821004629135132","0.8821004629135132"
"168559","0.712240993976593","0.712240993976593","0.712240993976593"
"168562","0.8363513946533203","0.8363513946533203","0.8363513946533203"
"168614","0.6920266151428223","0.6920266151428223","0.6920266151428223"
"168642","0.6332017779350281","0.6332017779350281","0.6332017779350281"
"168646","0.7948537468910217","0.7948537468910217","0.7948537468910217"
"168678","0.7319518327713013","0.7319518327713013","0.7319518327713013"
"168727","0.7815841436386108","0.7815841436386108","0.7815841436386108"
"168747","1.080024242401123","1.080024242401123","1.080024242401123"
"168759","1.0882803201675415","1.0882803201675415","1.0882803201675415"
"168803","0.8327152729034424","0.8327152729034424","0.8327152729034424"
"168815","1.0152978897094727","1.0152978897094727","1.0152978897094727"
"168826","0.6660250425338745","0.6660250425338745","0.6660250425338745"
"168827","0.5573160648345947","0.5573160648345947","0.5573160648345947"
"168844","0.5313047170639038","0.5313047170639038","0.5313047170639038"
"168847","0.5580054521560669","0.5580054521560669","0.5580054521560669"
"168854","0.8702082633972168","0.8702082633972168","0.8702082633972168"
"168859","0.7193925380706787","0.7193925380706787","0.7193925380706787"
"168863","0.7021254301071167","0.7021254301071167","0.7021254301071167"
"168886","0.7638969421386719","0.7638969421386719","0.7638969421386719"
"168889","0.779915452003479","0.779915452003479","0.779915452003479"
"168899","0.7938404679298401","0.7938404679298401","0.7938404679298401"
"168940","0.8344704508781433","0.8344704508781433","0.8344704508781433"
"168989","0.5700778961181641","0.5700778961181641","0.5700778961181641"
"168995","1.1205048561096191","1.1205048561096191","1.1205048561096191"
"169022","0.7182461619377136","0.7182461619377136","0.7182461619377136"
"169081","0.8082554340362549","0.8082554340362549","0.8082554340362549"
"169102","0.8280296325683594","0.8280296325683594","0.8280296325683594"
"169131","0.9401837587356567","0.9401837587356567","0.9401837587356567"
"169137","0.6074249744415283","0.6074249744415283","0.6074249744415283"
"169153","0.8284958004951477","0.8284958004951477","0.8284958004951477"
"169169","0.6405642628669739","0.6405642628669739","0.6405642628669739"
"169172","0.9667667746543884","0.9667667746543884","0.9667667746543884"
"169173","0.6404751539230347","0.6404751539230347","0.6404751539230347"
"169180","0.765073835849762","0.765073835849762","0.765073835849762"
"169192","0.9807369709014893","0.9807369709014893","0.9807369709014893"
"169201","0.6459846496582031","0.6459846496582031","0.6459846496582031"
"169234","0.7904147505760193","0.7904147505760193","0.7904147505760193"
"169251","0.9886580109596252","0.9886580109596252","0.9886580109596252"
"169254","0.6752448678016663","0.6752448678016663","0.6752448678016663"
"169259","0.7720890045166016","0.7720890045166016","0.7720890045166016"
"169261","0.600055456161499","0.600055456161499","0.600055456161499"
"169276","0.786133348941803","0.786133348941803","0.786133348941803"
"169289","0.8364831209182739","0.8364831209182739","0.8364831209182739"
"169297","0.8450509309768677","0.8450509309768677","0.8450509309768677"
"169306","0.6552907228469849","0.6552907228469849","0.6552907228469849"
"169327","0.4771207869052887","0.4771207869052887","0.4771207869052887"
"169376","0.8150084018707275","0.8150084018707275","0.8150084018707275"
"169417","0.8487614989280701","0.8487614989280701","0.8487614989280701"
"169456","0.4385133385658264","0.4385133385658264","0.4385133385658264"
"169517","0.8579146862030029","0.8579146862030029","0.8579146862030029"
"169548","0.5172741413116455","0.5172741413116455","0.5172741413116455"
"169572","0.3262641429901123","0.3262641429901123","0.3262641429901123"
"169584","0.4742514491081238","0.4742514491081238","0.4742514491081238"
"169635","0.8049534559249878","0.8049534559249878","0.8049534559249878"
"169675","0.5704550743103027","0.5704550743103027","0.5704550743103027"
"169677","0.7543376684188843","0.7543376684188843","0.7543376684188843"
"169695","0.5716030597686768","0.5716030597686768","0.5716030597686768"
"169707","0.7353843450546265","0.7353843450546265","0.7353843450546265"
"169731","0.8116612434387207","0.8116612434387207","0.8116612434387207"
"169745","0.6142330169677734","0.6142330169677734","0.6142330169677734"
"169747","0.6032138466835022","0.6032138466835022","0.6032138466835022"
"169757","0.7144005298614502","0.7144005298614502","0.7144005298614502"
"169768","0.709716260433197","0.709716260433197","0.709716260433197"
"169780","0.5888423919677734","0.5888423919677734","0.5888423919677734"
"169796","0.9842143058776855","0.9842143058776855","0.9842143058776855"
"169817","0.763163685798645","0.763163685798645","0.763163685798645"
"169845","0.47955048084259033","0.47955048084259033","0.47955048084259033"
"169922","0.7295591831207275","0.7295591831207275","0.7295591831207275"
"169937","0.8254594206809998","0.8254594206809998","0.8254594206809998"
"169969","0.588779866695404","0.588779866695404","0.588779866695404"
"169978","0.6388064622879028","0.6388064622879028","0.6388064622879028"
"170002","0.5775443911552429","0.5775443911552429","0.5775443911552429"
"170034","0.5185251832008362","0.5185251832008362","0.5185251832008362"
"170087","0.7256938219070435","0.7256938219070435","0.7256938219070435"
"170110","0.8790940046310425","0.8790940046310425","0.8790940046310425"
"170122","0.7882124781608582","0.7882124781608582","0.7882124781608582"
"170134","0.8858329653739929","0.8858329653739929","0.8858329653739929"
"170154","0.8083212971687317","0.8083212971687317","0.8083212971687317"
"170157","0.5187511444091797","0.5187511444091797","0.5187511444091797"
"170163","0.6099050045013428","0.6099050045013428","0.6099050045013428"
"170199","0.8535588979721069","0.8535588979721069","0.8535588979721069"
"170207","0.874976634979248","0.874976634979248","0.874976634979248"
"170215","0.7172294855117798","0.7172294855117798","0.7172294855117798"
"170232","0.559218168258667","0.559218168258667","0.559218168258667"
"170237","0.7613827586174011","0.7613827586174011","0.7613827586174011"
"170241","0.48906242847442627","0.48906242847442627","0.48906242847442627"
"170251","0.7746028900146484","0.7746028900146484","0.7746028900146484"
"170261","0.5663330554962158","0.5663330554962158","0.5663330554962158"
"170270","0.6302930116653442","0.6302930116653442","0.6302930116653442"
"170305","0.6752986311912537","0.6752986311912537","0.6752986311912537"
"170321","0.6623406410217285","0.6623406410217285","0.6623406410217285"
"170341","0.7050957083702087","0.7050957083702087","0.7050957083702087"
"170406","0.6456247568130493","0.6456247568130493","0.6456247568130493"
"170438","0.540369987487793","0.540369987487793","0.540369987487793"
"170452","0.5618542432785034","0.5618542432785034","0.5618542432785034"
"170464","0.6680096387863159","0.6680096387863159","0.6680096387863159"
"170471","0.48903560638427734","0.48903560638427734","0.48903560638427734"
"170509","0.5398292541503906","0.5398292541503906","0.5398292541503906"
"170530","0.684056282043457","0.684056282043457","0.684056282043457"
"170562","0.6532659530639648","0.6532659530639648","0.6532659530639648"
"170629","0.5247533917427063","0.5247533917427063","0.5247533917427063"
"170653","0.5142054557800293","0.5142054557800293","0.5142054557800293"
"170662","0.5746704339981079","0.5746704339981079","0.5746704339981079"
"170671","0.48798036575317383","0.48798036575317383","0.48798036575317383"
"170716","1.1245732307434082","1.1245732307434082","1.1245732307434082"
"170759","0.4777398705482483","0.4777398705482483","0.4777398705482483"
"170762","0.7878674268722534","0.7878674268722534","0.7878674268722534"
"170803","0.45008385181427","0.45008385181427","0.45008385181427"
"170815","0.7470332384109497","0.7470332384109497","0.7470332384109497"
"170821","0.6039087772369385","0.6039087772369385","0.6039087772369385"
"170829","0.7638572454452515","0.7638572454452515","0.7638572454452515"
"170839","0.6075010299682617","0.6075010299682617","0.6075010299682617"
"170849","0.5287463068962097","0.5287463068962097","0.5287463068962097"
"170854","0.8667631149291992","0.8667631149291992","0.8667631149291992"
"170855","0.8025437593460083","0.8025437593460083","0.8025437593460083"
"170862","0.9263123869895935","0.9263123869895935","0.9263123869895935"
"170922","0.8373581767082214","0.8373581767082214","0.8373581767082214"
"170935","0.6453603506088257","0.6453603506088257","0.6453603506088257"
"170948","0.7862043976783752","0.7862043976783752","0.7862043976783752"
"170981","0.6958490610122681","0.6958490610122681","0.6958490610122681"
"171044","0.6857507228851318","0.6857507228851318","0.6857507228851318"
"171144","0.64656662940979","0.64656662940979","0.64656662940979"
"171210","0.7632747888565063","0.7632747888565063","0.7632747888565063"
"171239","0.7959489822387695","0.7959489822387695","0.7959489822387695"
"171247","0.736793577671051","0.736793577671051","0.736793577671051"
"171251","0.7513554096221924","0.7513554096221924","0.7513554096221924"
"171272","0.6391503810882568","0.6391503810882568","0.6391503810882568"
"171304","0.3952360451221466","0.3952360451221466","0.3952360451221466"
"171408","0.5900076031684875","0.5900076031684875","0.5900076031684875"
"171481","0.6207659244537354","0.6207659244537354","0.6207659244537354"
"171508","0.5722250938415527","0.5722250938415527","0.5722250938415527"
"171515","0.6669508218765259","0.6669508218765259","0.6669508218765259"
"171527","0.7446350455284119","0.7446350455284119","0.7446350455284119"
"171533","0.7447316646575928","0.7447316646575928","0.7447316646575928"
"171547","0.7932749390602112","0.7932749390602112","0.7932749390602112"
"171617","0.7939061522483826","0.7939061522483826","0.7939061522483826"
"171670","0.7197655439376831","0.7197655439376831","0.7197655439376831"
"171685","0.6888498067855835","0.6888498067855835","0.6888498067855835"
"171704","1.0162851810455322","1.0162851810455322","1.0162851810455322"
"171710","0.5382552146911621","0.5382552146911621","0.5382552146911621"
"171718","0.6738654375076294","0.6738654375076294","0.6738654375076294"
"171719","0.6006900668144226","0.6006900668144226","0.6006900668144226"
"171762","0.8702034950256348","0.8702034950256348","0.8702034950256348"
"171795","0.5782668590545654","0.5782668590545654","0.5782668590545654"
"171818","0.4628289043903351","0.4628289043903351","0.4628289043903351"
"171839","0.9213119745254517","0.9213119745254517","0.9213119745254517"
"171850","0.8350329995155334","0.8350329995155334","0.8350329995155334"
"171891","0.6118806600570679","0.6118806600570679","0.6118806600570679"
"171939","0.66722172498703","0.66722172498703","0.66722172498703"
"171968","0.9350835680961609","0.9350835680961609","0.9350835680961609"
"171990","0.871108889579773","0.871108889579773","0.871108889579773"
"172008","0.8030341267585754","0.8030341267585754","0.8030341267585754"
"172015","0.8969894051551819","0.8969894051551819","0.8969894051551819"
"172017","0.8246361017227173","0.8246361017227173","0.8246361017227173"
"172042","0.6481136083602905","0.6481136083602905","0.6481136083602905"
"172057","0.7039394378662109","0.7039394378662109","0.7039394378662109"
"172102","0.9901720285415649","0.9901720285415649","0.9901720285415649"
"172123","0.8164864778518677","0.8164864778518677","0.8164864778518677"
"172145","0.5165871977806091","0.5165871977806091","0.5165871977806091"
"172150","0.4615787863731384","0.4615787863731384","0.4615787863731384"
"172159","0.9176785349845886","0.9176785349845886","0.9176785349845886"
"172173","0.5947095155715942","0.5947095155715942","0.5947095155715942"
"172193","1.2405474185943604","1.2405474185943604","1.2405474185943604"
"172209","0.4733688235282898","0.4733688235282898","0.4733688235282898"
"172214","0.8448492288589478","0.8448492288589478","0.8448492288589478"
"172265","0.9249294996261597","0.9249294996261597","0.9249294996261597"
"172267","1.014565348625183","1.014565348625183","1.014565348625183"
"172294","0.7743213176727295","0.7743213176727295","0.7743213176727295"
"172302","0.6746406555175781","0.6746406555175781","0.6746406555175781"
"172394","0.7498791217803955","0.7498791217803955","0.7498791217803955"
"172396","0.5804790258407593","0.5804790258407593","0.5804790258407593"
"172397","0.7768411636352539","0.7768411636352539","0.7768411636352539"
"172408","0.48807910084724426","0.48807910084724426","0.48807910084724426"
"172437","0.8281242847442627","0.8281242847442627","0.8281242847442627"
"172438","0.4533848166465759","0.4533848166465759","0.4533848166465759"
"172477","0.9389952421188354","0.9389952421188354","0.9389952421188354"
"172484","0.47184956073760986","0.47184956073760986","0.47184956073760986"
"172516","1.1383018493652344","1.1383018493652344","1.1383018493652344"
"172529","0.655186653137207","0.655186653137207","0.655186653137207"
"172533","0.6207703351974487","0.6207703351974487","0.6207703351974487"
"172557","0.9011750221252441","0.9011750221252441","0.9011750221252441"
"172569","0.375235915184021","0.375235915184021","0.375235915184021"
"172571","0.7937114238739014","0.7937114238739014","0.7937114238739014"
"172574","0.5375490188598633","0.5375490188598633","0.5375490188598633"
"172583","1.0341180562973022","1.0341180562973022","1.0341180562973022"
"172610","0.5939684510231018","0.5939684510231018","0.5939684510231018"
"172669","0.6873545050621033","0.6873545050621033","0.6873545050621033"
"172690","0.5454084873199463","0.5454084873199463","0.5454084873199463"
"172750","1.2041953802108765","1.2041953802108765","1.2041953802108765"
"172763","0.699946939945221","0.699946939945221","0.699946939945221"
"172770","0.446797251701355","0.446797251701355","0.446797251701355"
"172775","0.9164509773254395","0.9164509773254395","0.9164509773254395"
"172794","0.7120491862297058","0.7120491862297058","0.7120491862297058"
"172798","0.7100751399993896","0.7100751399993896","0.7100751399993896"
"172812","0.7607262134552002","0.7607262134552002","0.7607262134552002"
"172822","0.3116334080696106","0.3116334080696106","0.3116334080696106"
"172829","0.732806921005249","0.732806921005249","0.732806921005249"
"172850","0.9598743915557861","0.9598743915557861","0.9598743915557861"
"172852","0.6679798364639282","0.6679798364639282","0.6679798364639282"
"172864","1.1497702598571777","1.1497702598571777","1.1497702598571777"
"172943","0.5961995720863342","0.5961995720863342","0.5961995720863342"
"172944","0.8046159744262695","0.8046159744262695","0.8046159744262695"
"172951","0.9144892692565918","0.9144892692565918","0.9144892692565918"
"172985","0.6110591888427734","0.6110591888427734","0.6110591888427734"
"173028","0.6612820625305176","0.6612820625305176","0.6612820625305176"
"173029","0.35294046998023987","0.35294046998023987","0.35294046998023987"
"173034","0.9844459295272827","0.9844459295272827","0.9844459295272827"
"173036","0.8319438695907593","0.8319438695907593","0.8319438695907593"
"173049","0.9807773232460022","0.9807773232460022","0.9807773232460022"
"173051","0.3736359775066376","0.3736359775066376","0.3736359775066376"
"173068","0.8561873435974121","0.8561873435974121","0.8561873435974121"
"173077","0.6710697412490845","0.6710697412490845","0.6710697412490845"
"173084","0.4111219644546509","0.4111219644546509","0.4111219644546509"
"173136","0.8596543669700623","0.8596543669700623","0.8596543669700623"
"173165","0.8801043629646301","0.8801043629646301","0.8801043629646301"
"173182","1.1689882278442383","1.1689882278442383","1.1689882278442383"
"173276","0.7293446063995361","0.7293446063995361","0.7293446063995361"
"173335","0.743622362613678","0.743622362613678","0.743622362613678"
"173347","0.6366145014762878","0.6366145014762878","0.6366145014762878"
"173352","0.7819746732711792","0.7819746732711792","0.7819746732711792"
"173404","0.7886419892311096","0.7886419892311096","0.7886419892311096"
"173450","0.7108208537101746","0.7108208537101746","0.7108208537101746"
"173457","0.6809998154640198","0.6809998154640198","0.6809998154640198"
"173476","0.8333688974380493","0.8333688974380493","0.8333688974380493"
"173495","0.7722266316413879","0.7722266316413879","0.7722266316413879"
"173549","0.7368003129959106","0.7368003129959106","0.7368003129959106"
"173558","0.7607405185699463","0.7607405185699463","0.7607405185699463"
"173581","0.7521183490753174","0.7521183490753174","0.7521183490753174"
"173599","0.7650448083877563","0.7650448083877563","0.7650448083877563"
"173665","0.6776986122131348","0.6776986122131348","0.6776986122131348"
"173674","0.5985779762268066","0.5985779762268066","0.5985779762268066"
"173679","0.582493245601654","0.582493245601654","0.582493245601654"
"173711","0.8178833723068237","0.8178833723068237","0.8178833723068237"
"173847","0.61374831199646","0.61374831199646","0.61374831199646"
"173868","0.8215367794036865","0.8215367794036865","0.8215367794036865"
"173882","0.7090198993682861","0.7090198993682861","0.7090198993682861"
"173887","0.765235185623169","0.765235185623169","0.765235185623169"
"173900","0.6830914616584778","0.6830914616584778","0.6830914616584778"
"173923","0.605835497379303","0.605835497379303","0.605835497379303"
"173924","0.48891106247901917","0.48891106247901917","0.48891106247901917"
"173944","0.6930904984474182","0.6930904984474182","0.6930904984474182"
"173957","0.8249768018722534","0.8249768018722534","0.8249768018722534"
"173982","0.7590717077255249","0.7590717077255249","0.7590717077255249"
"173990","0.5455813407897949","0.5455813407897949","0.5455813407897949"
"174004","0.6027487516403198","0.6027487516403198","0.6027487516403198"
"174037","1.0550967454910278","1.0550967454910278","1.0550967454910278"
"174053","0.6071790456771851","0.6071790456771851","0.6071790456771851"
"174122","0.5892887711524963","0.5892887711524963","0.5892887711524963"
"174124","0.5691025257110596","0.5691025257110596","0.5691025257110596"
"174145","0.7683456540107727","0.7683456540107727","0.7683456540107727"
"174185","0.528200626373291","0.528200626373291","0.528200626373291"
"174196","0.702979326248169","0.702979326248169","0.702979326248169"
"174209","0.6775973439216614","0.6775973439216614","0.6775973439216614"
"174210","0.5585874915122986","0.5585874915122986","0.5585874915122986"
"174242","0.60896897315979","0.60896897315979","0.60896897315979"
"174257","0.7300951480865479","0.7300951480865479","0.7300951480865479"
"174278","0.6314334869384766","0.6314334869384766","0.6314334869384766"
"174339","0.659569263458252","0.659569263458252","0.659569263458252"
"174368","0.4434623718261719","0.4434623718261719","0.4434623718261719"
"174442","0.6784579753875732","0.6784579753875732","0.6784579753875732"
"174444","0.7529223561286926","0.7529223561286926","0.7529223561286926"
"174466","0.7421977519989014","0.7421977519989014","0.7421977519989014"
"174551","0.843414306640625","0.843414306640625","0.843414306640625"
"174553","0.6920374631881714","0.6920374631881714","0.6920374631881714"
"174561","0.5606193542480469","0.5606193542480469","0.5606193542480469"
"174580","0.6727709770202637","0.6727709770202637","0.6727709770202637"
"174635","0.864992082118988","0.864992082118988","0.864992082118988"
"174655","0.7012685537338257","0.7012685537338257","0.7012685537338257"
"174661","0.6326667070388794","0.6326667070388794","0.6326667070388794"
"174679","0.7232338786125183","0.7232338786125183","0.7232338786125183"
"174701","0.7355704307556152","0.7355704307556152","0.7355704307556152"
"174752","0.4734090566635132","0.4734090566635132","0.4734090566635132"
"174782","1.0229955911636353","1.0229955911636353","1.0229955911636353"
"174784","0.5952621102333069","0.5952621102333069","0.5952621102333069"
"174786","0.9295494556427002","0.9295494556427002","0.9295494556427002"
"174801","0.562528669834137","0.562528669834137","0.562528669834137"
"174807","0.5573300123214722","0.5573300123214722","0.5573300123214722"
"174815","0.7079036235809326","0.7079036235809326","0.7079036235809326"
"174855","0.8470826148986816","0.8470826148986816","0.8470826148986816"
"174882","0.7323939800262451","0.7323939800262451","0.7323939800262451"
"174915","0.7676565647125244","0.7676565647125244","0.7676565647125244"
"175014","0.6744369864463806","0.6744369864463806","0.6744369864463806"
"175018","0.6153239607810974","0.6153239607810974","0.6153239607810974"
"175019","0.7029626369476318","0.7029626369476318","0.7029626369476318"
"175032","0.6529284715652466","0.6529284715652466","0.6529284715652466"
"175035","0.6481789946556091","0.6481789946556091","0.6481789946556091"
"175062","0.4186190068721771","0.4186190068721771","0.4186190068721771"
"175105","0.6031733751296997","0.6031733751296997","0.6031733751296997"
"175111","0.5714607238769531","0.5714607238769531","0.5714607238769531"
"175177","0.8391240835189819","0.8391240835189819","0.8391240835189819"
"175182","0.8972110152244568","0.8972110152244568","0.8972110152244568"
"175278","0.8203010559082031","0.8203010559082031","0.8203010559082031"
"175325","0.5864639282226562","0.5864639282226562","0.5864639282226562"
"175372","0.6348611116409302","0.6348611116409302","0.6348611116409302"
"175417","0.5955132246017456","0.5955132246017456","0.5955132246017456"
"175422","0.900510311126709","0.900510311126709","0.900510311126709"
"175433","1.1523451805114746","1.1523451805114746","1.1523451805114746"
"175439","0.5015040636062622","0.5015040636062622","0.5015040636062622"
"175447","0.6919468641281128","0.6919468641281128","0.6919468641281128"
"175457","0.9574028849601746","0.9574028849601746","0.9574028849601746"
"175459","0.8659264445304871","0.8659264445304871","0.8659264445304871"
"175465","0.8259049654006958","0.8259049654006958","0.8259049654006958"
"175503","0.5971914529800415","0.5971914529800415","0.5971914529800415"
"175603","0.4872856140136719","0.4872856140136719","0.4872856140136719"
"175614","0.7454572916030884","0.7454572916030884","0.7454572916030884"
"175678","0.6834001541137695","0.6834001541137695","0.6834001541137695"
"175679","0.46171265840530396","0.46171265840530396","0.46171265840530396"
"175716","0.6178213357925415","0.6178213357925415","0.6178213357925415"
"175754","0.7600357532501221","0.7600357532501221","0.7600357532501221"
"175771","0.6934224367141724","0.6934224367141724","0.6934224367141724"
"175782","0.7651020288467407","0.7651020288467407","0.7651020288467407"
"175806","0.9086524248123169","0.9086524248123169","0.9086524248123169"
"175829","0.8551273941993713","0.8551273941993713","0.8551273941993713"
"175832","0.705922544002533","0.705922544002533","0.705922544002533"
"175845","0.9981721043586731","0.9981721043586731","0.9981721043586731"
"175847","0.5606867074966431","0.5606867074966431","0.5606867074966431"
"175875","0.6988786458969116","0.6988786458969116","0.6988786458969116"
"175916","0.8888107538223267","0.8888107538223267","0.8888107538223267"
"175918","0.6148682236671448","0.6148682236671448","0.6148682236671448"
"175958","0.6787583231925964","0.6787583231925964","0.6787583231925964"
"176042","0.8944032192230225","0.8944032192230225","0.8944032192230225"
"176056","1.4060428142547607","1.4060428142547607","1.4060428142547607"
"176076","0.632582426071167","0.632582426071167","0.632582426071167"
"176087","0.5444901585578918","0.5444901585578918","0.5444901585578918"
"176090","0.7296695113182068","0.7296695113182068","0.7296695113182068"
"176106","0.5708147883415222","0.5708147883415222","0.5708147883415222"
"176129","0.8606474995613098","0.8606474995613098","0.8606474995613098"
"176166","0.6408271789550781","0.6408271789550781","0.6408271789550781"
"176192","0.5888742804527283","0.5888742804527283","0.5888742804527283"
"176198","1.0452561378479004","1.0452561378479004","1.0452561378479004"
"176201","0.4535302519798279","0.4535302519798279","0.4535302519798279"
"176216","0.6047483682632446","0.6047483682632446","0.6047483682632446"
"176231","0.48765355348587036","0.48765355348587036","0.48765355348587036"
"176246","0.40250465273857117","0.40250465273857117","0.40250465273857117"
"176263","0.660692572593689","0.660692572593689","0.660692572593689"
"176266","0.5561841726303101","0.5561841726303101","0.5561841726303101"
"176271","0.6605747938156128","0.6605747938156128","0.6605747938156128"
"176285","0.7868187427520752","0.7868187427520752","0.7868187427520752"
"176296","0.64659583568573","0.64659583568573","0.64659583568573"
"176315","0.5635498762130737","0.5635498762130737","0.5635498762130737"
"176373","1.0245046615600586","1.0245046615600586","1.0245046615600586"
"176401","0.6929835677146912","0.6929835677146912","0.6929835677146912"
"176426","0.715264081954956","0.715264081954956","0.715264081954956"
"176437","0.6833617687225342","0.6833617687225342","0.6833617687225342"
"176476","0.9291585683822632","0.9291585683822632","0.9291585683822632"
"176492","0.7782760858535767","0.7782760858535767","0.7782760858535767"
"176534","0.6455971002578735","0.6455971002578735","0.6455971002578735"
"176553","0.7177529335021973","0.7177529335021973","0.7177529335021973"
"176575","0.4867842197418213","0.4867842197418213","0.4867842197418213"
"176601","0.7008695602416992","0.7008695602416992","0.7008695602416992"
"176633","0.8252120018005371","0.8252120018005371","0.8252120018005371"
"176634","0.7083545923233032","0.7083545923233032","0.7083545923233032"
"176641","0.8729722499847412","0.8729722499847412","0.8729722499847412"
"176646","1.2048224210739136","1.2048224210739136","1.2048224210739136"
"176695","0.6054530143737793","0.6054530143737793","0.6054530143737793"
"176708","0.36743995547294617","0.36743995547294617","0.36743995547294617"
"176712","0.8998504281044006","0.8998504281044006","0.8998504281044006"
"176719","0.588721513748169","0.588721513748169","0.588721513748169"
"176733","0.9514099955558777","0.9514099955558777","0.9514099955558777"
"176747","0.7258550524711609","0.7258550524711609","0.7258550524711609"
"176757","0.5106895565986633","0.5106895565986633","0.5106895565986633"
"176768","0.6036961078643799","0.6036961078643799","0.6036961078643799"
"176772","0.6084066033363342","0.6084066033363342","0.6084066033363342"
"176784","0.8016345500946045","0.8016345500946045","0.8016345500946045"
"176798","0.5713549256324768","0.5713549256324768","0.5713549256324768"
"176812","0.6068044900894165","0.6068044900894165","0.6068044900894165"
"176871","0.7329214811325073","0.7329214811325073","0.7329214811325073"
"176952","0.6448038220405579","0.6448038220405579","0.6448038220405579"
"176957","0.5637484192848206","0.5637484192848206","0.5637484192848206"
"177030","0.6512579321861267","0.6512579321861267","0.6512579321861267"
"177082","0.7893451452255249","0.7893451452255249","0.7893451452255249"
"177083","0.4868629276752472","0.4868629276752472","0.4868629276752472"
"177095","0.7678350210189819","0.7678350210189819","0.7678350210189819"
"177113","0.7406062483787537","0.7406062483787537","0.7406062483787537"
"177130","0.7342275381088257","0.7342275381088257","0.7342275381088257"
"177153","0.7525908946990967","0.7525908946990967","0.7525908946990967"
"177162","1.067711353302002","1.067711353302002","1.067711353302002"
"177179","0.5865535736083984","0.5865535736083984","0.5865535736083984"
"177190","0.5972273349761963","0.5972273349761963","0.5972273349761963"
"177199","0.9205609560012817","0.9205609560012817","0.9205609560012817"
"177204","0.789270281791687","0.789270281791687","0.789270281791687"
"177211","0.3933338522911072","0.3933338522911072","0.3933338522911072"
"177273","0.729957103729248","0.729957103729248","0.729957103729248"
"177275","0.4166029095649719","0.4166029095649719","0.4166029095649719"
"177395","1.1354416608810425","1.1354416608810425","1.1354416608810425"
"177448","0.6130490899085999","0.6130490899085999","0.6130490899085999"
"177454","0.8269535899162292","0.8269535899162292","0.8269535899162292"
"177470","0.32010921835899353","0.32010921835899353","0.32010921835899353"
"177488","0.6923977732658386","0.6923977732658386","0.6923977732658386"
"177493","0.5545880794525146","0.5545880794525146","0.5545880794525146"
"177526","0.9501909613609314","0.9501909613609314","0.9501909613609314"
"177546","0.624083399772644","0.624083399772644","0.624083399772644"
"177585","0.826433539390564","0.826433539390564","0.826433539390564"
"177600","0.8092794418334961","0.8092794418334961","0.8092794418334961"
"177636","0.5334221124649048","0.5334221124649048","0.5334221124649048"
"177658","0.5408031344413757","0.5408031344413757","0.5408031344413757"
"177663","0.903648853302002","0.903648853302002","0.903648853302002"
"177665","0.5849606394767761","0.5849606394767761","0.5849606394767761"
"177673","0.447598397731781","0.447598397731781","0.447598397731781"
"177675","0.8967323303222656","0.8967323303222656","0.8967323303222656"
"177688","1.134565830230713","1.134565830230713","1.134565830230713"
"177696","0.39853858947753906","0.39853858947753906","0.39853858947753906"
"177704","0.7612600326538086","0.7612600326538086","0.7612600326538086"
"177707","0.728675365447998","0.728675365447998","0.728675365447998"
"177712","0.46136289834976196","0.46136289834976196","0.46136289834976196"
"177713","0.6311666965484619","0.6311666965484619","0.6311666965484619"
"177758","0.6090793609619141","0.6090793609619141","0.6090793609619141"
"177776","0.8886024951934814","0.8886024951934814","0.8886024951934814"
"177874","0.5560003519058228","0.5560003519058228","0.5560003519058228"
"177877","0.7778985500335693","0.7778985500335693","0.7778985500335693"
"177983","0.6680103540420532","0.6680103540420532","0.6680103540420532"
"177987","0.7695399522781372","0.7695399522781372","0.7695399522781372"
"177993","0.4639551043510437","0.4639551043510437","0.4639551043510437"
"178013","0.5027986168861389","0.5027986168861389","0.5027986168861389"
"178016","0.4691142439842224","0.4691142439842224","0.4691142439842224"
"178050","0.44009649753570557","0.44009649753570557","0.44009649753570557"
"178055","0.695930004119873","0.695930004119873","0.695930004119873"
"178056","0.5778801441192627","0.5778801441192627","0.5778801441192627"
"178067","0.5543411374092102","0.5543411374092102","0.5543411374092102"
"178100","0.7844985723495483","0.7844985723495483","0.7844985723495483"
"178105","0.6593073606491089","0.6593073606491089","0.6593073606491089"
"178113","0.8274811506271362","0.8274811506271362","0.8274811506271362"
"178123","0.793328046798706","0.793328046798706","0.793328046798706"
"178132","0.7378326058387756","0.7378326058387756","0.7378326058387756"
"178134","0.7167301774024963","0.7167301774024963","0.7167301774024963"
"178156","0.9963396191596985","0.9963396191596985","0.9963396191596985"
"178242","0.6669572591781616","0.6669572591781616","0.6669572591781616"
"178284","0.4538700580596924","0.4538700580596924","0.4538700580596924"
"178303","0.4637399911880493","0.4637399911880493","0.4637399911880493"
"178306","0.5740249752998352","0.5740249752998352","0.5740249752998352"
"178341","0.8294731974601746","0.8294731974601746","0.8294731974601746"
"178351","0.46500080823898315","0.46500080823898315","0.46500080823898315"
"178381","0.6179136037826538","0.6179136037826538","0.6179136037826538"
"178407","0.6330535411834717","0.6330535411834717","0.6330535411834717"
"178408","0.6643533706665039","0.6643533706665039","0.6643533706665039"
"178410","0.6989607810974121","0.6989607810974121","0.6989607810974121"
"178412","0.5143265128135681","0.5143265128135681","0.5143265128135681"
"178419","0.6536861658096313","0.6536861658096313","0.6536861658096313"
"178455","0.799424946308136","0.799424946308136","0.799424946308136"
"178485","0.9097457528114319","0.9097457528114319","0.9097457528114319"
"178491","0.45710235834121704","0.45710235834121704","0.45710235834121704"
"178609","0.6509157419204712","0.6509157419204712","0.6509157419204712"
"178627","0.7013497352600098","0.7013497352600098","0.7013497352600098"
"178660","0.6515554785728455","0.6515554785728455","0.6515554785728455"
"178709","0.8417096138000488","0.8417096138000488","0.8417096138000488"
"178755","1.1809513568878174","1.1809513568878174","1.1809513568878174"
"178761","0.647538423538208","0.647538423538208","0.647538423538208"
"178787","0.8193244934082031","0.8193244934082031","0.8193244934082031"
"178793","0.8697942495346069","0.8697942495346069","0.8697942495346069"
"178808","0.7908885478973389","0.7908885478973389","0.7908885478973389"
"178819","1.2077009677886963","1.2077009677886963","1.2077009677886963"
"178823","0.586295485496521","0.586295485496521","0.586295485496521"
"178863","0.6285204887390137","0.6285204887390137","0.6285204887390137"
"178884","0.4231571555137634","0.4231571555137634","0.4231571555137634"
"178900","1.1404813528060913","1.1404813528060913","1.1404813528060913"
"178956","1.0322861671447754","1.0322861671447754","1.0322861671447754"
"178957","0.6419937610626221","0.6419937610626221","0.6419937610626221"
"178970","0.6239537596702576","0.6239537596702576","0.6239537596702576"
"178984","0.7780263423919678","0.7780263423919678","0.7780263423919678"
"178989","0.6405205726623535","0.6405205726623535","0.6405205726623535"
"179001","0.8032937049865723","0.8032937049865723","0.8032937049865723"
"179029","0.9273163676261902","0.9273163676261902","0.9273163676261902"
"179039","0.8540754318237305","0.8540754318237305","0.8540754318237305"
"179042","0.6123542189598083","0.6123542189598083","0.6123542189598083"
"179056","1.1237328052520752","1.1237328052520752","1.1237328052520752"
"179064","0.5588063597679138","0.5588063597679138","0.5588063597679138"
"179101","0.9221091270446777","0.9221091270446777","0.9221091270446777"
"179110","0.3276258111000061","0.3276258111000061","0.3276258111000061"
"179169","0.7861038446426392","0.7861038446426392","0.7861038446426392"
"179175","0.34567415714263916","0.34567415714263916","0.34567415714263916"
"179176","0.49817076325416565","0.49817076325416565","0.49817076325416565"
"179193","0.6153544187545776","0.6153544187545776","0.6153544187545776"
"179195","0.4279134273529053","0.4279134273529053","0.4279134273529053"
"179286","0.921337366104126","0.921337366104126","0.921337366104126"
"179296","0.7530268430709839","0.7530268430709839","0.7530268430709839"
"179300","0.6772540807723999","0.6772540807723999","0.6772540807723999"
"179311","0.6961337924003601","0.6961337924003601","0.6961337924003601"
"179354","0.6960204839706421","0.6960204839706421","0.6960204839706421"
"179362","0.479888379573822","0.479888379573822","0.479888379573822"
"179365","0.7936287522315979","0.7936287522315979","0.7936287522315979"
"179370","0.8705402612686157","0.8705402612686157","0.8705402612686157"
"179375","0.6469390988349915","0.6469390988349915","0.6469390988349915"
"179379","0.6503639221191406","0.6503639221191406","0.6503639221191406"
"179383","0.9768763780593872","0.9768763780593872","0.9768763780593872"
"179385","0.7180663347244263","0.7180663347244263","0.7180663347244263"
"179397","0.7315185070037842","0.7315185070037842","0.7315185070037842"
"179398","0.6611157059669495","0.6611157059669495","0.6611157059669495"
"179399","0.43596065044403076","0.43596065044403076","0.43596065044403076"
"179435","0.5412783622741699","0.5412783622741699","0.5412783622741699"
"179456","1.0035433769226074","1.0035433769226074","1.0035433769226074"
"179460","0.6783182621002197","0.6783182621002197","0.6783182621002197"
"179498","0.6736307740211487","0.6736307740211487","0.6736307740211487"
"179510","0.5493068695068359","0.5493068695068359","0.5493068695068359"
"179526","0.8507901430130005","0.8507901430130005","0.8507901430130005"
"179534","0.48342394828796387","0.48342394828796387","0.48342394828796387"
"179587","0.9173222780227661","0.9173222780227661","0.9173222780227661"
"179621","0.6529526710510254","0.6529526710510254","0.6529526710510254"
"179629","0.8318170309066772","0.8318170309066772","0.8318170309066772"
"179632","0.6754541397094727","0.6754541397094727","0.6754541397094727"
"179633","0.5662649273872375","0.5662649273872375","0.5662649273872375"
"179678","0.7641737461090088","0.7641737461090088","0.7641737461090088"
"179687","0.7933074235916138","0.7933074235916138","0.7933074235916138"
"179689","0.7552793025970459","0.7552793025970459","0.7552793025970459"
"179708","0.7913545370101929","0.7913545370101929","0.7913545370101929"
"179745","0.49146509170532227","0.49146509170532227","0.49146509170532227"
"179758","0.6591769456863403","0.6591769456863403","0.6591769456863403"
"179776","0.5784726738929749","0.5784726738929749","0.5784726738929749"
"179794","0.8406080603599548","0.8406080603599548","0.8406080603599548"
"179815","0.6108294129371643","0.6108294129371643","0.6108294129371643"
"179823","0.6424647569656372","0.6424647569656372","0.6424647569656372"
"179831","1.276814579963684","1.276814579963684","1.276814579963684"
"179864","0.6289829015731812","0.6289829015731812","0.6289829015731812"
"179865","0.38348889350891113","0.38348889350891113","0.38348889350891113"
"179899","0.8653607368469238","0.8653607368469238","0.8653607368469238"
"180007","0.8039657473564148","0.8039657473564148","0.8039657473564148"
"180020","0.8025591373443604","0.8025591373443604","0.8025591373443604"
"180044","0.5354291796684265","0.5354291796684265","0.5354291796684265"
"180049","1.0019855499267578","1.0019855499267578","1.0019855499267578"
"180081","0.7382335066795349","0.7382335066795349","0.7382335066795349"
"180171","0.601264476776123","0.601264476776123","0.601264476776123"
"180180","0.6962605118751526","0.6962605118751526","0.6962605118751526"
"180210","0.8160541653633118","0.8160541653633118","0.8160541653633118"
"180286","0.8258509039878845","0.8258509039878845","0.8258509039878845"
"180305","0.8981874585151672","0.8981874585151672","0.8981874585151672"
"180311","0.5197458863258362","0.5197458863258362","0.5197458863258362"
"180343","0.5344640016555786","0.5344640016555786","0.5344640016555786"
"180361","1.1612434387207031","1.1612434387207031","1.1612434387207031"
"180411","0.5002378225326538","0.5002378225326538","0.5002378225326538"
"180419","0.897443413734436","0.897443413734436","0.897443413734436"
"180427","0.6257298588752747","0.6257298588752747","0.6257298588752747"
"180465","0.9737045764923096","0.9737045764923096","0.9737045764923096"
"180486","0.7653654217720032","0.7653654217720032","0.7653654217720032"
"180505","0.7500323057174683","0.7500323057174683","0.7500323057174683"
"180512","0.6165599226951599","0.6165599226951599","0.6165599226951599"
"180519","0.513816773891449","0.513816773891449","0.513816773891449"
"180529","0.5344180464744568","0.5344180464744568","0.5344180464744568"
"180545","0.5299555063247681","0.5299555063247681","0.5299555063247681"
"180576","0.5351122617721558","0.5351122617721558","0.5351122617721558"
"180628","0.8577697277069092","0.8577697277069092","0.8577697277069092"
"180633","0.717391312122345","0.717391312122345","0.717391312122345"
"180637","0.7979305982589722","0.7979305982589722","0.7979305982589722"
"180648","0.670706033706665","0.670706033706665","0.670706033706665"
"180664","0.6235294342041016","0.6235294342041016","0.6235294342041016"
"180667","0.5174149870872498","0.5174149870872498","0.5174149870872498"
"180687","0.7294136881828308","0.7294136881828308","0.7294136881828308"
"180710","1.0871059894561768","1.0871059894561768","1.0871059894561768"
"180719","0.522979736328125","0.522979736328125","0.522979736328125"
"180733","0.7303637862205505","0.7303637862205505","0.7303637862205505"
"180756","0.6913907527923584","0.6913907527923584","0.6913907527923584"
"180788","0.8121528625488281","0.8121528625488281","0.8121528625488281"
"180796","0.6434624195098877","0.6434624195098877","0.6434624195098877"
"180802","0.7215911149978638","0.7215911149978638","0.7215911149978638"
"180814","0.9171510934829712","0.9171510934829712","0.9171510934829712"
"180821","0.8376151919364929","0.8376151919364929","0.8376151919364929"
"180832","0.753705620765686","0.753705620765686","0.753705620765686"
"180846","0.7251095175743103","0.7251095175743103","0.7251095175743103"
"180866","0.653040885925293","0.653040885925293","0.653040885925293"
"180882","0.6170281171798706","0.6170281171798706","0.6170281171798706"
"180888","0.8920714855194092","0.8920714855194092","0.8920714855194092"
"180920","0.9108508825302124","0.9108508825302124","0.9108508825302124"
"180992","1.1505792140960693","1.1505792140960693","1.1505792140960693"
"180994","0.6160441040992737","0.6160441040992737","0.6160441040992737"
"181028","0.7045382261276245","0.7045382261276245","0.7045382261276245"
"181080","0.7574642896652222","0.7574642896652222","0.7574642896652222"
"181100","0.8196078538894653","0.8196078538894653","0.8196078538894653"
"181172","0.8952349424362183","0.8952349424362183","0.8952349424362183"
"181206","0.7990780472755432","0.7990780472755432","0.7990780472755432"
"181240","0.9598278999328613","0.9598278999328613","0.9598278999328613"
"181253","0.5060313940048218","0.5060313940048218","0.5060313940048218"
"181271","0.6372892260551453","0.6372892260551453","0.6372892260551453"
"181302","0.6736278533935547","0.6736278533935547","0.6736278533935547"
"181305","0.5191172361373901","0.5191172361373901","0.5191172361373901"
"181309","0.8573091626167297","0.8573091626167297","0.8573091626167297"
"181315","0.548690915107727","0.548690915107727","0.548690915107727"
"181345","0.5707734823226929","0.5707734823226929","0.5707734823226929"
"181394","0.6759739518165588","0.6759739518165588","0.6759739518165588"
"181476","0.7553935050964355","0.7553935050964355","0.7553935050964355"
"181477","0.6419509649276733","0.6419509649276733","0.6419509649276733"
"181489","0.544042706489563","0.544042706489563","0.544042706489563"
"181533","0.8753573298454285","0.8753573298454285","0.8753573298454285"
"181565","0.6605288982391357","0.6605288982391357","0.6605288982391357"
"181569","0.7529948949813843","0.7529948949813843","0.7529948949813843"
"181570","1.0381509065628052","1.0381509065628052","1.0381509065628052"
"181586","0.7970374226570129","0.7970374226570129","0.7970374226570129"
"181594","0.6446198225021362","0.6446198225021362","0.6446198225021362"
"181664","0.7554006576538086","0.7554006576538086","0.7554006576538086"
"181674","0.8343913555145264","0.8343913555145264","0.8343913555145264"
"181690","0.952370285987854","0.952370285987854","0.952370285987854"
"181717","0.7664394378662109","0.7664394378662109","0.7664394378662109"
"181731","0.645841121673584","0.645841121673584","0.645841121673584"
"181773","0.6152002215385437","0.6152002215385437","0.6152002215385437"
"181803","0.9926515221595764","0.9926515221595764","0.9926515221595764"
"181811","0.7475751638412476","0.7475751638412476","0.7475751638412476"
"181822","0.5402625799179077","0.5402625799179077","0.5402625799179077"
"181850","0.7553440928459167","0.7553440928459167","0.7553440928459167"
"181877","0.7936551570892334","0.7936551570892334","0.7936551570892334"
"181881","0.6291036009788513","0.6291036009788513","0.6291036009788513"
"181898","0.633379340171814","0.633379340171814","0.633379340171814"
"181899","0.5608742833137512","0.5608742833137512","0.5608742833137512"
"181908","0.598941445350647","0.598941445350647","0.598941445350647"
"181937","0.733376681804657","0.733376681804657","0.733376681804657"
"181992","0.8919624090194702","0.8919624090194702","0.8919624090194702"
"182013","0.7502566576004028","0.7502566576004028","0.7502566576004028"
"182026","0.37390825152397156","0.37390825152397156","0.37390825152397156"
"182035","0.7453372478485107","0.7453372478485107","0.7453372478485107"
"182042","0.6542111039161682","0.6542111039161682","0.6542111039161682"
"182043","0.5995291471481323","0.5995291471481323","0.5995291471481323"
"182057","0.7766351699829102","0.7766351699829102","0.7766351699829102"
"182060","0.49189192056655884","0.49189192056655884","0.49189192056655884"
"182081","0.5579913854598999","0.5579913854598999","0.5579913854598999"
"182095","0.7491918206214905","0.7491918206214905","0.7491918206214905"
"182125","0.6652829647064209","0.6652829647064209","0.6652829647064209"
"182185","0.9226012229919434","0.9226012229919434","0.9226012229919434"
"182188","0.7760538458824158","0.7760538458824158","0.7760538458824158"
"182196","0.5846140384674072","0.5846140384674072","0.5846140384674072"
"182204","0.6752749681472778","0.6752749681472778","0.6752749681472778"
"182224","1.0105059146881104","1.0105059146881104","1.0105059146881104"
"182234","0.7775617837905884","0.7775617837905884","0.7775617837905884"
"182246","1.009629249572754","1.009629249572754","1.009629249572754"
"182261","0.776348352432251","0.776348352432251","0.776348352432251"
"182265","0.9482742547988892","0.9482742547988892","0.9482742547988892"
"182300","0.78760826587677","0.78760826587677","0.78760826587677"
"182310","1.1727561950683594","1.1727561950683594","1.1727561950683594"
"182337","0.49344760179519653","0.49344760179519653","0.49344760179519653"
"182355","0.6692570447921753","0.6692570447921753","0.6692570447921753"
"182367","0.6995054483413696","0.6995054483413696","0.6995054483413696"
"182405","0.7023177146911621","0.7023177146911621","0.7023177146911621"
"182502","0.7934958338737488","0.7934958338737488","0.7934958338737488"
"182507","0.8696833252906799","0.8696833252906799","0.8696833252906799"
"182522","0.8327385783195496","0.8327385783195496","0.8327385783195496"
"182536","0.6346560716629028","0.6346560716629028","0.6346560716629028"
"182565","0.5888010859489441","0.5888010859489441","0.5888010859489441"
"182621","0.6456881761550903","0.6456881761550903","0.6456881761550903"
"182623","0.6088342666625977","0.6088342666625977","0.6088342666625977"
"182686","0.7128092050552368","0.7128092050552368","0.7128092050552368"
"182697","0.779576301574707","0.779576301574707","0.779576301574707"
"182712","0.44343364238739014","0.44343364238739014","0.44343364238739014"
"182746","0.5525612831115723","0.5525612831115723","0.5525612831115723"
"182751","0.6295182704925537","0.6295182704925537","0.6295182704925537"
"182770","0.8459243774414062","0.8459243774414062","0.8459243774414062"
"182795","0.7125715613365173","0.7125715613365173","0.7125715613365173"
"182807","0.8707378506660461","0.8707378506660461","0.8707378506660461"
"182811","0.5934821367263794","0.5934821367263794","0.5934821367263794"
"182833","0.8196218013763428","0.8196218013763428","0.8196218013763428"
"182907","1.0119824409484863","1.0119824409484863","1.0119824409484863"
"182949","0.8564640879631042","0.8564640879631042","0.8564640879631042"
"182964","0.5518784523010254","0.5518784523010254","0.5518784523010254"
"183011","0.7492847442626953","0.7492847442626953","0.7492847442626953"
"183032","1.1494406461715698","1.1494406461715698","1.1494406461715698"
"183059","0.5215096473693848","0.5215096473693848","0.5215096473693848"
"183075","0.816887617111206","0.816887617111206","0.816887617111206"
"183089","1.1694544553756714","1.1694544553756714","1.1694544553756714"
"183135","0.694991409778595","0.694991409778595","0.694991409778595"
"183157","0.6052014231681824","0.6052014231681824","0.6052014231681824"
"183175","0.7708548903465271","0.7708548903465271","0.7708548903465271"
"183180","0.7152661681175232","0.7152661681175232","0.7152661681175232"
"183190","0.5035406351089478","0.5035406351089478","0.5035406351089478"
"183212","0.6562637686729431","0.6562637686729431","0.6562637686729431"
"183223","0.7579659819602966","0.7579659819602966","0.7579659819602966"
"183229","0.6488052010536194","0.6488052010536194","0.6488052010536194"
"183245","0.7282425165176392","0.7282425165176392","0.7282425165176392"
"183248","0.5314431190490723","0.5314431190490723","0.5314431190490723"
"183255","0.6343973278999329","0.6343973278999329","0.6343973278999329"
"183299","0.8564490079879761","0.8564490079879761","0.8564490079879761"
"183336","0.541577935218811","0.541577935218811","0.541577935218811"
"183343","0.5864571332931519","0.5864571332931519","0.5864571332931519"
"183360","0.4297042191028595","0.4297042191028595","0.4297042191028595"
"183398","0.8135688304901123","0.8135688304901123","0.8135688304901123"
"183420","0.5739216208457947","0.5739216208457947","0.5739216208457947"
"183448","0.7805097699165344","0.7805097699165344","0.7805097699165344"
"183475","1.0669074058532715","1.0669074058532715","1.0669074058532715"
"183476","0.6789853572845459","0.6789853572845459","0.6789853572845459"
"183513","0.904037594795227","0.904037594795227","0.904037594795227"
"183569","0.6309255957603455","0.6309255957603455","0.6309255957603455"
"183572","0.4095005989074707","0.4095005989074707","0.4095005989074707"
"183628","0.675535261631012","0.675535261631012","0.675535261631012"
"183657","0.955170750617981","0.955170750617981","0.955170750617981"
"183738","0.7633814811706543","0.7633814811706543","0.7633814811706543"
"183770","0.8384778499603271","0.8384778499603271","0.8384778499603271"
"183835","0.408783495426178","0.408783495426178","0.408783495426178"
"183836","0.8775311708450317","0.8775311708450317","0.8775311708450317"
"183840","0.7356056571006775","0.7356056571006775","0.7356056571006775"
"183844","0.7139774560928345","0.7139774560928345","0.7139774560928345"
"183875","0.7636072635650635","0.7636072635650635","0.7636072635650635"
"183921","0.5900169610977173","0.5900169610977173","0.5900169610977173"
"183955","1.0705442428588867","1.0705442428588867","1.0705442428588867"
"183965","0.7926378846168518","0.7926378846168518","0.7926378846168518"
"184010","0.518875241279602","0.518875241279602","0.518875241279602"
"184016","0.5300863981246948","0.5300863981246948","0.5300863981246948"
"184039","0.9525052309036255","0.9525052309036255","0.9525052309036255"
"184137","0.5695664286613464","0.5695664286613464","0.5695664286613464"
"184180","0.6079354286193848","0.6079354286193848","0.6079354286193848"
"184184","0.5800368785858154","0.5800368785858154","0.5800368785858154"
"184198","0.5301270484924316","0.5301270484924316","0.5301270484924316"
"184217","0.5507925748825073","0.5507925748825073","0.5507925748825073"
"184222","0.9563202857971191","0.9563202857971191","0.9563202857971191"
"184244","0.5785897970199585","0.5785897970199585","0.5785897970199585"
"184300","0.5883562564849854","0.5883562564849854","0.5883562564849854"
"184360","0.6859751343727112","0.6859751343727112","0.6859751343727112"
"184364","0.7645459175109863","0.7645459175109863","0.7645459175109863"
"184418","0.7410246729850769","0.7410246729850769","0.7410246729850769"
"184475","0.7207139134407043","0.7207139134407043","0.7207139134407043"
"184534","0.7095627784729004","0.7095627784729004","0.7095627784729004"
"184535","0.4937170445919037","0.4937170445919037","0.4937170445919037"
"184544","0.7468555569648743","0.7468555569648743","0.7468555569648743"
"184570","0.8319557309150696","0.8319557309150696","0.8319557309150696"
"184639","0.6228556632995605","0.6228556632995605","0.6228556632995605"
"184678","1.0631705522537231","1.0631705522537231","1.0631705522537231"
"184697","0.7650738954544067","0.7650738954544067","0.7650738954544067"
"184701","1.1389200687408447","1.1389200687408447","1.1389200687408447"
"184713","0.6959336400032043","0.6959336400032043","0.6959336400032043"
"184724","0.7603985071182251","0.7603985071182251","0.7603985071182251"
"184728","0.750939667224884","0.750939667224884","0.750939667224884"
"184743","0.7310947179794312","0.7310947179794312","0.7310947179794312"
"184758","0.8955729007720947","0.8955729007720947","0.8955729007720947"
"184813","0.701629638671875","0.701629638671875","0.701629638671875"
"184829","0.7157551050186157","0.7157551050186157","0.7157551050186157"
"184866","0.7715453505516052","0.7715453505516052","0.7715453505516052"
"184874","0.7969399690628052","0.7969399690628052","0.7969399690628052"
"184878","0.5335255861282349","0.5335255861282349","0.5335255861282349"
"184918","0.6981918811798096","0.6981918811798096","0.6981918811798096"
"184919","0.6556615829467773","0.6556615829467773","0.6556615829467773"
"184944","0.6690770387649536","0.6690770387649536","0.6690770387649536"
"185033","0.58524489402771","0.58524489402771","0.58524489402771"
"185049","0.4400455355644226","0.4400455355644226","0.4400455355644226"
"185056","0.4710172414779663","0.4710172414779663","0.4710172414779663"
"185061","0.7759888768196106","0.7759888768196106","0.7759888768196106"
"185075","0.39895424246788025","0.39895424246788025","0.39895424246788025"
"185087","0.7211549282073975","0.7211549282073975","0.7211549282073975"
"185148","0.585942268371582","0.585942268371582","0.585942268371582"
"185199","0.4713737666606903","0.4713737666606903","0.4713737666606903"
"185203","0.7616322636604309","0.7616322636604309","0.7616322636604309"
"185218","0.8394486904144287","0.8394486904144287","0.8394486904144287"
"185222","0.6214805841445923","0.6214805841445923","0.6214805841445923"
"185232","0.9091441631317139","0.9091441631317139","0.9091441631317139"
"185233","0.8003829717636108","0.8003829717636108","0.8003829717636108"
"185263","0.7025294303894043","0.7025294303894043","0.7025294303894043"
"185267","1.0182303190231323","1.0182303190231323","1.0182303190231323"
"185281","0.8694074153900146","0.8694074153900146","0.8694074153900146"
"185284","0.6876021027565002","0.6876021027565002","0.6876021027565002"
"185307","0.36650174856185913","0.36650174856185913","0.36650174856185913"
"185314","0.768247663974762","0.768247663974762","0.768247663974762"
"185323","0.7569124698638916","0.7569124698638916","0.7569124698638916"
"185349","0.5039625763893127","0.5039625763893127","0.5039625763893127"
"185412","0.6069900989532471","0.6069900989532471","0.6069900989532471"
"185431","1.128450870513916","1.128450870513916","1.128450870513916"
"185438","0.41977137327194214","0.41977137327194214","0.41977137327194214"
"185449","0.5513898730278015","0.5513898730278015","0.5513898730278015"
"185458","0.5431585311889648","0.5431585311889648","0.5431585311889648"
"185460","0.5837491750717163","0.5837491750717163","0.5837491750717163"
"185461","0.4593121409416199","0.4593121409416199","0.4593121409416199"
"185465","0.6500611305236816","0.6500611305236816","0.6500611305236816"
"185512","0.39366674423217773","0.39366674423217773","0.39366674423217773"
"185526","1.0149166584014893","1.0149166584014893","1.0149166584014893"
"185529","0.43559208512306213","0.43559208512306213","0.43559208512306213"
"185589","0.963560938835144","0.963560938835144","0.963560938835144"
"185595","0.6733455061912537","0.6733455061912537","0.6733455061912537"
"185625","0.9928874969482422","0.9928874969482422","0.9928874969482422"
"185730","1.0054302215576172","1.0054302215576172","1.0054302215576172"
"185760","0.834916889667511","0.834916889667511","0.834916889667511"
"185764","1.1169698238372803","1.1169698238372803","1.1169698238372803"
"185767","1.0619388818740845","1.0619388818740845","1.0619388818740845"
"185773","1.0171613693237305","1.0171613693237305","1.0171613693237305"
"185819","0.6398076415061951","0.6398076415061951","0.6398076415061951"
"185894","0.6380508542060852","0.6380508542060852","0.6380508542060852"
"185913","0.42282813787460327","0.42282813787460327","0.42282813787460327"
"185918","0.8732763528823853","0.8732763528823853","0.8732763528823853"
"185931","0.7286821007728577","0.7286821007728577","0.7286821007728577"
"185964","0.6812981367111206","0.6812981367111206","0.6812981367111206"
"185968","0.9611968398094177","0.9611968398094177","0.9611968398094177"
"186002","0.6002875566482544","0.6002875566482544","0.6002875566482544"
"186007","0.6931965351104736","0.6931965351104736","0.6931965351104736"
"186138","0.6212185621261597","0.6212185621261597","0.6212185621261597"
"186202","0.5110746622085571","0.5110746622085571","0.5110746622085571"
"186229","0.8503909111022949","0.8503909111022949","0.8503909111022949"
"186232","0.5158639550209045","0.5158639550209045","0.5158639550209045"
"186236","0.6114928722381592","0.6114928722381592","0.6114928722381592"
"186328","0.4916694164276123","0.4916694164276123","0.4916694164276123"
"186352","0.9467387199401855","0.9467387199401855","0.9467387199401855"
"186353","0.6154687404632568","0.6154687404632568","0.6154687404632568"
"186387","0.6227903962135315","0.6227903962135315","0.6227903962135315"
"186392","0.810886025428772","0.810886025428772","0.810886025428772"
"186440","0.5233445763587952","0.5233445763587952","0.5233445763587952"
"186459","0.4446221590042114","0.4446221590042114","0.4446221590042114"
"186496","0.7336009740829468","0.7336009740829468","0.7336009740829468"
"186506","0.9088492393493652","0.9088492393493652","0.9088492393493652"
"186517","0.4301791787147522","0.4301791787147522","0.4301791787147522"
"186548","0.6778544187545776","0.6778544187545776","0.6778544187545776"
"186584","0.7051785588264465","0.7051785588264465","0.7051785588264465"
"186598","0.7914743423461914","0.7914743423461914","0.7914743423461914"
"186633","0.9427684545516968","0.9427684545516968","0.9427684545516968"
"186655","0.7158987522125244","0.7158987522125244","0.7158987522125244"
"186676","0.6635618805885315","0.6635618805885315","0.6635618805885315"
"186677","0.7139009833335876","0.7139009833335876","0.7139009833335876"
"186699","0.6632251739501953","0.6632251739501953","0.6632251739501953"
"186718","0.7355856895446777","0.7355856895446777","0.7355856895446777"
"186733","1.067540168762207","1.067540168762207","1.067540168762207"
"186765","0.7605111598968506","0.7605111598968506","0.7605111598968506"
"186766","0.9590945243835449","0.9590945243835449","0.9590945243835449"
"186817","0.7243633270263672","0.7243633270263672","0.7243633270263672"
"186839","0.7070682048797607","0.7070682048797607","0.7070682048797607"
"186890","0.6997001767158508","0.6997001767158508","0.6997001767158508"
"186965","0.6039112210273743","0.6039112210273743","0.6039112210273743"
"186967","0.8032733201980591","0.8032733201980591","0.8032733201980591"
"186968","0.9548329710960388","0.9548329710960388","0.9548329710960388"
"186971","0.8498214483261108","0.8498214483261108","0.8498214483261108"
"186975","0.6390001773834229","0.6390001773834229","0.6390001773834229"
"186997","0.673616886138916","0.673616886138916","0.673616886138916"
"187012","0.748147189617157","0.748147189617157","0.748147189617157"
"187065","0.4916290044784546","0.4916290044784546","0.4916290044784546"
"187091","0.7925505042076111","0.7925505042076111","0.7925505042076111"
"187128","1.0032312870025635","1.0032312870025635","1.0032312870025635"
"187152","0.7096313834190369","0.7096313834190369","0.7096313834190369"
"187166","0.8245935440063477","0.8245935440063477","0.8245935440063477"
"187188","0.6502273678779602","0.6502273678779602","0.6502273678779602"
"187211","0.4963235855102539","0.4963235855102539","0.4963235855102539"
"187229","0.6969229578971863","0.6969229578971863","0.6969229578971863"
"187251","0.6561791896820068","0.6561791896820068","0.6561791896820068"
"187261","0.6955558061599731","0.6955558061599731","0.6955558061599731"
"187263","0.7156848311424255","0.7156848311424255","0.7156848311424255"
"187274","1.007096767425537","1.007096767425537","1.007096767425537"
"187285","0.4260904788970947","0.4260904788970947","0.4260904788970947"
"187317","0.9124142527580261","0.9124142527580261","0.9124142527580261"
"187335","0.9880238771438599","0.9880238771438599","0.9880238771438599"
"187346","0.8386597633361816","0.8386597633361816","0.8386597633361816"
"187394","0.7820333242416382","0.7820333242416382","0.7820333242416382"
"187420","0.7364141941070557","0.7364141941070557","0.7364141941070557"
"187473","0.5845050811767578","0.5845050811767578","0.5845050811767578"
"187495","0.5626950860023499","0.5626950860023499","0.5626950860023499"
"187507","0.8249036073684692","0.8249036073684692","0.8249036073684692"
"187513","0.8376666307449341","0.8376666307449341","0.8376666307449341"
"187531","0.6016804575920105","0.6016804575920105","0.6016804575920105"
"187544","0.6371042132377625","0.6371042132377625","0.6371042132377625"
"187552","0.7655743956565857","0.7655743956565857","0.7655743956565857"
"187553","0.5019252896308899","0.5019252896308899","0.5019252896308899"
"187555","0.6436729431152344","0.6436729431152344","0.6436729431152344"
"187588","0.5303698182106018","0.5303698182106018","0.5303698182106018"
"187619","0.9963957667350769","0.9963957667350769","0.9963957667350769"
"187624","0.8587790727615356","0.8587790727615356","0.8587790727615356"
"187649","0.8644968271255493","0.8644968271255493","0.8644968271255493"
"187652","0.8469886779785156","0.8469886779785156","0.8469886779785156"
"187697","0.5590574741363525","0.5590574741363525","0.5590574741363525"
"187716","0.954146146774292","0.954146146774292","0.954146146774292"
"187758","0.900240421295166","0.900240421295166","0.900240421295166"
"187765","0.7468999624252319","0.7468999624252319","0.7468999624252319"
"187779","0.8213816285133362","0.8213816285133362","0.8213816285133362"
"187810","0.7169852256774902","0.7169852256774902","0.7169852256774902"
"187814","0.7346140146255493","0.7346140146255493","0.7346140146255493"
"187845","0.7347657084465027","0.7347657084465027","0.7347657084465027"
"187861","0.6160749197006226","0.6160749197006226","0.6160749197006226"
"187904","0.848030149936676","0.848030149936676","0.848030149936676"
"187977","0.8553212881088257","0.8553212881088257","0.8553212881088257"
"187979","0.8832107782363892","0.8832107782363892","0.8832107782363892"
"188004","0.7640184164047241","0.7640184164047241","0.7640184164047241"
"188013","0.5565851330757141","0.5565851330757141","0.5565851330757141"
"188017","0.4960397481918335","0.4960397481918335","0.4960397481918335"
"188033","0.5257433652877808","0.5257433652877808","0.5257433652877808"
"188047","0.950020432472229","0.950020432472229","0.950020432472229"
"188052","0.5983832478523254","0.5983832478523254","0.5983832478523254"
"188070","0.8179143071174622","0.8179143071174622","0.8179143071174622"
"188090","0.9532651901245117","0.9532651901245117","0.9532651901245117"
"188093","0.5772280693054199","0.5772280693054199","0.5772280693054199"
"188129","0.6124800443649292","0.6124800443649292","0.6124800443649292"
"188133","0.7436327934265137","0.7436327934265137","0.7436327934265137"
"188164","0.8958497643470764","0.8958497643470764","0.8958497643470764"
"188185","0.6344199776649475","0.6344199776649475","0.6344199776649475"
"188223","0.8572074770927429","0.8572074770927429","0.8572074770927429"
"188248","0.8664207458496094","0.8664207458496094","0.8664207458496094"
"188265","0.9828949570655823","0.9828949570655823","0.9828949570655823"
"188293","0.6732934713363647","0.6732934713363647","0.6732934713363647"
"188301","0.7877094745635986","0.7877094745635986","0.7877094745635986"
"188337","0.8691031336784363","0.8691031336784363","0.8691031336784363"
"188340","0.6714471578598022","0.6714471578598022","0.6714471578598022"
"188379","0.6659060120582581","0.6659060120582581","0.6659060120582581"
"188396","0.8789368271827698","0.8789368271827698","0.8789368271827698"
"188420","0.8160136342048645","0.8160136342048645","0.8160136342048645"
"188423","0.7512422800064087","0.7512422800064087","0.7512422800064087"
"188475","0.9423052668571472","0.9423052668571472","0.9423052668571472"
"188486","0.5537693500518799","0.5537693500518799","0.5537693500518799"
"188517","0.47255468368530273","0.47255468368530273","0.47255468368530273"
"188524","0.5596338510513306","0.5596338510513306","0.5596338510513306"
"188535","0.6420671939849854","0.6420671939849854","0.6420671939849854"
"188551","0.6859337687492371","0.6859337687492371","0.6859337687492371"
"188553","0.7203546762466431","0.7203546762466431","0.7203546762466431"
"188559","0.7603787183761597","0.7603787183761597","0.7603787183761597"
"188635","0.494098424911499","0.494098424911499","0.494098424911499"
"188690","0.5474473834037781","0.5474473834037781","0.5474473834037781"
"188702","0.8899141550064087","0.8899141550064087","0.8899141550064087"
"188713","0.6711063981056213","0.6711063981056213","0.6711063981056213"
"188736","0.6817403435707092","0.6817403435707092","0.6817403435707092"
"188742","0.6025703549385071","0.6025703549385071","0.6025703549385071"
"188806","0.5092911720275879","0.5092911720275879","0.5092911720275879"
"188824","0.9708941578865051","0.9708941578865051","0.9708941578865051"
"188844","0.6081539988517761","0.6081539988517761","0.6081539988517761"
"188852","0.45878326892852783","0.45878326892852783","0.45878326892852783"
"188853","0.6684547662734985","0.6684547662734985","0.6684547662734985"
"188895","0.6367435455322266","0.6367435455322266","0.6367435455322266"
"188898","0.8442354798316956","0.8442354798316956","0.8442354798316956"
"188908","0.6026473045349121","0.6026473045349121","0.6026473045349121"
"188920","0.4257579445838928","0.4257579445838928","0.4257579445838928"
"188947","1.0302225351333618","1.0302225351333618","1.0302225351333618"
"188966","0.97819983959198","0.97819983959198","0.97819983959198"
"189043","0.563350260257721","0.563350260257721","0.563350260257721"
"189069","0.7224588990211487","0.7224588990211487","0.7224588990211487"
"189085","0.4799187183380127","0.4799187183380127","0.4799187183380127"
"189091","0.3871559202671051","0.3871559202671051","0.3871559202671051"
"189105","0.7894186973571777","0.7894186973571777","0.7894186973571777"
"189160","0.6901522278785706","0.6901522278785706","0.6901522278785706"
"189173","0.4727102518081665","0.4727102518081665","0.4727102518081665"
"189237","0.6313503384590149","0.6313503384590149","0.6313503384590149"
"189242","0.7635816335678101","0.7635816335678101","0.7635816335678101"
"189280","0.7559214234352112","0.7559214234352112","0.7559214234352112"
"189305","0.7722581624984741","0.7722581624984741","0.7722581624984741"
"189332","0.5317914485931396","0.5317914485931396","0.5317914485931396"
"189360","0.49408429861068726","0.49408429861068726","0.49408429861068726"
"189390","0.662155270576477","0.662155270576477","0.662155270576477"
"189397","0.7094506025314331","0.7094506025314331","0.7094506025314331"
"189398","0.8072410821914673","0.8072410821914673","0.8072410821914673"
"189400","0.7304099202156067","0.7304099202156067","0.7304099202156067"
"189435","0.636481523513794","0.636481523513794","0.636481523513794"
"189513","0.6258670091629028","0.6258670091629028","0.6258670091629028"
"189556","0.8607616424560547","0.8607616424560547","0.8607616424560547"
"189566","0.6728947162628174","0.6728947162628174","0.6728947162628174"
"189607","0.634942352771759","0.634942352771759","0.634942352771759"
"189625","0.6095077395439148","0.6095077395439148","0.6095077395439148"
"189673","0.5862249135971069","0.5862249135971069","0.5862249135971069"
"189694","0.6210237145423889","0.6210237145423889","0.6210237145423889"
"189723","0.5529142618179321","0.5529142618179321","0.5529142618179321"
"189742","0.7440519332885742","0.7440519332885742","0.7440519332885742"
"189757","0.45021167397499084","0.45021167397499084","0.45021167397499084"
"189782","0.7120018601417542","0.7120018601417542","0.7120018601417542"
"189785","0.5682013034820557","0.5682013034820557","0.5682013034820557"
"189840","0.5380945205688477","0.5380945205688477","0.5380945205688477"
"189850","0.9209728240966797","0.9209728240966797","0.9209728240966797"
"189905","0.5533198118209839","0.5533198118209839","0.5533198118209839"
"189922","0.9449424147605896","0.9449424147605896","0.9449424147605896"
"189927","0.8926348686218262","0.8926348686218262","0.8926348686218262"
"189945","0.806380569934845","0.806380569934845","0.806380569934845"
"189974","0.8086451292037964","0.8086451292037964","0.8086451292037964"
"189982","0.7065814137458801","0.7065814137458801","0.7065814137458801"
"189985","0.5138677954673767","0.5138677954673767","0.5138677954673767"
"190017","1.2316789627075195","1.2316789627075195","1.2316789627075195"
"190035","0.8072478175163269","0.8072478175163269","0.8072478175163269"
"190140","0.570871889591217","0.570871889591217","0.570871889591217"
"190147","0.7380616664886475","0.7380616664886475","0.7380616664886475"
"190162","0.3976702094078064","0.3976702094078064","0.3976702094078064"
"190169","0.4750989079475403","0.4750989079475403","0.4750989079475403"
"190170","0.5837262868881226","0.5837262868881226","0.5837262868881226"
"190228","0.7124550342559814","0.7124550342559814","0.7124550342559814"
"190262","0.5538834929466248","0.5538834929466248","0.5538834929466248"
"190287","0.6622583866119385","0.6622583866119385","0.6622583866119385"
"190408","0.9811592102050781","0.9811592102050781","0.9811592102050781"
"190420","0.7415228486061096","0.7415228486061096","0.7415228486061096"
"190429","0.9437084197998047","0.9437084197998047","0.9437084197998047"
"190433","0.8517853021621704","0.8517853021621704","0.8517853021621704"
"190468","0.6648714542388916","0.6648714542388916","0.6648714542388916"
"190481","0.761604905128479","0.761604905128479","0.761604905128479"
"190490","0.6025816202163696","0.6025816202163696","0.6025816202163696"
"190520","0.669520914554596","0.669520914554596","0.669520914554596"
"190530","0.5717347264289856","0.5717347264289856","0.5717347264289856"
"190601","0.5113056302070618","0.5113056302070618","0.5113056302070618"
"190630","0.7271356582641602","0.7271356582641602","0.7271356582641602"
"190635","0.6469129323959351","0.6469129323959351","0.6469129323959351"
"190675","0.7061275839805603","0.7061275839805603","0.7061275839805603"
"190693","0.9206711053848267","0.9206711053848267","0.9206711053848267"
"190697","0.5863865613937378","0.5863865613937378","0.5863865613937378"
"190730","0.6558231115341187","0.6558231115341187","0.6558231115341187"
"190737","0.45961514115333557","0.45961514115333557","0.45961514115333557"
"190802","0.7958787679672241","0.7958787679672241","0.7958787679672241"
"190818","0.4771202802658081","0.4771202802658081","0.4771202802658081"
"190820","1.0748815536499023","1.0748815536499023","1.0748815536499023"
"190824","1.1923106908798218","1.1923106908798218","1.1923106908798218"
"190838","0.6938698291778564","0.6938698291778564","0.6938698291778564"
"190872","0.7810139656066895","0.7810139656066895","0.7810139656066895"
"190932","0.7636399269104004","0.7636399269104004","0.7636399269104004"
"190954","0.5443128943443298","0.5443128943443298","0.5443128943443298"
"190984","0.5252627730369568","0.5252627730369568","0.5252627730369568"
"190995","0.9346711039543152","0.9346711039543152","0.9346711039543152"
"191145","0.8265594244003296","0.8265594244003296","0.8265594244003296"
"191147","0.9805355668067932","0.9805355668067932","0.9805355668067932"
"191185","0.5594217777252197","0.5594217777252197","0.5594217777252197"
"191209","0.45687365531921387","0.45687365531921387","0.45687365531921387"
"191229","0.8449637293815613","0.8449637293815613","0.8449637293815613"
"191262","0.4102942943572998","0.4102942943572998","0.4102942943572998"
"191280","1.328249216079712","1.328249216079712","1.328249216079712"
"191303","0.995107889175415","0.995107889175415","0.995107889175415"
"191348","0.5603817105293274","0.5603817105293274","0.5603817105293274"
"191384","0.8189738392829895","0.8189738392829895","0.8189738392829895"
"191428","0.6051190495491028","0.6051190495491028","0.6051190495491028"
"191437","0.6379438042640686","0.6379438042640686","0.6379438042640686"
"191482","0.8571027517318726","0.8571027517318726","0.8571027517318726"
"191499","0.4740363359451294","0.4740363359451294","0.4740363359451294"
"191518","0.5169260501861572","0.5169260501861572","0.5169260501861572"
"191532","0.8042082190513611","0.8042082190513611","0.8042082190513611"
"191564","0.636476993560791","0.636476993560791","0.636476993560791"
"191612","0.6072822213172913","0.6072822213172913","0.6072822213172913"
"191633","0.4739241302013397","0.4739241302013397","0.4739241302013397"
"191652","0.834032416343689","0.834032416343689","0.834032416343689"
"191705","0.9085437059402466","0.9085437059402466","0.9085437059402466"
"191707","0.7679081559181213","0.7679081559181213","0.7679081559181213"
"191761","1.0310089588165283","1.0310089588165283","1.0310089588165283"
"191763","0.9693869352340698","0.9693869352340698","0.9693869352340698"
"191776","0.8636864423751831","0.8636864423751831","0.8636864423751831"
"191783","0.8415037393569946","0.8415037393569946","0.8415037393569946"
"191794","0.688535213470459","0.688535213470459","0.688535213470459"
"191795","0.4987615942955017","0.4987615942955017","0.4987615942955017"
"191844","0.7809529304504395","0.7809529304504395","0.7809529304504395"
"191879","1.099502444267273","1.099502444267273","1.099502444267273"
"191904","0.3552420437335968","0.3552420437335968","0.3552420437335968"
"191909","0.7063080072402954","0.7063080072402954","0.7063080072402954"
"191917","0.48191311955451965","0.48191311955451965","0.48191311955451965"
"191989","0.5939685702323914","0.5939685702323914","0.5939685702323914"
"192001","0.6834033727645874","0.6834033727645874","0.6834033727645874"
"192005","0.9395426511764526","0.9395426511764526","0.9395426511764526"
"192026","0.9711039662361145","0.9711039662361145","0.9711039662361145"
"192035","0.5073832273483276","0.5073832273483276","0.5073832273483276"
"192036","0.8161122798919678","0.8161122798919678","0.8161122798919678"
"192062","0.7074949145317078","0.7074949145317078","0.7074949145317078"
"192071","0.7163591980934143","0.7163591980934143","0.7163591980934143"
"192074","0.60316002368927","0.60316002368927","0.60316002368927"
"192094","0.7502713203430176","0.7502713203430176","0.7502713203430176"
"192112","0.8968878984451294","0.8968878984451294","0.8968878984451294"
"192115","0.3795545697212219","0.3795545697212219","0.3795545697212219"
"192127","1.034682273864746","1.034682273864746","1.034682273864746"
"192144","0.8717791438102722","0.8717791438102722","0.8717791438102722"
"192213","0.5666648149490356","0.5666648149490356","0.5666648149490356"
"192222","1.0613751411437988","1.0613751411437988","1.0613751411437988"
"192226","1.032228708267212","1.032228708267212","1.032228708267212"
"192228","0.6152714490890503","0.6152714490890503","0.6152714490890503"
"192247","0.6194188594818115","0.6194188594818115","0.6194188594818115"
"192281","0.8220994472503662","0.8220994472503662","0.8220994472503662"
"192320","0.7011511325836182","0.7011511325836182","0.7011511325836182"
"192342","0.5857521891593933","0.5857521891593933","0.5857521891593933"
"192355","0.5976036190986633","0.5976036190986633","0.5976036190986633"
"192422","0.5011579394340515","0.5011579394340515","0.5011579394340515"
"192432","0.6253308653831482","0.6253308653831482","0.6253308653831482"
"192452","1.1369396448135376","1.1369396448135376","1.1369396448135376"
"192457","1.2123013734817505","1.2123013734817505","1.2123013734817505"
"192468","0.7039167284965515","0.7039167284965515","0.7039167284965515"
"192486","1.050783634185791","1.050783634185791","1.050783634185791"
"192493","0.8042850494384766","0.8042850494384766","0.8042850494384766"
"192513","0.5634405612945557","0.5634405612945557","0.5634405612945557"
"192609","0.763153076171875","0.763153076171875","0.763153076171875"
"192632","0.6169564127922058","0.6169564127922058","0.6169564127922058"
"192682","1.0728716850280762","1.0728716850280762","1.0728716850280762"
"192741","0.9051195979118347","0.9051195979118347","0.9051195979118347"
"192753","0.5870461463928223","0.5870461463928223","0.5870461463928223"
"192759","0.7900710105895996","0.7900710105895996","0.7900710105895996"
"192766","0.6589081287384033","0.6589081287384033","0.6589081287384033"
"192785","0.7384092807769775","0.7384092807769775","0.7384092807769775"
"192805","0.6273291707038879","0.6273291707038879","0.6273291707038879"
"192830","0.7733135223388672","0.7733135223388672","0.7733135223388672"
"192854","0.6659030914306641","0.6659030914306641","0.6659030914306641"
"192858","0.700238823890686","0.700238823890686","0.700238823890686"
"192876","0.8047462105751038","0.8047462105751038","0.8047462105751038"
"192882","0.5160241723060608","0.5160241723060608","0.5160241723060608"
"192935","0.6914374828338623","0.6914374828338623","0.6914374828338623"
"192941","0.5024586915969849","0.5024586915969849","0.5024586915969849"
"192956","0.8582783937454224","0.8582783937454224","0.8582783937454224"
"192973","0.8888145685195923","0.8888145685195923","0.8888145685195923"
"193040","0.9216130971908569","0.9216130971908569","0.9216130971908569"
"193062","0.7698977589607239","0.7698977589607239","0.7698977589607239"
"193078","0.7987039089202881","0.7987039089202881","0.7987039089202881"
"193121","0.7541272640228271","0.7541272640228271","0.7541272640228271"
"193124","0.711543083190918","0.711543083190918","0.711543083190918"
"193177","0.6591775417327881","0.6591775417327881","0.6591775417327881"
"193265","0.8989006280899048","0.8989006280899048","0.8989006280899048"
"193310","0.5841127634048462","0.5841127634048462","0.5841127634048462"
"193388","0.39196571707725525","0.39196571707725525","0.39196571707725525"
"193393","0.6300034523010254","0.6300034523010254","0.6300034523010254"
"193431","0.5573481321334839","0.5573481321334839","0.5573481321334839"
"193435","0.656669557094574","0.656669557094574","0.656669557094574"
"193445","0.6740572452545166","0.6740572452545166","0.6740572452545166"
"193467","1.1598801612854004","1.1598801612854004","1.1598801612854004"
"193523","0.6745564937591553","0.6745564937591553","0.6745564937591553"
"193548","0.7370779514312744","0.7370779514312744","0.7370779514312744"
"193596","1.0561546087265015","1.0561546087265015","1.0561546087265015"
"193623","0.8371237516403198","0.8371237516403198","0.8371237516403198"
"193637","1.1181368827819824","1.1181368827819824","1.1181368827819824"
"193665","0.5999232530593872","0.5999232530593872","0.5999232530593872"
"193685","0.6538982391357422","0.6538982391357422","0.6538982391357422"
"193692","0.8314027786254883","0.8314027786254883","0.8314027786254883"
"193697","0.8512389063835144","0.8512389063835144","0.8512389063835144"
"193724","0.7671912908554077","0.7671912908554077","0.7671912908554077"
"193729","0.49348315596580505","0.49348315596580505","0.49348315596580505"
"193743","0.6021583080291748","0.6021583080291748","0.6021583080291748"
"193768","0.7573390007019043","0.7573390007019043","0.7573390007019043"
"193793","1.056745171546936","1.056745171546936","1.056745171546936"
"193822","0.6402958035469055","0.6402958035469055","0.6402958035469055"
"193836","0.7514294981956482","0.7514294981956482","0.7514294981956482"
"193861","0.7584112882614136","0.7584112882614136","0.7584112882614136"
"193867","0.6974822282791138","0.6974822282791138","0.6974822282791138"
"193868","0.9048686623573303","0.9048686623573303","0.9048686623573303"
"193891","0.6893461346626282","0.6893461346626282","0.6893461346626282"
"193953","0.9208981990814209","0.9208981990814209","0.9208981990814209"
"194011","0.6092320084571838","0.6092320084571838","0.6092320084571838"
"194024","0.7725080251693726","0.7725080251693726","0.7725080251693726"
"194032","0.9719365239143372","0.9719365239143372","0.9719365239143372"
"194068","0.7082431316375732","0.7082431316375732","0.7082431316375732"
"194094","0.7317692041397095","0.7317692041397095","0.7317692041397095"
"194130","0.6921833753585815","0.6921833753585815","0.6921833753585815"
"194161","0.6912309527397156","0.6912309527397156","0.6912309527397156"
"194272","0.649316668510437","0.649316668510437","0.649316668510437"
"194295","0.5592203140258789","0.5592203140258789","0.5592203140258789"
"194301","1.141845941543579","1.141845941543579","1.141845941543579"
"194303","0.5566350221633911","0.5566350221633911","0.5566350221633911"
"194310","0.6028176546096802","0.6028176546096802","0.6028176546096802"
"194321","0.8870314359664917","0.8870314359664917","0.8870314359664917"
"194344","0.6983294486999512","0.6983294486999512","0.6983294486999512"
"194353","0.8506768345832825","0.8506768345832825","0.8506768345832825"
"194357","0.7237968444824219","0.7237968444824219","0.7237968444824219"
"194403","0.9132117033004761","0.9132117033004761","0.9132117033004761"
"194422","1.1504862308502197","1.1504862308502197","1.1504862308502197"
"194465","0.7984846234321594","0.7984846234321594","0.7984846234321594"
"194481","0.7543872594833374","0.7543872594833374","0.7543872594833374"
"194504","0.8714537620544434","0.8714537620544434","0.8714537620544434"
"194531","0.45669907331466675","0.45669907331466675","0.45669907331466675"
"194547","0.6315957307815552","0.6315957307815552","0.6315957307815552"
"194560","0.660306453704834","0.660306453704834","0.660306453704834"
"194591","0.7784035801887512","0.7784035801887512","0.7784035801887512"
"194599","0.3447875678539276","0.3447875678539276","0.3447875678539276"
"194632","0.6579367518424988","0.6579367518424988","0.6579367518424988"
"194652","0.5507051944732666","0.5507051944732666","0.5507051944732666"
"194660","0.7159363627433777","0.7159363627433777","0.7159363627433777"
"194669","0.9982204437255859","0.9982204437255859","0.9982204437255859"
"194692","0.6025878190994263","0.6025878190994263","0.6025878190994263"
"194750","0.7117146849632263","0.7117146849632263","0.7117146849632263"
"194779","0.807032585144043","0.807032585144043","0.807032585144043"
"194791","0.70733642578125","0.70733642578125","0.70733642578125"
"194797","0.8355860114097595","0.8355860114097595","0.8355860114097595"
"194800","0.5377947688102722","0.5377947688102722","0.5377947688102722"
"194805","0.6378161311149597","0.6378161311149597","0.6378161311149597"
"194821","0.7958042621612549","0.7958042621612549","0.7958042621612549"
"194872","0.7884825468063354","0.7884825468063354","0.7884825468063354"
"194945","0.4688842296600342","0.4688842296600342","0.4688842296600342"
"194962","0.7803195714950562","0.7803195714950562","0.7803195714950562"
"194967","0.5257340669631958","0.5257340669631958","0.5257340669631958"
"194982","0.8557443022727966","0.8557443022727966","0.8557443022727966"
"194997","0.6099532842636108","0.6099532842636108","0.6099532842636108"
"194998","0.9250088930130005","0.9250088930130005","0.9250088930130005"
"195001","0.6099220514297485","0.6099220514297485","0.6099220514297485"
"195035","0.7128424048423767","0.7128424048423767","0.7128424048423767"
"195073","0.9840818643569946","0.9840818643569946","0.9840818643569946"
"195080","0.4741936922073364","0.4741936922073364","0.4741936922073364"
"195085","0.6594697833061218","0.6594697833061218","0.6594697833061218"
"195094","0.8574420213699341","0.8574420213699341","0.8574420213699341"
"195184","0.7750509977340698","0.7750509977340698","0.7750509977340698"
"195186","0.6934888958930969","0.6934888958930969","0.6934888958930969"
"195220","1.1057394742965698","1.1057394742965698","1.1057394742965698"
"195238","0.8966642618179321","0.8966642618179321","0.8966642618179321"
"195334","0.8166608810424805","0.8166608810424805","0.8166608810424805"
"195346","0.9698495864868164","0.9698495864868164","0.9698495864868164"
"195359","0.535386860370636","0.535386860370636","0.535386860370636"
"195412","0.4918578565120697","0.4918578565120697","0.4918578565120697"
"195452","0.5117092132568359","0.5117092132568359","0.5117092132568359"
"195453","0.8861241936683655","0.8861241936683655","0.8861241936683655"
"195473","1.0370752811431885","1.0370752811431885","1.0370752811431885"
"195490","0.5685379505157471","0.5685379505157471","0.5685379505157471"
"195504","0.6124624609947205","0.6124624609947205","0.6124624609947205"
"195538","0.4683237075805664","0.4683237075805664","0.4683237075805664"
"195624","0.9918926358222961","0.9918926358222961","0.9918926358222961"
"195627","0.8630951642990112","0.8630951642990112","0.8630951642990112"
"195686","0.3273659944534302","0.3273659944534302","0.3273659944534302"
"195692","0.6425636410713196","0.6425636410713196","0.6425636410713196"
"195695","0.6609729528427124","0.6609729528427124","0.6609729528427124"
"195715","0.6251083016395569","0.6251083016395569","0.6251083016395569"
"195724","0.6627066135406494","0.6627066135406494","0.6627066135406494"
"195755","0.6753374338150024","0.6753374338150024","0.6753374338150024"
"195758","0.8627101182937622","0.8627101182937622","0.8627101182937622"
"195760","0.6574629545211792","0.6574629545211792","0.6574629545211792"
"195761","0.8831902742385864","0.8831902742385864","0.8831902742385864"
"195789","0.8532707691192627","0.8532707691192627","0.8532707691192627"
"195802","0.9163445234298706","0.9163445234298706","0.9163445234298706"
"195833","1.0511583089828491","1.0511583089828491","1.0511583089828491"
"195877","0.8022155165672302","0.8022155165672302","0.8022155165672302"
"195887","0.5551954507827759","0.5551954507827759","0.5551954507827759"
"195908","0.8866717219352722","0.8866717219352722","0.8866717219352722"
"195934","0.5392008423805237","0.5392008423805237","0.5392008423805237"
"195955","0.5952463150024414","0.5952463150024414","0.5952463150024414"
"195957","0.7803261280059814","0.7803261280059814","0.7803261280059814"
"195975","1.028794527053833","1.028794527053833","1.028794527053833"
"196006","0.6014808416366577","0.6014808416366577","0.6014808416366577"
"196039","0.7875072956085205","0.7875072956085205","0.7875072956085205"
"196079","0.48930683732032776","0.48930683732032776","0.48930683732032776"
"196109","0.530130922794342","0.530130922794342","0.530130922794342"
"196125","0.6385456323623657","0.6385456323623657","0.6385456323623657"
"196126","0.8283421993255615","0.8283421993255615","0.8283421993255615"
"196187","0.4045236110687256","0.4045236110687256","0.4045236110687256"
"196194","0.6511306166648865","0.6511306166648865","0.6511306166648865"
"196216","0.7427763938903809","0.7427763938903809","0.7427763938903809"
"196248","0.8409727215766907","0.8409727215766907","0.8409727215766907"
"196296","0.7190994024276733","0.7190994024276733","0.7190994024276733"
"196330","0.5271867513656616","0.5271867513656616","0.5271867513656616"
"196401","0.7852133512496948","0.7852133512496948","0.7852133512496948"
"196423","0.6418154239654541","0.6418154239654541","0.6418154239654541"
"196435","0.5277560949325562","0.5277560949325562","0.5277560949325562"
"196471","0.8238611817359924","0.8238611817359924","0.8238611817359924"
"196517","0.6600159406661987","0.6600159406661987","0.6600159406661987"
"196537","0.5478359460830688","0.5478359460830688","0.5478359460830688"
"196544","0.7561168670654297","0.7561168670654297","0.7561168670654297"
"196547","0.8065254092216492","0.8065254092216492","0.8065254092216492"
"196600","0.7029807567596436","0.7029807567596436","0.7029807567596436"
"196655","0.54323410987854","0.54323410987854","0.54323410987854"
"196666","0.5070207118988037","0.5070207118988037","0.5070207118988037"
"196678","0.8624022006988525","0.8624022006988525","0.8624022006988525"
"196679","0.872728705406189","0.872728705406189","0.872728705406189"
"196699","0.791255533695221","0.791255533695221","0.791255533695221"
"196713","0.8334046006202698","0.8334046006202698","0.8334046006202698"
"196714","0.7880461812019348","0.7880461812019348","0.7880461812019348"
"196733","0.6731686592102051","0.6731686592102051","0.6731686592102051"
"196769","0.40256330370903015","0.40256330370903015","0.40256330370903015"
"196788","0.5298448204994202","0.5298448204994202","0.5298448204994202"
"196791","0.5396113991737366","0.5396113991737366","0.5396113991737366"
"196849","0.6705527901649475","0.6705527901649475","0.6705527901649475"
"196850","0.6209878921508789","0.6209878921508789","0.6209878921508789"
"196861","0.9474657773971558","0.9474657773971558","0.9474657773971558"
"196878","0.9424327611923218","0.9424327611923218","0.9424327611923218"
"196931","0.9501859545707703","0.9501859545707703","0.9501859545707703"
"196937","0.9142504930496216","0.9142504930496216","0.9142504930496216"
"196940","0.4480988383293152","0.4480988383293152","0.4480988383293152"
"196946","0.8160738945007324","0.8160738945007324","0.8160738945007324"
"196951","0.9878072142601013","0.9878072142601013","0.9878072142601013"
"197066","0.5994333028793335","0.5994333028793335","0.5994333028793335"
"197074","0.8093377947807312","0.8093377947807312","0.8093377947807312"
"197111","0.588537335395813","0.588537335395813","0.588537335395813"
"197112","0.7149657607078552","0.7149657607078552","0.7149657607078552"
"197139","0.5952256917953491","0.5952256917953491","0.5952256917953491"
"197192","0.8068295121192932","0.8068295121192932","0.8068295121192932"
"197251","0.9147558808326721","0.9147558808326721","0.9147558808326721"
"197292","0.8698797225952148","0.8698797225952148","0.8698797225952148"
"197307","0.8820059895515442","0.8820059895515442","0.8820059895515442"
"197309","0.7683888077735901","0.7683888077735901","0.7683888077735901"
"197356","0.6418308615684509","0.6418308615684509","0.6418308615684509"
"197375","0.6184731125831604","0.6184731125831604","0.6184731125831604"
"197387","0.8163976669311523","0.8163976669311523","0.8163976669311523"
"197418","0.7281069755554199","0.7281069755554199","0.7281069755554199"
"197473","0.6672840714454651","0.6672840714454651","0.6672840714454651"
"197504","0.564967155456543","0.564967155456543","0.564967155456543"
"197508","0.5196044445037842","0.5196044445037842","0.5196044445037842"
"197511","0.8146932721138","0.8146932721138","0.8146932721138"
"197569","0.640828549861908","0.640828549861908","0.640828549861908"
"197580","0.700973391532898","0.700973391532898","0.700973391532898"
"197599","0.7935752868652344","0.7935752868652344","0.7935752868652344"
"197623","0.5913829803466797","0.5913829803466797","0.5913829803466797"
"197694","0.9618242383003235","0.9618242383003235","0.9618242383003235"
"197712","0.5815345644950867","0.5815345644950867","0.5815345644950867"
"197719","0.7984108924865723","0.7984108924865723","0.7984108924865723"
"197730","0.7087736129760742","0.7087736129760742","0.7087736129760742"
"197811","0.7467527389526367","0.7467527389526367","0.7467527389526367"
"197860","0.6452656984329224","0.6452656984329224","0.6452656984329224"
"197890","0.715887725353241","0.715887725353241","0.715887725353241"
"197898","0.967162549495697","0.967162549495697","0.967162549495697"
"197921","0.4792381525039673","0.4792381525039673","0.4792381525039673"
"197945","0.43111658096313477","0.43111658096313477","0.43111658096313477"
"197967","0.6420819759368896","0.6420819759368896","0.6420819759368896"
"197987","0.8982725143432617","0.8982725143432617","0.8982725143432617"
"198014","0.490133136510849","0.490133136510849","0.490133136510849"
"198016","0.8167913556098938","0.8167913556098938","0.8167913556098938"
"198063","0.6985478401184082","0.6985478401184082","0.6985478401184082"
"198092","0.7090681195259094","0.7090681195259094","0.7090681195259094"
"198112","0.77274489402771","0.77274489402771","0.77274489402771"
"198181","0.7173023223876953","0.7173023223876953","0.7173023223876953"
"198182","0.6612738370895386","0.6612738370895386","0.6612738370895386"
"198202","0.7171318531036377","0.7171318531036377","0.7171318531036377"
"198204","0.656584620475769","0.656584620475769","0.656584620475769"
"198206","0.7672411799430847","0.7672411799430847","0.7672411799430847"
"198211","0.7919028401374817","0.7919028401374817","0.7919028401374817"
"198255","0.8309691548347473","0.8309691548347473","0.8309691548347473"
"198272","0.8765347599983215","0.8765347599983215","0.8765347599983215"
"198277","0.750717282295227","0.750717282295227","0.750717282295227"
"198299","1.0497121810913086","1.0497121810913086","1.0497121810913086"
"198310","0.8615381717681885","0.8615381717681885","0.8615381717681885"
"198351","0.786005973815918","0.786005973815918","0.786005973815918"
"198356","0.6097496151924133","0.6097496151924133","0.6097496151924133"
"198357","1.1397205591201782","1.1397205591201782","1.1397205591201782"
"198378","0.6730170249938965","0.6730170249938965","0.6730170249938965"
"198390","0.649214506149292","0.649214506149292","0.649214506149292"
"198395","0.9435446858406067","0.9435446858406067","0.9435446858406067"
"198398","0.7902753353118896","0.7902753353118896","0.7902753353118896"
"198433","0.5335791110992432","0.5335791110992432","0.5335791110992432"
"198470","0.5501059293746948","0.5501059293746948","0.5501059293746948"
"198490","0.796875","0.796875","0.796875"
"198505","0.6850228905677795","0.6850228905677795","0.6850228905677795"
"198526","0.7930219769477844","0.7930219769477844","0.7930219769477844"
"198536","0.6350950002670288","0.6350950002670288","0.6350950002670288"
"198563","0.5889147520065308","0.5889147520065308","0.5889147520065308"
"198575","0.8309066295623779","0.8309066295623779","0.8309066295623779"
"198600","0.7422085404396057","0.7422085404396057","0.7422085404396057"
"198614","0.8210728764533997","0.8210728764533997","0.8210728764533997"
"198626","0.6137109398841858","0.6137109398841858","0.6137109398841858"
"198645","0.650466799736023","0.650466799736023","0.650466799736023"
"198683","0.6915886402130127","0.6915886402130127","0.6915886402130127"
"198744","0.8734898567199707","0.8734898567199707","0.8734898567199707"
"198755","0.8154959678649902","0.8154959678649902","0.8154959678649902"
"198758","0.5465293526649475","0.5465293526649475","0.5465293526649475"
"198811","0.8010854721069336","0.8010854721069336","0.8010854721069336"
"198825","0.49933573603630066","0.49933573603630066","0.49933573603630066"
"198827","0.751891016960144","0.751891016960144","0.751891016960144"
"198855","0.6155259609222412","0.6155259609222412","0.6155259609222412"
"198892","0.7784278392791748","0.7784278392791748","0.7784278392791748"
"198955","0.5543208122253418","0.5543208122253418","0.5543208122253418"
"198968","0.5674346089363098","0.5674346089363098","0.5674346089363098"
"199063","0.5515421628952026","0.5515421628952026","0.5515421628952026"
"199078","0.873630940914154","0.873630940914154","0.873630940914154"
"199111","0.8933273553848267","0.8933273553848267","0.8933273553848267"
"199145","0.8975569605827332","0.8975569605827332","0.8975569605827332"
"199235","0.8269734382629395","0.8269734382629395","0.8269734382629395"
"199237","1.0049773454666138","1.0049773454666138","1.0049773454666138"
"199258","0.8380588889122009","0.8380588889122009","0.8380588889122009"
"199269","0.893860936164856","0.893860936164856","0.893860936164856"
"199327","0.6523114442825317","0.6523114442825317","0.6523114442825317"
"199369","0.6660821437835693","0.6660821437835693","0.6660821437835693"
"199436","0.9118903875350952","0.9118903875350952","0.9118903875350952"
"199467","0.826202392578125","0.826202392578125","0.826202392578125"
"199515","0.6155506372451782","0.6155506372451782","0.6155506372451782"
"199545","0.3874814510345459","0.3874814510345459","0.3874814510345459"
"199549","0.725713312625885","0.725713312625885","0.725713312625885"
"199562","0.6522140502929688","0.6522140502929688","0.6522140502929688"
"199566","0.6146436333656311","0.6146436333656311","0.6146436333656311"
"199568","1.064842939376831","1.064842939376831","1.064842939376831"
"199586","0.678619384765625","0.678619384765625","0.678619384765625"
"199602","0.6203939318656921","0.6203939318656921","0.6203939318656921"
"199604","0.5126018524169922","0.5126018524169922","0.5126018524169922"
"199619","0.5887401700019836","0.5887401700019836","0.5887401700019836"
"199621","0.7222254872322083","0.7222254872322083","0.7222254872322083"
"199644","0.41297447681427","0.41297447681427","0.41297447681427"
"199645","0.7699533104896545","0.7699533104896545","0.7699533104896545"
"199661","0.585660457611084","0.585660457611084","0.585660457611084"
"199673","0.7565600872039795","0.7565600872039795","0.7565600872039795"
"199674","0.6668197512626648","0.6668197512626648","0.6668197512626648"
"199685","0.4119262397289276","0.4119262397289276","0.4119262397289276"
"199718","0.9039132595062256","0.9039132595062256","0.9039132595062256"
"199758","0.4339006841182709","0.4339006841182709","0.4339006841182709"
"199804","0.6476828455924988","0.6476828455924988","0.6476828455924988"
"199827","0.6309691667556763","0.6309691667556763","0.6309691667556763"
"199828","0.8665308356285095","0.8665308356285095","0.8665308356285095"
"199853","0.5037028193473816","0.5037028193473816","0.5037028193473816"
"199873","0.34816062450408936","0.34816062450408936","0.34816062450408936"
"199911","0.6096467971801758","0.6096467971801758","0.6096467971801758"
"199928","0.8516871929168701","0.8516871929168701","0.8516871929168701"
"199939","0.5533443093299866","0.5533443093299866","0.5533443093299866"
"199963","1.070141315460205","1.070141315460205","1.070141315460205"
"199970","0.5791766047477722","0.5791766047477722","0.5791766047477722"
"199986","0.913409948348999","0.913409948348999","0.913409948348999"
"199995","0.9414666891098022","0.9414666891098022","0.9414666891098022"
"200039","1.1416194438934326","1.1416194438934326","1.1416194438934326"
"200051","0.8918795585632324","0.8918795585632324","0.8918795585632324"
"200058","0.47133880853652954","0.47133880853652954","0.47133880853652954"
"200125","0.4525700807571411","0.4525700807571411","0.4525700807571411"
"200154","0.24834802746772766","0.24834802746772766","0.24834802746772766"
"200197","0.725492000579834","0.725492000579834","0.725492000579834"
"200208","0.8485625386238098","0.8485625386238098","0.8485625386238098"
"200234","0.5556050539016724","0.5556050539016724","0.5556050539016724"
"200248","0.8823228478431702","0.8823228478431702","0.8823228478431702"
"200259","0.5212340950965881","0.5212340950965881","0.5212340950965881"
"200311","0.6872132420539856","0.6872132420539856","0.6872132420539856"
"200313","0.6667171716690063","0.6667171716690063","0.6667171716690063"
"200331","0.6170807480812073","0.6170807480812073","0.6170807480812073"
"200335","0.7619388103485107","0.7619388103485107","0.7619388103485107"
"200355","1.1063624620437622","1.1063624620437622","1.1063624620437622"
"200357","0.7169734835624695","0.7169734835624695","0.7169734835624695"
"200367","0.8161771297454834","0.8161771297454834","0.8161771297454834"
"200391","0.5339370965957642","0.5339370965957642","0.5339370965957642"
"200394","0.3905039429664612","0.3905039429664612","0.3905039429664612"
"200406","0.7239996194839478","0.7239996194839478","0.7239996194839478"
"200438","0.691891074180603","0.691891074180603","0.691891074180603"
"200447","0.5145047903060913","0.5145047903060913","0.5145047903060913"
"200456","0.8960089683532715","0.8960089683532715","0.8960089683532715"
"200460","0.8357652425765991","0.8357652425765991","0.8357652425765991"
"200479","0.7296141386032104","0.7296141386032104","0.7296141386032104"
"200481","0.6712050437927246","0.6712050437927246","0.6712050437927246"
"200486","0.7384123802185059","0.7384123802185059","0.7384123802185059"
"200500","0.5983802080154419","0.5983802080154419","0.5983802080154419"
"200551","0.7835407257080078","0.7835407257080078","0.7835407257080078"
"200552","0.6437327265739441","0.6437327265739441","0.6437327265739441"
"200558","0.7310328483581543","0.7310328483581543","0.7310328483581543"
"200563","0.959433376789093","0.959433376789093","0.959433376789093"
"200680","0.7474353313446045","0.7474353313446045","0.7474353313446045"
"200706","0.7810845375061035","0.7810845375061035","0.7810845375061035"
"200783","0.7676599025726318","0.7676599025726318","0.7676599025726318"
"200942","0.7866713404655457","0.7866713404655457","0.7866713404655457"
"200943","0.8749219179153442","0.8749219179153442","0.8749219179153442"
"200945","0.8260175585746765","0.8260175585746765","0.8260175585746765"
"200987","0.6477539539337158","0.6477539539337158","0.6477539539337158"
"201022","1.1212536096572876","1.1212536096572876","1.1212536096572876"
"201030","0.7222340106964111","0.7222340106964111","0.7222340106964111"
"201062","0.9132717251777649","0.9132717251777649","0.9132717251777649"
"201119","0.674899697303772","0.674899697303772","0.674899697303772"
"201124","0.63840252161026","0.63840252161026","0.63840252161026"
"201169","0.741759181022644","0.741759181022644","0.741759181022644"
"201183","1.2236846685409546","1.2236846685409546","1.2236846685409546"
"201191","0.8918218612670898","0.8918218612670898","0.8918218612670898"
"201202","0.505940854549408","0.505940854549408","0.505940854549408"
"201215","0.47365376353263855","0.47365376353263855","0.47365376353263855"
"201225","0.9587320685386658","0.9587320685386658","0.9587320685386658"
"201230","0.627616286277771","0.627616286277771","0.627616286277771"
"201241","0.9052980542182922","0.9052980542182922","0.9052980542182922"
"201252","0.5282360315322876","0.5282360315322876","0.5282360315322876"
"201258","0.6268935203552246","0.6268935203552246","0.6268935203552246"
"201279","0.47016072273254395","0.47016072273254395","0.47016072273254395"
"201284","0.5729336142539978","0.5729336142539978","0.5729336142539978"
"201291","0.6805093884468079","0.6805093884468079","0.6805093884468079"
"201295","0.538023829460144","0.538023829460144","0.538023829460144"
"201299","0.6809016466140747","0.6809016466140747","0.6809016466140747"
"201336","0.6520218253135681","0.6520218253135681","0.6520218253135681"
"201371","0.7441112995147705","0.7441112995147705","0.7441112995147705"
"201418","0.7207691073417664","0.7207691073417664","0.7207691073417664"
"201421","0.5896048545837402","0.5896048545837402","0.5896048545837402"
"201429","0.635010302066803","0.635010302066803","0.635010302066803"
"201458","0.5804123878479004","0.5804123878479004","0.5804123878479004"
"201467","0.7506439685821533","0.7506439685821533","0.7506439685821533"
"201469","0.5575528144836426","0.5575528144836426","0.5575528144836426"
"201504","0.7021934986114502","0.7021934986114502","0.7021934986114502"
"201553","0.7743780612945557","0.7743780612945557","0.7743780612945557"
"201560","0.8580203652381897","0.8580203652381897","0.8580203652381897"
"201565","0.9053384065628052","0.9053384065628052","0.9053384065628052"
"201611","0.8203364610671997","0.8203364610671997","0.8203364610671997"
"201648","0.565793514251709","0.565793514251709","0.565793514251709"
"201657","0.7883760929107666","0.7883760929107666","0.7883760929107666"
"201658","0.6897384524345398","0.6897384524345398","0.6897384524345398"
"201692","0.6049461364746094","0.6049461364746094","0.6049461364746094"
"201698","0.702203631401062","0.702203631401062","0.702203631401062"
"201737","1.0361504554748535","1.0361504554748535","1.0361504554748535"
"201746","0.8061761260032654","0.8061761260032654","0.8061761260032654"
"201784","0.808756411075592","0.808756411075592","0.808756411075592"
"201788","0.601332426071167","0.601332426071167","0.601332426071167"
"201806","0.31018519401550293","0.31018519401550293","0.31018519401550293"
"201885","0.9797199964523315","0.9797199964523315","0.9797199964523315"
"201920","0.7194762825965881","0.7194762825965881","0.7194762825965881"
"201947","0.6472444534301758","0.6472444534301758","0.6472444534301758"
"201963","0.7053977251052856","0.7053977251052856","0.7053977251052856"
"201981","0.6660971641540527","0.6660971641540527","0.6660971641540527"
"201984","0.7038430571556091","0.7038430571556091","0.7038430571556091"
"201990","0.8232654333114624","0.8232654333114624","0.8232654333114624"
"201997","0.6867824792861938","0.6867824792861938","0.6867824792861938"
"202058","0.8865234851837158","0.8865234851837158","0.8865234851837158"
"202077","0.8570376634597778","0.8570376634597778","0.8570376634597778"
"202112","0.8392037153244019","0.8392037153244019","0.8392037153244019"
"202145","0.6900983452796936","0.6900983452796936","0.6900983452796936"
"202325","1.0261611938476562","1.0261611938476562","1.0261611938476562"
"202382","0.569445013999939","0.569445013999939","0.569445013999939"
"202386","0.8646259903907776","0.8646259903907776","0.8646259903907776"
"202420","0.8731749057769775","0.8731749057769775","0.8731749057769775"
"202423","0.5840039253234863","0.5840039253234863","0.5840039253234863"
"202426","0.7241292595863342","0.7241292595863342","0.7241292595863342"
"202440","0.917983889579773","0.917983889579773","0.917983889579773"
"202463","0.603635847568512","0.603635847568512","0.603635847568512"
"202471","0.7635308504104614","0.7635308504104614","0.7635308504104614"
"202487","0.7879257202148438","0.7879257202148438","0.7879257202148438"
"202494","0.4884725511074066","0.4884725511074066","0.4884725511074066"
"202498","0.6174923777580261","0.6174923777580261","0.6174923777580261"
"202543","0.8045865893363953","0.8045865893363953","0.8045865893363953"
"202551","0.8472720384597778","0.8472720384597778","0.8472720384597778"
"202557","1.2059611082077026","1.2059611082077026","1.2059611082077026"
"202629","0.8476870059967041","0.8476870059967041","0.8476870059967041"
"202639","0.9476720094680786","0.9476720094680786","0.9476720094680786"
"202666","0.549332320690155","0.549332320690155","0.549332320690155"
"202701","0.5277258157730103","0.5277258157730103","0.5277258157730103"
"202711","0.9506286978721619","0.9506286978721619","0.9506286978721619"
"202715","0.6214644312858582","0.6214644312858582","0.6214644312858582"
"202718","0.8229275941848755","0.8229275941848755","0.8229275941848755"
"202725","0.7198982238769531","0.7198982238769531","0.7198982238769531"
"202762","0.5822604894638062","0.5822604894638062","0.5822604894638062"
"202772","0.6826144456863403","0.6826144456863403","0.6826144456863403"
"202778","0.6529684662818909","0.6529684662818909","0.6529684662818909"
"202780","0.8993604779243469","0.8993604779243469","0.8993604779243469"
"202788","0.5087915658950806","0.5087915658950806","0.5087915658950806"
"202818","0.5567237734794617","0.5567237734794617","0.5567237734794617"
"202827","0.8097900152206421","0.8097900152206421","0.8097900152206421"
"202846","0.858207643032074","0.858207643032074","0.858207643032074"
"202893","0.5345349311828613","0.5345349311828613","0.5345349311828613"
"202898","0.9343798756599426","0.9343798756599426","0.9343798756599426"
"202913","0.6831285953521729","0.6831285953521729","0.6831285953521729"
"202917","0.8861490488052368","0.8861490488052368","0.8861490488052368"
"202956","0.7750207781791687","0.7750207781791687","0.7750207781791687"
"202958","0.39470815658569336","0.39470815658569336","0.39470815658569336"
"202965","0.7214537262916565","0.7214537262916565","0.7214537262916565"
"202979","0.6878546476364136","0.6878546476364136","0.6878546476364136"
"202998","0.8315950036048889","0.8315950036048889","0.8315950036048889"
"203012","0.6001594066619873","0.6001594066619873","0.6001594066619873"
"203030","0.818717360496521","0.818717360496521","0.818717360496521"
"203096","0.5756122469902039","0.5756122469902039","0.5756122469902039"
"203124","0.7330184578895569","0.7330184578895569","0.7330184578895569"
"203125","0.9741638898849487","0.9741638898849487","0.9741638898849487"
"203165","0.6956484317779541","0.6956484317779541","0.6956484317779541"
"203208","0.9072335958480835","0.9072335958480835","0.9072335958480835"
"203214","0.5970959663391113","0.5970959663391113","0.5970959663391113"
"203267","0.6502645611763","0.6502645611763","0.6502645611763"
"203271","0.7348535060882568","0.7348535060882568","0.7348535060882568"
"203313","0.6592709422111511","0.6592709422111511","0.6592709422111511"
"203331","0.6166262626647949","0.6166262626647949","0.6166262626647949"
"203340","0.6442153453826904","0.6442153453826904","0.6442153453826904"
"203380","0.2789534330368042","0.2789534330368042","0.2789534330368042"
"203431","0.7018613219261169","0.7018613219261169","0.7018613219261169"
"203442","0.6967337131500244","0.6967337131500244","0.6967337131500244"
"203448","0.8920911550521851","0.8920911550521851","0.8920911550521851"
"203459","0.9029659032821655","0.9029659032821655","0.9029659032821655"
"203468","0.6162606477737427","0.6162606477737427","0.6162606477737427"
"203482","0.5371551513671875","0.5371551513671875","0.5371551513671875"
"203559","0.7172833681106567","0.7172833681106567","0.7172833681106567"
"203576","0.6196282505989075","0.6196282505989075","0.6196282505989075"
"203603","0.7044275999069214","0.7044275999069214","0.7044275999069214"
"203616","1.15936279296875","1.15936279296875","1.15936279296875"
"203622","0.8181778788566589","0.8181778788566589","0.8181778788566589"
"203689","0.7531209588050842","0.7531209588050842","0.7531209588050842"
"203690","0.8609346747398376","0.8609346747398376","0.8609346747398376"
"203719","0.8585803508758545","0.8585803508758545","0.8585803508758545"
"203738","0.7565668225288391","0.7565668225288391","0.7565668225288391"
"203746","0.7157878875732422","0.7157878875732422","0.7157878875732422"
"203797","1.0296754837036133","1.0296754837036133","1.0296754837036133"
"203812","0.7772811651229858","0.7772811651229858","0.7772811651229858"
"203840","0.6298584342002869","0.6298584342002869","0.6298584342002869"
"203859","0.5907845497131348","0.5907845497131348","0.5907845497131348"
"203924","0.8168079853057861","0.8168079853057861","0.8168079853057861"
"203955","1.0147035121917725","1.0147035121917725","1.0147035121917725"
"203956","0.6833021640777588","0.6833021640777588","0.6833021640777588"
"203957","0.7639594674110413","0.7639594674110413","0.7639594674110413"
"203965","0.9399892091751099","0.9399892091751099","0.9399892091751099"
"203967","0.4921998977661133","0.4921998977661133","0.4921998977661133"
"203980","0.9007769227027893","0.9007769227027893","0.9007769227027893"
"203987","0.6622897386550903","0.6622897386550903","0.6622897386550903"
"203990","0.6333114504814148","0.6333114504814148","0.6333114504814148"
"204011","0.6238434314727783","0.6238434314727783","0.6238434314727783"
"204049","0.6965458393096924","0.6965458393096924","0.6965458393096924"
"204188","0.675309419631958","0.675309419631958","0.675309419631958"
"204190","0.3412590026855469","0.3412590026855469","0.3412590026855469"
"204195","0.8432730436325073","0.8432730436325073","0.8432730436325073"
"204215","0.9450162053108215","0.9450162053108215","0.9450162053108215"
"204220","0.6574443578720093","0.6574443578720093","0.6574443578720093"
"204222","0.9046146869659424","0.9046146869659424","0.9046146869659424"
"204236","0.5478609204292297","0.5478609204292297","0.5478609204292297"
"204268","0.8914206027984619","0.8914206027984619","0.8914206027984619"
"204304","0.3919614553451538","0.3919614553451538","0.3919614553451538"
"204347","0.7199710607528687","0.7199710607528687","0.7199710607528687"
"204369","0.5490089058876038","0.5490089058876038","0.5490089058876038"
"204374","0.8278564214706421","0.8278564214706421","0.8278564214706421"
"204399","0.7305753827095032","0.7305753827095032","0.7305753827095032"
"204415","0.8436009883880615","0.8436009883880615","0.8436009883880615"
"204437","0.860645592212677","0.860645592212677","0.860645592212677"
"204458","0.5797477960586548","0.5797477960586548","0.5797477960586548"
"204472","0.7499400973320007","0.7499400973320007","0.7499400973320007"
"204475","0.8993400931358337","0.8993400931358337","0.8993400931358337"
"204506","0.7612786293029785","0.7612786293029785","0.7612786293029785"
"204509","0.7767094373703003","0.7767094373703003","0.7767094373703003"
"204535","0.829540491104126","0.829540491104126","0.829540491104126"
"204543","0.4917338788509369","0.4917338788509369","0.4917338788509369"
"204544","0.5501526594161987","0.5501526594161987","0.5501526594161987"
"204572","0.6283657550811768","0.6283657550811768","0.6283657550811768"
"204615","0.6852012872695923","0.6852012872695923","0.6852012872695923"
"204616","0.9334224462509155","0.9334224462509155","0.9334224462509155"
"204634","0.6774587631225586","0.6774587631225586","0.6774587631225586"
"204677","0.6333422064781189","0.6333422064781189","0.6333422064781189"
"204758","0.6321815252304077","0.6321815252304077","0.6321815252304077"
"204782","0.6011825203895569","0.6011825203895569","0.6011825203895569"
"204794","0.6521255970001221","0.6521255970001221","0.6521255970001221"
"204807","0.7897312641143799","0.7897312641143799","0.7897312641143799"
"204823","0.6035078763961792","0.6035078763961792","0.6035078763961792"
"204827","0.6064727306365967","0.6064727306365967","0.6064727306365967"
"204832","0.8231960535049438","0.8231960535049438","0.8231960535049438"
"204888","0.7858177423477173","0.7858177423477173","0.7858177423477173"
"204911","0.7188896536827087","0.7188896536827087","0.7188896536827087"
"204922","0.802775502204895","0.802775502204895","0.802775502204895"
"204939","0.6671309471130371","0.6671309471130371","0.6671309471130371"
"204999","0.6950445175170898","0.6950445175170898","0.6950445175170898"
"205012","0.6711074709892273","0.6711074709892273","0.6711074709892273"
"205026","0.5010549426078796","0.5010549426078796","0.5010549426078796"
"205144","0.7976307272911072","0.7976307272911072","0.7976307272911072"
"205149","0.8168842196464539","0.8168842196464539","0.8168842196464539"
"205164","0.6796963810920715","0.6796963810920715","0.6796963810920715"
"205169","0.7845892310142517","0.7845892310142517","0.7845892310142517"
"205192","0.766532301902771","0.766532301902771","0.766532301902771"
"205204","0.46972155570983887","0.46972155570983887","0.46972155570983887"
"205214","0.5932638645172119","0.5932638645172119","0.5932638645172119"
"205217","1.0816130638122559","1.0816130638122559","1.0816130638122559"
"205222","0.7820058465003967","0.7820058465003967","0.7820058465003967"
"205230","0.872119665145874","0.872119665145874","0.872119665145874"
"205239","1.0706145763397217","1.0706145763397217","1.0706145763397217"
"205318","0.7186237573623657","0.7186237573623657","0.7186237573623657"
"205329","0.9586625099182129","0.9586625099182129","0.9586625099182129"
"205348","1.1028772592544556","1.1028772592544556","1.1028772592544556"
"205350","0.6385586261749268","0.6385586261749268","0.6385586261749268"
"205354","0.8674590587615967","0.8674590587615967","0.8674590587615967"
"205356","0.5774383544921875","0.5774383544921875","0.5774383544921875"
"205376","0.5404693484306335","0.5404693484306335","0.5404693484306335"
"205392","0.4846634268760681","0.4846634268760681","0.4846634268760681"
"205395","0.6897029876708984","0.6897029876708984","0.6897029876708984"
"205396","0.47918298840522766","0.47918298840522766","0.47918298840522766"
"205413","0.48456645011901855","0.48456645011901855","0.48456645011901855"
"205427","0.5964755415916443","0.5964755415916443","0.5964755415916443"
"205444","0.6004112958908081","0.6004112958908081","0.6004112958908081"
"205455","0.9868883490562439","0.9868883490562439","0.9868883490562439"
"205460","0.9225923418998718","0.9225923418998718","0.9225923418998718"
"205466","0.7027137279510498","0.7027137279510498","0.7027137279510498"
"205518","0.2765845060348511","0.2765845060348511","0.2765845060348511"
"205537","0.7009619474411011","0.7009619474411011","0.7009619474411011"
"205552","0.6556302905082703","0.6556302905082703","0.6556302905082703"
"205566","0.5263209342956543","0.5263209342956543","0.5263209342956543"
"205593","0.9379664659500122","0.9379664659500122","0.9379664659500122"
"205640","0.7596110701560974","0.7596110701560974","0.7596110701560974"
"205643","0.6584341526031494","0.6584341526031494","0.6584341526031494"
"205661","0.5086451768875122","0.5086451768875122","0.5086451768875122"
"205688","0.7000753283500671","0.7000753283500671","0.7000753283500671"
"205716","0.8042962551116943","0.8042962551116943","0.8042962551116943"
"205718","0.6126205921173096","0.6126205921173096","0.6126205921173096"
"205727","0.6528501510620117","0.6528501510620117","0.6528501510620117"
"205730","0.6183470487594604","0.6183470487594604","0.6183470487594604"
"205759","1.007274866104126","1.007274866104126","1.007274866104126"
"205876","0.8141838908195496","0.8141838908195496","0.8141838908195496"
"205914","0.7004022598266602","0.7004022598266602","0.7004022598266602"
"205934","0.6230356693267822","0.6230356693267822","0.6230356693267822"
"205942","0.70637446641922","0.70637446641922","0.70637446641922"
"205954","0.8347675800323486","0.8347675800323486","0.8347675800323486"
"206007","0.5686995983123779","0.5686995983123779","0.5686995983123779"
"206009","0.7493013143539429","0.7493013143539429","0.7493013143539429"
"206041","0.7888768911361694","0.7888768911361694","0.7888768911361694"
"206050","0.9718360900878906","0.9718360900878906","0.9718360900878906"
"206076","0.48745056986808777","0.48745056986808777","0.48745056986808777"
"206122","0.4959508180618286","0.4959508180618286","0.4959508180618286"
"206157","0.9535627961158752","0.9535627961158752","0.9535627961158752"
"206178","0.49081850051879883","0.49081850051879883","0.49081850051879883"
"206273","0.7109231352806091","0.7109231352806091","0.7109231352806091"
"206318","0.9594103693962097","0.9594103693962097","0.9594103693962097"
"206356","0.5713489055633545","0.5713489055633545","0.5713489055633545"
"206366","1.052773118019104","1.052773118019104","1.052773118019104"
"206374","0.8289264440536499","0.8289264440536499","0.8289264440536499"
"206382","0.8427547216415405","0.8427547216415405","0.8427547216415405"
"206407","0.6822930574417114","0.6822930574417114","0.6822930574417114"
"206420","0.5774326324462891","0.5774326324462891","0.5774326324462891"
"206443","0.8411633372306824","0.8411633372306824","0.8411633372306824"
"206451","0.8489843606948853","0.8489843606948853","0.8489843606948853"
"206468","0.5495914220809937","0.5495914220809937","0.5495914220809937"
"206500","0.6728566288948059","0.6728566288948059","0.6728566288948059"
"206549","0.9212060570716858","0.9212060570716858","0.9212060570716858"
"206583","0.6563427448272705","0.6563427448272705","0.6563427448272705"
"206600","0.8563954830169678","0.8563954830169678","0.8563954830169678"
"206615","0.7338496446609497","0.7338496446609497","0.7338496446609497"
"206676","0.700577974319458","0.700577974319458","0.700577974319458"
"206714","0.5049124956130981","0.5049124956130981","0.5049124956130981"
"206721","0.6163232326507568","0.6163232326507568","0.6163232326507568"
"206733","0.8922135829925537","0.8922135829925537","0.8922135829925537"
"206752","0.5820490717887878","0.5820490717887878","0.5820490717887878"
"206801","0.7104436159133911","0.7104436159133911","0.7104436159133911"
"206802","0.6587308645248413","0.6587308645248413","0.6587308645248413"
"206859","0.6883441805839539","0.6883441805839539","0.6883441805839539"
"206869","0.5189338326454163","0.5189338326454163","0.5189338326454163"
"206874","0.49232757091522217","0.49232757091522217","0.49232757091522217"
"206879","0.7940278649330139","0.7940278649330139","0.7940278649330139"
"206924","0.5897389650344849","0.5897389650344849","0.5897389650344849"
"206941","0.7171617746353149","0.7171617746353149","0.7171617746353149"
"206962","0.5540032386779785","0.5540032386779785","0.5540032386779785"
"207086","1.0113632678985596","1.0113632678985596","1.0113632678985596"
"207107","0.5623022317886353","0.5623022317886353","0.5623022317886353"
"207172","0.994361400604248","0.994361400604248","0.994361400604248"
"207207","0.5844550728797913","0.5844550728797913","0.5844550728797913"
"207216","0.98721843957901","0.98721843957901","0.98721843957901"
"207244","0.6741858124732971","0.6741858124732971","0.6741858124732971"
"207255","0.8984969258308411","0.8984969258308411","0.8984969258308411"
"207259","0.9121519327163696","0.9121519327163696","0.9121519327163696"
"207277","0.7724628448486328","0.7724628448486328","0.7724628448486328"
"207289","0.681221604347229","0.681221604347229","0.681221604347229"
"207292","0.6619080305099487","0.6619080305099487","0.6619080305099487"
"207305","0.7756012678146362","0.7756012678146362","0.7756012678146362"
"207311","0.5900959968566895","0.5900959968566895","0.5900959968566895"
"207315","1.0666769742965698","1.0666769742965698","1.0666769742965698"
"207317","0.6205312609672546","0.6205312609672546","0.6205312609672546"
"207318","1.0513542890548706","1.0513542890548706","1.0513542890548706"
"207327","0.8695685863494873","0.8695685863494873","0.8695685863494873"
"207338","0.8363032937049866","0.8363032937049866","0.8363032937049866"
"207343","0.7974111437797546","0.7974111437797546","0.7974111437797546"
"207352","0.5535464882850647","0.5535464882850647","0.5535464882850647"
"207374","0.6354753971099854","0.6354753971099854","0.6354753971099854"
"207384","0.7854726910591125","0.7854726910591125","0.7854726910591125"
"207391","0.9900435209274292","0.9900435209274292","0.9900435209274292"
"207474","0.6497738361358643","0.6497738361358643","0.6497738361358643"
"207475","1.166338562965393","1.166338562965393","1.166338562965393"
"207476","0.7578219771385193","0.7578219771385193","0.7578219771385193"
"207504","0.7338069677352905","0.7338069677352905","0.7338069677352905"
"207557","0.9099217653274536","0.9099217653274536","0.9099217653274536"
"207561","0.8321621417999268","0.8321621417999268","0.8321621417999268"
"207569","0.9652634859085083","0.9652634859085083","0.9652634859085083"
"207587","0.9536148309707642","0.9536148309707642","0.9536148309707642"
"207593","0.6602218151092529","0.6602218151092529","0.6602218151092529"
"207606","0.7996119260787964","0.7996119260787964","0.7996119260787964"
"207607","0.7542155385017395","0.7542155385017395","0.7542155385017395"
"207631","0.7815819382667542","0.7815819382667542","0.7815819382667542"
"207635","0.6589716672897339","0.6589716672897339","0.6589716672897339"
"207680","0.5298314690589905","0.5298314690589905","0.5298314690589905"
"207728","0.8850906491279602","0.8850906491279602","0.8850906491279602"
"207784","0.992997407913208","0.992997407913208","0.992997407913208"
"207821","0.9613726139068604","0.9613726139068604","0.9613726139068604"
"207887","0.9237875938415527","0.9237875938415527","0.9237875938415527"
"207906","0.6361960768699646","0.6361960768699646","0.6361960768699646"
"207925","1.0072946548461914","1.0072946548461914","1.0072946548461914"
"207929","0.4431765079498291","0.4431765079498291","0.4431765079498291"
"207943","0.7177180051803589","0.7177180051803589","0.7177180051803589"
"207945","0.6893641352653503","0.6893641352653503","0.6893641352653503"
"207984","0.7538992166519165","0.7538992166519165","0.7538992166519165"
"207988","0.9258459210395813","0.9258459210395813","0.9258459210395813"
"207994","0.48789340257644653","0.48789340257644653","0.48789340257644653"
"207999","0.935364305973053","0.935364305973053","0.935364305973053"
"208054","0.8744038939476013","0.8744038939476013","0.8744038939476013"
"208075","0.5017727017402649","0.5017727017402649","0.5017727017402649"
"208080","0.6091522574424744","0.6091522574424744","0.6091522574424744"
"208127","0.6524319052696228","0.6524319052696228","0.6524319052696228"
"208219","0.5950157046318054","0.5950157046318054","0.5950157046318054"
"208220","1.0151746273040771","1.0151746273040771","1.0151746273040771"
"208252","0.8883861303329468","0.8883861303329468","0.8883861303329468"
"208286","0.4879588484764099","0.4879588484764099","0.4879588484764099"
"208321","0.5948138236999512","0.5948138236999512","0.5948138236999512"
"208327","0.7806758880615234","0.7806758880615234","0.7806758880615234"
"208329","0.8384851813316345","0.8384851813316345","0.8384851813316345"
"208334","0.46065080165863037","0.46065080165863037","0.46065080165863037"
"208338","0.7897839546203613","0.7897839546203613","0.7897839546203613"
"208354","0.965586245059967","0.965586245059967","0.965586245059967"
"208361","0.7231670022010803","0.7231670022010803","0.7231670022010803"
"208394","0.35478416085243225","0.35478416085243225","0.35478416085243225"
"208396","0.6702730059623718","0.6702730059623718","0.6702730059623718"
"208415","0.9074335694313049","0.9074335694313049","0.9074335694313049"
"208421","0.8525928258895874","0.8525928258895874","0.8525928258895874"
"208478","1.0793342590332031","1.0793342590332031","1.0793342590332031"
"208535","0.5896976590156555","0.5896976590156555","0.5896976590156555"
"208540","0.8246752619743347","0.8246752619743347","0.8246752619743347"
"208553","0.7991828918457031","0.7991828918457031","0.7991828918457031"
"208556","0.626988410949707","0.626988410949707","0.626988410949707"
"208572","0.8793467879295349","0.8793467879295349","0.8793467879295349"
"208587","0.8286142945289612","0.8286142945289612","0.8286142945289612"
"208596","0.5225661396980286","0.5225661396980286","0.5225661396980286"
"208601","0.794487476348877","0.794487476348877","0.794487476348877"
"208625","0.6310114860534668","0.6310114860534668","0.6310114860534668"
"208659","0.5114885568618774","0.5114885568618774","0.5114885568618774"
"208696","0.7319105267524719","0.7319105267524719","0.7319105267524719"
"208726","0.5457946062088013","0.5457946062088013","0.5457946062088013"
"208735","0.59235018491745","0.59235018491745","0.59235018491745"
"208784","0.5491701364517212","0.5491701364517212","0.5491701364517212"
"208791","0.5886195302009583","0.5886195302009583","0.5886195302009583"
"208811","0.5479861497879028","0.5479861497879028","0.5479861497879028"
"208817","0.8707150816917419","0.8707150816917419","0.8707150816917419"
"208861","0.6177867650985718","0.6177867650985718","0.6177867650985718"
"208879","0.7463637590408325","0.7463637590408325","0.7463637590408325"
"208892","0.6018730998039246","0.6018730998039246","0.6018730998039246"
"208918","0.5400649309158325","0.5400649309158325","0.5400649309158325"
"208926","0.6866683959960938","0.6866683959960938","0.6866683959960938"
"208964","0.40909793972969055","0.40909793972969055","0.40909793972969055"
"208974","1.0734031200408936","1.0734031200408936","1.0734031200408936"
"208983","0.614209771156311","0.614209771156311","0.614209771156311"
"209187","0.6652776002883911","0.6652776002883911","0.6652776002883911"
"209204","0.8087781071662903","0.8087781071662903","0.8087781071662903"
"209221","0.5779871940612793","0.5779871940612793","0.5779871940612793"
"209227","0.7502574920654297","0.7502574920654297","0.7502574920654297"
"209234","0.6066255569458008","0.6066255569458008","0.6066255569458008"
"209286","0.7235609889030457","0.7235609889030457","0.7235609889030457"
"209334","0.6965663433074951","0.6965663433074951","0.6965663433074951"
"209337","0.5189165472984314","0.5189165472984314","0.5189165472984314"
"209349","0.5844848155975342","0.5844848155975342","0.5844848155975342"
"209527","0.8972512483596802","0.8972512483596802","0.8972512483596802"
"209535","0.5627825260162354","0.5627825260162354","0.5627825260162354"
"209548","0.565203845500946","0.565203845500946","0.565203845500946"
"209558","0.7634334564208984","0.7634334564208984","0.7634334564208984"
"209560","0.49069100618362427","0.49069100618362427","0.49069100618362427"
"209570","0.6131547093391418","0.6131547093391418","0.6131547093391418"
"209582","0.6957593560218811","0.6957593560218811","0.6957593560218811"
"209623","0.8463672399520874","0.8463672399520874","0.8463672399520874"
"209626","0.7259777784347534","0.7259777784347534","0.7259777784347534"
"209641","0.8155156373977661","0.8155156373977661","0.8155156373977661"
"209679","0.80296790599823","0.80296790599823","0.80296790599823"
"209719","0.6677069067955017","0.6677069067955017","0.6677069067955017"
"209727","0.6371697783470154","0.6371697783470154","0.6371697783470154"
"209739","0.8519359230995178","0.8519359230995178","0.8519359230995178"
"209752","1.0696547031402588","1.0696547031402588","1.0696547031402588"
"209788","0.48972517251968384","0.48972517251968384","0.48972517251968384"
"209884","1.0291125774383545","1.0291125774383545","1.0291125774383545"
"209898","0.8093758821487427","0.8093758821487427","0.8093758821487427"
"209917","0.5615133047103882","0.5615133047103882","0.5615133047103882"
"209918","0.7139784097671509","0.7139784097671509","0.7139784097671509"
"209943","0.6995444893836975","0.6995444893836975","0.6995444893836975"
"209952","0.6578584909439087","0.6578584909439087","0.6578584909439087"
"209955","0.7352132201194763","0.7352132201194763","0.7352132201194763"
"209983","0.8108204007148743","0.8108204007148743","0.8108204007148743"
"209991","0.8983500003814697","0.8983500003814697","0.8983500003814697"
"210002","0.8125775456428528","0.8125775456428528","0.8125775456428528"
"210047","0.48457014560699463","0.48457014560699463","0.48457014560699463"
"210054","0.7195656895637512","0.7195656895637512","0.7195656895637512"
"210081","0.8785303831100464","0.8785303831100464","0.8785303831100464"
"210087","0.5362550020217896","0.5362550020217896","0.5362550020217896"
"210105","0.8239356279373169","0.8239356279373169","0.8239356279373169"
"210138","0.6053122282028198","0.6053122282028198","0.6053122282028198"
"210163","0.6960652470588684","0.6960652470588684","0.6960652470588684"
"210172","0.6798975467681885","0.6798975467681885","0.6798975467681885"
"210191","0.7386193871498108","0.7386193871498108","0.7386193871498108"
"210200","0.6957759857177734","0.6957759857177734","0.6957759857177734"
"210215","0.7832756042480469","0.7832756042480469","0.7832756042480469"
"210225","0.4604194164276123","0.4604194164276123","0.4604194164276123"
"210228","1.1887081861495972","1.1887081861495972","1.1887081861495972"
"210296","0.6909817457199097","0.6909817457199097","0.6909817457199097"
"210332","0.9094172716140747","0.9094172716140747","0.9094172716140747"
"210344","0.711505651473999","0.711505651473999","0.711505651473999"
"210376","0.7108434438705444","0.7108434438705444","0.7108434438705444"
"210377","0.8506720066070557","0.8506720066070557","0.8506720066070557"
"210392","0.6250507235527039","0.6250507235527039","0.6250507235527039"
"210399","0.738991379737854","0.738991379737854","0.738991379737854"
"210406","0.746405839920044","0.746405839920044","0.746405839920044"
"210427","0.6622774004936218","0.6622774004936218","0.6622774004936218"
"210450","1.0214817523956299","1.0214817523956299","1.0214817523956299"
"210455","0.9384146928787231","0.9384146928787231","0.9384146928787231"
"210465","0.4092754125595093","0.4092754125595093","0.4092754125595093"
"210486","0.8516600131988525","0.8516600131988525","0.8516600131988525"
"210507","0.7352834939956665","0.7352834939956665","0.7352834939956665"
"210564","0.5579808950424194","0.5579808950424194","0.5579808950424194"
"210577","0.6148633360862732","0.6148633360862732","0.6148633360862732"
"210581","0.9173165559768677","0.9173165559768677","0.9173165559768677"
"210601","0.45835912227630615","0.45835912227630615","0.45835912227630615"
"210603","0.695107102394104","0.695107102394104","0.695107102394104"
"210607","0.5810647010803223","0.5810647010803223","0.5810647010803223"
"210619","0.5884262919425964","0.5884262919425964","0.5884262919425964"
"210622","0.5526701211929321","0.5526701211929321","0.5526701211929321"
"210634","0.6561760902404785","0.6561760902404785","0.6561760902404785"
"210659","0.6378620862960815","0.6378620862960815","0.6378620862960815"
"210677","0.7884963750839233","0.7884963750839233","0.7884963750839233"
"210682","0.5157318711280823","0.5157318711280823","0.5157318711280823"
"210713","0.4305863380432129","0.4305863380432129","0.4305863380432129"
"210734","0.6989504098892212","0.6989504098892212","0.6989504098892212"
"210740","1.0714356899261475","1.0714356899261475","1.0714356899261475"
"210754","0.6751968264579773","0.6751968264579773","0.6751968264579773"
"210814","1.0544276237487793","1.0544276237487793","1.0544276237487793"
"210825","0.9401894211769104","0.9401894211769104","0.9401894211769104"
"210831","0.5312604904174805","0.5312604904174805","0.5312604904174805"
"210864","0.6195087432861328","0.6195087432861328","0.6195087432861328"
"210875","0.6783573627471924","0.6783573627471924","0.6783573627471924"
"210900","0.7461589574813843","0.7461589574813843","0.7461589574813843"
"210925","0.6755186319351196","0.6755186319351196","0.6755186319351196"
"210948","0.6088579893112183","0.6088579893112183","0.6088579893112183"
"211033","0.9070231914520264","0.9070231914520264","0.9070231914520264"
"211036","0.8014183640480042","0.8014183640480042","0.8014183640480042"
"211041","0.8280055522918701","0.8280055522918701","0.8280055522918701"
"211120","0.7385671734809875","0.7385671734809875","0.7385671734809875"
"211161","0.6022990942001343","0.6022990942001343","0.6022990942001343"
"211180","0.5476851463317871","0.5476851463317871","0.5476851463317871"
"211202","0.6895918846130371","0.6895918846130371","0.6895918846130371"
"211226","0.5332807898521423","0.5332807898521423","0.5332807898521423"
"211227","0.8772062659263611","0.8772062659263611","0.8772062659263611"
"211284","0.540724515914917","0.540724515914917","0.540724515914917"
"211296","0.6091156005859375","0.6091156005859375","0.6091156005859375"
"211307","0.7902690172195435","0.7902690172195435","0.7902690172195435"
"211311","0.9911274909973145","0.9911274909973145","0.9911274909973145"
"211320","0.5568264126777649","0.5568264126777649","0.5568264126777649"
"211342","0.8186793327331543","0.8186793327331543","0.8186793327331543"
"211388","0.431715190410614","0.431715190410614","0.431715190410614"
"211391","0.6256316900253296","0.6256316900253296","0.6256316900253296"
"211417","0.896436870098114","0.896436870098114","0.896436870098114"
"211431","0.7014752626419067","0.7014752626419067","0.7014752626419067"
"211453","1.0683484077453613","1.0683484077453613","1.0683484077453613"
"211461","0.9638940095901489","0.9638940095901489","0.9638940095901489"
"211466","0.7399041652679443","0.7399041652679443","0.7399041652679443"
"211469","0.6917821168899536","0.6917821168899536","0.6917821168899536"
"211485","0.47148609161376953","0.47148609161376953","0.47148609161376953"
"211488","0.657835841178894","0.657835841178894","0.657835841178894"
"211509","0.497269868850708","0.497269868850708","0.497269868850708"
"211518","0.7549428939819336","0.7549428939819336","0.7549428939819336"
"211538","0.5821044445037842","0.5821044445037842","0.5821044445037842"
"211630","0.9487535953521729","0.9487535953521729","0.9487535953521729"
"211638","0.8848609924316406","0.8848609924316406","0.8848609924316406"
"211676","0.5983270406723022","0.5983270406723022","0.5983270406723022"
"211708","0.67447829246521","0.67447829246521","0.67447829246521"
"211775","0.30620309710502625","0.30620309710502625","0.30620309710502625"
"211789","0.41655927896499634","0.41655927896499634","0.41655927896499634"
"211800","0.8068786859512329","0.8068786859512329","0.8068786859512329"
"211810","0.9213423728942871","0.9213423728942871","0.9213423728942871"
"211876","0.6978000402450562","0.6978000402450562","0.6978000402450562"
"211881","0.9299764037132263","0.9299764037132263","0.9299764037132263"
"211891","0.7563421130180359","0.7563421130180359","0.7563421130180359"
"211954","0.5082293748855591","0.5082293748855591","0.5082293748855591"
"211965","0.6825665831565857","0.6825665831565857","0.6825665831565857"
"212024","0.9515945911407471","0.9515945911407471","0.9515945911407471"
"212025","0.5188958644866943","0.5188958644866943","0.5188958644866943"
"212026","0.7787371873855591","0.7787371873855591","0.7787371873855591"
"212100","0.6807523965835571","0.6807523965835571","0.6807523965835571"
"212133","0.8229568004608154","0.8229568004608154","0.8229568004608154"
"212140","0.730841875076294","0.730841875076294","0.730841875076294"
"212166","0.6971690654754639","0.6971690654754639","0.6971690654754639"
"212178","0.5931114554405212","0.5931114554405212","0.5931114554405212"
"212236","0.7996865510940552","0.7996865510940552","0.7996865510940552"
"212253","0.7445234060287476","0.7445234060287476","0.7445234060287476"
"212291","0.47606730461120605","0.47606730461120605","0.47606730461120605"
"212297","0.8817576169967651","0.8817576169967651","0.8817576169967651"
"212298","0.6184204816818237","0.6184204816818237","0.6184204816818237"
"212326","0.6320204138755798","0.6320204138755798","0.6320204138755798"
"212331","0.4713181257247925","0.4713181257247925","0.4713181257247925"
"212334","0.8262510299682617","0.8262510299682617","0.8262510299682617"
"212354","0.6086751222610474","0.6086751222610474","0.6086751222610474"
"212367","0.4472638964653015","0.4472638964653015","0.4472638964653015"
"212373","0.6931838989257812","0.6931838989257812","0.6931838989257812"
"212421","0.7608557939529419","0.7608557939529419","0.7608557939529419"
"212472","0.5415034294128418","0.5415034294128418","0.5415034294128418"
"212489","0.7856005430221558","0.7856005430221558","0.7856005430221558"
"212517","0.9417397975921631","0.9417397975921631","0.9417397975921631"
"212531","0.746848464012146","0.746848464012146","0.746848464012146"
"212539","0.5614982843399048","0.5614982843399048","0.5614982843399048"
"212568","0.4618319869041443","0.4618319869041443","0.4618319869041443"
"212575","1.1004092693328857","1.1004092693328857","1.1004092693328857"
"212581","0.5827246308326721","0.5827246308326721","0.5827246308326721"
"212591","0.7459172010421753","0.7459172010421753","0.7459172010421753"
"212609","0.7718132734298706","0.7718132734298706","0.7718132734298706"
"212614","0.5307241678237915","0.5307241678237915","0.5307241678237915"
"212622","1.0098497867584229","1.0098497867584229","1.0098497867584229"
"212623","0.6346476078033447","0.6346476078033447","0.6346476078033447"
"212626","0.8840395212173462","0.8840395212173462","0.8840395212173462"
"212630","0.6010557413101196","0.6010557413101196","0.6010557413101196"
"212697","0.3946290612220764","0.3946290612220764","0.3946290612220764"
"212735","0.7557944059371948","0.7557944059371948","0.7557944059371948"
"212736","0.45662176609039307","0.45662176609039307","0.45662176609039307"
"212740","0.5281358361244202","0.5281358361244202","0.5281358361244202"
"212743","0.6345888376235962","0.6345888376235962","0.6345888376235962"
"212748","0.9484319686889648","0.9484319686889648","0.9484319686889648"
"212750","0.6176990270614624","0.6176990270614624","0.6176990270614624"
"212770","0.6823451519012451","0.6823451519012451","0.6823451519012451"
"212778","1.0348620414733887","1.0348620414733887","1.0348620414733887"
"212824","0.5453636646270752","0.5453636646270752","0.5453636646270752"
"212831","0.6405118107795715","0.6405118107795715","0.6405118107795715"
"212838","0.6563373804092407","0.6563373804092407","0.6563373804092407"
"212860","0.8547649383544922","0.8547649383544922","0.8547649383544922"
"212887","0.47727322578430176","0.47727322578430176","0.47727322578430176"
"212891","0.9984053373336792","0.9984053373336792","0.9984053373336792"
"212892","0.7413004636764526","0.7413004636764526","0.7413004636764526"
"212947","0.7401072382926941","0.7401072382926941","0.7401072382926941"
"212954","0.49905478954315186","0.49905478954315186","0.49905478954315186"
"212978","0.9512526988983154","0.9512526988983154","0.9512526988983154"
"212980","0.4564542770385742","0.4564542770385742","0.4564542770385742"
"212992","0.32819074392318726","0.32819074392318726","0.32819074392318726"
"212998","0.7847641706466675","0.7847641706466675","0.7847641706466675"
"213014","0.7012168169021606","0.7012168169021606","0.7012168169021606"
"213041","0.6841756701469421","0.6841756701469421","0.6841756701469421"
"213069","0.7669329047203064","0.7669329047203064","0.7669329047203064"
"213071","0.9396174550056458","0.9396174550056458","0.9396174550056458"
"213102","0.7952882647514343","0.7952882647514343","0.7952882647514343"
"213118","0.5173683166503906","0.5173683166503906","0.5173683166503906"
"213136","0.6289489269256592","0.6289489269256592","0.6289489269256592"
"213142","0.7406598329544067","0.7406598329544067","0.7406598329544067"
"213151","0.9780930876731873","0.9780930876731873","0.9780930876731873"
"213239","0.4933862090110779","0.4933862090110779","0.4933862090110779"
"213274","0.8690009713172913","0.8690009713172913","0.8690009713172913"
"213304","0.803216814994812","0.803216814994812","0.803216814994812"
"213356","1.1035857200622559","1.1035857200622559","1.1035857200622559"
"213365","0.4912087917327881","0.4912087917327881","0.4912087917327881"
"213375","0.8134771585464478","0.8134771585464478","0.8134771585464478"
"213396","0.6576699614524841","0.6576699614524841","0.6576699614524841"
"213408","0.7962399125099182","0.7962399125099182","0.7962399125099182"
"213429","0.5695436000823975","0.5695436000823975","0.5695436000823975"
"213441","0.5243102312088013","0.5243102312088013","0.5243102312088013"
"213480","0.6672415733337402","0.6672415733337402","0.6672415733337402"
"213562","0.916100025177002","0.916100025177002","0.916100025177002"
"213592","0.4611481726169586","0.4611481726169586","0.4611481726169586"
"213601","0.4821951985359192","0.4821951985359192","0.4821951985359192"
"213618","0.7223594784736633","0.7223594784736633","0.7223594784736633"
"213627","1.1996527910232544","1.1996527910232544","1.1996527910232544"
"213640","0.8305774331092834","0.8305774331092834","0.8305774331092834"
"213646","0.3736743628978729","0.3736743628978729","0.3736743628978729"
"213661","0.7633544206619263","0.7633544206619263","0.7633544206619263"
"213673","0.7163744568824768","0.7163744568824768","0.7163744568824768"
"213678","0.7156227231025696","0.7156227231025696","0.7156227231025696"
"213713","0.9946787357330322","0.9946787357330322","0.9946787357330322"
"213742","0.6877357959747314","0.6877357959747314","0.6877357959747314"
"213797","0.7144888639450073","0.7144888639450073","0.7144888639450073"
"213891","0.5478252172470093","0.5478252172470093","0.5478252172470093"
"213895","0.8305031061172485","0.8305031061172485","0.8305031061172485"
"213928","1.045003890991211","1.045003890991211","1.045003890991211"
"213948","0.7410154938697815","0.7410154938697815","0.7410154938697815"
"214017","0.6175608038902283","0.6175608038902283","0.6175608038902283"
"214043","0.5311887264251709","0.5311887264251709","0.5311887264251709"
"214060","0.6910259127616882","0.6910259127616882","0.6910259127616882"
"214068","0.8285462260246277","0.8285462260246277","0.8285462260246277"
"214084","0.6773326396942139","0.6773326396942139","0.6773326396942139"
"214094","0.679376482963562","0.679376482963562","0.679376482963562"
"214100","0.8136694431304932","0.8136694431304932","0.8136694431304932"
"214107","0.8671918511390686","0.8671918511390686","0.8671918511390686"
"214128","0.7704071998596191","0.7704071998596191","0.7704071998596191"
"214131","0.48494866490364075","0.48494866490364075","0.48494866490364075"
"214132","0.5294573307037354","0.5294573307037354","0.5294573307037354"
"214137","0.5655236840248108","0.5655236840248108","0.5655236840248108"
"214178","0.4036082625389099","0.4036082625389099","0.4036082625389099"
"214186","0.7303621172904968","0.7303621172904968","0.7303621172904968"
"214217","0.69355309009552","0.69355309009552","0.69355309009552"
"214282","0.7787044048309326","0.7787044048309326","0.7787044048309326"
"214294","1.0712584257125854","1.0712584257125854","1.0712584257125854"
"214405","0.7730885744094849","0.7730885744094849","0.7730885744094849"
"214408","0.5327017903327942","0.5327017903327942","0.5327017903327942"
"214440","0.8615727424621582","0.8615727424621582","0.8615727424621582"
"214444","0.7707089185714722","0.7707089185714722","0.7707089185714722"
"214456","0.33013996481895447","0.33013996481895447","0.33013996481895447"
"214487","0.5946453213691711","0.5946453213691711","0.5946453213691711"
"214496","0.7661820650100708","0.7661820650100708","0.7661820650100708"
"214505","0.8689431548118591","0.8689431548118591","0.8689431548118591"
"214551","0.7806462049484253","0.7806462049484253","0.7806462049484253"
"214562","0.6559383869171143","0.6559383869171143","0.6559383869171143"
"214575","0.9132140278816223","0.9132140278816223","0.9132140278816223"
"214582","0.5098826885223389","0.5098826885223389","0.5098826885223389"
"214631","0.6904453039169312","0.6904453039169312","0.6904453039169312"
"214654","0.5130044221878052","0.5130044221878052","0.5130044221878052"
"214720","0.7587358951568604","0.7587358951568604","0.7587358951568604"
"214746","0.5589877367019653","0.5589877367019653","0.5589877367019653"
"214750","0.9487121105194092","0.9487121105194092","0.9487121105194092"
"214783","1.1545777320861816","1.1545777320861816","1.1545777320861816"
"214845","0.6323311924934387","0.6323311924934387","0.6323311924934387"
"214853","0.7052640914916992","0.7052640914916992","0.7052640914916992"
"214879","0.5291032791137695","0.5291032791137695","0.5291032791137695"
"214880","0.8816848397254944","0.8816848397254944","0.8816848397254944"
"214914","0.9046754240989685","0.9046754240989685","0.9046754240989685"
"214920","0.7960500717163086","0.7960500717163086","0.7960500717163086"
"214949","0.6212843656539917","0.6212843656539917","0.6212843656539917"
"214980","0.6933293342590332","0.6933293342590332","0.6933293342590332"
"214993","0.5146337151527405","0.5146337151527405","0.5146337151527405"
"215002","0.4993612766265869","0.4993612766265869","0.4993612766265869"
"215023","0.7125751972198486","0.7125751972198486","0.7125751972198486"
"215030","0.6725284457206726","0.6725284457206726","0.6725284457206726"
"215057","0.7656365633010864","0.7656365633010864","0.7656365633010864"
"215098","0.8159148097038269","0.8159148097038269","0.8159148097038269"
"215104","0.8586852550506592","0.8586852550506592","0.8586852550506592"
"215131","0.5807466506958008","0.5807466506958008","0.5807466506958008"
"215137","0.5509111881256104","0.5509111881256104","0.5509111881256104"
"215200","0.8425790071487427","0.8425790071487427","0.8425790071487427"
"215217","0.8640224933624268","0.8640224933624268","0.8640224933624268"
"215219","0.8842383623123169","0.8842383623123169","0.8842383623123169"
"215262","0.7021626830101013","0.7021626830101013","0.7021626830101013"
"215310","0.5305168032646179","0.5305168032646179","0.5305168032646179"
"215312","0.8062096834182739","0.8062096834182739","0.8062096834182739"
"215343","0.7638859152793884","0.7638859152793884","0.7638859152793884"
"215346","0.6358051300048828","0.6358051300048828","0.6358051300048828"
"215354","0.47972366213798523","0.47972366213798523","0.47972366213798523"
"215399","0.8998222947120667","0.8998222947120667","0.8998222947120667"
"215405","1.1737580299377441","1.1737580299377441","1.1737580299377441"
"215436","0.5714429020881653","0.5714429020881653","0.5714429020881653"
"215440","0.657848596572876","0.657848596572876","0.657848596572876"
"215473","0.6548982858657837","0.6548982858657837","0.6548982858657837"
"215501","0.776163637638092","0.776163637638092","0.776163637638092"
"215527","0.33514219522476196","0.33514219522476196","0.33514219522476196"
"215576","0.8711398839950562","0.8711398839950562","0.8711398839950562"
"215588","0.7500554919242859","0.7500554919242859","0.7500554919242859"
"215600","0.6477811336517334","0.6477811336517334","0.6477811336517334"
"215603","0.7884798645973206","0.7884798645973206","0.7884798645973206"
"215624","1.0397655963897705","1.0397655963897705","1.0397655963897705"
"215646","0.4122306704521179","0.4122306704521179","0.4122306704521179"
"215650","0.8693109750747681","0.8693109750747681","0.8693109750747681"
"215693","0.9537372589111328","0.9537372589111328","0.9537372589111328"
"215699","0.4774216413497925","0.4774216413497925","0.4774216413497925"
"215712","0.6909050941467285","0.6909050941467285","0.6909050941467285"
"215721","0.8942139148712158","0.8942139148712158","0.8942139148712158"
"215725","0.531200110912323","0.531200110912323","0.531200110912323"
"215731","0.36056017875671387","0.36056017875671387","0.36056017875671387"
"215747","0.6261322498321533","0.6261322498321533","0.6261322498321533"
"215761","0.795039713382721","0.795039713382721","0.795039713382721"
"215796","0.7373462915420532","0.7373462915420532","0.7373462915420532"
"215805","0.5552252531051636","0.5552252531051636","0.5552252531051636"
"215808","0.4746493101119995","0.4746493101119995","0.4746493101119995"
"215830","0.9005001783370972","0.9005001783370972","0.9005001783370972"
"215847","0.8822514414787292","0.8822514414787292","0.8822514414787292"
"215855","0.7027184963226318","0.7027184963226318","0.7027184963226318"
"215869","0.6319827437400818","0.6319827437400818","0.6319827437400818"
"215883","0.7200868725776672","0.7200868725776672","0.7200868725776672"
"215937","0.45894473791122437","0.45894473791122437","0.45894473791122437"
"215997","0.818565309047699","0.818565309047699","0.818565309047699"
"216025","0.4363715648651123","0.4363715648651123","0.4363715648651123"
"216046","0.494681715965271","0.494681715965271","0.494681715965271"
"216066","0.6472889184951782","0.6472889184951782","0.6472889184951782"
"216098","0.7978508472442627","0.7978508472442627","0.7978508472442627"
"216137","0.7628473043441772","0.7628473043441772","0.7628473043441772"
"216148","0.8115568161010742","0.8115568161010742","0.8115568161010742"
"216193","0.9076627492904663","0.9076627492904663","0.9076627492904663"
"216204","0.9134106040000916","0.9134106040000916","0.9134106040000916"
"216239","0.4616119861602783","0.4616119861602783","0.4616119861602783"
"216302","0.8341694474220276","0.8341694474220276","0.8341694474220276"
"216387","0.5450112819671631","0.5450112819671631","0.5450112819671631"
"216396","0.8916274309158325","0.8916274309158325","0.8916274309158325"
"216397","0.80970299243927","0.80970299243927","0.80970299243927"
"216401","0.5598262548446655","0.5598262548446655","0.5598262548446655"
"216420","0.7351012229919434","0.7351012229919434","0.7351012229919434"
"216425","0.9017852544784546","0.9017852544784546","0.9017852544784546"
"216464","0.8381332159042358","0.8381332159042358","0.8381332159042358"
"216501","0.536619246006012","0.536619246006012","0.536619246006012"
"216523","0.9886769652366638","0.9886769652366638","0.9886769652366638"
"216530","0.7428076267242432","0.7428076267242432","0.7428076267242432"
"216543","0.9073343276977539","0.9073343276977539","0.9073343276977539"
"216555","0.523644208908081","0.523644208908081","0.523644208908081"
"216592","0.7830077409744263","0.7830077409744263","0.7830077409744263"
"216603","0.9110289812088013","0.9110289812088013","0.9110289812088013"
"216616","0.6467981934547424","0.6467981934547424","0.6467981934547424"
"216644","0.9249173402786255","0.9249173402786255","0.9249173402786255"
"216665","0.7523313760757446","0.7523313760757446","0.7523313760757446"
"216671","0.7439974546432495","0.7439974546432495","0.7439974546432495"
"216770","0.5484079718589783","0.5484079718589783","0.5484079718589783"
"216792","0.8767399787902832","0.8767399787902832","0.8767399787902832"
"216810","0.9852239489555359","0.9852239489555359","0.9852239489555359"
"216821","0.815264880657196","0.815264880657196","0.815264880657196"
"216876","0.8419747352600098","0.8419747352600098","0.8419747352600098"
"216879","0.8067410588264465","0.8067410588264465","0.8067410588264465"
"216912","0.477527379989624","0.477527379989624","0.477527379989624"
"216934","0.5905395150184631","0.5905395150184631","0.5905395150184631"
"216953","0.6089030504226685","0.6089030504226685","0.6089030504226685"
"217034","0.9766530990600586","0.9766530990600586","0.9766530990600586"
"217057","0.8079323768615723","0.8079323768615723","0.8079323768615723"
"217091","0.862613320350647","0.862613320350647","0.862613320350647"
"217125","0.7709990739822388","0.7709990739822388","0.7709990739822388"
"217147","0.9258009195327759","0.9258009195327759","0.9258009195327759"
"217166","0.7583012580871582","0.7583012580871582","0.7583012580871582"
"217181","0.7190552353858948","0.7190552353858948","0.7190552353858948"
"217196","0.7579556703567505","0.7579556703567505","0.7579556703567505"
"217218","0.47538506984710693","0.47538506984710693","0.47538506984710693"
"217225","0.7592129707336426","0.7592129707336426","0.7592129707336426"
"217278","0.5032839775085449","0.5032839775085449","0.5032839775085449"
"217281","0.8009127974510193","0.8009127974510193","0.8009127974510193"
"217286","0.6626194715499878","0.6626194715499878","0.6626194715499878"
"217343","0.6786050796508789","0.6786050796508789","0.6786050796508789"
"217344","0.518911600112915","0.518911600112915","0.518911600112915"
"217352","0.975769579410553","0.975769579410553","0.975769579410553"
"217358","0.7333288192749023","0.7333288192749023","0.7333288192749023"
"217409","0.6352016925811768","0.6352016925811768","0.6352016925811768"
"217423","0.5263029336929321","0.5263029336929321","0.5263029336929321"
"217493","0.8215032815933228","0.8215032815933228","0.8215032815933228"
"217494","0.5296767950057983","0.5296767950057983","0.5296767950057983"
"217561","0.543144702911377","0.543144702911377","0.543144702911377"
"217570","0.7711969614028931","0.7711969614028931","0.7711969614028931"
"217585","0.9951026439666748","0.9951026439666748","0.9951026439666748"
"217644","0.7641489505767822","0.7641489505767822","0.7641489505767822"
"217667","0.88323974609375","0.88323974609375","0.88323974609375"
"217774","0.6612823009490967","0.6612823009490967","0.6612823009490967"
"217780","0.6435394287109375","0.6435394287109375","0.6435394287109375"
"217787","0.6877109408378601","0.6877109408378601","0.6877109408378601"
"217792","0.5067763328552246","0.5067763328552246","0.5067763328552246"
"217816","0.7170484662055969","0.7170484662055969","0.7170484662055969"
"217817","1.1521614789962769","1.1521614789962769","1.1521614789962769"
"217862","0.9680358171463013","0.9680358171463013","0.9680358171463013"
"217889","0.6025176048278809","0.6025176048278809","0.6025176048278809"
"217893","0.6574927568435669","0.6574927568435669","0.6574927568435669"
"217903","0.8157322406768799","0.8157322406768799","0.8157322406768799"
"217920","0.6586248874664307","0.6586248874664307","0.6586248874664307"
"217992","0.6635679006576538","0.6635679006576538","0.6635679006576538"
"218007","0.757703959941864","0.757703959941864","0.757703959941864"
"218108","0.8671548366546631","0.8671548366546631","0.8671548366546631"
"218137","0.7395794987678528","0.7395794987678528","0.7395794987678528"
"218148","0.8318518400192261","0.8318518400192261","0.8318518400192261"
"218163","0.5047141313552856","0.5047141313552856","0.5047141313552856"
"218192","1.018460988998413","1.018460988998413","1.018460988998413"
"218193","0.7743797302246094","0.7743797302246094","0.7743797302246094"
"218221","0.9364660978317261","0.9364660978317261","0.9364660978317261"
"218279","0.5322731137275696","0.5322731137275696","0.5322731137275696"
"218323","0.7374112010002136","0.7374112010002136","0.7374112010002136"
"218337","0.7706581354141235","0.7706581354141235","0.7706581354141235"
"218345","0.6103442907333374","0.6103442907333374","0.6103442907333374"
"218360","0.9045238494873047","0.9045238494873047","0.9045238494873047"
"218452","0.6294278502464294","0.6294278502464294","0.6294278502464294"
"218470","0.43944239616394043","0.43944239616394043","0.43944239616394043"
"218497","1.0775010585784912","1.0775010585784912","1.0775010585784912"
"218505","0.5033742189407349","0.5033742189407349","0.5033742189407349"
"218558","0.570608377456665","0.570608377456665","0.570608377456665"
"218565","0.8381158709526062","0.8381158709526062","0.8381158709526062"
"218575","0.7149978876113892","0.7149978876113892","0.7149978876113892"
"218587","0.6320792436599731","0.6320792436599731","0.6320792436599731"
"218636","0.7977368235588074","0.7977368235588074","0.7977368235588074"
"218643","0.6263495087623596","0.6263495087623596","0.6263495087623596"
"218669","0.6897405385971069","0.6897405385971069","0.6897405385971069"
"218687","0.7046872973442078","0.7046872973442078","0.7046872973442078"
"218707","0.7860719561576843","0.7860719561576843","0.7860719561576843"
"218708","0.5393185019493103","0.5393185019493103","0.5393185019493103"
"218710","0.5986903309822083","0.5986903309822083","0.5986903309822083"
"218773","0.5937889814376831","0.5937889814376831","0.5937889814376831"
"218798","0.4833694100379944","0.4833694100379944","0.4833694100379944"
"218799","0.5787554979324341","0.5787554979324341","0.5787554979324341"
"218807","0.71009361743927","0.71009361743927","0.71009361743927"
"218850","0.7302054762840271","0.7302054762840271","0.7302054762840271"
"218892","0.7908226847648621","0.7908226847648621","0.7908226847648621"
"218898","0.3503282070159912","0.3503282070159912","0.3503282070159912"
"218952","0.6421852111816406","0.6421852111816406","0.6421852111816406"
"218978","0.4750732183456421","0.4750732183456421","0.4750732183456421"
"218991","0.6759713888168335","0.6759713888168335","0.6759713888168335"
"219020","0.604488730430603","0.604488730430603","0.604488730430603"
"219030","0.8052626252174377","0.8052626252174377","0.8052626252174377"
"219034","0.7583053112030029","0.7583053112030029","0.7583053112030029"
"219048","0.9169190526008606","0.9169190526008606","0.9169190526008606"
"219134","0.818699836730957","0.818699836730957","0.818699836730957"
"219147","0.668264627456665","0.668264627456665","0.668264627456665"
"219153","0.7361462116241455","0.7361462116241455","0.7361462116241455"
"219166","0.5948047041893005","0.5948047041893005","0.5948047041893005"
"219170","0.784527599811554","0.784527599811554","0.784527599811554"
"219186","0.9317591190338135","0.9317591190338135","0.9317591190338135"
"219196","0.4787066578865051","0.4787066578865051","0.4787066578865051"
"219200","0.6051487922668457","0.6051487922668457","0.6051487922668457"
"219238","0.40507203340530396","0.40507203340530396","0.40507203340530396"
"219260","0.7924562692642212","0.7924562692642212","0.7924562692642212"
"219268","0.840887188911438","0.840887188911438","0.840887188911438"
"219276","0.6900439262390137","0.6900439262390137","0.6900439262390137"
"219373","0.9925380945205688","0.9925380945205688","0.9925380945205688"
"219375","0.7121503353118896","0.7121503353118896","0.7121503353118896"
"219422","0.7129764556884766","0.7129764556884766","0.7129764556884766"
"219449","0.5456742644309998","0.5456742644309998","0.5456742644309998"
"219460","0.7838349342346191","0.7838349342346191","0.7838349342346191"
"219464","0.605974555015564","0.605974555015564","0.605974555015564"
"219473","0.7332725524902344","0.7332725524902344","0.7332725524902344"
"219485","0.4947488307952881","0.4947488307952881","0.4947488307952881"
"219504","0.6285927295684814","0.6285927295684814","0.6285927295684814"
"219569","0.5010644197463989","0.5010644197463989","0.5010644197463989"
"219628","0.5553000569343567","0.5553000569343567","0.5553000569343567"
"219631","0.5261209011077881","0.5261209011077881","0.5261209011077881"
"219654","0.8364341855049133","0.8364341855049133","0.8364341855049133"
"219736","0.716486394405365","0.716486394405365","0.716486394405365"
"219801","0.7896597385406494","0.7896597385406494","0.7896597385406494"
"219806","0.8648755550384521","0.8648755550384521","0.8648755550384521"
"219828","0.5614428520202637","0.5614428520202637","0.5614428520202637"
"219840","0.7001244425773621","0.7001244425773621","0.7001244425773621"
"219865","0.8085237741470337","0.8085237741470337","0.8085237741470337"
"219867","0.45723235607147217","0.45723235607147217","0.45723235607147217"
"219869","0.6752157807350159","0.6752157807350159","0.6752157807350159"
"219876","0.568004846572876","0.568004846572876","0.568004846572876"
"219903","0.9310405254364014","0.9310405254364014","0.9310405254364014"
"219913","0.974311351776123","0.974311351776123","0.974311351776123"
"219936","0.6525070667266846","0.6525070667266846","0.6525070667266846"
"219998","0.6941312551498413","0.6941312551498413","0.6941312551498413"
"220024","0.7001978158950806","0.7001978158950806","0.7001978158950806"
"220039","0.8352429866790771","0.8352429866790771","0.8352429866790771"
"220065","0.6686257123947144","0.6686257123947144","0.6686257123947144"
"220139","0.37020790576934814","0.37020790576934814","0.37020790576934814"
"220173","0.5700641870498657","0.5700641870498657","0.5700641870498657"
"220174","0.8707840442657471","0.8707840442657471","0.8707840442657471"
"220230","0.6785752773284912","0.6785752773284912","0.6785752773284912"
"220231","0.48343658447265625","0.48343658447265625","0.48343658447265625"
"220237","0.5905029773712158","0.5905029773712158","0.5905029773712158"
"220242","0.6813504099845886","0.6813504099845886","0.6813504099845886"
"220267","0.7598150968551636","0.7598150968551636","0.7598150968551636"
"220300","0.7961121797561646","0.7961121797561646","0.7961121797561646"
"220313","0.8749628067016602","0.8749628067016602","0.8749628067016602"
"220319","0.7206512093544006","0.7206512093544006","0.7206512093544006"
"220371","0.769879937171936","0.769879937171936","0.769879937171936"
"220380","0.8499509692192078","0.8499509692192078","0.8499509692192078"
"220468","0.803017795085907","0.803017795085907","0.803017795085907"
"220482","0.9776414632797241","0.9776414632797241","0.9776414632797241"
"220496","0.7479093074798584","0.7479093074798584","0.7479093074798584"
"220501","0.8898751735687256","0.8898751735687256","0.8898751735687256"
"220520","0.7298486232757568","0.7298486232757568","0.7298486232757568"
"220535","0.7504572868347168","0.7504572868347168","0.7504572868347168"
"220545","1.0324289798736572","1.0324289798736572","1.0324289798736572"
"220552","0.7756474018096924","0.7756474018096924","0.7756474018096924"
"220599","0.9371259212493896","0.9371259212493896","0.9371259212493896"
"220616","0.8492168188095093","0.8492168188095093","0.8492168188095093"
"220662","0.8580589294433594","0.8580589294433594","0.8580589294433594"
"220675","1.1589808464050293","1.1589808464050293","1.1589808464050293"
"220681","0.5888043642044067","0.5888043642044067","0.5888043642044067"
"220685","0.5822939872741699","0.5822939872741699","0.5822939872741699"
"220711","0.6571321487426758","0.6571321487426758","0.6571321487426758"
"220765","1.0486081838607788","1.0486081838607788","1.0486081838607788"
"220814","0.6014406681060791","0.6014406681060791","0.6014406681060791"
"220815","0.9337955713272095","0.9337955713272095","0.9337955713272095"
"220846","0.7517242431640625","0.7517242431640625","0.7517242431640625"
"220847","0.4912711977958679","0.4912711977958679","0.4912711977958679"
"220858","0.6130968332290649","0.6130968332290649","0.6130968332290649"
"220860","0.868744969367981","0.868744969367981","0.868744969367981"
"220871","0.7019135355949402","0.7019135355949402","0.7019135355949402"
"220874","0.7417551279067993","0.7417551279067993","0.7417551279067993"
"220957","0.4390373229980469","0.4390373229980469","0.4390373229980469"
"220969","0.8283654451370239","0.8283654451370239","0.8283654451370239"
"221066","0.5086812973022461","0.5086812973022461","0.5086812973022461"
"221091","0.4711289405822754","0.4711289405822754","0.4711289405822754"
"221129","0.7432618141174316","0.7432618141174316","0.7432618141174316"
"221170","0.7451998591423035","0.7451998591423035","0.7451998591423035"
"221204","0.6731376647949219","0.6731376647949219","0.6731376647949219"
"221250","0.7079004049301147","0.7079004049301147","0.7079004049301147"
"221293","0.6100512742996216","0.6100512742996216","0.6100512742996216"
"221311","0.5244708061218262","0.5244708061218262","0.5244708061218262"
"221318","0.5322779417037964","0.5322779417037964","0.5322779417037964"
"221339","0.5747144818305969","0.5747144818305969","0.5747144818305969"
"221346","0.9842012524604797","0.9842012524604797","0.9842012524604797"
"221415","0.5779874324798584","0.5779874324798584","0.5779874324798584"
"221480","0.4937202036380768","0.4937202036380768","0.4937202036380768"
"221486","0.6874855756759644","0.6874855756759644","0.6874855756759644"
"221496","0.8915029764175415","0.8915029764175415","0.8915029764175415"
"221502","0.852286696434021","0.852286696434021","0.852286696434021"
"221503","0.4952012002468109","0.4952012002468109","0.4952012002468109"
"221515","0.7059816122055054","0.7059816122055054","0.7059816122055054"
"221549","0.9139756560325623","0.9139756560325623","0.9139756560325623"
"221551","0.5936663150787354","0.5936663150787354","0.5936663150787354"
"221565","0.7338417768478394","0.7338417768478394","0.7338417768478394"
"221581","0.6425999999046326","0.6425999999046326","0.6425999999046326"
"221604","0.500605583190918","0.500605583190918","0.500605583190918"
"221614","0.7166635990142822","0.7166635990142822","0.7166635990142822"
"221621","0.5080323219299316","0.5080323219299316","0.5080323219299316"
"221674","0.5857835412025452","0.5857835412025452","0.5857835412025452"
"221698","0.5706541538238525","0.5706541538238525","0.5706541538238525"
"221721","0.7683625221252441","0.7683625221252441","0.7683625221252441"
"221743","0.6820553541183472","0.6820553541183472","0.6820553541183472"
"221752","0.741700291633606","0.741700291633606","0.741700291633606"
"221755","0.6799166202545166","0.6799166202545166","0.6799166202545166"
"221799","0.9738761782646179","0.9738761782646179","0.9738761782646179"
"221825","0.760735273361206","0.760735273361206","0.760735273361206"
"221864","0.7998390197753906","0.7998390197753906","0.7998390197753906"
"221891","0.8983259797096252","0.8983259797096252","0.8983259797096252"
"221924","0.9598467946052551","0.9598467946052551","0.9598467946052551"
"221996","0.7186196446418762","0.7186196446418762","0.7186196446418762"
"222048","0.8409444093704224","0.8409444093704224","0.8409444093704224"
"222131","0.5706397891044617","0.5706397891044617","0.5706397891044617"
"222158","0.6974201798439026","0.6974201798439026","0.6974201798439026"
"222197","0.7687313556671143","0.7687313556671143","0.7687313556671143"
"222226","1.142246961593628","1.142246961593628","1.142246961593628"
"222228","1.063499093055725","1.063499093055725","1.063499093055725"
"222236","0.8208538293838501","0.8208538293838501","0.8208538293838501"
"222337","0.9022829532623291","0.9022829532623291","0.9022829532623291"
"222387","0.6959176659584045","0.6959176659584045","0.6959176659584045"
"222428","0.6386296153068542","0.6386296153068542","0.6386296153068542"
"222469","0.6381247043609619","0.6381247043609619","0.6381247043609619"
"222511","0.3886200189590454","0.3886200189590454","0.3886200189590454"
"222518","0.9662553071975708","0.9662553071975708","0.9662553071975708"
"222559","0.6428533792495728","0.6428533792495728","0.6428533792495728"
"222564","0.7772819995880127","0.7772819995880127","0.7772819995880127"
"222577","0.6728077530860901","0.6728077530860901","0.6728077530860901"
"222601","0.9535768032073975","0.9535768032073975","0.9535768032073975"
"222625","0.6407327651977539","0.6407327651977539","0.6407327651977539"
"222635","0.7923792600631714","0.7923792600631714","0.7923792600631714"
"222639","0.9352717399597168","0.9352717399597168","0.9352717399597168"
"222653","0.9541773796081543","0.9541773796081543","0.9541773796081543"
"222657","0.5824520587921143","0.5824520587921143","0.5824520587921143"
"222671","0.7465522289276123","0.7465522289276123","0.7465522289276123"
"222728","0.4762612581253052","0.4762612581253052","0.4762612581253052"
"222731","0.8367483615875244","0.8367483615875244","0.8367483615875244"
"222742","0.46052539348602295","0.46052539348602295","0.46052539348602295"
"222746","0.5502219200134277","0.5502219200134277","0.5502219200134277"
"222754","0.7600486278533936","0.7600486278533936","0.7600486278533936"
"222762","0.8260042667388916","0.8260042667388916","0.8260042667388916"
"222873","0.7390525341033936","0.7390525341033936","0.7390525341033936"
"222875","0.8990662097930908","0.8990662097930908","0.8990662097930908"
"222905","0.8582461476325989","0.8582461476325989","0.8582461476325989"
"222960","1.0005114078521729","1.0005114078521729","1.0005114078521729"
"222984","0.6992061734199524","0.6992061734199524","0.6992061734199524"
"222997","0.7059550285339355","0.7059550285339355","0.7059550285339355"
"223007","0.88875412940979","0.88875412940979","0.88875412940979"
"223087","0.719100296497345","0.719100296497345","0.719100296497345"
"223126","0.8655015826225281","0.8655015826225281","0.8655015826225281"
"223131","0.9848678112030029","0.9848678112030029","0.9848678112030029"
"223146","0.6615415811538696","0.6615415811538696","0.6615415811538696"
"223192","0.7562500834465027","0.7562500834465027","0.7562500834465027"
"223202","0.4999167323112488","0.4999167323112488","0.4999167323112488"
"223223","1.183212161064148","1.183212161064148","1.183212161064148"
"223225","0.6926742792129517","0.6926742792129517","0.6926742792129517"
"223242","0.5970246195793152","0.5970246195793152","0.5970246195793152"
"223243","0.6568976640701294","0.6568976640701294","0.6568976640701294"
"223244","0.5398640632629395","0.5398640632629395","0.5398640632629395"
"223246","0.671992301940918","0.671992301940918","0.671992301940918"
"223271","0.7515106797218323","0.7515106797218323","0.7515106797218323"
"223290","0.8009988069534302","0.8009988069534302","0.8009988069534302"
"223302","0.7288799285888672","0.7288799285888672","0.7288799285888672"
"223306","0.7689751386642456","0.7689751386642456","0.7689751386642456"
"223327","0.7345379590988159","0.7345379590988159","0.7345379590988159"
"223331","0.799457311630249","0.799457311630249","0.799457311630249"
"223332","0.6412767767906189","0.6412767767906189","0.6412767767906189"
"223367","0.7475229501724243","0.7475229501724243","0.7475229501724243"
"223368","0.429202139377594","0.429202139377594","0.429202139377594"
"223369","0.6695354580879211","0.6695354580879211","0.6695354580879211"
"223372","0.8621472716331482","0.8621472716331482","0.8621472716331482"
"223401","0.424646258354187","0.424646258354187","0.424646258354187"
"223419","0.7866115570068359","0.7866115570068359","0.7866115570068359"
"223424","0.6046721935272217","0.6046721935272217","0.6046721935272217"
"223487","0.8657888174057007","0.8657888174057007","0.8657888174057007"
"223512","0.8215215802192688","0.8215215802192688","0.8215215802192688"
"223518","0.47622787952423096","0.47622787952423096","0.47622787952423096"
"223589","0.6605290174484253","0.6605290174484253","0.6605290174484253"
"223595","0.7604742646217346","0.7604742646217346","0.7604742646217346"
"223652","0.5903298258781433","0.5903298258781433","0.5903298258781433"
"223664","0.49487629532814026","0.49487629532814026","0.49487629532814026"
"223675","1.128458023071289","1.128458023071289","1.128458023071289"
"223720","0.8141130208969116","0.8141130208969116","0.8141130208969116"
"223767","0.6716715097427368","0.6716715097427368","0.6716715097427368"
"223853","0.7510836124420166","0.7510836124420166","0.7510836124420166"
"223861","0.818841814994812","0.818841814994812","0.818841814994812"
"223865","0.794360339641571","0.794360339641571","0.794360339641571"
"223896","0.5485477447509766","0.5485477447509766","0.5485477447509766"
"223932","0.5630316138267517","0.5630316138267517","0.5630316138267517"
"223959","0.7804589867591858","0.7804589867591858","0.7804589867591858"
"224084","0.5959811806678772","0.5959811806678772","0.5959811806678772"
"224137","0.6092634201049805","0.6092634201049805","0.6092634201049805"
"224210","0.7506722211837769","0.7506722211837769","0.7506722211837769"
"224233","0.9750637412071228","0.9750637412071228","0.9750637412071228"
"224239","0.7923915386199951","0.7923915386199951","0.7923915386199951"
"224256","1.1217384338378906","1.1217384338378906","1.1217384338378906"
"224295","0.5136750340461731","0.5136750340461731","0.5136750340461731"
"224304","0.6529112458229065","0.6529112458229065","0.6529112458229065"
"224342","0.6114734411239624","0.6114734411239624","0.6114734411239624"
"224408","1.0664739608764648","1.0664739608764648","1.0664739608764648"
"224440","0.45479917526245117","0.45479917526245117","0.45479917526245117"
"224452","0.5985656976699829","0.5985656976699829","0.5985656976699829"
"224467","0.7093586921691895","0.7093586921691895","0.7093586921691895"
"224499","0.7023267149925232","0.7023267149925232","0.7023267149925232"
"224520","0.6602992415428162","0.6602992415428162","0.6602992415428162"
"224529","0.6167254447937012","0.6167254447937012","0.6167254447937012"
"224541","0.5631574988365173","0.5631574988365173","0.5631574988365173"
"224543","0.6467236876487732","0.6467236876487732","0.6467236876487732"
"224554","0.9715778231620789","0.9715778231620789","0.9715778231620789"
"224559","0.44135117530822754","0.44135117530822754","0.44135117530822754"
"224568","0.7925559282302856","0.7925559282302856","0.7925559282302856"
"224573","0.7839452028274536","0.7839452028274536","0.7839452028274536"
"224645","0.7987673282623291","0.7987673282623291","0.7987673282623291"
"224664","0.6471053957939148","0.6471053957939148","0.6471053957939148"
"224667","0.6575086116790771","0.6575086116790771","0.6575086116790771"
"224668","0.7723897099494934","0.7723897099494934","0.7723897099494934"
"224693","1.0285122394561768","1.0285122394561768","1.0285122394561768"
"224737","0.8557636737823486","0.8557636737823486","0.8557636737823486"
"224750","0.7192939519882202","0.7192939519882202","0.7192939519882202"
"224769","0.5855492353439331","0.5855492353439331","0.5855492353439331"
"224790","0.5672210454940796","0.5672210454940796","0.5672210454940796"
"224815","1.147799015045166","1.147799015045166","1.147799015045166"
"224851","0.41182321310043335","0.41182321310043335","0.41182321310043335"
"224862","0.6467476487159729","0.6467476487159729","0.6467476487159729"
"224939","0.561372697353363","0.561372697353363","0.561372697353363"
"224971","0.6725842356681824","0.6725842356681824","0.6725842356681824"
"224972","0.8644284009933472","0.8644284009933472","0.8644284009933472"
"224994","0.5645050406455994","0.5645050406455994","0.5645050406455994"
"225026","0.9503440260887146","0.9503440260887146","0.9503440260887146"
"225070","0.6764177083969116","0.6764177083969116","0.6764177083969116"
"225131","0.5173805952072144","0.5173805952072144","0.5173805952072144"
"225168","0.6903894543647766","0.6903894543647766","0.6903894543647766"
"225193","0.521261990070343","0.521261990070343","0.521261990070343"
"225207","0.5113811492919922","0.5113811492919922","0.5113811492919922"
"225209","0.3485802412033081","0.3485802412033081","0.3485802412033081"
"225253","1.1732734441757202","1.1732734441757202","1.1732734441757202"
"225256","0.9131411910057068","0.9131411910057068","0.9131411910057068"
"225284","0.9943297505378723","0.9943297505378723","0.9943297505378723"
"225286","0.5756686329841614","0.5756686329841614","0.5756686329841614"
"225291","0.8384730815887451","0.8384730815887451","0.8384730815887451"
"225297","0.7541233897209167","0.7541233897209167","0.7541233897209167"
"225298","0.5062288641929626","0.5062288641929626","0.5062288641929626"
"225311","0.7051947116851807","0.7051947116851807","0.7051947116851807"
"225348","0.854138195514679","0.854138195514679","0.854138195514679"
"225353","0.5432162284851074","0.5432162284851074","0.5432162284851074"
"225383","0.8127564787864685","0.8127564787864685","0.8127564787864685"
"225404","0.6386377811431885","0.6386377811431885","0.6386377811431885"
"225424","0.6607514023780823","0.6607514023780823","0.6607514023780823"
"225431","0.8673856258392334","0.8673856258392334","0.8673856258392334"
"225464","0.9155486822128296","0.9155486822128296","0.9155486822128296"
"225478","0.862313985824585","0.862313985824585","0.862313985824585"
"225498","0.6010115146636963","0.6010115146636963","0.6010115146636963"
"225511","0.6812087297439575","0.6812087297439575","0.6812087297439575"
"225520","0.7997883558273315","0.7997883558273315","0.7997883558273315"
"225547","0.6238040924072266","0.6238040924072266","0.6238040924072266"
"225583","0.6777768135070801","0.6777768135070801","0.6777768135070801"
"225590","0.6714962720870972","0.6714962720870972","0.6714962720870972"
"225609","0.7421871423721313","0.7421871423721313","0.7421871423721313"
"225611","0.8097071051597595","0.8097071051597595","0.8097071051597595"
"225647","0.7142739295959473","0.7142739295959473","0.7142739295959473"
"225660","0.6025574207305908","0.6025574207305908","0.6025574207305908"
"225724","0.754401683807373","0.754401683807373","0.754401683807373"
"225751","0.9335548877716064","0.9335548877716064","0.9335548877716064"
"225790","0.6105923056602478","0.6105923056602478","0.6105923056602478"
"225791","0.5628622174263","0.5628622174263","0.5628622174263"
"225862","0.7838784456253052","0.7838784456253052","0.7838784456253052"
"225870","0.599117636680603","0.599117636680603","0.599117636680603"
"225898","0.881417989730835","0.881417989730835","0.881417989730835"
"225899","0.916655421257019","0.916655421257019","0.916655421257019"
"225906","0.6882301568984985","0.6882301568984985","0.6882301568984985"
"225928","0.6627989411354065","0.6627989411354065","0.6627989411354065"
"225966","0.7565159797668457","0.7565159797668457","0.7565159797668457"
"225984","0.655044436454773","0.655044436454773","0.655044436454773"
"226015","0.523634135723114","0.523634135723114","0.523634135723114"
"226023","0.49057239294052124","0.49057239294052124","0.49057239294052124"
"226024","0.8841708898544312","0.8841708898544312","0.8841708898544312"
"226054","0.7342109680175781","0.7342109680175781","0.7342109680175781"
"226084","0.8864600658416748","0.8864600658416748","0.8864600658416748"
"226091","0.6982553005218506","0.6982553005218506","0.6982553005218506"
"226096","0.6939421892166138","0.6939421892166138","0.6939421892166138"
"226149","0.5674425959587097","0.5674425959587097","0.5674425959587097"
"226218","0.91292804479599","0.91292804479599","0.91292804479599"
"226220","0.8365147113800049","0.8365147113800049","0.8365147113800049"
"226227","0.6301900744438171","0.6301900744438171","0.6301900744438171"
"226245","0.9341493248939514","0.9341493248939514","0.9341493248939514"
"226251","0.7043599486351013","0.7043599486351013","0.7043599486351013"
"226254","0.7218571901321411","0.7218571901321411","0.7218571901321411"
"226267","0.8810751438140869","0.8810751438140869","0.8810751438140869"
"226270","0.644537627696991","0.644537627696991","0.644537627696991"
"226298","0.6739677786827087","0.6739677786827087","0.6739677786827087"
"226314","0.7570751905441284","0.7570751905441284","0.7570751905441284"
"226325","0.8542887568473816","0.8542887568473816","0.8542887568473816"
"226336","1.0460774898529053","1.0460774898529053","1.0460774898529053"
"226352","0.6915779113769531","0.6915779113769531","0.6915779113769531"
"226361","0.7355482578277588","0.7355482578277588","0.7355482578277588"
"226441","0.6850730776786804","0.6850730776786804","0.6850730776786804"
"226453","0.9649927020072937","0.9649927020072937","0.9649927020072937"
"226457","0.7953947186470032","0.7953947186470032","0.7953947186470032"
"226503","0.5834947824478149","0.5834947824478149","0.5834947824478149"
"226511","0.5733869075775146","0.5733869075775146","0.5733869075775146"
"226514","0.8154013752937317","0.8154013752937317","0.8154013752937317"
"226520","0.3453137278556824","0.3453137278556824","0.3453137278556824"
"226532","0.8577990531921387","0.8577990531921387","0.8577990531921387"
"226541","0.7027832269668579","0.7027832269668579","0.7027832269668579"
"226552","0.7946925163269043","0.7946925163269043","0.7946925163269043"
"226587","0.5692732334136963","0.5692732334136963","0.5692732334136963"
"226700","0.7572336196899414","0.7572336196899414","0.7572336196899414"
"226799","0.7533877491950989","0.7533877491950989","0.7533877491950989"
"226843","0.7140246629714966","0.7140246629714966","0.7140246629714966"
"226874","0.9610769748687744","0.9610769748687744","0.9610769748687744"
"226876","0.5500982999801636","0.5500982999801636","0.5500982999801636"
"226928","0.6329602003097534","0.6329602003097534","0.6329602003097534"
"226941","0.6869693994522095","0.6869693994522095","0.6869693994522095"
"226945","0.5977545976638794","0.5977545976638794","0.5977545976638794"
"226958","0.7120667099952698","0.7120667099952698","0.7120667099952698"
"226968","0.609677791595459","0.609677791595459","0.609677791595459"
"227009","0.8059414625167847","0.8059414625167847","0.8059414625167847"
"227044","0.8455575704574585","0.8455575704574585","0.8455575704574585"
"227072","0.6153515577316284","0.6153515577316284","0.6153515577316284"
"227086","0.8322659730911255","0.8322659730911255","0.8322659730911255"
"227114","0.7228364944458008","0.7228364944458008","0.7228364944458008"
"227204","0.9621706604957581","0.9621706604957581","0.9621706604957581"
"227229","0.639901340007782","0.639901340007782","0.639901340007782"
"227270","0.6594656705856323","0.6594656705856323","0.6594656705856323"
"227317","0.6760783195495605","0.6760783195495605","0.6760783195495605"
"227346","0.7626684904098511","0.7626684904098511","0.7626684904098511"
"227348","0.9656600952148438","0.9656600952148438","0.9656600952148438"
"227386","0.7786567807197571","0.7786567807197571","0.7786567807197571"
"227410","0.7839670777320862","0.7839670777320862","0.7839670777320862"
"227428","0.7685587406158447","0.7685587406158447","0.7685587406158447"
"227513","0.4240429401397705","0.4240429401397705","0.4240429401397705"
"227514","0.9754493236541748","0.9754493236541748","0.9754493236541748"
"227515","0.5004428625106812","0.5004428625106812","0.5004428625106812"
"227518","0.4854927062988281","0.4854927062988281","0.4854927062988281"
"227528","0.718232274055481","0.718232274055481","0.718232274055481"
"227582","0.802082896232605","0.802082896232605","0.802082896232605"
"227584","0.6113900542259216","0.6113900542259216","0.6113900542259216"
"227602","0.8498935103416443","0.8498935103416443","0.8498935103416443"
"227740","0.6526980400085449","0.6526980400085449","0.6526980400085449"
"227830","0.7238429188728333","0.7238429188728333","0.7238429188728333"
"227838","0.877025842666626","0.877025842666626","0.877025842666626"
"227845","0.5544750690460205","0.5544750690460205","0.5544750690460205"
"227902","0.5596393346786499","0.5596393346786499","0.5596393346786499"
"227922","0.7151064276695251","0.7151064276695251","0.7151064276695251"
"227925","0.6507108211517334","0.6507108211517334","0.6507108211517334"
"227934","0.7684721350669861","0.7684721350669861","0.7684721350669861"
"228000","0.6741234064102173","0.6741234064102173","0.6741234064102173"
"228026","0.8004806637763977","0.8004806637763977","0.8004806637763977"
"228029","0.584794282913208","0.584794282913208","0.584794282913208"
"228072","0.851233720779419","0.851233720779419","0.851233720779419"
"228076","0.6898425817489624","0.6898425817489624","0.6898425817489624"
"228092","0.5808029770851135","0.5808029770851135","0.5808029770851135"
"228129","0.7601088881492615","0.7601088881492615","0.7601088881492615"
"228143","0.5865074396133423","0.5865074396133423","0.5865074396133423"
"228240","0.5364611148834229","0.5364611148834229","0.5364611148834229"
"228251","0.5898525714874268","0.5898525714874268","0.5898525714874268"
"228258","0.5043030977249146","0.5043030977249146","0.5043030977249146"
"228309","0.7674785852432251","0.7674785852432251","0.7674785852432251"
"228330","0.6211920976638794","0.6211920976638794","0.6211920976638794"
"228344","0.6929795742034912","0.6929795742034912","0.6929795742034912"
"228363","0.5990593433380127","0.5990593433380127","0.5990593433380127"
"228385","0.46959251165390015","0.46959251165390015","0.46959251165390015"
"228412","0.8101068735122681","0.8101068735122681","0.8101068735122681"
"228430","0.8770203590393066","0.8770203590393066","0.8770203590393066"
"228478","0.6016386151313782","0.6016386151313782","0.6016386151313782"
"228517","0.5483078360557556","0.5483078360557556","0.5483078360557556"
"228531","0.795412540435791","0.795412540435791","0.795412540435791"
"228548","0.70673668384552","0.70673668384552","0.70673668384552"
"228594","0.7126433849334717","0.7126433849334717","0.7126433849334717"
"228600","0.7637143135070801","0.7637143135070801","0.7637143135070801"
"228617","0.7225988507270813","0.7225988507270813","0.7225988507270813"
"228633","0.567405104637146","0.567405104637146","0.567405104637146"
"228673","1.0515196323394775","1.0515196323394775","1.0515196323394775"
"228689","0.7943316698074341","0.7943316698074341","0.7943316698074341"
"228794","0.552172064781189","0.552172064781189","0.552172064781189"
"228821","1.0130391120910645","1.0130391120910645","1.0130391120910645"
"228843","1.2301291227340698","1.2301291227340698","1.2301291227340698"
"228862","0.554587185382843","0.554587185382843","0.554587185382843"
"228903","0.5685185194015503","0.5685185194015503","0.5685185194015503"
"228916","0.7782132625579834","0.7782132625579834","0.7782132625579834"
"228932","0.5030341744422913","0.5030341744422913","0.5030341744422913"
"228939","0.5797595381736755","0.5797595381736755","0.5797595381736755"
"228943","0.4957101047039032","0.4957101047039032","0.4957101047039032"
"228950","0.825414776802063","0.825414776802063","0.825414776802063"
"228952","0.7381338477134705","0.7381338477134705","0.7381338477134705"
"228969","0.7711983919143677","0.7711983919143677","0.7711983919143677"
"229002","0.7825178503990173","0.7825178503990173","0.7825178503990173"
"229027","0.7027126550674438","0.7027126550674438","0.7027126550674438"
"229032","0.6407665014266968","0.6407665014266968","0.6407665014266968"
"229049","0.4276602268218994","0.4276602268218994","0.4276602268218994"
"229085","0.557584822177887","0.557584822177887","0.557584822177887"
"229093","0.7248698472976685","0.7248698472976685","0.7248698472976685"
"229105","0.7336227893829346","0.7336227893829346","0.7336227893829346"
"229118","1.0065021514892578","1.0065021514892578","1.0065021514892578"
"229146","0.6733788251876831","0.6733788251876831","0.6733788251876831"
"229205","0.5874297618865967","0.5874297618865967","0.5874297618865967"
"229229","0.5876239538192749","0.5876239538192749","0.5876239538192749"
"229261","0.6755479574203491","0.6755479574203491","0.6755479574203491"
"229284","0.5721983909606934","0.5721983909606934","0.5721983909606934"
"229293","0.831302285194397","0.831302285194397","0.831302285194397"
"229320","0.9800834655761719","0.9800834655761719","0.9800834655761719"
"229330","0.8739627599716187","0.8739627599716187","0.8739627599716187"
"229341","0.9269339442253113","0.9269339442253113","0.9269339442253113"
"229343","0.5045355558395386","0.5045355558395386","0.5045355558395386"
"229349","0.8627468347549438","0.8627468347549438","0.8627468347549438"
"229364","0.9031722545623779","0.9031722545623779","0.9031722545623779"
"229389","0.7128983736038208","0.7128983736038208","0.7128983736038208"
"229398","0.5850636959075928","0.5850636959075928","0.5850636959075928"
"229400","0.6217824816703796","0.6217824816703796","0.6217824816703796"
"229408","0.7480145692825317","0.7480145692825317","0.7480145692825317"
"229428","0.5973960161209106","0.5973960161209106","0.5973960161209106"
"229511","0.9989920854568481","0.9989920854568481","0.9989920854568481"
"229521","0.5959352254867554","0.5959352254867554","0.5959352254867554"
"229549","0.5238664150238037","0.5238664150238037","0.5238664150238037"
"229589","0.3848971128463745","0.3848971128463745","0.3848971128463745"
"229609","0.6685331463813782","0.6685331463813782","0.6685331463813782"
"229622","0.716982364654541","0.716982364654541","0.716982364654541"
"229651","0.7466432452201843","0.7466432452201843","0.7466432452201843"
"229653","0.6683072447776794","0.6683072447776794","0.6683072447776794"
"229660","0.6151780486106873","0.6151780486106873","0.6151780486106873"
"229661","0.4239221215248108","0.4239221215248108","0.4239221215248108"
"229698","0.7945287227630615","0.7945287227630615","0.7945287227630615"
"229768","0.6650366187095642","0.6650366187095642","0.6650366187095642"
"229808","0.8328527212142944","0.8328527212142944","0.8328527212142944"
"229835","0.5450888276100159","0.5450888276100159","0.5450888276100159"
"229860","0.5369358658790588","0.5369358658790588","0.5369358658790588"
"229862","0.9156345725059509","0.9156345725059509","0.9156345725059509"
"229871","0.7635090351104736","0.7635090351104736","0.7635090351104736"
"229876","0.6532703638076782","0.6532703638076782","0.6532703638076782"
"229883","0.8456965088844299","0.8456965088844299","0.8456965088844299"
"229889","0.839868426322937","0.839868426322937","0.839868426322937"
"229918","0.7856871485710144","0.7856871485710144","0.7856871485710144"
"229924","0.6925923228263855","0.6925923228263855","0.6925923228263855"
"229925","0.652915358543396","0.652915358543396","0.652915358543396"
"229933","0.5057538747787476","0.5057538747787476","0.5057538747787476"
"229940","0.615827202796936","0.615827202796936","0.615827202796936"
"229950","0.41477304697036743","0.41477304697036743","0.41477304697036743"
"229955","0.6528888940811157","0.6528888940811157","0.6528888940811157"
"229971","0.6002740263938904","0.6002740263938904","0.6002740263938904"
"229996","0.7228964567184448","0.7228964567184448","0.7228964567184448"
"230060","0.4831770658493042","0.4831770658493042","0.4831770658493042"
"230099","0.983258843421936","0.983258843421936","0.983258843421936"
"230106","0.45864009857177734","0.45864009857177734","0.45864009857177734"
"230127","0.7100780010223389","0.7100780010223389","0.7100780010223389"
"230141","0.5140173435211182","0.5140173435211182","0.5140173435211182"
"230147","1.0841319561004639","1.0841319561004639","1.0841319561004639"
"230200","0.5443240404129028","0.5443240404129028","0.5443240404129028"
"230201","0.719251275062561","0.719251275062561","0.719251275062561"
"230239","0.5278275012969971","0.5278275012969971","0.5278275012969971"
"230241","0.8646974563598633","0.8646974563598633","0.8646974563598633"
"230263","0.7207479476928711","0.7207479476928711","0.7207479476928711"
"230272","0.618213415145874","0.618213415145874","0.618213415145874"
"230286","0.8437016010284424","0.8437016010284424","0.8437016010284424"
"230288","0.7187211513519287","0.7187211513519287","0.7187211513519287"
"230304","0.549972653388977","0.549972653388977","0.549972653388977"
"230314","0.8624758720397949","0.8624758720397949","0.8624758720397949"
"230324","0.3687785863876343","0.3687785863876343","0.3687785863876343"
"230330","0.757699728012085","0.757699728012085","0.757699728012085"
"230345","1.201074242591858","1.201074242591858","1.201074242591858"
"230346","0.7224105596542358","0.7224105596542358","0.7224105596542358"
"230355","0.7531599998474121","0.7531599998474121","0.7531599998474121"
"230405","0.6458550691604614","0.6458550691604614","0.6458550691604614"
"230448","0.8258704543113708","0.8258704543113708","0.8258704543113708"
"230453","0.6525930762290955","0.6525930762290955","0.6525930762290955"
"230466","0.6397298574447632","0.6397298574447632","0.6397298574447632"
"230477","0.4777892827987671","0.4777892827987671","0.4777892827987671"
"230509","0.6813145875930786","0.6813145875930786","0.6813145875930786"
"230567","0.5722794532775879","0.5722794532775879","0.5722794532775879"
"230588","0.41194581985473633","0.41194581985473633","0.41194581985473633"
"230590","0.9643511176109314","0.9643511176109314","0.9643511176109314"
"230594","0.7398751378059387","0.7398751378059387","0.7398751378059387"
"230618","0.8668531775474548","0.8668531775474548","0.8668531775474548"
"230619","0.6473037004470825","0.6473037004470825","0.6473037004470825"
"230639","0.6233612895011902","0.6233612895011902","0.6233612895011902"
"230656","0.7652353048324585","0.7652353048324585","0.7652353048324585"
"230672","1.1308122873306274","1.1308122873306274","1.1308122873306274"
"230693","0.7769931554794312","0.7769931554794312","0.7769931554794312"
"230700","0.46948111057281494","0.46948111057281494","0.46948111057281494"
"230776","0.8226498365402222","0.8226498365402222","0.8226498365402222"
"230814","0.6904299259185791","0.6904299259185791","0.6904299259185791"
"230847","0.880211591720581","0.880211591720581","0.880211591720581"
"230861","0.7562710046768188","0.7562710046768188","0.7562710046768188"
"230874","0.5046858787536621","0.5046858787536621","0.5046858787536621"
"230888","0.4990338683128357","0.4990338683128357","0.4990338683128357"
"230996","0.5489621162414551","0.5489621162414551","0.5489621162414551"
"231023","0.8051642775535583","0.8051642775535583","0.8051642775535583"
"231046","0.6030097007751465","0.6030097007751465","0.6030097007751465"
"231118","0.5972111821174622","0.5972111821174622","0.5972111821174622"
"231159","0.5927971601486206","0.5927971601486206","0.5927971601486206"
"231163","0.575200617313385","0.575200617313385","0.575200617313385"
"231166","0.9988351464271545","0.9988351464271545","0.9988351464271545"
"231167","0.47526663541793823","0.47526663541793823","0.47526663541793823"
"231185","1.108103632926941","1.108103632926941","1.108103632926941"
"231277","0.8432163000106812","0.8432163000106812","0.8432163000106812"
"231297","0.508816659450531","0.508816659450531","0.508816659450531"
"231331","0.6297480463981628","0.6297480463981628","0.6297480463981628"
"231342","0.787543535232544","0.787543535232544","0.787543535232544"
"231372","0.6586923599243164","0.6586923599243164","0.6586923599243164"
"231390","0.8374406099319458","0.8374406099319458","0.8374406099319458"
"231420","1.2104439735412598","1.2104439735412598","1.2104439735412598"
"231463","0.6102398633956909","0.6102398633956909","0.6102398633956909"
"231466","0.8162059783935547","0.8162059783935547","0.8162059783935547"
"231513","0.5437756776809692","0.5437756776809692","0.5437756776809692"
"231538","0.7731399536132812","0.7731399536132812","0.7731399536132812"
"231541","0.5354304909706116","0.5354304909706116","0.5354304909706116"
"231544","0.6449812650680542","0.6449812650680542","0.6449812650680542"
"231561","0.6586401462554932","0.6586401462554932","0.6586401462554932"
"231668","0.710240364074707","0.710240364074707","0.710240364074707"
"231670","0.6750366687774658","0.6750366687774658","0.6750366687774658"
"231700","0.8990797996520996","0.8990797996520996","0.8990797996520996"
"231701","0.6156113147735596","0.6156113147735596","0.6156113147735596"
"231740","0.5990394949913025","0.5990394949913025","0.5990394949913025"
"231780","1.0288702249526978","1.0288702249526978","1.0288702249526978"
"231784","0.6293668746948242","0.6293668746948242","0.6293668746948242"
"231792","0.7118803858757019","0.7118803858757019","0.7118803858757019"
"231798","0.7971168756484985","0.7971168756484985","0.7971168756484985"
"231799","0.7170275449752808","0.7170275449752808","0.7170275449752808"
"231806","0.6915262937545776","0.6915262937545776","0.6915262937545776"
"231815","0.5311049818992615","0.5311049818992615","0.5311049818992615"
"231833","0.5509054064750671","0.5509054064750671","0.5509054064750671"
"231848","0.6368808746337891","0.6368808746337891","0.6368808746337891"
"231860","0.521828293800354","0.521828293800354","0.521828293800354"
"231874","0.8004409074783325","0.8004409074783325","0.8004409074783325"
"231889","0.9624181985855103","0.9624181985855103","0.9624181985855103"
"231915","0.666872501373291","0.666872501373291","0.666872501373291"
"231939","0.8769181966781616","0.8769181966781616","0.8769181966781616"
"231970","0.7498029470443726","0.7498029470443726","0.7498029470443726"
"231974","0.7765018939971924","0.7765018939971924","0.7765018939971924"
"231984","0.9615273475646973","0.9615273475646973","0.9615273475646973"
"231997","0.35028398036956787","0.35028398036956787","0.35028398036956787"
"232039","0.8250185251235962","0.8250185251235962","0.8250185251235962"
"232069","0.6476339101791382","0.6476339101791382","0.6476339101791382"
"232088","0.5908485651016235","0.5908485651016235","0.5908485651016235"
"232089","0.5267067551612854","0.5267067551612854","0.5267067551612854"
"232106","0.6152691841125488","0.6152691841125488","0.6152691841125488"
"232135","0.7864408493041992","0.7864408493041992","0.7864408493041992"
"232153","0.6234705448150635","0.6234705448150635","0.6234705448150635"
"232154","0.9473826289176941","0.9473826289176941","0.9473826289176941"
"232201","0.5439946055412292","0.5439946055412292","0.5439946055412292"
"232208","0.6410269141197205","0.6410269141197205","0.6410269141197205"
"232218","0.7846723794937134","0.7846723794937134","0.7846723794937134"
"232221","0.42415881156921387","0.42415881156921387","0.42415881156921387"
"232327","0.881213903427124","0.881213903427124","0.881213903427124"
"232330","0.5523383021354675","0.5523383021354675","0.5523383021354675"
"232374","1.041218638420105","1.041218638420105","1.041218638420105"
"232386","0.6832170486450195","0.6832170486450195","0.6832170486450195"
"232393","0.7300926446914673","0.7300926446914673","0.7300926446914673"
"232437","0.3190956711769104","0.3190956711769104","0.3190956711769104"
"232443","0.8427585959434509","0.8427585959434509","0.8427585959434509"
"232484","0.7493657469749451","0.7493657469749451","0.7493657469749451"
"232486","0.7394684553146362","0.7394684553146362","0.7394684553146362"
"232526","0.8923654556274414","0.8923654556274414","0.8923654556274414"
"232618","0.919521152973175","0.919521152973175","0.919521152973175"
"232678","0.7006787657737732","0.7006787657737732","0.7006787657737732"
"232724","0.9864952564239502","0.9864952564239502","0.9864952564239502"
"232780","0.919615626335144","0.919615626335144","0.919615626335144"
"232796","0.925572395324707","0.925572395324707","0.925572395324707"
"232822","0.8992760181427002","0.8992760181427002","0.8992760181427002"
"232836","0.5680714845657349","0.5680714845657349","0.5680714845657349"
"232852","1.006974458694458","1.006974458694458","1.006974458694458"
"232857","0.5772601366043091","0.5772601366043091","0.5772601366043091"
"232876","0.9526557326316833","0.9526557326316833","0.9526557326316833"
"232962","0.8040821552276611","0.8040821552276611","0.8040821552276611"
"232976","0.684547483921051","0.684547483921051","0.684547483921051"
"232999","0.30440568923950195","0.30440568923950195","0.30440568923950195"
"233004","0.6361584663391113","0.6361584663391113","0.6361584663391113"
"233040","0.5230962038040161","0.5230962038040161","0.5230962038040161"
"233050","0.4821441173553467","0.4821441173553467","0.4821441173553467"
"233062","0.633148193359375","0.633148193359375","0.633148193359375"
"233075","0.7818295359611511","0.7818295359611511","0.7818295359611511"
"233080","0.9611033797264099","0.9611033797264099","0.9611033797264099"
"233128","0.754760205745697","0.754760205745697","0.754760205745697"
"233139","0.7381283044815063","0.7381283044815063","0.7381283044815063"
"233163","0.6931201219558716","0.6931201219558716","0.6931201219558716"
"233185","0.6397836208343506","0.6397836208343506","0.6397836208343506"
"233187","0.48177945613861084","0.48177945613861084","0.48177945613861084"
"233211","0.9569215774536133","0.9569215774536133","0.9569215774536133"
"233213","0.6443375945091248","0.6443375945091248","0.6443375945091248"
"233263","0.7229808568954468","0.7229808568954468","0.7229808568954468"
"233311","0.44162821769714355","0.44162821769714355","0.44162821769714355"
"233375","0.7312394976615906","0.7312394976615906","0.7312394976615906"
"233376","0.9880183339118958","0.9880183339118958","0.9880183339118958"
"233381","0.5658777356147766","0.5658777356147766","0.5658777356147766"
"233394","1.0785279273986816","1.0785279273986816","1.0785279273986816"
"233395","0.7380623817443848","0.7380623817443848","0.7380623817443848"
"233404","1.0260088443756104","1.0260088443756104","1.0260088443756104"
"233436","0.7177538871765137","0.7177538871765137","0.7177538871765137"
"233440","0.6346158981323242","0.6346158981323242","0.6346158981323242"
"233453","0.6797910928726196","0.6797910928726196","0.6797910928726196"
"233458","0.5943772792816162","0.5943772792816162","0.5943772792816162"
"233468","1.2146008014678955","1.2146008014678955","1.2146008014678955"
"233496","0.8895519971847534","0.8895519971847534","0.8895519971847534"
"233516","0.8679872155189514","0.8679872155189514","0.8679872155189514"
"233522","0.7150484919548035","0.7150484919548035","0.7150484919548035"
"233562","0.7069844603538513","0.7069844603538513","0.7069844603538513"
"233590","0.5471488237380981","0.5471488237380981","0.5471488237380981"
"233603","0.6322177648544312","0.6322177648544312","0.6322177648544312"
"233606","0.7900130152702332","0.7900130152702332","0.7900130152702332"
"233666","0.7380436658859253","0.7380436658859253","0.7380436658859253"
"233737","0.8284403085708618","0.8284403085708618","0.8284403085708618"
"233754","0.7802157998085022","0.7802157998085022","0.7802157998085022"
"233836","0.6423299312591553","0.6423299312591553","0.6423299312591553"
"233838","0.8384463787078857","0.8384463787078857","0.8384463787078857"
"233855","0.552044153213501","0.552044153213501","0.552044153213501"
"233857","0.9247593879699707","0.9247593879699707","0.9247593879699707"
"233867","0.8871263265609741","0.8871263265609741","0.8871263265609741"
"233884","0.5337620973587036","0.5337620973587036","0.5337620973587036"
"233924","0.9175824522972107","0.9175824522972107","0.9175824522972107"
"233929","1.1099562644958496","1.1099562644958496","1.1099562644958496"
"233933","0.8056195378303528","0.8056195378303528","0.8056195378303528"
"233978","0.5492332577705383","0.5492332577705383","0.5492332577705383"
"233994","0.8171459436416626","0.8171459436416626","0.8171459436416626"
"233998","0.7610304355621338","0.7610304355621338","0.7610304355621338"
"234019","0.6390013694763184","0.6390013694763184","0.6390013694763184"
"234038","0.5209651589393616","0.5209651589393616","0.5209651589393616"
"234078","0.7010276317596436","0.7010276317596436","0.7010276317596436"
"234151","0.7413917183876038","0.7413917183876038","0.7413917183876038"
"234203","0.6660633683204651","0.6660633683204651","0.6660633683204651"
"234228","0.6975132822990417","0.6975132822990417","0.6975132822990417"
"234289","0.5721473693847656","0.5721473693847656","0.5721473693847656"
"234311","0.9025013446807861","0.9025013446807861","0.9025013446807861"
"234360","0.6750717163085938","0.6750717163085938","0.6750717163085938"
"234378","0.6942248344421387","0.6942248344421387","0.6942248344421387"
"234409","0.7841694355010986","0.7841694355010986","0.7841694355010986"
"234434","0.8054000735282898","0.8054000735282898","0.8054000735282898"
"234440","0.6630178689956665","0.6630178689956665","0.6630178689956665"
"234450","1.0352259874343872","1.0352259874343872","1.0352259874343872"
"234455","0.7426539659500122","0.7426539659500122","0.7426539659500122"
"234466","0.6314448714256287","0.6314448714256287","0.6314448714256287"
"234477","0.6071001291275024","0.6071001291275024","0.6071001291275024"
"234495","0.795111358165741","0.795111358165741","0.795111358165741"
"234544","0.8645766377449036","0.8645766377449036","0.8645766377449036"
"234556","0.4396374225616455","0.4396374225616455","0.4396374225616455"
"234572","0.8151419162750244","0.8151419162750244","0.8151419162750244"
"234609","0.48784899711608887","0.48784899711608887","0.48784899711608887"
"234613","0.7648053169250488","0.7648053169250488","0.7648053169250488"
"234656","0.6339716911315918","0.6339716911315918","0.6339716911315918"
"234686","0.861787736415863","0.861787736415863","0.861787736415863"
"234689","0.6953867077827454","0.6953867077827454","0.6953867077827454"
"234692","0.5550353527069092","0.5550353527069092","0.5550353527069092"
"234699","0.8106601238250732","0.8106601238250732","0.8106601238250732"
"234701","0.6440363526344299","0.6440363526344299","0.6440363526344299"
"234733","0.9118839502334595","0.9118839502334595","0.9118839502334595"
"234753","0.6895871162414551","0.6895871162414551","0.6895871162414551"
"234824","0.7550565004348755","0.7550565004348755","0.7550565004348755"
"234842","0.9559941291809082","0.9559941291809082","0.9559941291809082"
"234845","0.5578914284706116","0.5578914284706116","0.5578914284706116"
"234853","0.7384020090103149","0.7384020090103149","0.7384020090103149"
"234872","0.6795015335083008","0.6795015335083008","0.6795015335083008"
"234880","0.6805847883224487","0.6805847883224487","0.6805847883224487"
"234900","0.598648190498352","0.598648190498352","0.598648190498352"
"234901","0.7694921493530273","0.7694921493530273","0.7694921493530273"
"234934","0.5421730279922485","0.5421730279922485","0.5421730279922485"
"234939","0.5292121767997742","0.5292121767997742","0.5292121767997742"
"234964","1.0075539350509644","1.0075539350509644","1.0075539350509644"
"234990","0.49825549125671387","0.49825549125671387","0.49825549125671387"
"235043","0.6923017501831055","0.6923017501831055","0.6923017501831055"
"235052","0.9424102306365967","0.9424102306365967","0.9424102306365967"
"235111","0.4382864236831665","0.4382864236831665","0.4382864236831665"
"235121","0.7036625146865845","0.7036625146865845","0.7036625146865845"
"235124","0.5502734184265137","0.5502734184265137","0.5502734184265137"
"235159","0.6908931732177734","0.6908931732177734","0.6908931732177734"
"235193","1.0120362043380737","1.0120362043380737","1.0120362043380737"
"235228","0.621354341506958","0.621354341506958","0.621354341506958"
"235249","0.5248479247093201","0.5248479247093201","0.5248479247093201"
"235272","0.8208891749382019","0.8208891749382019","0.8208891749382019"
"235288","1.0796558856964111","1.0796558856964111","1.0796558856964111"
"235332","0.4779666066169739","0.4779666066169739","0.4779666066169739"
"235379","0.7517440319061279","0.7517440319061279","0.7517440319061279"
"235431","0.6726131439208984","0.6726131439208984","0.6726131439208984"
"235443","0.5477374792098999","0.5477374792098999","0.5477374792098999"
"235444","0.6519123315811157","0.6519123315811157","0.6519123315811157"
"235451","0.6059162616729736","0.6059162616729736","0.6059162616729736"
"235474","0.7767028212547302","0.7767028212547302","0.7767028212547302"
"235487","0.5313287973403931","0.5313287973403931","0.5313287973403931"
"235499","0.6865655183792114","0.6865655183792114","0.6865655183792114"
"235514","0.7889384031295776","0.7889384031295776","0.7889384031295776"
"235518","0.764744758605957","0.764744758605957","0.764744758605957"
"235525","0.682586669921875","0.682586669921875","0.682586669921875"
"235554","0.6237541437149048","0.6237541437149048","0.6237541437149048"
"235571","1.2750303745269775","1.2750303745269775","1.2750303745269775"
"235655","0.44464635848999023","0.44464635848999023","0.44464635848999023"
"235669","0.6345476508140564","0.6345476508140564","0.6345476508140564"
"235721","0.5982375741004944","0.5982375741004944","0.5982375741004944"
"235784","0.6633422374725342","0.6633422374725342","0.6633422374725342"
"235868","0.8018511533737183","0.8018511533737183","0.8018511533737183"
"235889","0.553525447845459","0.553525447845459","0.553525447845459"
"235918","0.8111968040466309","0.8111968040466309","0.8111968040466309"
"235928","0.8727943897247314","0.8727943897247314","0.8727943897247314"
"235932","0.9060057997703552","0.9060057997703552","0.9060057997703552"
"235933","0.8123210668563843","0.8123210668563843","0.8123210668563843"
"235935","0.7017266750335693","0.7017266750335693","0.7017266750335693"
"235957","0.6891863346099854","0.6891863346099854","0.6891863346099854"
"235972","0.4892490804195404","0.4892490804195404","0.4892490804195404"
"235988","0.5628568530082703","0.5628568530082703","0.5628568530082703"
"236031","0.8852419853210449","0.8852419853210449","0.8852419853210449"
"236034","0.8671948909759521","0.8671948909759521","0.8671948909759521"
"236037","0.7274868488311768","0.7274868488311768","0.7274868488311768"
"236047","0.6944515705108643","0.6944515705108643","0.6944515705108643"
"236060","0.6760258674621582","0.6760258674621582","0.6760258674621582"
"236073","1.030561923980713","1.030561923980713","1.030561923980713"
"236081","0.6279841661453247","0.6279841661453247","0.6279841661453247"
"236085","0.36655545234680176","0.36655545234680176","0.36655545234680176"
"236101","0.5183331966400146","0.5183331966400146","0.5183331966400146"
"236109","0.99310302734375","0.99310302734375","0.99310302734375"
"236141","1.0532784461975098","1.0532784461975098","1.0532784461975098"
"236208","0.5757315158843994","0.5757315158843994","0.5757315158843994"
"236216","0.8633654117584229","0.8633654117584229","0.8633654117584229"
"236226","0.7678347826004028","0.7678347826004028","0.7678347826004028"
"236277","0.4541224241256714","0.4541224241256714","0.4541224241256714"
"236294","0.5385810136795044","0.5385810136795044","0.5385810136795044"
"236397","0.6264028549194336","0.6264028549194336","0.6264028549194336"
"236429","0.8345587253570557","0.8345587253570557","0.8345587253570557"
"236447","0.6968868970870972","0.6968868970870972","0.6968868970870972"
"236486","0.6875126361846924","0.6875126361846924","0.6875126361846924"
"236497","0.7129147052764893","0.7129147052764893","0.7129147052764893"
"236508","0.6745725870132446","0.6745725870132446","0.6745725870132446"
"236514","0.7674603462219238","0.7674603462219238","0.7674603462219238"
"236583","0.6284463405609131","0.6284463405609131","0.6284463405609131"
"236602","0.6690601110458374","0.6690601110458374","0.6690601110458374"
"236638","0.8452036380767822","0.8452036380767822","0.8452036380767822"
"236650","0.7516117691993713","0.7516117691993713","0.7516117691993713"
"236655","0.4141857624053955","0.4141857624053955","0.4141857624053955"
"236692","0.4579418897628784","0.4579418897628784","0.4579418897628784"
"236712","0.677196204662323","0.677196204662323","0.677196204662323"
"236726","0.5707554221153259","0.5707554221153259","0.5707554221153259"
"236737","0.6823815107345581","0.6823815107345581","0.6823815107345581"
"236754","0.7587053775787354","0.7587053775787354","0.7587053775787354"
"236775","0.7913276553153992","0.7913276553153992","0.7913276553153992"
"236779","0.6404374837875366","0.6404374837875366","0.6404374837875366"
"236799","0.6221449375152588","0.6221449375152588","0.6221449375152588"
"236844","0.8719669580459595","0.8719669580459595","0.8719669580459595"
"236873","0.5358762145042419","0.5358762145042419","0.5358762145042419"
"236888","0.7625105977058411","0.7625105977058411","0.7625105977058411"