"Step","dulcet-rain-4 - train/lejepa","dulcet-rain-4 - train/lejepa__MIN","dulcet-rain-4 - train/lejepa__MAX"
"59","0.24814721941947937","0.24814721941947937","0.24814721941947937"
"72","0.23564991354942322","0.23564991354942322","0.23564991354942322"
"118","0.2274474799633026","0.2274474799633026","0.2274474799633026"
"148","0.23282049596309662","0.23282049596309662","0.23282049596309662"
"150","0.23155677318572998","0.23155677318572998","0.23155677318572998"
"153","0.2371775358915329","0.2371775358915329","0.2371775358915329"
"154","0.25240635871887207","0.25240635871887207","0.25240635871887207"
"163","0.24745123088359833","0.24745123088359833","0.24745123088359833"
"184","0.23239053785800934","0.23239053785800934","0.23239053785800934"
"224","0.21757513284683228","0.21757513284683228","0.21757513284683228"
"258","0.2338859736919403","0.2338859736919403","0.2338859736919403"
"265","0.20719143748283386","0.20719143748283386","0.20719143748283386"
"277","0.2302246391773224","0.2302246391773224","0.2302246391773224"
"280","0.22966483235359192","0.22966483235359192","0.22966483235359192"
"301","0.2223961353302002","0.2223961353302002","0.2223961353302002"
"305","0.2228052318096161","0.2228052318096161","0.2228052318096161"
"318","0.22289276123046875","0.22289276123046875","0.22289276123046875"
"337","0.2445613443851471","0.2445613443851471","0.2445613443851471"
"353","0.23175042867660522","0.23175042867660522","0.23175042867660522"
"389","0.21482887864112854","0.21482887864112854","0.21482887864112854"
"425","0.19873136281967163","0.19873136281967163","0.19873136281967163"
"430","0.21446266770362854","0.21446266770362854","0.21446266770362854"
"477","0.2200731486082077","0.2200731486082077","0.2200731486082077"
"515","0.21708238124847412","0.21708238124847412","0.21708238124847412"
"534","0.20291194319725037","0.20291194319725037","0.20291194319725037"
"586","0.1901770532131195","0.1901770532131195","0.1901770532131195"
"614","0.2034965455532074","0.2034965455532074","0.2034965455532074"
"647","0.19292083382606506","0.19292083382606506","0.19292083382606506"
"653","0.1974630355834961","0.1974630355834961","0.1974630355834961"
"753","0.19639770686626434","0.19639770686626434","0.19639770686626434"
"764","0.1836899369955063","0.1836899369955063","0.1836899369955063"
"790","0.21589931845664978","0.21589931845664978","0.21589931845664978"
"808","0.18959560990333557","0.18959560990333557","0.18959560990333557"
"924","0.19900725781917572","0.19900725781917572","0.19900725781917572"
"950","0.1925586313009262","0.1925586313009262","0.1925586313009262"
"964","0.18698590993881226","0.18698590993881226","0.18698590993881226"
"967","0.1924765706062317","0.1924765706062317","0.1924765706062317"
"993","0.20379166305065155","0.20379166305065155","0.20379166305065155"
"999","0.19745221734046936","0.19745221734046936","0.19745221734046936"
"1000","0.17723843455314636","0.17723843455314636","0.17723843455314636"
"1023","0.17986485362052917","0.17986485362052917","0.17986485362052917"
"1052","0.21994256973266602","0.21994256973266602","0.21994256973266602"
"1069","0.19922508299350739","0.19922508299350739","0.19922508299350739"
"1077","0.1874643862247467","0.1874643862247467","0.1874643862247467"
"1115","0.17571431398391724","0.17571431398391724","0.17571431398391724"
"1131","0.18943175673484802","0.18943175673484802","0.18943175673484802"
"1133","0.1564970463514328","0.1564970463514328","0.1564970463514328"
"1139","0.17547160387039185","0.17547160387039185","0.17547160387039185"
"1167","0.17823702096939087","0.17823702096939087","0.17823702096939087"
"1170","0.1987336277961731","0.1987336277961731","0.1987336277961731"
"1186","0.21124443411827087","0.21124443411827087","0.21124443411827087"
"1220","0.1943059265613556","0.1943059265613556","0.1943059265613556"
"1236","0.19655363261699677","0.19655363261699677","0.19655363261699677"
"1242","0.16260099411010742","0.16260099411010742","0.16260099411010742"
"1256","0.1668974757194519","0.1668974757194519","0.1668974757194519"
"1272","0.1652589589357376","0.1652589589357376","0.1652589589357376"
"1275","0.1724497377872467","0.1724497377872467","0.1724497377872467"
"1355","0.1794433295726776","0.1794433295726776","0.1794433295726776"
"1370","0.19082209467887878","0.19082209467887878","0.19082209467887878"
"1432","0.16963215172290802","0.16963215172290802","0.16963215172290802"
"1450","0.18623405694961548","0.18623405694961548","0.18623405694961548"
"1451","0.18102532625198364","0.18102532625198364","0.18102532625198364"
"1452","0.16746684908866882","0.16746684908866882","0.16746684908866882"
"1474","0.17359352111816406","0.17359352111816406","0.17359352111816406"
"1506","0.1846109926700592","0.1846109926700592","0.1846109926700592"
"1512","0.1628953218460083","0.1628953218460083","0.1628953218460083"
"1536","0.15699292719364166","0.15699292719364166","0.15699292719364166"
"1581","0.15372222661972046","0.15372222661972046","0.15372222661972046"
"1603","0.166743665933609","0.166743665933609","0.166743665933609"
"1691","0.1595630943775177","0.1595630943775177","0.1595630943775177"
"1707","0.1695118546485901","0.1695118546485901","0.1695118546485901"
"1723","0.16795261204242706","0.16795261204242706","0.16795261204242706"
"1746","0.17454729974269867","0.17454729974269867","0.17454729974269867"
"1765","0.17093589901924133","0.17093589901924133","0.17093589901924133"
"1779","0.1824003905057907","0.1824003905057907","0.1824003905057907"
"1788","0.1584274172782898","0.1584274172782898","0.1584274172782898"
"1798","0.16805212199687958","0.16805212199687958","0.16805212199687958"
"1820","0.15866786241531372","0.15866786241531372","0.15866786241531372"
"1827","0.17498360574245453","0.17498360574245453","0.17498360574245453"
"1836","0.17321084439754486","0.17321084439754486","0.17321084439754486"
"1838","0.17221646010875702","0.17221646010875702","0.17221646010875702"
"1839","0.1872420459985733","0.1872420459985733","0.1872420459985733"
"1903","0.15601393580436707","0.15601393580436707","0.15601393580436707"
"1939","0.15540637075901031","0.15540637075901031","0.15540637075901031"
"1950","0.16901077330112457","0.16901077330112457","0.16901077330112457"
"1962","0.1920013725757599","0.1920013725757599","0.1920013725757599"
"1991","0.16310396790504456","0.16310396790504456","0.16310396790504456"
"1997","0.16280390322208405","0.16280390322208405","0.16280390322208405"
"2020","0.14953644573688507","0.14953644573688507","0.14953644573688507"
"2034","0.17942799627780914","0.17942799627780914","0.17942799627780914"
"2040","0.16594639420509338","0.16594639420509338","0.16594639420509338"
"2055","0.1666250228881836","0.1666250228881836","0.1666250228881836"
"2075","0.16489148139953613","0.16489148139953613","0.16489148139953613"
"2112","0.13606497645378113","0.13606497645378113","0.13606497645378113"
"2159","0.18104830384254456","0.18104830384254456","0.18104830384254456"
"2171","0.14912833273410797","0.14912833273410797","0.14912833273410797"
"2178","0.18882310390472412","0.18882310390472412","0.18882310390472412"
"2191","0.17971627414226532","0.17971627414226532","0.17971627414226532"
"2194","0.16662462055683136","0.16662462055683136","0.16662462055683136"
"2196","0.15870769321918488","0.15870769321918488","0.15870769321918488"
"2208","0.17632482945919037","0.17632482945919037","0.17632482945919037"
"2270","0.15777993202209473","0.15777993202209473","0.15777993202209473"
"2290","0.1775638461112976","0.1775638461112976","0.1775638461112976"
"2302","0.1632242500782013","0.1632242500782013","0.1632242500782013"
"2309","0.15686608850955963","0.15686608850955963","0.15686608850955963"
"2335","0.1468922644853592","0.1468922644853592","0.1468922644853592"
"2359","0.18657618761062622","0.18657618761062622","0.18657618761062622"
"2386","0.168816938996315","0.168816938996315","0.168816938996315"
"2427","0.15477155148983002","0.15477155148983002","0.15477155148983002"
"2430","0.18501001596450806","0.18501001596450806","0.18501001596450806"
"2436","0.1533583104610443","0.1533583104610443","0.1533583104610443"
"2467","0.18547150492668152","0.18547150492668152","0.18547150492668152"
"2541","0.16251163184642792","0.16251163184642792","0.16251163184642792"
"2550","0.17373517155647278","0.17373517155647278","0.17373517155647278"
"2557","0.16430407762527466","0.16430407762527466","0.16430407762527466"
"2571","0.15537476539611816","0.15537476539611816","0.15537476539611816"
"2598","0.15032035112380981","0.15032035112380981","0.15032035112380981"
"2632","0.14911049604415894","0.14911049604415894","0.14911049604415894"
"2671","0.1530390977859497","0.1530390977859497","0.1530390977859497"
"2681","0.15140116214752197","0.15140116214752197","0.15140116214752197"
"2716","0.16819775104522705","0.16819775104522705","0.16819775104522705"
"2741","0.17913901805877686","0.17913901805877686","0.17913901805877686"
"2761","0.16105002164840698","0.16105002164840698","0.16105002164840698"
"2824","0.16172179579734802","0.16172179579734802","0.16172179579734802"
"2830","0.15386858582496643","0.15386858582496643","0.15386858582496643"
"2842","0.1597868800163269","0.1597868800163269","0.1597868800163269"
"2883","0.14006304740905762","0.14006304740905762","0.14006304740905762"
"2920","0.17985177040100098","0.17985177040100098","0.17985177040100098"
"2968","0.1636415719985962","0.1636415719985962","0.1636415719985962"
"2985","0.17537297308444977","0.17537297308444977","0.17537297308444977"
"3013","0.1533593088388443","0.1533593088388443","0.1533593088388443"
"3039","0.15907323360443115","0.15907323360443115","0.15907323360443115"
"3078","0.18113994598388672","0.18113994598388672","0.18113994598388672"
"3083","0.16257640719413757","0.16257640719413757","0.16257640719413757"
"3101","0.16305895149707794","0.16305895149707794","0.16305895149707794"
"3106","0.15798819065093994","0.15798819065093994","0.15798819065093994"
"3127","0.1613778918981552","0.1613778918981552","0.1613778918981552"
"3134","0.18585661053657532","0.18585661053657532","0.18585661053657532"
"3173","0.15437959134578705","0.15437959134578705","0.15437959134578705"
"3177","0.1493259072303772","0.1493259072303772","0.1493259072303772"
"3225","0.16874335706233978","0.16874335706233978","0.16874335706233978"
"3284","0.16922332346439362","0.16922332346439362","0.16922332346439362"
"3285","0.1461072713136673","0.1461072713136673","0.1461072713136673"
"3317","0.1626950353384018","0.1626950353384018","0.1626950353384018"
"3327","0.18481209874153137","0.18481209874153137","0.18481209874153137"
"3346","0.17135803401470184","0.17135803401470184","0.17135803401470184"
"3352","0.158494234085083","0.158494234085083","0.158494234085083"
"3367","0.15372660756111145","0.15372660756111145","0.15372660756111145"
"3383","0.15298396348953247","0.15298396348953247","0.15298396348953247"
"3428","0.1851631999015808","0.1851631999015808","0.1851631999015808"
"3455","0.13917581737041473","0.13917581737041473","0.13917581737041473"
"3505","0.1481524258852005","0.1481524258852005","0.1481524258852005"
"3517","0.14716948568820953","0.14716948568820953","0.14716948568820953"
"3539","0.1724298745393753","0.1724298745393753","0.1724298745393753"
"3575","0.1741340160369873","0.1741340160369873","0.1741340160369873"
"3607","0.17004629969596863","0.17004629969596863","0.17004629969596863"
"3614","0.16431820392608643","0.16431820392608643","0.16431820392608643"
"3620","0.15496721863746643","0.15496721863746643","0.15496721863746643"
"3622","0.15328995883464813","0.15328995883464813","0.15328995883464813"
"3668","0.15920880436897278","0.15920880436897278","0.15920880436897278"
"3685","0.12918426096439362","0.12918426096439362","0.12918426096439362"
"3752","0.1735277771949768","0.1735277771949768","0.1735277771949768"
"3761","0.18846705555915833","0.18846705555915833","0.18846705555915833"
"3770","0.14311930537223816","0.14311930537223816","0.14311930537223816"
"3806","0.15730364620685577","0.15730364620685577","0.15730364620685577"
"3815","0.1578255295753479","0.1578255295753479","0.1578255295753479"
"3830","0.1799306422472","0.1799306422472","0.1799306422472"
"3849","0.14628660678863525","0.14628660678863525","0.14628660678863525"
"3870","0.17388570308685303","0.17388570308685303","0.17388570308685303"
"3884","0.1598646342754364","0.1598646342754364","0.1598646342754364"
"3891","0.1985362470149994","0.1985362470149994","0.1985362470149994"
"3900","0.15173780918121338","0.15173780918121338","0.15173780918121338"
"3905","0.14637425541877747","0.14637425541877747","0.14637425541877747"
"3934","0.15838594734668732","0.15838594734668732","0.15838594734668732"
"4006","0.17711225152015686","0.17711225152015686","0.17711225152015686"
"4022","0.13547895848751068","0.13547895848751068","0.13547895848751068"
"4025","0.14947673678398132","0.14947673678398132","0.14947673678398132"
"4029","0.17290924489498138","0.17290924489498138","0.17290924489498138"
"4045","0.14587825536727905","0.14587825536727905","0.14587825536727905"
"4067","0.13150379061698914","0.13150379061698914","0.13150379061698914"
"4114","0.16706737875938416","0.16706737875938416","0.16706737875938416"
"4145","0.16385650634765625","0.16385650634765625","0.16385650634765625"
"4162","0.18458642065525055","0.18458642065525055","0.18458642065525055"
"4176","0.1712856888771057","0.1712856888771057","0.1712856888771057"
"4177","0.1555442065000534","0.1555442065000534","0.1555442065000534"
"4189","0.1732177436351776","0.1732177436351776","0.1732177436351776"
"4227","0.15113100409507751","0.15113100409507751","0.15113100409507751"
"4295","0.1385364979505539","0.1385364979505539","0.1385364979505539"
"4335","0.14996817708015442","0.14996817708015442","0.14996817708015442"
"4351","0.16815504431724548","0.16815504431724548","0.16815504431724548"
"4383","0.16144394874572754","0.16144394874572754","0.16144394874572754"
"4416","0.1623011827468872","0.1623011827468872","0.1623011827468872"
"4434","0.17656868696212769","0.17656868696212769","0.17656868696212769"
"4438","0.15500178933143616","0.15500178933143616","0.15500178933143616"
"4440","0.16919273138046265","0.16919273138046265","0.16919273138046265"
"4468","0.17163877189159393","0.17163877189159393","0.17163877189159393"
"4496","0.14269065856933594","0.14269065856933594","0.14269065856933594"
"4502","0.1399940401315689","0.1399940401315689","0.1399940401315689"
"4504","0.17488205432891846","0.17488205432891846","0.17488205432891846"
"4520","0.13955511152744293","0.13955511152744293","0.13955511152744293"
"4542","0.1464979499578476","0.1464979499578476","0.1464979499578476"
"4594","0.15846456587314606","0.15846456587314606","0.15846456587314606"
"4624","0.139532208442688","0.139532208442688","0.139532208442688"
"4646","0.16734834015369415","0.16734834015369415","0.16734834015369415"
"4663","0.1699487864971161","0.1699487864971161","0.1699487864971161"
"4666","0.15264368057250977","0.15264368057250977","0.15264368057250977"
"4681","0.14990362524986267","0.14990362524986267","0.14990362524986267"
"4687","0.15294626355171204","0.15294626355171204","0.15294626355171204"
"4751","0.1564202606678009","0.1564202606678009","0.1564202606678009"
"4906","0.13596034049987793","0.13596034049987793","0.13596034049987793"
"4951","0.16157633066177368","0.16157633066177368","0.16157633066177368"
"5020","0.14595481753349304","0.14595481753349304","0.14595481753349304"
"5052","0.15252700448036194","0.15252700448036194","0.15252700448036194"
"5055","0.1526801586151123","0.1526801586151123","0.1526801586151123"
"5058","0.1523750275373459","0.1523750275373459","0.1523750275373459"
"5093","0.15375983715057373","0.15375983715057373","0.15375983715057373"
"5157","0.15703336894512177","0.15703336894512177","0.15703336894512177"
"5181","0.1658950299024582","0.1658950299024582","0.1658950299024582"
"5185","0.15589037537574768","0.15589037537574768","0.15589037537574768"
"5235","0.1510949432849884","0.1510949432849884","0.1510949432849884"
"5265","0.16328372061252594","0.16328372061252594","0.16328372061252594"
"5283","0.16074474155902863","0.16074474155902863","0.16074474155902863"
"5311","0.15236008167266846","0.15236008167266846","0.15236008167266846"
"5331","0.16962900757789612","0.16962900757789612","0.16962900757789612"
"5345","0.16166839003562927","0.16166839003562927","0.16166839003562927"
"5354","0.1575867086648941","0.1575867086648941","0.1575867086648941"
"5364","0.15069961547851562","0.15069961547851562","0.15069961547851562"
"5366","0.15722060203552246","0.15722060203552246","0.15722060203552246"
"5378","0.16349419951438904","0.16349419951438904","0.16349419951438904"
"5387","0.1386091113090515","0.1386091113090515","0.1386091113090515"
"5406","0.15404671430587769","0.15404671430587769","0.15404671430587769"
"5408","0.1643461436033249","0.1643461436033249","0.1643461436033249"
"5414","0.12621834874153137","0.12621834874153137","0.12621834874153137"
"5437","0.1736495941877365","0.1736495941877365","0.1736495941877365"
"5456","0.15124699473381042","0.15124699473381042","0.15124699473381042"
"5491","0.1397923231124878","0.1397923231124878","0.1397923231124878"
"5501","0.16393834352493286","0.16393834352493286","0.16393834352493286"
"5562","0.15425215661525726","0.15425215661525726","0.15425215661525726"
"5588","0.14440816640853882","0.14440816640853882","0.14440816640853882"
"5599","0.1457984298467636","0.1457984298467636","0.1457984298467636"
"5611","0.15504197776317596","0.15504197776317596","0.15504197776317596"
"5614","0.1613793671131134","0.1613793671131134","0.1613793671131134"
"5622","0.16434895992279053","0.16434895992279053","0.16434895992279053"
"5680","0.15892238914966583","0.15892238914966583","0.15892238914966583"
"5733","0.1630799025297165","0.1630799025297165","0.1630799025297165"
"5760","0.16063761711120605","0.16063761711120605","0.16063761711120605"
"5788","0.1627897024154663","0.1627897024154663","0.1627897024154663"
"5792","0.1381329596042633","0.1381329596042633","0.1381329596042633"
"5843","0.14772793650627136","0.14772793650627136","0.14772793650627136"
"5866","0.13819216191768646","0.13819216191768646","0.13819216191768646"
"5924","0.14228616654872894","0.14228616654872894","0.14228616654872894"
"5957","0.1537339687347412","0.1537339687347412","0.1537339687347412"
"5967","0.15389567613601685","0.15389567613601685","0.15389567613601685"
"5976","0.17882084846496582","0.17882084846496582","0.17882084846496582"
"5992","0.15374311804771423","0.15374311804771423","0.15374311804771423"
"6027","0.14449714124202728","0.14449714124202728","0.14449714124202728"
"6043","0.14874939620494843","0.14874939620494843","0.14874939620494843"
"6046","0.19012266397476196","0.19012266397476196","0.19012266397476196"
"6107","0.1576685756444931","0.1576685756444931","0.1576685756444931"
"6109","0.15056434273719788","0.15056434273719788","0.15056434273719788"
"6145","0.15256047248840332","0.15256047248840332","0.15256047248840332"
"6217","0.15713131427764893","0.15713131427764893","0.15713131427764893"
"6242","0.14298397302627563","0.14298397302627563","0.14298397302627563"
"6253","0.1752457618713379","0.1752457618713379","0.1752457618713379"
"6264","0.16478699445724487","0.16478699445724487","0.16478699445724487"
"6318","0.14203409850597382","0.14203409850597382","0.14203409850597382"
"6333","0.15108370780944824","0.15108370780944824","0.15108370780944824"
"6339","0.1645786315202713","0.1645786315202713","0.1645786315202713"
"6343","0.15049128234386444","0.15049128234386444","0.15049128234386444"
"6355","0.14453771710395813","0.14453771710395813","0.14453771710395813"
"6378","0.15377765893936157","0.15377765893936157","0.15377765893936157"
"6391","0.15042586624622345","0.15042586624622345","0.15042586624622345"
"6461","0.14784377813339233","0.14784377813339233","0.14784377813339233"
"6463","0.15829908847808838","0.15829908847808838","0.15829908847808838"
"6468","0.14438790082931519","0.14438790082931519","0.14438790082931519"
"6476","0.1478603482246399","0.1478603482246399","0.1478603482246399"
"6505","0.14114439487457275","0.14114439487457275","0.14114439487457275"
"6517","0.15971066057682037","0.15971066057682037","0.15971066057682037"
"6556","0.1722574084997177","0.1722574084997177","0.1722574084997177"
"6574","0.14909037947654724","0.14909037947654724","0.14909037947654724"
"6587","0.16308322548866272","0.16308322548866272","0.16308322548866272"
"6625","0.15920096635818481","0.15920096635818481","0.15920096635818481"
"6649","0.1424718052148819","0.1424718052148819","0.1424718052148819"
"6666","0.14996062219142914","0.14996062219142914","0.14996062219142914"
"6681","0.1539648026227951","0.1539648026227951","0.1539648026227951"
"6695","0.1434304118156433","0.1434304118156433","0.1434304118156433"
"6698","0.15625837445259094","0.15625837445259094","0.15625837445259094"
"6713","0.16089482605457306","0.16089482605457306","0.16089482605457306"
"6714","0.15933790802955627","0.15933790802955627","0.15933790802955627"
"6717","0.14478200674057007","0.14478200674057007","0.14478200674057007"
"6764","0.14716601371765137","0.14716601371765137","0.14716601371765137"
"6771","0.135949045419693","0.135949045419693","0.135949045419693"
"6781","0.13225510716438293","0.13225510716438293","0.13225510716438293"
"6785","0.1634470373392105","0.1634470373392105","0.1634470373392105"
"6804","0.1720544993877411","0.1720544993877411","0.1720544993877411"
"6849","0.15982367098331451","0.15982367098331451","0.15982367098331451"
"6851","0.14236147701740265","0.14236147701740265","0.14236147701740265"
"6909","0.13147813081741333","0.13147813081741333","0.13147813081741333"
"6967","0.13885343074798584","0.13885343074798584","0.13885343074798584"
"6978","0.14528974890708923","0.14528974890708923","0.14528974890708923"
"6996","0.12725108861923218","0.12725108861923218","0.12725108861923218"
"7027","0.1538274884223938","0.1538274884223938","0.1538274884223938"
"7079","0.17579707503318787","0.17579707503318787","0.17579707503318787"
"7084","0.13428466022014618","0.13428466022014618","0.13428466022014618"
"7087","0.1622869074344635","0.1622869074344635","0.1622869074344635"
"7100","0.15521103143692017","0.15521103143692017","0.15521103143692017"
"7136","0.14336641132831573","0.14336641132831573","0.14336641132831573"
"7224","0.16693687438964844","0.16693687438964844","0.16693687438964844"
"7236","0.13825812935829163","0.13825812935829163","0.13825812935829163"
"7262","0.14565005898475647","0.14565005898475647","0.14565005898475647"
"7263","0.13688479363918304","0.13688479363918304","0.13688479363918304"
"7272","0.12697751820087433","0.12697751820087433","0.12697751820087433"
"7299","0.14670497179031372","0.14670497179031372","0.14670497179031372"
"7323","0.15286189317703247","0.15286189317703247","0.15286189317703247"
"7325","0.15441176295280457","0.15441176295280457","0.15441176295280457"
"7373","0.13862892985343933","0.13862892985343933","0.13862892985343933"
"7381","0.14783689379692078","0.14783689379692078","0.14783689379692078"
"7397","0.14789389073848724","0.14789389073848724","0.14789389073848724"
"7415","0.13596968352794647","0.13596968352794647","0.13596968352794647"
"7456","0.14258450269699097","0.14258450269699097","0.14258450269699097"
"7466","0.14637160301208496","0.14637160301208496","0.14637160301208496"
"7497","0.1581447422504425","0.1581447422504425","0.1581447422504425"
"7523","0.1622607558965683","0.1622607558965683","0.1622607558965683"
"7591","0.14350175857543945","0.14350175857543945","0.14350175857543945"
"7625","0.13851916790008545","0.13851916790008545","0.13851916790008545"
"7639","0.13302984833717346","0.13302984833717346","0.13302984833717346"
"7646","0.15926851332187653","0.15926851332187653","0.15926851332187653"
"7681","0.12566331028938293","0.12566331028938293","0.12566331028938293"
"7686","0.13971289992332458","0.13971289992332458","0.13971289992332458"
"7692","0.14527106285095215","0.14527106285095215","0.14527106285095215"
"7696","0.15132874250411987","0.15132874250411987","0.15132874250411987"
"7734","0.15455122292041779","0.15455122292041779","0.15455122292041779"
"7736","0.1593770980834961","0.1593770980834961","0.1593770980834961"
"7743","0.1296171396970749","0.1296171396970749","0.1296171396970749"
"7802","0.17692306637763977","0.17692306637763977","0.17692306637763977"
"7820","0.14111275970935822","0.14111275970935822","0.14111275970935822"
"7869","0.1782369613647461","0.1782369613647461","0.1782369613647461"
"7897","0.15383705496788025","0.15383705496788025","0.15383705496788025"
"7927","0.1659814417362213","0.1659814417362213","0.1659814417362213"
"7934","0.14167743921279907","0.14167743921279907","0.14167743921279907"
"7943","0.14944782853126526","0.14944782853126526","0.14944782853126526"
"7994","0.14950679242610931","0.14950679242610931","0.14950679242610931"
"8019","0.13890068233013153","0.13890068233013153","0.13890068233013153"
"8021","0.145536407828331","0.145536407828331","0.145536407828331"
"8045","0.12721674144268036","0.12721674144268036","0.12721674144268036"
"8077","0.14826244115829468","0.14826244115829468","0.14826244115829468"
"8117","0.14542248845100403","0.14542248845100403","0.14542248845100403"
"8178","0.1744455099105835","0.1744455099105835","0.1744455099105835"
"8193","0.1495576649904251","0.1495576649904251","0.1495576649904251"
"8236","0.17458143830299377","0.17458143830299377","0.17458143830299377"
"8258","0.16147863864898682","0.16147863864898682","0.16147863864898682"
"8262","0.14592993259429932","0.14592993259429932","0.14592993259429932"
"8267","0.14104294776916504","0.14104294776916504","0.14104294776916504"
"8288","0.143240824341774","0.143240824341774","0.143240824341774"
"8310","0.15739455819129944","0.15739455819129944","0.15739455819129944"
"8312","0.14765062928199768","0.14765062928199768","0.14765062928199768"
"8315","0.15688765048980713","0.15688765048980713","0.15688765048980713"
"8335","0.14800961315631866","0.14800961315631866","0.14800961315631866"
"8346","0.16098037362098694","0.16098037362098694","0.16098037362098694"
"8358","0.1467195749282837","0.1467195749282837","0.1467195749282837"
"8359","0.1413305699825287","0.1413305699825287","0.1413305699825287"
"8362","0.1446651816368103","0.1446651816368103","0.1446651816368103"
"8364","0.15899913012981415","0.15899913012981415","0.15899913012981415"
"8400","0.17697516083717346","0.17697516083717346","0.17697516083717346"
"8441","0.14970330893993378","0.14970330893993378","0.14970330893993378"
"8453","0.1451573520898819","0.1451573520898819","0.1451573520898819"
"8495","0.16432437300682068","0.16432437300682068","0.16432437300682068"
"8502","0.1359376311302185","0.1359376311302185","0.1359376311302185"
"8572","0.13368293642997742","0.13368293642997742","0.13368293642997742"
"8598","0.1560530811548233","0.1560530811548233","0.1560530811548233"
"8650","0.13642355799674988","0.13642355799674988","0.13642355799674988"
"8690","0.14387018978595734","0.14387018978595734","0.14387018978595734"
"8854","0.1362263560295105","0.1362263560295105","0.1362263560295105"
"8863","0.13798029720783234","0.13798029720783234","0.13798029720783234"
"8891","0.1465444564819336","0.1465444564819336","0.1465444564819336"
"8936","0.14353054761886597","0.14353054761886597","0.14353054761886597"
"8983","0.15672777593135834","0.15672777593135834","0.15672777593135834"
"9012","0.14295944571495056","0.14295944571495056","0.14295944571495056"
"9013","0.12118419259786606","0.12118419259786606","0.12118419259786606"
"9061","0.13745154440402985","0.13745154440402985","0.13745154440402985"
"9098","0.1543373316526413","0.1543373316526413","0.1543373316526413"
"9115","0.13838861882686615","0.13838861882686615","0.13838861882686615"
"9171","0.15097296237945557","0.15097296237945557","0.15097296237945557"
"9197","0.12772811949253082","0.12772811949253082","0.12772811949253082"
"9198","0.14198294281959534","0.14198294281959534","0.14198294281959534"
"9228","0.16361868381500244","0.16361868381500244","0.16361868381500244"
"9241","0.16029757261276245","0.16029757261276245","0.16029757261276245"
"9274","0.15576329827308655","0.15576329827308655","0.15576329827308655"
"9334","0.14393745362758636","0.14393745362758636","0.14393745362758636"
"9363","0.15932682156562805","0.15932682156562805","0.15932682156562805"
"9368","0.142543762922287","0.142543762922287","0.142543762922287"
"9377","0.15896403789520264","0.15896403789520264","0.15896403789520264"
"9379","0.15339607000350952","0.15339607000350952","0.15339607000350952"
"9406","0.1466849148273468","0.1466849148273468","0.1466849148273468"
"9425","0.1397077888250351","0.1397077888250351","0.1397077888250351"
"9458","0.15386739373207092","0.15386739373207092","0.15386739373207092"
"9469","0.151704341173172","0.151704341173172","0.151704341173172"
"9479","0.14394034445285797","0.14394034445285797","0.14394034445285797"
"9502","0.14012494683265686","0.14012494683265686","0.14012494683265686"
"9534","0.16492223739624023","0.16492223739624023","0.16492223739624023"
"9564","0.1326109766960144","0.1326109766960144","0.1326109766960144"
"9621","0.15178707242012024","0.15178707242012024","0.15178707242012024"
"9637","0.13852626085281372","0.13852626085281372","0.13852626085281372"
"9644","0.136733740568161","0.136733740568161","0.136733740568161"
"9648","0.1450827419757843","0.1450827419757843","0.1450827419757843"
"9665","0.14357048273086548","0.14357048273086548","0.14357048273086548"
"9667","0.11365673691034317","0.11365673691034317","0.11365673691034317"
"9700","0.14170101284980774","0.14170101284980774","0.14170101284980774"
"9713","0.14836576581001282","0.14836576581001282","0.14836576581001282"
"9784","0.13028475642204285","0.13028475642204285","0.13028475642204285"
"9787","0.1531916856765747","0.1531916856765747","0.1531916856765747"
"9822","0.15567833185195923","0.15567833185195923","0.15567833185195923"
"9869","0.14351597428321838","0.14351597428321838","0.14351597428321838"
"9885","0.1374429613351822","0.1374429613351822","0.1374429613351822"
"9916","0.14481216669082642","0.14481216669082642","0.14481216669082642"
"9942","0.14964808523654938","0.14964808523654938","0.14964808523654938"
"9966","0.1478276550769806","0.1478276550769806","0.1478276550769806"
"10026","0.12752006947994232","0.12752006947994232","0.12752006947994232"
"10062","0.15730124711990356","0.15730124711990356","0.15730124711990356"
"10109","0.16920866072177887","0.16920866072177887","0.16920866072177887"
"10131","0.134752556681633","0.134752556681633","0.134752556681633"
"10138","0.14251567423343658","0.14251567423343658","0.14251567423343658"
"10139","0.13314498960971832","0.13314498960971832","0.13314498960971832"
"10140","0.14031778275966644","0.14031778275966644","0.14031778275966644"
"10186","0.1742502897977829","0.1742502897977829","0.1742502897977829"
"10193","0.1400621235370636","0.1400621235370636","0.1400621235370636"
"10197","0.15595629811286926","0.15595629811286926","0.15595629811286926"
"10200","0.15266984701156616","0.15266984701156616","0.15266984701156616"
"10218","0.14285901188850403","0.14285901188850403","0.14285901188850403"
"10243","0.1316712200641632","0.1316712200641632","0.1316712200641632"
"10262","0.12908935546875","0.12908935546875","0.12908935546875"
"10271","0.13780125975608826","0.13780125975608826","0.13780125975608826"
"10282","0.1358591467142105","0.1358591467142105","0.1358591467142105"
"10302","0.14079490303993225","0.14079490303993225","0.14079490303993225"
"10324","0.13944900035858154","0.13944900035858154","0.13944900035858154"
"10329","0.14592820405960083","0.14592820405960083","0.14592820405960083"
"10388","0.1462111473083496","0.1462111473083496","0.1462111473083496"
"10415","0.15330922603607178","0.15330922603607178","0.15330922603607178"
"10488","0.15005196630954742","0.15005196630954742","0.15005196630954742"
"10504","0.1328018307685852","0.1328018307685852","0.1328018307685852"
"10559","0.15310274064540863","0.15310274064540863","0.15310274064540863"
"10599","0.1240679994225502","0.1240679994225502","0.1240679994225502"
"10641","0.12438337504863739","0.12438337504863739","0.12438337504863739"
"10663","0.15124177932739258","0.15124177932739258","0.15124177932739258"
"10698","0.15401515364646912","0.15401515364646912","0.15401515364646912"
"10733","0.12795883417129517","0.12795883417129517","0.12795883417129517"
"10766","0.10870296508073807","0.10870296508073807","0.10870296508073807"
"10809","0.13177460432052612","0.13177460432052612","0.13177460432052612"
"10815","0.1637842208147049","0.1637842208147049","0.1637842208147049"
"10821","0.1190006285905838","0.1190006285905838","0.1190006285905838"
"10843","0.14355692267417908","0.14355692267417908","0.14355692267417908"
"10932","0.15308621525764465","0.15308621525764465","0.15308621525764465"
"10968","0.1330680251121521","0.1330680251121521","0.1330680251121521"
"10986","0.1293826699256897","0.1293826699256897","0.1293826699256897"
"11016","0.13456696271896362","0.13456696271896362","0.13456696271896362"
"11020","0.13041256368160248","0.13041256368160248","0.13041256368160248"
"11021","0.14561282098293304","0.14561282098293304","0.14561282098293304"
"11103","0.13515065610408783","0.13515065610408783","0.13515065610408783"
"11111","0.13386274874210358","0.13386274874210358","0.13386274874210358"
"11160","0.12891985476016998","0.12891985476016998","0.12891985476016998"
"11170","0.16738682985305786","0.16738682985305786","0.16738682985305786"
"11197","0.1398252248764038","0.1398252248764038","0.1398252248764038"
"11198","0.1535748541355133","0.1535748541355133","0.1535748541355133"
"11219","0.14106251299381256","0.14106251299381256","0.14106251299381256"
"11269","0.17286893725395203","0.17286893725395203","0.17286893725395203"
"11272","0.14303773641586304","0.14303773641586304","0.14303773641586304"
"11296","0.1480230987071991","0.1480230987071991","0.1480230987071991"
"11315","0.14496593177318573","0.14496593177318573","0.14496593177318573"
"11338","0.14415206015110016","0.14415206015110016","0.14415206015110016"
"11343","0.14133451879024506","0.14133451879024506","0.14133451879024506"
"11347","0.14724506437778473","0.14724506437778473","0.14724506437778473"
"11353","0.14670181274414062","0.14670181274414062","0.14670181274414062"
"11392","0.1501685082912445","0.1501685082912445","0.1501685082912445"
"11411","0.15684154629707336","0.15684154629707336","0.15684154629707336"
"11503","0.14380589127540588","0.14380589127540588","0.14380589127540588"
"11557","0.1140935868024826","0.1140935868024826","0.1140935868024826"
"11568","0.1451459527015686","0.1451459527015686","0.1451459527015686"
"11570","0.141002357006073","0.141002357006073","0.141002357006073"
"11590","0.13339102268218994","0.13339102268218994","0.13339102268218994"
"11603","0.16690593957901","0.16690593957901","0.16690593957901"
"11629","0.13541096448898315","0.13541096448898315","0.13541096448898315"
"11633","0.14097921550273895","0.14097921550273895","0.14097921550273895"
"11646","0.14434488117694855","0.14434488117694855","0.14434488117694855"
"11668","0.11611056327819824","0.11611056327819824","0.11611056327819824"
"11671","0.14290663599967957","0.14290663599967957","0.14290663599967957"
"11686","0.1389494389295578","0.1389494389295578","0.1389494389295578"
"11708","0.13421911001205444","0.13421911001205444","0.13421911001205444"
"11711","0.13038671016693115","0.13038671016693115","0.13038671016693115"
"11781","0.13531796634197235","0.13531796634197235","0.13531796634197235"
"11836","0.13678576052188873","0.13678576052188873","0.13678576052188873"
"11853","0.15300005674362183","0.15300005674362183","0.15300005674362183"
"11919","0.1392330676317215","0.1392330676317215","0.1392330676317215"
"11979","0.11838461458683014","0.11838461458683014","0.11838461458683014"
"12028","0.14091143012046814","0.14091143012046814","0.14091143012046814"
"12088","0.12314052879810333","0.12314052879810333","0.12314052879810333"
"12098","0.1621154248714447","0.1621154248714447","0.1621154248714447"
"12109","0.13898184895515442","0.13898184895515442","0.13898184895515442"
"12124","0.14035774767398834","0.14035774767398834","0.14035774767398834"
"12160","0.13457584381103516","0.13457584381103516","0.13457584381103516"
"12217","0.14488480985164642","0.14488480985164642","0.14488480985164642"
"12229","0.1417880654335022","0.1417880654335022","0.1417880654335022"
"12283","0.13649527728557587","0.13649527728557587","0.13649527728557587"
"12335","0.13478446006774902","0.13478446006774902","0.13478446006774902"
"12337","0.13584215939044952","0.13584215939044952","0.13584215939044952"
"12345","0.14682459831237793","0.14682459831237793","0.14682459831237793"
"12413","0.12469679117202759","0.12469679117202759","0.12469679117202759"
"12429","0.1346893161535263","0.1346893161535263","0.1346893161535263"
"12452","0.12369838356971741","0.12369838356971741","0.12369838356971741"
"12539","0.1302124559879303","0.1302124559879303","0.1302124559879303"
"12543","0.1357157975435257","0.1357157975435257","0.1357157975435257"
"12567","0.12408479303121567","0.12408479303121567","0.12408479303121567"
"12574","0.1351165920495987","0.1351165920495987","0.1351165920495987"
"12608","0.1277710497379303","0.1277710497379303","0.1277710497379303"
"12643","0.13848605751991272","0.13848605751991272","0.13848605751991272"
"12684","0.1312776803970337","0.1312776803970337","0.1312776803970337"
"12704","0.1372755765914917","0.1372755765914917","0.1372755765914917"
"12717","0.12430277466773987","0.12430277466773987","0.12430277466773987"
"12774","0.13487732410430908","0.13487732410430908","0.13487732410430908"
"12779","0.15505090355873108","0.15505090355873108","0.15505090355873108"
"12791","0.12336167693138123","0.12336167693138123","0.12336167693138123"
"12849","0.13669686019420624","0.13669686019420624","0.13669686019420624"
"12851","0.14639407396316528","0.14639407396316528","0.14639407396316528"
"12862","0.13960178196430206","0.13960178196430206","0.13960178196430206"
"12884","0.1352933943271637","0.1352933943271637","0.1352933943271637"
"12925","0.14665481448173523","0.14665481448173523","0.14665481448173523"
"12936","0.1223972737789154","0.1223972737789154","0.1223972737789154"
"12972","0.1408768892288208","0.1408768892288208","0.1408768892288208"
"12974","0.14871907234191895","0.14871907234191895","0.14871907234191895"
"12999","0.15532121062278748","0.15532121062278748","0.15532121062278748"
"13008","0.13839271664619446","0.13839271664619446","0.13839271664619446"
"13014","0.1593599170446396","0.1593599170446396","0.1593599170446396"
"13025","0.12816423177719116","0.12816423177719116","0.12816423177719116"
"13045","0.12392663955688477","0.12392663955688477","0.12392663955688477"
"13059","0.13945987820625305","0.13945987820625305","0.13945987820625305"
"13078","0.1482311487197876","0.1482311487197876","0.1482311487197876"
"13082","0.15301105380058289","0.15301105380058289","0.15301105380058289"
"13116","0.13430246710777283","0.13430246710777283","0.13430246710777283"
"13157","0.14167045056819916","0.14167045056819916","0.14167045056819916"
"13159","0.14673525094985962","0.14673525094985962","0.14673525094985962"
"13182","0.12172200530767441","0.12172200530767441","0.12172200530767441"
"13218","0.15007159113883972","0.15007159113883972","0.15007159113883972"
"13220","0.14460821449756622","0.14460821449756622","0.14460821449756622"
"13281","0.12909546494483948","0.12909546494483948","0.12909546494483948"
"13302","0.10910376906394958","0.10910376906394958","0.10910376906394958"
"13323","0.1426389217376709","0.1426389217376709","0.1426389217376709"
"13344","0.17129869759082794","0.17129869759082794","0.17129869759082794"
"13366","0.14893314242362976","0.14893314242362976","0.14893314242362976"
"13377","0.12058362364768982","0.12058362364768982","0.12058362364768982"
"13381","0.14897482097148895","0.14897482097148895","0.14897482097148895"
"13385","0.14452078938484192","0.14452078938484192","0.14452078938484192"
"13402","0.14324535429477692","0.14324535429477692","0.14324535429477692"
"13433","0.155796080827713","0.155796080827713","0.155796080827713"
"13498","0.1366543471813202","0.1366543471813202","0.1366543471813202"
"13501","0.13013184070587158","0.13013184070587158","0.13013184070587158"
"13538","0.1427190601825714","0.1427190601825714","0.1427190601825714"
"13543","0.14135980606079102","0.14135980606079102","0.14135980606079102"
"13545","0.137273907661438","0.137273907661438","0.137273907661438"
"13558","0.13728389143943787","0.13728389143943787","0.13728389143943787"
"13559","0.12184322625398636","0.12184322625398636","0.12184322625398636"
"13587","0.12708881497383118","0.12708881497383118","0.12708881497383118"
"13608","0.1538320779800415","0.1538320779800415","0.1538320779800415"
"13611","0.15131796896457672","0.15131796896457672","0.15131796896457672"
"13632","0.15497437119483948","0.15497437119483948","0.15497437119483948"
"13636","0.1205563098192215","0.1205563098192215","0.1205563098192215"
"13642","0.12113521993160248","0.12113521993160248","0.12113521993160248"
"13649","0.15692979097366333","0.15692979097366333","0.15692979097366333"
"13705","0.14588642120361328","0.14588642120361328","0.14588642120361328"
"13754","0.13062724471092224","0.13062724471092224","0.13062724471092224"
"13867","0.13323554396629333","0.13323554396629333","0.13323554396629333"
"13899","0.13788917660713196","0.13788917660713196","0.13788917660713196"
"13947","0.14953507483005524","0.14953507483005524","0.14953507483005524"
"13995","0.13744409382343292","0.13744409382343292","0.13744409382343292"
"14004","0.13899582624435425","0.13899582624435425","0.13899582624435425"
"14021","0.1279345452785492","0.1279345452785492","0.1279345452785492"
"14046","0.13233229517936707","0.13233229517936707","0.13233229517936707"
"14065","0.13974037766456604","0.13974037766456604","0.13974037766456604"
"14096","0.14485153555870056","0.14485153555870056","0.14485153555870056"
"14126","0.14949023723602295","0.14949023723602295","0.14949023723602295"
"14137","0.1511830985546112","0.1511830985546112","0.1511830985546112"
"14139","0.144011989235878","0.144011989235878","0.144011989235878"
"14143","0.14971193671226501","0.14971193671226501","0.14971193671226501"
"14177","0.14158883690834045","0.14158883690834045","0.14158883690834045"
"14188","0.15083035826683044","0.15083035826683044","0.15083035826683044"
"14217","0.13235655426979065","0.13235655426979065","0.13235655426979065"
"14225","0.1606747806072235","0.1606747806072235","0.1606747806072235"
"14255","0.1405465006828308","0.1405465006828308","0.1405465006828308"
"14294","0.1523144245147705","0.1523144245147705","0.1523144245147705"
"14301","0.146132230758667","0.146132230758667","0.146132230758667"
"14339","0.117616668343544","0.117616668343544","0.117616668343544"
"14346","0.13815966248512268","0.13815966248512268","0.13815966248512268"
"14385","0.1478007435798645","0.1478007435798645","0.1478007435798645"
"14427","0.12695404887199402","0.12695404887199402","0.12695404887199402"
"14466","0.11401364952325821","0.11401364952325821","0.11401364952325821"
"14487","0.12010157108306885","0.12010157108306885","0.12010157108306885"
"14510","0.11595796793699265","0.11595796793699265","0.11595796793699265"
"14531","0.14416366815567017","0.14416366815567017","0.14416366815567017"
"14533","0.13865156471729279","0.13865156471729279","0.13865156471729279"
"14564","0.13094840943813324","0.13094840943813324","0.13094840943813324"
"14578","0.12937386333942413","0.12937386333942413","0.12937386333942413"
"14616","0.12880253791809082","0.12880253791809082","0.12880253791809082"
"14683","0.15390504896640778","0.15390504896640778","0.15390504896640778"
"14695","0.14852041006088257","0.14852041006088257","0.14852041006088257"
"14712","0.1320635825395584","0.1320635825395584","0.1320635825395584"
"14716","0.15135063230991364","0.15135063230991364","0.15135063230991364"
"14736","0.1432330310344696","0.1432330310344696","0.1432330310344696"
"14757","0.13729147613048553","0.13729147613048553","0.13729147613048553"
"14766","0.14562591910362244","0.14562591910362244","0.14562591910362244"
"14767","0.12523037195205688","0.12523037195205688","0.12523037195205688"
"14772","0.11220398545265198","0.11220398545265198","0.11220398545265198"
"14773","0.14548611640930176","0.14548611640930176","0.14548611640930176"
"14782","0.12267899513244629","0.12267899513244629","0.12267899513244629"
"14785","0.12182329595088959","0.12182329595088959","0.12182329595088959"
"14795","0.12158897519111633","0.12158897519111633","0.12158897519111633"
"14832","0.13281062245368958","0.13281062245368958","0.13281062245368958"
"14834","0.12548577785491943","0.12548577785491943","0.12548577785491943"
"14875","0.1434231698513031","0.1434231698513031","0.1434231698513031"
"14899","0.1393856704235077","0.1393856704235077","0.1393856704235077"
"14919","0.11617171764373779","0.11617171764373779","0.11617171764373779"
"14934","0.13902832567691803","0.13902832567691803","0.13902832567691803"
"14938","0.1357925832271576","0.1357925832271576","0.1357925832271576"
"14959","0.14208225905895233","0.14208225905895233","0.14208225905895233"
"14974","0.13602392375469208","0.13602392375469208","0.13602392375469208"
"14978","0.15957608819007874","0.15957608819007874","0.15957608819007874"
"14981","0.12831778824329376","0.12831778824329376","0.12831778824329376"
"15005","0.14312388002872467","0.14312388002872467","0.14312388002872467"
"15032","0.14137770235538483","0.14137770235538483","0.14137770235538483"
"15038","0.11869828402996063","0.11869828402996063","0.11869828402996063"
"15053","0.1467011272907257","0.1467011272907257","0.1467011272907257"
"15063","0.14576590061187744","0.14576590061187744","0.14576590061187744"
"15070","0.14714914560317993","0.14714914560317993","0.14714914560317993"
"15149","0.1570087969303131","0.1570087969303131","0.1570087969303131"
"15182","0.12648482620716095","0.12648482620716095","0.12648482620716095"
"15190","0.12858521938323975","0.12858521938323975","0.12858521938323975"
"15201","0.11972098052501678","0.11972098052501678","0.11972098052501678"
"15215","0.12239880859851837","0.12239880859851837","0.12239880859851837"
"15269","0.12815284729003906","0.12815284729003906","0.12815284729003906"
"15285","0.1316506266593933","0.1316506266593933","0.1316506266593933"
"15293","0.13714170455932617","0.13714170455932617","0.13714170455932617"
"15295","0.12538063526153564","0.12538063526153564","0.12538063526153564"
"15311","0.15083490312099457","0.15083490312099457","0.15083490312099457"
"15333","0.1388293206691742","0.1388293206691742","0.1388293206691742"
"15360","0.13032706081867218","0.13032706081867218","0.13032706081867218"
"15418","0.14681892096996307","0.14681892096996307","0.14681892096996307"
"15437","0.12914451956748962","0.12914451956748962","0.12914451956748962"
"15473","0.10918883979320526","0.10918883979320526","0.10918883979320526"
"15495","0.1250883936882019","0.1250883936882019","0.1250883936882019"
"15511","0.13369309902191162","0.13369309902191162","0.13369309902191162"
"15519","0.14637714624404907","0.14637714624404907","0.14637714624404907"
"15527","0.12783858180046082","0.12783858180046082","0.12783858180046082"
"15558","0.1354057937860489","0.1354057937860489","0.1354057937860489"
"15568","0.14787080883979797","0.14787080883979797","0.14787080883979797"
"15635","0.13220778107643127","0.13220778107643127","0.13220778107643127"
"15671","0.12931358814239502","0.12931358814239502","0.12931358814239502"
"15696","0.12109899520874023","0.12109899520874023","0.12109899520874023"
"15698","0.12993395328521729","0.12993395328521729","0.12993395328521729"
"15744","0.12159700691699982","0.12159700691699982","0.12159700691699982"
"15745","0.12796230614185333","0.12796230614185333","0.12796230614185333"
"15788","0.1301185041666031","0.1301185041666031","0.1301185041666031"
"15799","0.13518208265304565","0.13518208265304565","0.13518208265304565"
"15801","0.1413111686706543","0.1413111686706543","0.1413111686706543"
"15857","0.1609441637992859","0.1609441637992859","0.1609441637992859"
"15871","0.13595902919769287","0.13595902919769287","0.13595902919769287"
"15879","0.1442180573940277","0.1442180573940277","0.1442180573940277"
"15897","0.1219949871301651","0.1219949871301651","0.1219949871301651"
"15909","0.14596667885780334","0.14596667885780334","0.14596667885780334"
"15931","0.14048314094543457","0.14048314094543457","0.14048314094543457"
"15941","0.13809336721897125","0.13809336721897125","0.13809336721897125"
"15943","0.14363977313041687","0.14363977313041687","0.14363977313041687"
"15951","0.14070241153240204","0.14070241153240204","0.14070241153240204"
"15971","0.1551671326160431","0.1551671326160431","0.1551671326160431"
"15976","0.1445314884185791","0.1445314884185791","0.1445314884185791"
"15979","0.14337679743766785","0.14337679743766785","0.14337679743766785"
"15995","0.13465438783168793","0.13465438783168793","0.13465438783168793"
"16008","0.12522952258586884","0.12522952258586884","0.12522952258586884"
"16029","0.12968140840530396","0.12968140840530396","0.12968140840530396"
"16105","0.1340457946062088","0.1340457946062088","0.1340457946062088"
"16145","0.1316531002521515","0.1316531002521515","0.1316531002521515"
"16171","0.12266235053539276","0.12266235053539276","0.12266235053539276"
"16196","0.12196285277605057","0.12196285277605057","0.12196285277605057"
"16199","0.13140113651752472","0.13140113651752472","0.13140113651752472"
"16237","0.13939812779426575","0.13939812779426575","0.13939812779426575"
"16247","0.1300947070121765","0.1300947070121765","0.1300947070121765"
"16277","0.14727285504341125","0.14727285504341125","0.14727285504341125"
"16304","0.1324300915002823","0.1324300915002823","0.1324300915002823"
"16342","0.13434851169586182","0.13434851169586182","0.13434851169586182"
"16363","0.11813988536596298","0.11813988536596298","0.11813988536596298"
"16369","0.12102807313203812","0.12102807313203812","0.12102807313203812"
"16403","0.14140427112579346","0.14140427112579346","0.14140427112579346"
"16407","0.13205605745315552","0.13205605745315552","0.13205605745315552"
"16465","0.13178473711013794","0.13178473711013794","0.13178473711013794"
"16538","0.13876040279865265","0.13876040279865265","0.13876040279865265"
"16585","0.13409191370010376","0.13409191370010376","0.13409191370010376"
"16586","0.13141396641731262","0.13141396641731262","0.13141396641731262"
"16596","0.13234764337539673","0.13234764337539673","0.13234764337539673"
"16597","0.13207900524139404","0.13207900524139404","0.13207900524139404"
"16600","0.12182681262493134","0.12182681262493134","0.12182681262493134"
"16612","0.13172252476215363","0.13172252476215363","0.13172252476215363"
"16673","0.1575189232826233","0.1575189232826233","0.1575189232826233"
"16677","0.12396075576543808","0.12396075576543808","0.12396075576543808"
"16679","0.1556231677532196","0.1556231677532196","0.1556231677532196"
"16684","0.1300715059041977","0.1300715059041977","0.1300715059041977"
"16692","0.1481606513261795","0.1481606513261795","0.1481606513261795"
"16705","0.12164707481861115","0.12164707481861115","0.12164707481861115"
"16711","0.1462422013282776","0.1462422013282776","0.1462422013282776"
"16728","0.12065939605236053","0.12065939605236053","0.12065939605236053"
"16749","0.10742849111557007","0.10742849111557007","0.10742849111557007"
"16780","0.15547579526901245","0.15547579526901245","0.15547579526901245"
"16787","0.1615666151046753","0.1615666151046753","0.1615666151046753"
"16795","0.13056641817092896","0.13056641817092896","0.13056641817092896"
"16814","0.14902764558792114","0.14902764558792114","0.14902764558792114"
"16870","0.12439672648906708","0.12439672648906708","0.12439672648906708"
"16879","0.1115884929895401","0.1115884929895401","0.1115884929895401"
"16910","0.13412265479564667","0.13412265479564667","0.13412265479564667"
"16941","0.1393948197364807","0.1393948197364807","0.1393948197364807"
"16949","0.1481560468673706","0.1481560468673706","0.1481560468673706"
"16958","0.13014090061187744","0.13014090061187744","0.13014090061187744"
"16973","0.12152603268623352","0.12152603268623352","0.12152603268623352"
"17063","0.12048917263746262","0.12048917263746262","0.12048917263746262"
"17120","0.140542134642601","0.140542134642601","0.140542134642601"
"17171","0.12269937992095947","0.12269937992095947","0.12269937992095947"
"17226","0.13030946254730225","0.13030946254730225","0.13030946254730225"
"17264","0.1290724128484726","0.1290724128484726","0.1290724128484726"
"17283","0.14883774518966675","0.14883774518966675","0.14883774518966675"
"17314","0.1428626924753189","0.1428626924753189","0.1428626924753189"
"17343","0.1289486587047577","0.1289486587047577","0.1289486587047577"
"17370","0.1157141625881195","0.1157141625881195","0.1157141625881195"
"17386","0.14809918403625488","0.14809918403625488","0.14809918403625488"
"17389","0.14163121581077576","0.14163121581077576","0.14163121581077576"
"17394","0.1335010677576065","0.1335010677576065","0.1335010677576065"
"17403","0.12574711441993713","0.12574711441993713","0.12574711441993713"
"17441","0.12839746475219727","0.12839746475219727","0.12839746475219727"
"17444","0.12778082489967346","0.12778082489967346","0.12778082489967346"
"17447","0.14958807826042175","0.14958807826042175","0.14958807826042175"
"17467","0.11455502361059189","0.11455502361059189","0.11455502361059189"
"17525","0.13045458495616913","0.13045458495616913","0.13045458495616913"
"17541","0.13495129346847534","0.13495129346847534","0.13495129346847534"
"17580","0.1337670385837555","0.1337670385837555","0.1337670385837555"
"17630","0.15042200684547424","0.15042200684547424","0.15042200684547424"
"17679","0.12244550883769989","0.12244550883769989","0.12244550883769989"
"17716","0.11832043528556824","0.11832043528556824","0.11832043528556824"
"17741","0.13472554087638855","0.13472554087638855","0.13472554087638855"
"17747","0.13557416200637817","0.13557416200637817","0.13557416200637817"
"17748","0.11364008486270905","0.11364008486270905","0.11364008486270905"
"17794","0.14029619097709656","0.14029619097709656","0.14029619097709656"
"17809","0.12558215856552124","0.12558215856552124","0.12558215856552124"
"17822","0.14164194464683533","0.14164194464683533","0.14164194464683533"
"17827","0.14019733667373657","0.14019733667373657","0.14019733667373657"
"17844","0.1384570300579071","0.1384570300579071","0.1384570300579071"
"17855","0.1394297182559967","0.1394297182559967","0.1394297182559967"
"17895","0.13211895525455475","0.13211895525455475","0.13211895525455475"
"17900","0.14319144189357758","0.14319144189357758","0.14319144189357758"
"18004","0.1438983678817749","0.1438983678817749","0.1438983678817749"
"18009","0.13469110429286957","0.13469110429286957","0.13469110429286957"
"18012","0.153658926486969","0.153658926486969","0.153658926486969"
"18054","0.12671583890914917","0.12671583890914917","0.12671583890914917"
"18083","0.12576612830162048","0.12576612830162048","0.12576612830162048"
"18151","0.13101403415203094","0.13101403415203094","0.13101403415203094"
"18205","0.13080957531929016","0.13080957531929016","0.13080957531929016"
"18314","0.14664563536643982","0.14664563536643982","0.14664563536643982"
"18325","0.13591580092906952","0.13591580092906952","0.13591580092906952"
"18380","0.11227746307849884","0.11227746307849884","0.11227746307849884"
"18408","0.12643758952617645","0.12643758952617645","0.12643758952617645"
"18425","0.17693129181861877","0.17693129181861877","0.17693129181861877"
"18466","0.130438432097435","0.130438432097435","0.130438432097435"
"18477","0.14027002453804016","0.14027002453804016","0.14027002453804016"
"18517","0.12848743796348572","0.12848743796348572","0.12848743796348572"
"18548","0.15562409162521362","0.15562409162521362","0.15562409162521362"
"18611","0.11639884114265442","0.11639884114265442","0.11639884114265442"
"18612","0.13279622793197632","0.13279622793197632","0.13279622793197632"
"18632","0.13489294052124023","0.13489294052124023","0.13489294052124023"
"18652","0.11856476962566376","0.11856476962566376","0.11856476962566376"
"18656","0.13349206745624542","0.13349206745624542","0.13349206745624542"
"18729","0.13050611317157745","0.13050611317157745","0.13050611317157745"
"18734","0.1291939914226532","0.1291939914226532","0.1291939914226532"
"18754","0.1470775008201599","0.1470775008201599","0.1470775008201599"
"18767","0.11975829303264618","0.11975829303264618","0.11975829303264618"
"18784","0.1256624460220337","0.1256624460220337","0.1256624460220337"
"18843","0.10826997458934784","0.10826997458934784","0.10826997458934784"
"18862","0.13289828598499298","0.13289828598499298","0.13289828598499298"
"18865","0.14091995358467102","0.14091995358467102","0.14091995358467102"
"18880","0.13931971788406372","0.13931971788406372","0.13931971788406372"
"18934","0.11214925348758698","0.11214925348758698","0.11214925348758698"
"18941","0.13559703528881073","0.13559703528881073","0.13559703528881073"
"18957","0.12417609989643097","0.12417609989643097","0.12417609989643097"
"18976","0.14354020357131958","0.14354020357131958","0.14354020357131958"
"19066","0.1184743195772171","0.1184743195772171","0.1184743195772171"
"19103","0.14849838614463806","0.14849838614463806","0.14849838614463806"
"19156","0.14753597974777222","0.14753597974777222","0.14753597974777222"
"19230","0.13091778755187988","0.13091778755187988","0.13091778755187988"
"19261","0.12469233572483063","0.12469233572483063","0.12469233572483063"
"19330","0.1261989325284958","0.1261989325284958","0.1261989325284958"
"19360","0.134304478764534","0.134304478764534","0.134304478764534"
"19452","0.15102139115333557","0.15102139115333557","0.15102139115333557"
"19478","0.13188152015209198","0.13188152015209198","0.13188152015209198"
"19480","0.14606072008609772","0.14606072008609772","0.14606072008609772"
"19514","0.12149065732955933","0.12149065732955933","0.12149065732955933"
"19543","0.11441677808761597","0.11441677808761597","0.11441677808761597"
"19546","0.15412335097789764","0.15412335097789764","0.15412335097789764"
"19559","0.13301736116409302","0.13301736116409302","0.13301736116409302"
"19572","0.1402478814125061","0.1402478814125061","0.1402478814125061"
"19594","0.1359492838382721","0.1359492838382721","0.1359492838382721"
"19611","0.1471734642982483","0.1471734642982483","0.1471734642982483"
"19613","0.1079443097114563","0.1079443097114563","0.1079443097114563"
"19650","0.13691234588623047","0.13691234588623047","0.13691234588623047"
"19683","0.13251030445098877","0.13251030445098877","0.13251030445098877"
"19724","0.11663588136434555","0.11663588136434555","0.11663588136434555"
"19725","0.1249007061123848","0.1249007061123848","0.1249007061123848"
"19769","0.12868550419807434","0.12868550419807434","0.12868550419807434"
"19777","0.1269003450870514","0.1269003450870514","0.1269003450870514"
"19826","0.15542444586753845","0.15542444586753845","0.15542444586753845"
"19853","0.1385885775089264","0.1385885775089264","0.1385885775089264"
"19871","0.12942156195640564","0.12942156195640564","0.12942156195640564"
"19930","0.12377072870731354","0.12377072870731354","0.12377072870731354"
"19944","0.11309077590703964","0.11309077590703964","0.11309077590703964"
"19949","0.1347852349281311","0.1347852349281311","0.1347852349281311"
"19965","0.12576091289520264","0.12576091289520264","0.12576091289520264"
"19966","0.11386526376008987","0.11386526376008987","0.11386526376008987"
"19972","0.11759491264820099","0.11759491264820099","0.11759491264820099"
"19977","0.1339830905199051","0.1339830905199051","0.1339830905199051"
"19982","0.12363198399543762","0.12363198399543762","0.12363198399543762"
"20001","0.11200649291276932","0.11200649291276932","0.11200649291276932"
"20003","0.10819144546985626","0.10819144546985626","0.10819144546985626"
"20005","0.14103692770004272","0.14103692770004272","0.14103692770004272"
"20047","0.1390201449394226","0.1390201449394226","0.1390201449394226"
"20120","0.12626591324806213","0.12626591324806213","0.12626591324806213"
"20187","0.13783541321754456","0.13783541321754456","0.13783541321754456"
"20197","0.12371977418661118","0.12371977418661118","0.12371977418661118"
"20251","0.14341819286346436","0.14341819286346436","0.14341819286346436"
"20275","0.12390446662902832","0.12390446662902832","0.12390446662902832"
"20276","0.13246870040893555","0.13246870040893555","0.13246870040893555"
"20308","0.12696780264377594","0.12696780264377594","0.12696780264377594"
"20333","0.1442101150751114","0.1442101150751114","0.1442101150751114"
"20382","0.12152339518070221","0.12152339518070221","0.12152339518070221"
"20440","0.1391972005367279","0.1391972005367279","0.1391972005367279"
"20454","0.14811637997627258","0.14811637997627258","0.14811637997627258"
"20465","0.12217701971530914","0.12217701971530914","0.12217701971530914"
"20489","0.12493421882390976","0.12493421882390976","0.12493421882390976"
"20493","0.12606894969940186","0.12606894969940186","0.12606894969940186"
"20503","0.1507468968629837","0.1507468968629837","0.1507468968629837"
"20505","0.13238367438316345","0.13238367438316345","0.13238367438316345"
"20531","0.12586507201194763","0.12586507201194763","0.12586507201194763"
"20603","0.12834732234477997","0.12834732234477997","0.12834732234477997"
"20645","0.12351963669061661","0.12351963669061661","0.12351963669061661"
"20675","0.12041833996772766","0.12041833996772766","0.12041833996772766"
"20724","0.11265712976455688","0.11265712976455688","0.11265712976455688"
"20728","0.13574311137199402","0.13574311137199402","0.13574311137199402"
"20736","0.12355941534042358","0.12355941534042358","0.12355941534042358"
"20764","0.15701887011528015","0.15701887011528015","0.15701887011528015"
"20782","0.14075890183448792","0.14075890183448792","0.14075890183448792"
"20794","0.13489747047424316","0.13489747047424316","0.13489747047424316"
"20832","0.11552450805902481","0.11552450805902481","0.11552450805902481"
"20864","0.14262530207633972","0.14262530207633972","0.14262530207633972"
"20866","0.13217531144618988","0.13217531144618988","0.13217531144618988"
"20889","0.12490907311439514","0.12490907311439514","0.12490907311439514"
"20897","0.14269700646400452","0.14269700646400452","0.14269700646400452"
"20904","0.15791991353034973","0.15791991353034973","0.15791991353034973"
"20923","0.12116795778274536","0.12116795778274536","0.12116795778274536"
"20937","0.13501641154289246","0.13501641154289246","0.13501641154289246"
"20941","0.141280859708786","0.141280859708786","0.141280859708786"
"20995","0.10739494115114212","0.10739494115114212","0.10739494115114212"
"21041","0.13964901864528656","0.13964901864528656","0.13964901864528656"
"21048","0.12731173634529114","0.12731173634529114","0.12731173634529114"
"21117","0.14883196353912354","0.14883196353912354","0.14883196353912354"
"21118","0.14034046232700348","0.14034046232700348","0.14034046232700348"
"21121","0.14280107617378235","0.14280107617378235","0.14280107617378235"
"21126","0.13350631296634674","0.13350631296634674","0.13350631296634674"
"21154","0.12373597919940948","0.12373597919940948","0.12373597919940948"
"21172","0.13270770013332367","0.13270770013332367","0.13270770013332367"
"21188","0.14738261699676514","0.14738261699676514","0.14738261699676514"
"21219","0.13629591464996338","0.13629591464996338","0.13629591464996338"
"21230","0.1205267608165741","0.1205267608165741","0.1205267608165741"
"21234","0.12347389757633209","0.12347389757633209","0.12347389757633209"
"21264","0.12835565209388733","0.12835565209388733","0.12835565209388733"
"21355","0.12920114398002625","0.12920114398002625","0.12920114398002625"
"21385","0.14010508358478546","0.14010508358478546","0.14010508358478546"
"21395","0.12573149800300598","0.12573149800300598","0.12573149800300598"
"21409","0.13429321348667145","0.13429321348667145","0.13429321348667145"
"21428","0.11577048897743225","0.11577048897743225","0.11577048897743225"
"21481","0.13749732077121735","0.13749732077121735","0.13749732077121735"
"21545","0.11123086512088776","0.11123086512088776","0.11123086512088776"
"21562","0.13896310329437256","0.13896310329437256","0.13896310329437256"
"21564","0.1310756504535675","0.1310756504535675","0.1310756504535675"
"21566","0.12767162919044495","0.12767162919044495","0.12767162919044495"
"21571","0.1413573920726776","0.1413573920726776","0.1413573920726776"
"21576","0.12781259417533875","0.12781259417533875","0.12781259417533875"
"21619","0.1437307894229889","0.1437307894229889","0.1437307894229889"
"21646","0.11743505299091339","0.11743505299091339","0.11743505299091339"
"21662","0.1458648443222046","0.1458648443222046","0.1458648443222046"
"21739","0.14138758182525635","0.14138758182525635","0.14138758182525635"
"21765","0.129110649228096","0.129110649228096","0.129110649228096"
"21802","0.12263879925012589","0.12263879925012589","0.12263879925012589"
"21939","0.15098673105239868","0.15098673105239868","0.15098673105239868"
"21949","0.11503139138221741","0.11503139138221741","0.11503139138221741"
"21971","0.12470042705535889","0.12470042705535889","0.12470042705535889"
"21988","0.12209519743919373","0.12209519743919373","0.12209519743919373"
"22026","0.13007308542728424","0.13007308542728424","0.13007308542728424"
"22028","0.12155976891517639","0.12155976891517639","0.12155976891517639"
"22058","0.11855465173721313","0.11855465173721313","0.11855465173721313"
"22097","0.12345226854085922","0.12345226854085922","0.12345226854085922"
"22149","0.12045632302761078","0.12045632302761078","0.12045632302761078"
"22160","0.12878011167049408","0.12878011167049408","0.12878011167049408"
"22161","0.15131860971450806","0.15131860971450806","0.15131860971450806"
"22303","0.11670833081007004","0.11670833081007004","0.11670833081007004"
"22319","0.12722134590148926","0.12722134590148926","0.12722134590148926"
"22346","0.13156771659851074","0.13156771659851074","0.13156771659851074"
"22359","0.11273524910211563","0.11273524910211563","0.11273524910211563"
"22383","0.13925129175186157","0.13925129175186157","0.13925129175186157"
"22386","0.15083730220794678","0.15083730220794678","0.15083730220794678"
"22391","0.12905141711235046","0.12905141711235046","0.12905141711235046"
"22432","0.11718256026506424","0.11718256026506424","0.11718256026506424"
"22435","0.10194942355155945","0.10194942355155945","0.10194942355155945"
"22502","0.12189469486474991","0.12189469486474991","0.12189469486474991"
"22561","0.12642745673656464","0.12642745673656464","0.12642745673656464"
"22568","0.12676432728767395","0.12676432728767395","0.12676432728767395"
"22602","0.13094821572303772","0.13094821572303772","0.13094821572303772"
"22627","0.12432515621185303","0.12432515621185303","0.12432515621185303"
"22641","0.12763512134552002","0.12763512134552002","0.12763512134552002"
"22653","0.13436774909496307","0.13436774909496307","0.13436774909496307"
"22710","0.1275295466184616","0.1275295466184616","0.1275295466184616"
"22764","0.1506674885749817","0.1506674885749817","0.1506674885749817"
"22789","0.1193879172205925","0.1193879172205925","0.1193879172205925"
"22792","0.1256425976753235","0.1256425976753235","0.1256425976753235"
"22794","0.11687664687633514","0.11687664687633514","0.11687664687633514"
"22806","0.1279735118150711","0.1279735118150711","0.1279735118150711"
"22812","0.14049267768859863","0.14049267768859863","0.14049267768859863"
"22857","0.12236287444829941","0.12236287444829941","0.12236287444829941"
"22883","0.10741664469242096","0.10741664469242096","0.10741664469242096"
"22909","0.1366969645023346","0.1366969645023346","0.1366969645023346"
"22914","0.12100739777088165","0.12100739777088165","0.12100739777088165"
"22923","0.13708296418190002","0.13708296418190002","0.13708296418190002"
"22925","0.1373770534992218","0.1373770534992218","0.1373770534992218"
"22938","0.1203673928976059","0.1203673928976059","0.1203673928976059"
"22943","0.12131577730178833","0.12131577730178833","0.12131577730178833"
"22946","0.12209548056125641","0.12209548056125641","0.12209548056125641"
"22993","0.126402348279953","0.126402348279953","0.126402348279953"
"23033","0.1375424861907959","0.1375424861907959","0.1375424861907959"
"23035","0.15716280043125153","0.15716280043125153","0.15716280043125153"
"23037","0.11664532124996185","0.11664532124996185","0.11664532124996185"
"23054","0.1141769289970398","0.1141769289970398","0.1141769289970398"
"23077","0.11916579306125641","0.11916579306125641","0.11916579306125641"
"23089","0.11700710654258728","0.11700710654258728","0.11700710654258728"
"23095","0.14029040932655334","0.14029040932655334","0.14029040932655334"
"23161","0.13092517852783203","0.13092517852783203","0.13092517852783203"
"23168","0.12508782744407654","0.12508782744407654","0.12508782744407654"
"23209","0.1288803070783615","0.1288803070783615","0.1288803070783615"
"23240","0.13989979028701782","0.13989979028701782","0.13989979028701782"
"23303","0.1347028911113739","0.1347028911113739","0.1347028911113739"
"23323","0.10848157107830048","0.10848157107830048","0.10848157107830048"
"23355","0.13850221037864685","0.13850221037864685","0.13850221037864685"
"23372","0.13909640908241272","0.13909640908241272","0.13909640908241272"
"23410","0.12183363735675812","0.12183363735675812","0.12183363735675812"
"23413","0.1285933256149292","0.1285933256149292","0.1285933256149292"
"23442","0.1267731934785843","0.1267731934785843","0.1267731934785843"
"23488","0.11777330935001373","0.11777330935001373","0.11777330935001373"
"23520","0.10490022599697113","0.10490022599697113","0.10490022599697113"
"23521","0.13986390829086304","0.13986390829086304","0.13986390829086304"
"23533","0.14040732383728027","0.14040732383728027","0.14040732383728027"
"23555","0.115018829703331","0.115018829703331","0.115018829703331"
"23587","0.11919089406728745","0.11919089406728745","0.11919089406728745"
"23592","0.14121372997760773","0.14121372997760773","0.14121372997760773"
"23599","0.12801912426948547","0.12801912426948547","0.12801912426948547"
"23621","0.14372313022613525","0.14372313022613525","0.14372313022613525"
"23632","0.12179283797740936","0.12179283797740936","0.12179283797740936"
"23675","0.12397302687168121","0.12397302687168121","0.12397302687168121"
"23689","0.12594257295131683","0.12594257295131683","0.12594257295131683"
"23696","0.137338325381279","0.137338325381279","0.137338325381279"
"23698","0.12593266367912292","0.12593266367912292","0.12593266367912292"
"23731","0.12081559002399445","0.12081559002399445","0.12081559002399445"
"23739","0.11319829523563385","0.11319829523563385","0.11319829523563385"
"23741","0.13378891348838806","0.13378891348838806","0.13378891348838806"
"23778","0.14671620726585388","0.14671620726585388","0.14671620726585388"
"23806","0.12541869282722473","0.12541869282722473","0.12541869282722473"
"23823","0.13907396793365479","0.13907396793365479","0.13907396793365479"
"23843","0.11467781662940979","0.11467781662940979","0.11467781662940979"
"23845","0.12803085148334503","0.12803085148334503","0.12803085148334503"
"23944","0.12975837290287018","0.12975837290287018","0.12975837290287018"
"23952","0.12315961718559265","0.12315961718559265","0.12315961718559265"
"23959","0.10900343954563141","0.10900343954563141","0.10900343954563141"
"23974","0.1447277069091797","0.1447277069091797","0.1447277069091797"
"24026","0.13805808126926422","0.13805808126926422","0.13805808126926422"
"24043","0.11145266890525818","0.11145266890525818","0.11145266890525818"
"24112","0.13771453499794006","0.13771453499794006","0.13771453499794006"
"24117","0.132911816239357","0.132911816239357","0.132911816239357"
"24135","0.11099019646644592","0.11099019646644592","0.11099019646644592"
"24176","0.1161075234413147","0.1161075234413147","0.1161075234413147"
"24200","0.12493368238210678","0.12493368238210678","0.12493368238210678"
"24209","0.13404566049575806","0.13404566049575806","0.13404566049575806"
"24219","0.1277819573879242","0.1277819573879242","0.1277819573879242"
"24247","0.12711268663406372","0.12711268663406372","0.12711268663406372"
"24356","0.12827225029468536","0.12827225029468536","0.12827225029468536"
"24372","0.1356072574853897","0.1356072574853897","0.1356072574853897"
"24380","0.13654138147830963","0.13654138147830963","0.13654138147830963"
"24463","0.13385550677776337","0.13385550677776337","0.13385550677776337"
"24465","0.12328315526247025","0.12328315526247025","0.12328315526247025"
"24470","0.14744001626968384","0.14744001626968384","0.14744001626968384"
"24510","0.12310872972011566","0.12310872972011566","0.12310872972011566"
"24531","0.11381017416715622","0.11381017416715622","0.11381017416715622"
"24542","0.13620883226394653","0.13620883226394653","0.13620883226394653"
"24546","0.12617447972297668","0.12617447972297668","0.12617447972297668"
"24552","0.13061732053756714","0.13061732053756714","0.13061732053756714"
"24570","0.14348024129867554","0.14348024129867554","0.14348024129867554"
"24581","0.11830756068229675","0.11830756068229675","0.11830756068229675"
"24583","0.12857690453529358","0.12857690453529358","0.12857690453529358"
"24591","0.13590741157531738","0.13590741157531738","0.13590741157531738"
"24600","0.11896700412034988","0.11896700412034988","0.11896700412034988"
"24640","0.13039523363113403","0.13039523363113403","0.13039523363113403"
"24655","0.15584900975227356","0.15584900975227356","0.15584900975227356"
"24659","0.11348133534193039","0.11348133534193039","0.11348133534193039"
"24666","0.12673014402389526","0.12673014402389526","0.12673014402389526"
"24674","0.12477216124534607","0.12477216124534607","0.12477216124534607"
"24677","0.1155041977763176","0.1155041977763176","0.1155041977763176"
"24735","0.13076914846897125","0.13076914846897125","0.13076914846897125"
"24736","0.12418355792760849","0.12418355792760849","0.12418355792760849"
"24772","0.126326784491539","0.126326784491539","0.126326784491539"
"24797","0.13639146089553833","0.13639146089553833","0.13639146089553833"
"24801","0.10532940179109573","0.10532940179109573","0.10532940179109573"
"24838","0.11899932473897934","0.11899932473897934","0.11899932473897934"
"24879","0.12138816714286804","0.12138816714286804","0.12138816714286804"
"24893","0.16106346249580383","0.16106346249580383","0.16106346249580383"
"24894","0.14822253584861755","0.14822253584861755","0.14822253584861755"
"24900","0.1383783519268036","0.1383783519268036","0.1383783519268036"
"24903","0.120118148624897","0.120118148624897","0.120118148624897"
"24914","0.1378127485513687","0.1378127485513687","0.1378127485513687"
"24917","0.12435142695903778","0.12435142695903778","0.12435142695903778"
"24951","0.10672810673713684","0.10672810673713684","0.10672810673713684"
"24982","0.12391732633113861","0.12391732633113861","0.12391732633113861"
"24990","0.12507793307304382","0.12507793307304382","0.12507793307304382"
"25009","0.14042025804519653","0.14042025804519653","0.14042025804519653"
"25010","0.13427969813346863","0.13427969813346863","0.13427969813346863"
"25088","0.10790467262268066","0.10790467262268066","0.10790467262268066"
"25109","0.12502063810825348","0.12502063810825348","0.12502063810825348"
"25110","0.12853598594665527","0.12853598594665527","0.12853598594665527"
"25136","0.12348704040050507","0.12348704040050507","0.12348704040050507"
"25138","0.1313725709915161","0.1313725709915161","0.1313725709915161"
"25221","0.13416855037212372","0.13416855037212372","0.13416855037212372"
"25225","0.1317390501499176","0.1317390501499176","0.1317390501499176"
"25226","0.11046172678470612","0.11046172678470612","0.11046172678470612"
"25229","0.12672299146652222","0.12672299146652222","0.12672299146652222"
"25245","0.11681896448135376","0.11681896448135376","0.11681896448135376"
"25264","0.10443730652332306","0.10443730652332306","0.10443730652332306"
"25265","0.14524999260902405","0.14524999260902405","0.14524999260902405"
"25315","0.13462145626544952","0.13462145626544952","0.13462145626544952"
"25361","0.11719907075166702","0.11719907075166702","0.11719907075166702"
"25394","0.12258636951446533","0.12258636951446533","0.12258636951446533"
"25423","0.13098029792308807","0.13098029792308807","0.13098029792308807"
"25436","0.11686496436595917","0.11686496436595917","0.11686496436595917"
"25466","0.11728012561798096","0.11728012561798096","0.11728012561798096"
"25473","0.1339978575706482","0.1339978575706482","0.1339978575706482"
"25542","0.11610358953475952","0.11610358953475952","0.11610358953475952"
"25559","0.12812775373458862","0.12812775373458862","0.12812775373458862"
"25564","0.12669332325458527","0.12669332325458527","0.12669332325458527"
"25588","0.12519672513008118","0.12519672513008118","0.12519672513008118"
"25625","0.13850949704647064","0.13850949704647064","0.13850949704647064"
"25651","0.14140574634075165","0.14140574634075165","0.14140574634075165"
"25666","0.12364848703145981","0.12364848703145981","0.12364848703145981"
"25711","0.1388506442308426","0.1388506442308426","0.1388506442308426"
"25725","0.11292025446891785","0.11292025446891785","0.11292025446891785"
"25756","0.12570859491825104","0.12570859491825104","0.12570859491825104"
"25765","0.1349630355834961","0.1349630355834961","0.1349630355834961"
"25769","0.125653475522995","0.125653475522995","0.125653475522995"
"25826","0.12612491846084595","0.12612491846084595","0.12612491846084595"
"25837","0.13030938804149628","0.13030938804149628","0.13030938804149628"
"25861","0.13597965240478516","0.13597965240478516","0.13597965240478516"
"25877","0.11638619750738144","0.11638619750738144","0.11638619750738144"
"25891","0.1375989317893982","0.1375989317893982","0.1375989317893982"
"25932","0.12553395330905914","0.12553395330905914","0.12553395330905914"
"25936","0.11346157640218735","0.11346157640218735","0.11346157640218735"
"25983","0.09556996822357178","0.09556996822357178","0.09556996822357178"
"25985","0.11334864795207977","0.11334864795207977","0.11334864795207977"
"26011","0.13237690925598145","0.13237690925598145","0.13237690925598145"
"26018","0.10950006544589996","0.10950006544589996","0.10950006544589996"
"26024","0.1379292905330658","0.1379292905330658","0.1379292905330658"
"26029","0.11133371293544769","0.11133371293544769","0.11133371293544769"
"26044","0.1250177025794983","0.1250177025794983","0.1250177025794983"
"26048","0.13602831959724426","0.13602831959724426","0.13602831959724426"
"26053","0.12344177812337875","0.12344177812337875","0.12344177812337875"
"26172","0.11461324989795685","0.11461324989795685","0.11461324989795685"
"26181","0.1066695898771286","0.1066695898771286","0.1066695898771286"
"26208","0.12406623363494873","0.12406623363494873","0.12406623363494873"
"26219","0.12545785307884216","0.12545785307884216","0.12545785307884216"
"26246","0.1171107143163681","0.1171107143163681","0.1171107143163681"
"26354","0.13042700290679932","0.13042700290679932","0.13042700290679932"
"26399","0.11364925652742386","0.11364925652742386","0.11364925652742386"
"26453","0.12287405133247375","0.12287405133247375","0.12287405133247375"
"26465","0.10901830345392227","0.10901830345392227","0.10901830345392227"
"26481","0.1194966733455658","0.1194966733455658","0.1194966733455658"
"26486","0.1459919512271881","0.1459919512271881","0.1459919512271881"
"26499","0.12005309760570526","0.12005309760570526","0.12005309760570526"
"26541","0.11828646808862686","0.11828646808862686","0.11828646808862686"
"26552","0.12011808902025223","0.12011808902025223","0.12011808902025223"
"26570","0.11382217705249786","0.11382217705249786","0.11382217705249786"
"26571","0.12951183319091797","0.12951183319091797","0.12951183319091797"
"26598","0.12425612658262253","0.12425612658262253","0.12425612658262253"
"26634","0.1267819106578827","0.1267819106578827","0.1267819106578827"
"26646","0.12101136147975922","0.12101136147975922","0.12101136147975922"
"26687","0.1260271817445755","0.1260271817445755","0.1260271817445755"
"26691","0.12228692322969437","0.12228692322969437","0.12228692322969437"
"26714","0.13107523322105408","0.13107523322105408","0.13107523322105408"
"26752","0.12080317735671997","0.12080317735671997","0.12080317735671997"
"26775","0.11495881527662277","0.11495881527662277","0.11495881527662277"
"26798","0.12355929613113403","0.12355929613113403","0.12355929613113403"
"26842","0.11595860123634338","0.11595860123634338","0.11595860123634338"
"26848","0.13101543486118317","0.13101543486118317","0.13101543486118317"
"26952","0.13032850623130798","0.13032850623130798","0.13032850623130798"
"27049","0.1133539155125618","0.1133539155125618","0.1133539155125618"
"27071","0.1138267070055008","0.1138267070055008","0.1138267070055008"
"27123","0.11706174910068512","0.11706174910068512","0.11706174910068512"
"27177","0.11208890378475189","0.11208890378475189","0.11208890378475189"
"27194","0.1220850721001625","0.1220850721001625","0.1220850721001625"
"27233","0.1269875466823578","0.1269875466823578","0.1269875466823578"
"27291","0.10949546098709106","0.10949546098709106","0.10949546098709106"
"27292","0.12547820806503296","0.12547820806503296","0.12547820806503296"
"27300","0.12855598330497742","0.12855598330497742","0.12855598330497742"
"27305","0.11158942431211472","0.11158942431211472","0.11158942431211472"
"27343","0.13696783781051636","0.13696783781051636","0.13696783781051636"
"27354","0.10856851935386658","0.10856851935386658","0.10856851935386658"
"27378","0.1283426135778427","0.1283426135778427","0.1283426135778427"
"27396","0.121670663356781","0.121670663356781","0.121670663356781"
"27428","0.09778274595737457","0.09778274595737457","0.09778274595737457"
"27483","0.12895235419273376","0.12895235419273376","0.12895235419273376"
"27487","0.1348789632320404","0.1348789632320404","0.1348789632320404"
"27538","0.13682213425636292","0.13682213425636292","0.13682213425636292"
"27586","0.1248721182346344","0.1248721182346344","0.1248721182346344"
"27598","0.12880562245845795","0.12880562245845795","0.12880562245845795"
"27603","0.11157791316509247","0.11157791316509247","0.11157791316509247"
"27683","0.1400195062160492","0.1400195062160492","0.1400195062160492"
"27688","0.1215212345123291","0.1215212345123291","0.1215212345123291"
"27693","0.09653282165527344","0.09653282165527344","0.09653282165527344"
"27722","0.13515004515647888","0.13515004515647888","0.13515004515647888"
"27772","0.11667682230472565","0.11667682230472565","0.11667682230472565"
"27777","0.13119497895240784","0.13119497895240784","0.13119497895240784"
"27794","0.12873628735542297","0.12873628735542297","0.12873628735542297"
"27825","0.13132335245609283","0.13132335245609283","0.13132335245609283"
"27846","0.13272958993911743","0.13272958993911743","0.13272958993911743"
"27863","0.1381469964981079","0.1381469964981079","0.1381469964981079"
"27875","0.134391188621521","0.134391188621521","0.134391188621521"
"27961","0.13327854871749878","0.13327854871749878","0.13327854871749878"
"28011","0.12940028309822083","0.12940028309822083","0.12940028309822083"
"28012","0.11007267236709595","0.11007267236709595","0.11007267236709595"
"28014","0.1259588599205017","0.1259588599205017","0.1259588599205017"
"28029","0.12827813625335693","0.12827813625335693","0.12827813625335693"
"28082","0.1269913911819458","0.1269913911819458","0.1269913911819458"
"28109","0.10741566121578217","0.10741566121578217","0.10741566121578217"
"28124","0.12446612119674683","0.12446612119674683","0.12446612119674683"
"28177","0.13937261700630188","0.13937261700630188","0.13937261700630188"
"28178","0.13534091413021088","0.13534091413021088","0.13534091413021088"
"28187","0.1353205144405365","0.1353205144405365","0.1353205144405365"
"28207","0.11162033677101135","0.11162033677101135","0.11162033677101135"
"28210","0.11125431954860687","0.11125431954860687","0.11125431954860687"
"28212","0.12385500967502594","0.12385500967502594","0.12385500967502594"
"28221","0.10857843607664108","0.10857843607664108","0.10857843607664108"
"28227","0.12365086376667023","0.12365086376667023","0.12365086376667023"
"28267","0.1104385256767273","0.1104385256767273","0.1104385256767273"
"28282","0.12112070620059967","0.12112070620059967","0.12112070620059967"
"28292","0.10054053366184235","0.10054053366184235","0.10054053366184235"
"28293","0.14511734247207642","0.14511734247207642","0.14511734247207642"
"28326","0.12631244957447052","0.12631244957447052","0.12631244957447052"
"28338","0.14515720307826996","0.14515720307826996","0.14515720307826996"
"28368","0.11236254125833511","0.11236254125833511","0.11236254125833511"
"28380","0.12891438603401184","0.12891438603401184","0.12891438603401184"
"28435","0.0968683511018753","0.0968683511018753","0.0968683511018753"
"28440","0.14151741564273834","0.14151741564273834","0.14151741564273834"
"28490","0.13171030580997467","0.13171030580997467","0.13171030580997467"
"28504","0.11364393681287766","0.11364393681287766","0.11364393681287766"
"28548","0.11969375610351562","0.11969375610351562","0.11969375610351562"
"28555","0.12754064798355103","0.12754064798355103","0.12754064798355103"
"28600","0.11843214929103851","0.11843214929103851","0.11843214929103851"
"28614","0.13124145567417145","0.13124145567417145","0.13124145567417145"
"28680","0.09507336467504501","0.09507336467504501","0.09507336467504501"
"28681","0.1400645226240158","0.1400645226240158","0.1400645226240158"
"28686","0.12604358792304993","0.12604358792304993","0.12604358792304993"
"28788","0.1216825619339943","0.1216825619339943","0.1216825619339943"
"28796","0.12074117362499237","0.12074117362499237","0.12074117362499237"
"28807","0.13686347007751465","0.13686347007751465","0.13686347007751465"
"28813","0.13050106167793274","0.13050106167793274","0.13050106167793274"
"28817","0.11738575994968414","0.11738575994968414","0.11738575994968414"
"28851","0.11377409845590591","0.11377409845590591","0.11377409845590591"
"28902","0.11805279552936554","0.11805279552936554","0.11805279552936554"
"28921","0.1314060539007187","0.1314060539007187","0.1314060539007187"
"28939","0.11519975960254669","0.11519975960254669","0.11519975960254669"
"28962","0.12050091475248337","0.12050091475248337","0.12050091475248337"
"29014","0.13190120458602905","0.13190120458602905","0.13190120458602905"
"29036","0.1271466761827469","0.1271466761827469","0.1271466761827469"
"29085","0.1167917251586914","0.1167917251586914","0.1167917251586914"
"29090","0.12328195571899414","0.12328195571899414","0.12328195571899414"
"29104","0.1170475110411644","0.1170475110411644","0.1170475110411644"
"29118","0.10717366635799408","0.10717366635799408","0.10717366635799408"
"29123","0.12186868488788605","0.12186868488788605","0.12186868488788605"
"29156","0.11140473186969757","0.11140473186969757","0.11140473186969757"
"29162","0.12013539671897888","0.12013539671897888","0.12013539671897888"
"29187","0.13553491234779358","0.13553491234779358","0.13553491234779358"
"29209","0.10576143860816956","0.10576143860816956","0.10576143860816956"
"29229","0.1373344212770462","0.1373344212770462","0.1373344212770462"
"29254","0.11057764291763306","0.11057764291763306","0.11057764291763306"
"29269","0.11154958605766296","0.11154958605766296","0.11154958605766296"
"29272","0.10255973041057587","0.10255973041057587","0.10255973041057587"
"29339","0.1250094324350357","0.1250094324350357","0.1250094324350357"
"29370","0.11738370358943939","0.11738370358943939","0.11738370358943939"
"29372","0.13837695121765137","0.13837695121765137","0.13837695121765137"
"29391","0.12901775538921356","0.12901775538921356","0.12901775538921356"
"29419","0.10541673004627228","0.10541673004627228","0.10541673004627228"
"29480","0.11729426681995392","0.11729426681995392","0.11729426681995392"
"29558","0.11002594977617264","0.11002594977617264","0.11002594977617264"
"29571","0.11486169695854187","0.11486169695854187","0.11486169695854187"
"29673","0.1233774721622467","0.1233774721622467","0.1233774721622467"
"29681","0.1265391707420349","0.1265391707420349","0.1265391707420349"
"29682","0.12918336689472198","0.12918336689472198","0.12918336689472198"
"29684","0.1338156908750534","0.1338156908750534","0.1338156908750534"
"29685","0.11148681491613388","0.11148681491613388","0.11148681491613388"
"29704","0.13970574736595154","0.13970574736595154","0.13970574736595154"
"29708","0.12164215743541718","0.12164215743541718","0.12164215743541718"
"29709","0.12818776071071625","0.12818776071071625","0.12818776071071625"
"29720","0.1177397295832634","0.1177397295832634","0.1177397295832634"
"29724","0.12035826593637466","0.12035826593637466","0.12035826593637466"
"29781","0.11606907844543457","0.11606907844543457","0.11606907844543457"
"29792","0.1072869598865509","0.1072869598865509","0.1072869598865509"
"29811","0.11244961619377136","0.11244961619377136","0.11244961619377136"
"29812","0.12827610969543457","0.12827610969543457","0.12827610969543457"
"29813","0.12501658499240875","0.12501658499240875","0.12501658499240875"
"29828","0.11670494079589844","0.11670494079589844","0.11670494079589844"
"29883","0.12149365246295929","0.12149365246295929","0.12149365246295929"
"29886","0.11625203490257263","0.11625203490257263","0.11625203490257263"
"29907","0.11490194499492645","0.11490194499492645","0.11490194499492645"
"29921","0.10015752166509628","0.10015752166509628","0.10015752166509628"
"29933","0.1250438243150711","0.1250438243150711","0.1250438243150711"
"30005","0.12733906507492065","0.12733906507492065","0.12733906507492065"
"30033","0.1234065443277359","0.1234065443277359","0.1234065443277359"
"30099","0.1241205632686615","0.1241205632686615","0.1241205632686615"
"30138","0.11712441593408585","0.11712441593408585","0.11712441593408585"
"30152","0.1372079700231552","0.1372079700231552","0.1372079700231552"
"30153","0.10988131910562515","0.10988131910562515","0.10988131910562515"
"30172","0.12364555150270462","0.12364555150270462","0.12364555150270462"
"30200","0.12022626399993896","0.12022626399993896","0.12022626399993896"
"30204","0.13136506080627441","0.13136506080627441","0.13136506080627441"
"30205","0.14352774620056152","0.14352774620056152","0.14352774620056152"
"30261","0.1085231751203537","0.1085231751203537","0.1085231751203537"
"30277","0.10548625886440277","0.10548625886440277","0.10548625886440277"
"30309","0.14109039306640625","0.14109039306640625","0.14109039306640625"
"30375","0.1305275559425354","0.1305275559425354","0.1305275559425354"
"30426","0.09435980021953583","0.09435980021953583","0.09435980021953583"
"30469","0.11331396549940109","0.11331396549940109","0.11331396549940109"
"30497","0.10785555839538574","0.10785555839538574","0.10785555839538574"
"30561","0.14844204485416412","0.14844204485416412","0.14844204485416412"
"30564","0.1432761400938034","0.1432761400938034","0.1432761400938034"
"30571","0.11834993958473206","0.11834993958473206","0.11834993958473206"
"30579","0.12281838059425354","0.12281838059425354","0.12281838059425354"
"30582","0.12014465034008026","0.12014465034008026","0.12014465034008026"
"30596","0.12398271262645721","0.12398271262645721","0.12398271262645721"
"30632","0.11763380467891693","0.11763380467891693","0.11763380467891693"
"30670","0.13185450434684753","0.13185450434684753","0.13185450434684753"
"30675","0.12979348003864288","0.12979348003864288","0.12979348003864288"
"30677","0.14401184022426605","0.14401184022426605","0.14401184022426605"
"30737","0.12436029314994812","0.12436029314994812","0.12436029314994812"
"30769","0.12215977907180786","0.12215977907180786","0.12215977907180786"
"30771","0.1251802146434784","0.1251802146434784","0.1251802146434784"
"30801","0.10779289901256561","0.10779289901256561","0.10779289901256561"
"30814","0.10411956161260605","0.10411956161260605","0.10411956161260605"
"30854","0.13420206308364868","0.13420206308364868","0.13420206308364868"
"30906","0.11079391837120056","0.11079391837120056","0.11079391837120056"
"30929","0.11491847038269043","0.11491847038269043","0.11491847038269043"
"30930","0.10564058274030685","0.10564058274030685","0.10564058274030685"
"30937","0.12180919200181961","0.12180919200181961","0.12180919200181961"
"30943","0.10279644280672073","0.10279644280672073","0.10279644280672073"
"30983","0.12051308900117874","0.12051308900117874","0.12051308900117874"
"30987","0.11525319516658783","0.11525319516658783","0.11525319516658783"
"31031","0.12286433577537537","0.12286433577537537","0.12286433577537537"
"31084","0.11350438743829727","0.11350438743829727","0.11350438743829727"
"31100","0.11727017164230347","0.11727017164230347","0.11727017164230347"
"31107","0.10721424221992493","0.10721424221992493","0.10721424221992493"
"31110","0.14074712991714478","0.14074712991714478","0.14074712991714478"
"31194","0.09901745617389679","0.09901745617389679","0.09901745617389679"
"31195","0.11702173948287964","0.11702173948287964","0.11702173948287964"
"31204","0.1325482875108719","0.1325482875108719","0.1325482875108719"
"31245","0.13153818249702454","0.13153818249702454","0.13153818249702454"
"31286","0.11444278061389923","0.11444278061389923","0.11444278061389923"
"31304","0.11662209033966064","0.11662209033966064","0.11662209033966064"
"31325","0.13040226697921753","0.13040226697921753","0.13040226697921753"
"31340","0.14747397601604462","0.14747397601604462","0.14747397601604462"
"31354","0.13141092658042908","0.13141092658042908","0.13141092658042908"
"31357","0.11475561559200287","0.11475561559200287","0.11475561559200287"
"31368","0.1104353591799736","0.1104353591799736","0.1104353591799736"
"31388","0.11160361766815186","0.11160361766815186","0.11160361766815186"
"31408","0.10317281633615494","0.10317281633615494","0.10317281633615494"
"31420","0.13076090812683105","0.13076090812683105","0.13076090812683105"
"31456","0.12691694498062134","0.12691694498062134","0.12691694498062134"
"31495","0.11627118289470673","0.11627118289470673","0.11627118289470673"
"31504","0.12380044162273407","0.12380044162273407","0.12380044162273407"
"31508","0.12754064798355103","0.12754064798355103","0.12754064798355103"
"31543","0.10322754085063934","0.10322754085063934","0.10322754085063934"
"31600","0.1143871620297432","0.1143871620297432","0.1143871620297432"
"31612","0.1397840678691864","0.1397840678691864","0.1397840678691864"
"31630","0.12797337770462036","0.12797337770462036","0.12797337770462036"
"31666","0.12333598732948303","0.12333598732948303","0.12333598732948303"
"31705","0.12066641449928284","0.12066641449928284","0.12066641449928284"
"31709","0.13748738169670105","0.13748738169670105","0.13748738169670105"
"31720","0.13202258944511414","0.13202258944511414","0.13202258944511414"
"31735","0.11753346025943756","0.11753346025943756","0.11753346025943756"
"31743","0.11138782650232315","0.11138782650232315","0.11138782650232315"
"31747","0.12560993432998657","0.12560993432998657","0.12560993432998657"
"31750","0.10655620694160461","0.10655620694160461","0.10655620694160461"
"31769","0.12042976915836334","0.12042976915836334","0.12042976915836334"
"31817","0.1166125237941742","0.1166125237941742","0.1166125237941742"
"31880","0.13440260291099548","0.13440260291099548","0.13440260291099548"
"31886","0.11711089313030243","0.11711089313030243","0.11711089313030243"
"31909","0.11354567110538483","0.11354567110538483","0.11354567110538483"
"31910","0.10700595378875732","0.10700595378875732","0.10700595378875732"
"31952","0.11203959584236145","0.11203959584236145","0.11203959584236145"
"31970","0.12019432336091995","0.12019432336091995","0.12019432336091995"
"31977","0.1384410411119461","0.1384410411119461","0.1384410411119461"
"31993","0.11793950200080872","0.11793950200080872","0.11793950200080872"
"32011","0.12609529495239258","0.12609529495239258","0.12609529495239258"
"32012","0.13093899190425873","0.13093899190425873","0.13093899190425873"
"32020","0.12114390730857849","0.12114390730857849","0.12114390730857849"
"32076","0.11645075678825378","0.11645075678825378","0.11645075678825378"
"32079","0.12043273448944092","0.12043273448944092","0.12043273448944092"
"32082","0.10776843875646591","0.10776843875646591","0.10776843875646591"
"32090","0.11280493438243866","0.11280493438243866","0.11280493438243866"
"32106","0.09608416259288788","0.09608416259288788","0.09608416259288788"
"32146","0.10717415809631348","0.10717415809631348","0.10717415809631348"
"32156","0.11443442106246948","0.11443442106246948","0.11443442106246948"
"32164","0.11040768772363663","0.11040768772363663","0.11040768772363663"
"32175","0.11296209692955017","0.11296209692955017","0.11296209692955017"
"32189","0.11268927156925201","0.11268927156925201","0.11268927156925201"
"32190","0.1207481324672699","0.1207481324672699","0.1207481324672699"
"32194","0.11751322448253632","0.11751322448253632","0.11751322448253632"
"32210","0.10722386837005615","0.10722386837005615","0.10722386837005615"
"32214","0.126023530960083","0.126023530960083","0.126023530960083"
"32233","0.11136187613010406","0.11136187613010406","0.11136187613010406"
"32248","0.13141730427742004","0.13141730427742004","0.13141730427742004"
"32296","0.11895977705717087","0.11895977705717087","0.11895977705717087"
"32311","0.11821836233139038","0.11821836233139038","0.11821836233139038"
"32316","0.116609126329422","0.116609126329422","0.116609126329422"
"32356","0.12525507807731628","0.12525507807731628","0.12525507807731628"
"32375","0.11166558414697647","0.11166558414697647","0.11166558414697647"
"32417","0.10498490929603577","0.10498490929603577","0.10498490929603577"
"32434","0.12483878433704376","0.12483878433704376","0.12483878433704376"
"32441","0.12067940831184387","0.12067940831184387","0.12067940831184387"
"32448","0.1062128022313118","0.1062128022313118","0.1062128022313118"
"32519","0.12948794662952423","0.12948794662952423","0.12948794662952423"
"32541","0.13388076424598694","0.13388076424598694","0.13388076424598694"
"32580","0.114009328186512","0.114009328186512","0.114009328186512"
"32637","0.10762917995452881","0.10762917995452881","0.10762917995452881"
"32668","0.10704994201660156","0.10704994201660156","0.10704994201660156"
"32683","0.12685872614383698","0.12685872614383698","0.12685872614383698"
"32696","0.12241601943969727","0.12241601943969727","0.12241601943969727"
"32723","0.11558978259563446","0.11558978259563446","0.11558978259563446"
"32750","0.12390409409999847","0.12390409409999847","0.12390409409999847"
"32789","0.13583020865917206","0.13583020865917206","0.13583020865917206"
"32805","0.11369767785072327","0.11369767785072327","0.11369767785072327"
"32825","0.11519446969032288","0.11519446969032288","0.11519446969032288"
"32832","0.11104261130094528","0.11104261130094528","0.11104261130094528"
"32862","0.1237228512763977","0.1237228512763977","0.1237228512763977"
"32881","0.10309303551912308","0.10309303551912308","0.10309303551912308"
"32924","0.11242996156215668","0.11242996156215668","0.11242996156215668"
"32933","0.12268245220184326","0.12268245220184326","0.12268245220184326"
"32953","0.13105838000774384","0.13105838000774384","0.13105838000774384"
"33050","0.12029460072517395","0.12029460072517395","0.12029460072517395"
"33061","0.11847086250782013","0.11847086250782013","0.11847086250782013"
"33062","0.11119499802589417","0.11119499802589417","0.11119499802589417"
"33068","0.11407671868801117","0.11407671868801117","0.11407671868801117"
"33088","0.10006724298000336","0.10006724298000336","0.10006724298000336"
"33131","0.1141815334558487","0.1141815334558487","0.1141815334558487"
"33139","0.12218853831291199","0.12218853831291199","0.12218853831291199"
"33177","0.11398817598819733","0.11398817598819733","0.11398817598819733"
"33267","0.11639173328876495","0.11639173328876495","0.11639173328876495"
"33288","0.12030716240406036","0.12030716240406036","0.12030716240406036"
"33335","0.11011332273483276","0.11011332273483276","0.11011332273483276"
"33343","0.11273416131734848","0.11273416131734848","0.11273416131734848"
"33346","0.11520111560821533","0.11520111560821533","0.11520111560821533"
"33355","0.11642026901245117","0.11642026901245117","0.11642026901245117"
"33381","0.10826300829648972","0.10826300829648972","0.10826300829648972"
"33450","0.12527209520339966","0.12527209520339966","0.12527209520339966"
"33469","0.126922607421875","0.126922607421875","0.126922607421875"
"33483","0.11860409379005432","0.11860409379005432","0.11860409379005432"
"33501","0.104590505361557","0.104590505361557","0.104590505361557"
"33545","0.14674103260040283","0.14674103260040283","0.14674103260040283"
"33546","0.12263411283493042","0.12263411283493042","0.12263411283493042"
"33556","0.12214577198028564","0.12214577198028564","0.12214577198028564"
"33561","0.12604156136512756","0.12604156136512756","0.12604156136512756"
"33564","0.10656040906906128","0.10656040906906128","0.10656040906906128"
"33572","0.10125037282705307","0.10125037282705307","0.10125037282705307"
"33629","0.09993793070316315","0.09993793070316315","0.09993793070316315"
"33698","0.11350789666175842","0.11350789666175842","0.11350789666175842"
"33722","0.10784116387367249","0.10784116387367249","0.10784116387367249"
"33765","0.10635125637054443","0.10635125637054443","0.10635125637054443"
"33775","0.12011747062206268","0.12011747062206268","0.12011747062206268"
"33781","0.13482703268527985","0.13482703268527985","0.13482703268527985"
"33794","0.10281398892402649","0.10281398892402649","0.10281398892402649"
"33868","0.11790086328983307","0.11790086328983307","0.11790086328983307"
"33887","0.12471329420804977","0.12471329420804977","0.12471329420804977"
"33934","0.10981836915016174","0.10981836915016174","0.10981836915016174"
"33940","0.13235166668891907","0.13235166668891907","0.13235166668891907"
"33941","0.12133564054965973","0.12133564054965973","0.12133564054965973"
"34006","0.10282490402460098","0.10282490402460098","0.10282490402460098"
"34014","0.11476130783557892","0.11476130783557892","0.11476130783557892"
"34022","0.11377586424350739","0.11377586424350739","0.11377586424350739"
"34063","0.11948158591985703","0.11948158591985703","0.11948158591985703"
"34114","0.14865875244140625","0.14865875244140625","0.14865875244140625"
"34122","0.13139188289642334","0.13139188289642334","0.13139188289642334"
"34137","0.11358819901943207","0.11358819901943207","0.11358819901943207"
"34146","0.13132815062999725","0.13132815062999725","0.13132815062999725"
"34161","0.1442522406578064","0.1442522406578064","0.1442522406578064"
"34176","0.12158863246440887","0.12158863246440887","0.12158863246440887"
"34223","0.1337045133113861","0.1337045133113861","0.1337045133113861"
"34224","0.11773894727230072","0.11773894727230072","0.11773894727230072"
"34244","0.13102002441883087","0.13102002441883087","0.13102002441883087"
"34322","0.11593851447105408","0.11593851447105408","0.11593851447105408"
"34346","0.12054631114006042","0.12054631114006042","0.12054631114006042"
"34364","0.10861365497112274","0.10861365497112274","0.10861365497112274"
"34381","0.11973224580287933","0.11973224580287933","0.11973224580287933"
"34410","0.10670851171016693","0.10670851171016693","0.10670851171016693"
"34418","0.10903087258338928","0.10903087258338928","0.10903087258338928"
"34459","0.1307230144739151","0.1307230144739151","0.1307230144739151"
"34481","0.11016538739204407","0.11016538739204407","0.11016538739204407"
"34509","0.11042268574237823","0.11042268574237823","0.11042268574237823"
"34558","0.1148204505443573","0.1148204505443573","0.1148204505443573"
"34561","0.13064533472061157","0.13064533472061157","0.13064533472061157"
"34564","0.10570398718118668","0.10570398718118668","0.10570398718118668"
"34610","0.1050601527094841","0.1050601527094841","0.1050601527094841"
"34615","0.11732345074415207","0.11732345074415207","0.11732345074415207"
"34619","0.10779134929180145","0.10779134929180145","0.10779134929180145"
"34620","0.12903964519500732","0.12903964519500732","0.12903964519500732"
"34623","0.11227997392416","0.11227997392416","0.11227997392416"
"34642","0.13070058822631836","0.13070058822631836","0.13070058822631836"
"34661","0.11607929319143295","0.11607929319143295","0.11607929319143295"
"34666","0.10602978616952896","0.10602978616952896","0.10602978616952896"
"34678","0.11031845211982727","0.11031845211982727","0.11031845211982727"
"34694","0.11412601917982101","0.11412601917982101","0.11412601917982101"
"34707","0.1396872103214264","0.1396872103214264","0.1396872103214264"
"34760","0.13906526565551758","0.13906526565551758","0.13906526565551758"
"34761","0.12623128294944763","0.12623128294944763","0.12623128294944763"
"34817","0.12502914667129517","0.12502914667129517","0.12502914667129517"
"34853","0.11483165621757507","0.11483165621757507","0.11483165621757507"
"34918","0.13195425271987915","0.13195425271987915","0.13195425271987915"
"34960","0.14708369970321655","0.14708369970321655","0.14708369970321655"
"34990","0.13407763838768005","0.13407763838768005","0.13407763838768005"
"35005","0.12728513777256012","0.12728513777256012","0.12728513777256012"
"35016","0.1151849627494812","0.1151849627494812","0.1151849627494812"
"35021","0.13969311118125916","0.13969311118125916","0.13969311118125916"
"35039","0.134403795003891","0.134403795003891","0.134403795003891"
"35046","0.1296360194683075","0.1296360194683075","0.1296360194683075"
"35072","0.10860653221607208","0.10860653221607208","0.10860653221607208"
"35078","0.12661337852478027","0.12661337852478027","0.12661337852478027"
"35107","0.1160891205072403","0.1160891205072403","0.1160891205072403"
"35122","0.13768842816352844","0.13768842816352844","0.13768842816352844"
"35129","0.09375689178705215","0.09375689178705215","0.09375689178705215"
"35149","0.11492510139942169","0.11492510139942169","0.11492510139942169"
"35171","0.12225455045700073","0.12225455045700073","0.12225455045700073"
"35184","0.12480662763118744","0.12480662763118744","0.12480662763118744"
"35187","0.1088092029094696","0.1088092029094696","0.1088092029094696"
"35226","0.1332029104232788","0.1332029104232788","0.1332029104232788"
"35231","0.12141763418912888","0.12141763418912888","0.12141763418912888"
"35235","0.09962624311447144","0.09962624311447144","0.09962624311447144"
"35239","0.12133647501468658","0.12133647501468658","0.12133647501468658"
"35272","0.11476684361696243","0.11476684361696243","0.11476684361696243"
"35294","0.10768385976552963","0.10768385976552963","0.10768385976552963"
"35321","0.09594383835792542","0.09594383835792542","0.09594383835792542"
"35333","0.12845781445503235","0.12845781445503235","0.12845781445503235"
"35340","0.1136225014925003","0.1136225014925003","0.1136225014925003"
"35347","0.11811868101358414","0.11811868101358414","0.11811868101358414"
"35352","0.10689572244882584","0.10689572244882584","0.10689572244882584"
"35375","0.1173764020204544","0.1173764020204544","0.1173764020204544"
"35379","0.10256147384643555","0.10256147384643555","0.10256147384643555"
"35395","0.12931829690933228","0.12931829690933228","0.12931829690933228"
"35417","0.10067780315876007","0.10067780315876007","0.10067780315876007"
"35425","0.1240011677145958","0.1240011677145958","0.1240011677145958"
"35451","0.10937048494815826","0.10937048494815826","0.10937048494815826"
"35478","0.11215638369321823","0.11215638369321823","0.11215638369321823"
"35496","0.12200228869915009","0.12200228869915009","0.12200228869915009"
"35534","0.11250954121351242","0.11250954121351242","0.11250954121351242"
"35539","0.13256430625915527","0.13256430625915527","0.13256430625915527"
"35547","0.12541495263576508","0.12541495263576508","0.12541495263576508"
"35595","0.1271221935749054","0.1271221935749054","0.1271221935749054"
"35604","0.12913064658641815","0.12913064658641815","0.12913064658641815"
"35633","0.12561456859111786","0.12561456859111786","0.12561456859111786"
"35653","0.12864235043525696","0.12864235043525696","0.12864235043525696"
"35760","0.12925085425376892","0.12925085425376892","0.12925085425376892"
"35767","0.1268562376499176","0.1268562376499176","0.1268562376499176"
"35791","0.12796276807785034","0.12796276807785034","0.12796276807785034"
"35822","0.11649578809738159","0.11649578809738159","0.11649578809738159"
"35842","0.0981743335723877","0.0981743335723877","0.0981743335723877"
"35848","0.11272957175970078","0.11272957175970078","0.11272957175970078"
"35856","0.1065748929977417","0.1065748929977417","0.1065748929977417"
"35858","0.10609199851751328","0.10609199851751328","0.10609199851751328"
"35895","0.12960085272789001","0.12960085272789001","0.12960085272789001"
"35920","0.11971385776996613","0.11971385776996613","0.11971385776996613"
"35942","0.10703150928020477","0.10703150928020477","0.10703150928020477"
"35996","0.12482007592916489","0.12482007592916489","0.12482007592916489"
"36011","0.11428625136613846","0.11428625136613846","0.11428625136613846"
"36018","0.1179947555065155","0.1179947555065155","0.1179947555065155"
"36025","0.11469440907239914","0.11469440907239914","0.11469440907239914"
"36072","0.13434015214443207","0.13434015214443207","0.13434015214443207"
"36136","0.11233288049697876","0.11233288049697876","0.11233288049697876"
"36142","0.127760648727417","0.127760648727417","0.127760648727417"
"36179","0.12453232705593109","0.12453232705593109","0.12453232705593109"
"36213","0.10965302586555481","0.10965302586555481","0.10965302586555481"
"36240","0.10821647942066193","0.10821647942066193","0.10821647942066193"
"36272","0.11867595463991165","0.11867595463991165","0.11867595463991165"
"36281","0.1151512861251831","0.1151512861251831","0.1151512861251831"
"36324","0.12773221731185913","0.12773221731185913","0.12773221731185913"
"36327","0.09804293513298035","0.09804293513298035","0.09804293513298035"
"36381","0.10655205696821213","0.10655205696821213","0.10655205696821213"
"36403","0.13759367167949677","0.13759367167949677","0.13759367167949677"
"36484","0.122225821018219","0.122225821018219","0.122225821018219"
"36518","0.12466219067573547","0.12466219067573547","0.12466219067573547"
"36532","0.11771474778652191","0.11771474778652191","0.11771474778652191"
"36534","0.12290606647729874","0.12290606647729874","0.12290606647729874"
"36536","0.12725551426410675","0.12725551426410675","0.12725551426410675"
"36545","0.10771377384662628","0.10771377384662628","0.10771377384662628"
"36552","0.11805295944213867","0.11805295944213867","0.11805295944213867"
"36568","0.13945595920085907","0.13945595920085907","0.13945595920085907"
"36588","0.1290580928325653","0.1290580928325653","0.1290580928325653"
"36639","0.11772066354751587","0.11772066354751587","0.11772066354751587"
"36671","0.1121387779712677","0.1121387779712677","0.1121387779712677"
"36704","0.11167817562818527","0.11167817562818527","0.11167817562818527"
"36722","0.11482387781143188","0.11482387781143188","0.11482387781143188"
"36762","0.10441462695598602","0.10441462695598602","0.10441462695598602"
"36768","0.11436372995376587","0.11436372995376587","0.11436372995376587"
"36830","0.12436223030090332","0.12436223030090332","0.12436223030090332"
"36837","0.12190663814544678","0.12190663814544678","0.12190663814544678"
"36840","0.10999810695648193","0.10999810695648193","0.10999810695648193"
"36865","0.12121032923460007","0.12121032923460007","0.12121032923460007"
"36866","0.11916480958461761","0.11916480958461761","0.11916480958461761"
"36889","0.10676878690719604","0.10676878690719604","0.10676878690719604"
"36892","0.1206887885928154","0.1206887885928154","0.1206887885928154"
"36906","0.11392271518707275","0.11392271518707275","0.11392271518707275"
"36909","0.11902868747711182","0.11902868747711182","0.11902868747711182"
"36931","0.11582055687904358","0.11582055687904358","0.11582055687904358"
"36942","0.11270009726285934","0.11270009726285934","0.11270009726285934"
"36961","0.09829176217317581","0.09829176217317581","0.09829176217317581"
"36964","0.12236195802688599","0.12236195802688599","0.12236195802688599"
"36969","0.1261596977710724","0.1261596977710724","0.1261596977710724"
"36974","0.11133171617984772","0.11133171617984772","0.11133171617984772"
"36978","0.14147168397903442","0.14147168397903442","0.14147168397903442"
"37021","0.09424562007188797","0.09424562007188797","0.09424562007188797"
"37057","0.10139262676239014","0.10139262676239014","0.10139262676239014"
"37078","0.11795494705438614","0.11795494705438614","0.11795494705438614"
"37079","0.11379848420619965","0.11379848420619965","0.11379848420619965"
"37086","0.1245352029800415","0.1245352029800415","0.1245352029800415"
"37113","0.09664399176836014","0.09664399176836014","0.09664399176836014"
"37116","0.11358298361301422","0.11358298361301422","0.11358298361301422"
"37138","0.10920368134975433","0.10920368134975433","0.10920368134975433"
"37141","0.12085990607738495","0.12085990607738495","0.12085990607738495"
"37149","0.11831825971603394","0.11831825971603394","0.11831825971603394"
"37163","0.09860742837190628","0.09860742837190628","0.09860742837190628"
"37182","0.12525518238544464","0.12525518238544464","0.12525518238544464"
"37211","0.12295161187648773","0.12295161187648773","0.12295161187648773"
"37262","0.12461486458778381","0.12461486458778381","0.12461486458778381"
"37337","0.11209220439195633","0.11209220439195633","0.11209220439195633"
"37341","0.12072377651929855","0.12072377651929855","0.12072377651929855"
"37355","0.11831815540790558","0.11831815540790558","0.11831815540790558"
"37367","0.12687505781650543","0.12687505781650543","0.12687505781650543"
"37378","0.11658471822738647","0.11658471822738647","0.11658471822738647"
"37407","0.10568517446517944","0.10568517446517944","0.10568517446517944"
"37414","0.10599391162395477","0.10599391162395477","0.10599391162395477"
"37592","0.11317960917949677","0.11317960917949677","0.11317960917949677"
"37628","0.11001288890838623","0.11001288890838623","0.11001288890838623"
"37661","0.11298167705535889","0.11298167705535889","0.11298167705535889"
"37717","0.10421249270439148","0.10421249270439148","0.10421249270439148"
"37718","0.10377582907676697","0.10377582907676697","0.10377582907676697"
"37742","0.117842897772789","0.117842897772789","0.117842897772789"
"37747","0.11329047381877899","0.11329047381877899","0.11329047381877899"
"37781","0.11952635645866394","0.11952635645866394","0.11952635645866394"
"37785","0.11588920652866364","0.11588920652866364","0.11588920652866364"
"37788","0.11296121031045914","0.11296121031045914","0.11296121031045914"
"37804","0.10544013977050781","0.10544013977050781","0.10544013977050781"
"37837","0.11475945264101028","0.11475945264101028","0.11475945264101028"
"37853","0.10996212065219879","0.10996212065219879","0.10996212065219879"
"37858","0.11996465921401978","0.11996465921401978","0.11996465921401978"
"37921","0.1049981564283371","0.1049981564283371","0.1049981564283371"
"37956","0.11211201548576355","0.11211201548576355","0.11211201548576355"
"37960","0.1040734350681305","0.1040734350681305","0.1040734350681305"
"37982","0.11812920868396759","0.11812920868396759","0.11812920868396759"
"37984","0.11347819864749908","0.11347819864749908","0.11347819864749908"
"38027","0.12910756468772888","0.12910756468772888","0.12910756468772888"
"38031","0.11206944286823273","0.11206944286823273","0.11206944286823273"
"38041","0.1052507758140564","0.1052507758140564","0.1052507758140564"
"38057","0.1035742536187172","0.1035742536187172","0.1035742536187172"
"38147","0.10245761275291443","0.10245761275291443","0.10245761275291443"
"38163","0.11824355274438858","0.11824355274438858","0.11824355274438858"
"38168","0.1275719404220581","0.1275719404220581","0.1275719404220581"
"38172","0.12281021475791931","0.12281021475791931","0.12281021475791931"
"38186","0.11077788472175598","0.11077788472175598","0.11077788472175598"
"38189","0.11426755785942078","0.11426755785942078","0.11426755785942078"
"38195","0.11402171850204468","0.11402171850204468","0.11402171850204468"
"38203","0.11098320782184601","0.11098320782184601","0.11098320782184601"
"38244","0.10757403075695038","0.10757403075695038","0.10757403075695038"
"38311","0.11211688816547394","0.11211688816547394","0.11211688816547394"
"38325","0.11835974454879761","0.11835974454879761","0.11835974454879761"
"38328","0.12945979833602905","0.12945979833602905","0.12945979833602905"
"38368","0.11677336692810059","0.11677336692810059","0.11677336692810059"
"38430","0.12100718170404434","0.12100718170404434","0.12100718170404434"
"38433","0.13833129405975342","0.13833129405975342","0.13833129405975342"
"38514","0.09519270062446594","0.09519270062446594","0.09519270062446594"
"38550","0.12605392932891846","0.12605392932891846","0.12605392932891846"
"38638","0.11781428754329681","0.11781428754329681","0.11781428754329681"
"38652","0.09765666723251343","0.09765666723251343","0.09765666723251343"
"38662","0.10650371015071869","0.10650371015071869","0.10650371015071869"
"38697","0.14970511198043823","0.14970511198043823","0.14970511198043823"
"38712","0.13501818478107452","0.13501818478107452","0.13501818478107452"
"38774","0.12026837468147278","0.12026837468147278","0.12026837468147278"
"38793","0.12042191624641418","0.12042191624641418","0.12042191624641418"
"38824","0.12209299206733704","0.12209299206733704","0.12209299206733704"
"38830","0.10403997451066971","0.10403997451066971","0.10403997451066971"
"38864","0.12256717681884766","0.12256717681884766","0.12256717681884766"
"38922","0.12969225645065308","0.12969225645065308","0.12969225645065308"
"38933","0.109534353017807","0.109534353017807","0.109534353017807"
"38960","0.12078483402729034","0.12078483402729034","0.12078483402729034"
"38977","0.12192752212285995","0.12192752212285995","0.12192752212285995"
"39010","0.13110612332820892","0.13110612332820892","0.13110612332820892"
"39047","0.13128890097141266","0.13128890097141266","0.13128890097141266"
"39051","0.12203098833560944","0.12203098833560944","0.12203098833560944"
"39066","0.1167214959859848","0.1167214959859848","0.1167214959859848"
"39087","0.11607059836387634","0.11607059836387634","0.11607059836387634"
"39091","0.10460925102233887","0.10460925102233887","0.10460925102233887"
"39096","0.11816076934337616","0.11816076934337616","0.11816076934337616"
"39220","0.1084926500916481","0.1084926500916481","0.1084926500916481"
"39279","0.12820185720920563","0.12820185720920563","0.12820185720920563"
"39294","0.11326748132705688","0.11326748132705688","0.11326748132705688"
"39328","0.12132461369037628","0.12132461369037628","0.12132461369037628"
"39334","0.12091782689094543","0.12091782689094543","0.12091782689094543"
"39396","0.10781624913215637","0.10781624913215637","0.10781624913215637"
"39397","0.12236407399177551","0.12236407399177551","0.12236407399177551"
"39406","0.12033689022064209","0.12033689022064209","0.12033689022064209"
"39412","0.10664710402488708","0.10664710402488708","0.10664710402488708"
"39419","0.1273096203804016","0.1273096203804016","0.1273096203804016"
"39423","0.11094579100608826","0.11094579100608826","0.11094579100608826"
"39424","0.13814982771873474","0.13814982771873474","0.13814982771873474"
"39425","0.1219402402639389","0.1219402402639389","0.1219402402639389"
"39454","0.12392992526292801","0.12392992526292801","0.12392992526292801"
"39463","0.11063188314437866","0.11063188314437866","0.11063188314437866"
"39468","0.1230866014957428","0.1230866014957428","0.1230866014957428"
"39479","0.11612740904092789","0.11612740904092789","0.11612740904092789"
"39503","0.12279601395130157","0.12279601395130157","0.12279601395130157"
"39519","0.10862831771373749","0.10862831771373749","0.10862831771373749"
"39544","0.1253107786178589","0.1253107786178589","0.1253107786178589"
"39556","0.10770389437675476","0.10770389437675476","0.10770389437675476"
"39564","0.10471869260072708","0.10471869260072708","0.10471869260072708"
"39569","0.1364898979663849","0.1364898979663849","0.1364898979663849"
"39611","0.1258479207754135","0.1258479207754135","0.1258479207754135"
"39672","0.11590933799743652","0.11590933799743652","0.11590933799743652"
"39708","0.10770118236541748","0.10770118236541748","0.10770118236541748"
"39716","0.13671867549419403","0.13671867549419403","0.13671867549419403"
"39729","0.11884277313947678","0.11884277313947678","0.11884277313947678"
"39769","0.11978794634342194","0.11978794634342194","0.11978794634342194"
"39773","0.10107439756393433","0.10107439756393433","0.10107439756393433"
"39777","0.10448992252349854","0.10448992252349854","0.10448992252349854"
"39805","0.13507303595542908","0.13507303595542908","0.13507303595542908"
"39834","0.12596943974494934","0.12596943974494934","0.12596943974494934"
"39850","0.11450740694999695","0.11450740694999695","0.11450740694999695"
"39870","0.12003833055496216","0.12003833055496216","0.12003833055496216"
"39898","0.12350369989871979","0.12350369989871979","0.12350369989871979"
"39928","0.12163227796554565","0.12163227796554565","0.12163227796554565"
"39939","0.12457943707704544","0.12457943707704544","0.12457943707704544"
"39976","0.11926423013210297","0.11926423013210297","0.11926423013210297"
"39996","0.10188908129930496","0.10188908129930496","0.10188908129930496"
"40025","0.10566055774688721","0.10566055774688721","0.10566055774688721"
"40105","0.1083773747086525","0.1083773747086525","0.1083773747086525"
"40107","0.10408803820610046","0.10408803820610046","0.10408803820610046"
"40119","0.10421419143676758","0.10421419143676758","0.10421419143676758"
"40126","0.10039809346199036","0.10039809346199036","0.10039809346199036"
"40201","0.12167543172836304","0.12167543172836304","0.12167543172836304"
"40211","0.10373671352863312","0.10373671352863312","0.10373671352863312"
"40266","0.11459935456514359","0.11459935456514359","0.11459935456514359"
"40280","0.12290699034929276","0.12290699034929276","0.12290699034929276"
"40294","0.12781250476837158","0.12781250476837158","0.12781250476837158"
"40366","0.11968440562486649","0.11968440562486649","0.11968440562486649"
"40387","0.13384506106376648","0.13384506106376648","0.13384506106376648"
"40399","0.1026482880115509","0.1026482880115509","0.1026482880115509"
"40413","0.10814914107322693","0.10814914107322693","0.10814914107322693"
"40429","0.1222972422838211","0.1222972422838211","0.1222972422838211"
"40430","0.10339880734682083","0.10339880734682083","0.10339880734682083"
"40487","0.10909678041934967","0.10909678041934967","0.10909678041934967"
"40503","0.12387651950120926","0.12387651950120926","0.12387651950120926"
"40530","0.1038324311375618","0.1038324311375618","0.1038324311375618"
"40554","0.10177716612815857","0.10177716612815857","0.10177716612815857"
"40610","0.12660783529281616","0.12660783529281616","0.12660783529281616"
"40617","0.1289217621088028","0.1289217621088028","0.1289217621088028"
"40618","0.1252376139163971","0.1252376139163971","0.1252376139163971"
"40645","0.1182195246219635","0.1182195246219635","0.1182195246219635"
"40660","0.14491575956344604","0.14491575956344604","0.14491575956344604"
"40667","0.10160929709672928","0.10160929709672928","0.10160929709672928"
"40689","0.11874853819608688","0.11874853819608688","0.11874853819608688"
"40713","0.11522182822227478","0.11522182822227478","0.11522182822227478"
"40717","0.1227358877658844","0.1227358877658844","0.1227358877658844"
"40727","0.10848492383956909","0.10848492383956909","0.10848492383956909"
"40737","0.11417843401432037","0.11417843401432037","0.11417843401432037"
"40803","0.10803243517875671","0.10803243517875671","0.10803243517875671"
"40815","0.10503144562244415","0.10503144562244415","0.10503144562244415"
"40816","0.1230887621641159","0.1230887621641159","0.1230887621641159"
"40820","0.09421712160110474","0.09421712160110474","0.09421712160110474"
"40861","0.10544483363628387","0.10544483363628387","0.10544483363628387"
"40902","0.10973848402500153","0.10973848402500153","0.10973848402500153"
"40907","0.14178942143917084","0.14178942143917084","0.14178942143917084"
"40913","0.12142522633075714","0.12142522633075714","0.12142522633075714"
"40945","0.12646625936031342","0.12646625936031342","0.12646625936031342"
"40965","0.12426146119832993","0.12426146119832993","0.12426146119832993"
"40970","0.10629023611545563","0.10629023611545563","0.10629023611545563"
"41043","0.10753345489501953","0.10753345489501953","0.10753345489501953"
"41082","0.11184003949165344","0.11184003949165344","0.11184003949165344"
"41097","0.13010285794734955","0.13010285794734955","0.13010285794734955"
"41154","0.12418454885482788","0.12418454885482788","0.12418454885482788"
"41158","0.11772476136684418","0.11772476136684418","0.11772476136684418"
"41185","0.12990716099739075","0.12990716099739075","0.12990716099739075"
"41188","0.11053672432899475","0.11053672432899475","0.11053672432899475"
"41237","0.10289327055215836","0.10289327055215836","0.10289327055215836"
"41247","0.1147320419549942","0.1147320419549942","0.1147320419549942"
"41301","0.11097641289234161","0.11097641289234161","0.11097641289234161"
"41347","0.11418434977531433","0.11418434977531433","0.11418434977531433"
"41373","0.10905113071203232","0.10905113071203232","0.10905113071203232"
"41403","0.10541652143001556","0.10541652143001556","0.10541652143001556"
"41414","0.10613536834716797","0.10613536834716797","0.10613536834716797"
"41438","0.10323658585548401","0.10323658585548401","0.10323658585548401"
"41445","0.10224930942058563","0.10224930942058563","0.10224930942058563"
"41466","0.12708187103271484","0.12708187103271484","0.12708187103271484"
"41488","0.10839107632637024","0.10839107632637024","0.10839107632637024"
"41493","0.12723378837108612","0.12723378837108612","0.12723378837108612"
"41509","0.11818093061447144","0.11818093061447144","0.11818093061447144"
"41525","0.1251014769077301","0.1251014769077301","0.1251014769077301"
"41556","0.10354664921760559","0.10354664921760559","0.10354664921760559"
"41601","0.12257890403270721","0.12257890403270721","0.12257890403270721"
"41646","0.11334863305091858","0.11334863305091858","0.11334863305091858"
"41696","0.12051001936197281","0.12051001936197281","0.12051001936197281"
"41753","0.13345962762832642","0.13345962762832642","0.13345962762832642"
"41783","0.12058624625205994","0.12058624625205994","0.12058624625205994"
"41793","0.10814341902732849","0.10814341902732849","0.10814341902732849"
"41841","0.1287546157836914","0.1287546157836914","0.1287546157836914"
"41846","0.11612684279680252","0.11612684279680252","0.11612684279680252"
"41850","0.11874058842658997","0.11874058842658997","0.11874058842658997"
"41912","0.11052848398685455","0.11052848398685455","0.11052848398685455"
"41922","0.11748453974723816","0.11748453974723816","0.11748453974723816"
"41933","0.0926097184419632","0.0926097184419632","0.0926097184419632"
"41981","0.10958878695964813","0.10958878695964813","0.10958878695964813"
"42064","0.10210582613945007","0.10210582613945007","0.10210582613945007"
"42107","0.12411054968833923","0.12411054968833923","0.12411054968833923"
"42119","0.12998929619789124","0.12998929619789124","0.12998929619789124"
"42139","0.10853387415409088","0.10853387415409088","0.10853387415409088"
"42155","0.09864694625139236","0.09864694625139236","0.09864694625139236"
"42185","0.11183604598045349","0.11183604598045349","0.11183604598045349"
"42294","0.11103290319442749","0.11103290319442749","0.11103290319442749"
"42309","0.10412484407424927","0.10412484407424927","0.10412484407424927"
"42315","0.09987574815750122","0.09987574815750122","0.09987574815750122"
"42330","0.10980458557605743","0.10980458557605743","0.10980458557605743"
"42352","0.13106927275657654","0.13106927275657654","0.13106927275657654"
"42366","0.1214853823184967","0.1214853823184967","0.1214853823184967"
"42376","0.09866542369127274","0.09866542369127274","0.09866542369127274"
"42381","0.11223029345273972","0.11223029345273972","0.11223029345273972"
"42400","0.09637044370174408","0.09637044370174408","0.09637044370174408"
"42406","0.106368288397789","0.106368288397789","0.106368288397789"
"42443","0.10571490973234177","0.10571490973234177","0.10571490973234177"
"42450","0.12951123714447021","0.12951123714447021","0.12951123714447021"
"42452","0.0993017628788948","0.0993017628788948","0.0993017628788948"
"42467","0.09990309178829193","0.09990309178829193","0.09990309178829193"
"42491","0.1178913563489914","0.1178913563489914","0.1178913563489914"
"42492","0.12171631306409836","0.12171631306409836","0.12171631306409836"
"42533","0.09962420165538788","0.09962420165538788","0.09962420165538788"
"42586","0.12870539724826813","0.12870539724826813","0.12870539724826813"
"42613","0.11259958148002625","0.11259958148002625","0.11259958148002625"
"42652","0.13520270586013794","0.13520270586013794","0.13520270586013794"
"42660","0.1197231188416481","0.1197231188416481","0.1197231188416481"
"42671","0.11934217810630798","0.11934217810630798","0.11934217810630798"
"42691","0.12265109270811081","0.12265109270811081","0.12265109270811081"
"42710","0.10096658766269684","0.10096658766269684","0.10096658766269684"
"42730","0.11923129856586456","0.11923129856586456","0.11923129856586456"
"42735","0.10949971526861191","0.10949971526861191","0.10949971526861191"
"42741","0.10912596434354782","0.10912596434354782","0.10912596434354782"
"42764","0.1146276518702507","0.1146276518702507","0.1146276518702507"
"42777","0.1241028904914856","0.1241028904914856","0.1241028904914856"
"42797","0.11505728960037231","0.11505728960037231","0.11505728960037231"
"42799","0.09873838722705841","0.09873838722705841","0.09873838722705841"
"42824","0.11514723300933838","0.11514723300933838","0.11514723300933838"
"42926","0.13109272718429565","0.13109272718429565","0.13109272718429565"
"42945","0.13913676142692566","0.13913676142692566","0.13913676142692566"
"42976","0.12259894609451294","0.12259894609451294","0.12259894609451294"
"42984","0.12493006885051727","0.12493006885051727","0.12493006885051727"
"43035","0.10934675484895706","0.10934675484895706","0.10934675484895706"
"43059","0.09800934046506882","0.09800934046506882","0.09800934046506882"
"43069","0.13168369233608246","0.13168369233608246","0.13168369233608246"
"43174","0.11635664105415344","0.11635664105415344","0.11635664105415344"
"43212","0.12229780852794647","0.12229780852794647","0.12229780852794647"
"43222","0.11059583723545074","0.11059583723545074","0.11059583723545074"
"43234","0.11763931065797806","0.11763931065797806","0.11763931065797806"
"43235","0.10600197315216064","0.10600197315216064","0.10600197315216064"
"43248","0.09960788488388062","0.09960788488388062","0.09960788488388062"
"43269","0.12281747162342072","0.12281747162342072","0.12281747162342072"
"43312","0.12379109859466553","0.12379109859466553","0.12379109859466553"
"43371","0.11219726502895355","0.11219726502895355","0.11219726502895355"
"43382","0.11097561568021774","0.11097561568021774","0.11097561568021774"
"43423","0.10572569072246552","0.10572569072246552","0.10572569072246552"
"43431","0.12805874645709991","0.12805874645709991","0.12805874645709991"
"43433","0.09580819308757782","0.09580819308757782","0.09580819308757782"
"43466","0.11094151437282562","0.11094151437282562","0.11094151437282562"
"43492","0.11215436458587646","0.11215436458587646","0.11215436458587646"
"43497","0.13949993252754211","0.13949993252754211","0.13949993252754211"
"43512","0.12404765188694","0.12404765188694","0.12404765188694"
"43554","0.1156485453248024","0.1156485453248024","0.1156485453248024"
"43587","0.12603549659252167","0.12603549659252167","0.12603549659252167"
"43659","0.1295865774154663","0.1295865774154663","0.1295865774154663"
"43673","0.13224643468856812","0.13224643468856812","0.13224643468856812"
"43686","0.10916807502508163","0.10916807502508163","0.10916807502508163"
"43692","0.11728730797767639","0.11728730797767639","0.11728730797767639"
"43699","0.10812050849199295","0.10812050849199295","0.10812050849199295"
"43724","0.10095575451850891","0.10095575451850891","0.10095575451850891"
"43733","0.09624426066875458","0.09624426066875458","0.09624426066875458"
"43743","0.11048007011413574","0.11048007011413574","0.11048007011413574"
"43775","0.11668611317873001","0.11668611317873001","0.11668611317873001"
"43799","0.11720350384712219","0.11720350384712219","0.11720350384712219"
"43874","0.10307459533214569","0.10307459533214569","0.10307459533214569"
"43888","0.1189892590045929","0.1189892590045929","0.1189892590045929"
"43931","0.11934594810009003","0.11934594810009003","0.11934594810009003"
"43958","0.1102435439825058","0.1102435439825058","0.1102435439825058"
"43971","0.1272762268781662","0.1272762268781662","0.1272762268781662"
"43972","0.12010189890861511","0.12010189890861511","0.12010189890861511"
"43977","0.11792591214179993","0.11792591214179993","0.11792591214179993"
"43998","0.1123165562748909","0.1123165562748909","0.1123165562748909"
"43999","0.13609984517097473","0.13609984517097473","0.13609984517097473"
"44001","0.10306434333324432","0.10306434333324432","0.10306434333324432"
"44003","0.1076306626200676","0.1076306626200676","0.1076306626200676"
"44018","0.12023474276065826","0.12023474276065826","0.12023474276065826"
"44021","0.0989103764295578","0.0989103764295578","0.0989103764295578"
"44049","0.10213838517665863","0.10213838517665863","0.10213838517665863"
"44052","0.10507375001907349","0.10507375001907349","0.10507375001907349"
"44083","0.10526038706302643","0.10526038706302643","0.10526038706302643"
"44116","0.11200618743896484","0.11200618743896484","0.11200618743896484"
"44149","0.1054796427488327","0.1054796427488327","0.1054796427488327"
"44181","0.09957794100046158","0.09957794100046158","0.09957794100046158"
"44199","0.13510654866695404","0.13510654866695404","0.13510654866695404"
"44224","0.10842803120613098","0.10842803120613098","0.10842803120613098"
"44235","0.14043807983398438","0.14043807983398438","0.14043807983398438"
"44242","0.11571318656206131","0.11571318656206131","0.11571318656206131"
"44301","0.10489116609096527","0.10489116609096527","0.10489116609096527"
"44321","0.10875116288661957","0.10875116288661957","0.10875116288661957"
"44386","0.12259489297866821","0.12259489297866821","0.12259489297866821"
"44410","0.11866272985935211","0.11866272985935211","0.11866272985935211"
"44421","0.1158287525177002","0.1158287525177002","0.1158287525177002"
"44448","0.10696090757846832","0.10696090757846832","0.10696090757846832"
"44461","0.11456169188022614","0.11456169188022614","0.11456169188022614"
"44514","0.12402244657278061","0.12402244657278061","0.12402244657278061"
"44527","0.11115936934947968","0.11115936934947968","0.11115936934947968"
"44576","0.10750187933444977","0.10750187933444977","0.10750187933444977"
"44584","0.11297160387039185","0.11297160387039185","0.11297160387039185"
"44626","0.11062052100896835","0.11062052100896835","0.11062052100896835"
"44639","0.11269591003656387","0.11269591003656387","0.11269591003656387"
"44663","0.09500588476657867","0.09500588476657867","0.09500588476657867"
"44715","0.1094161868095398","0.1094161868095398","0.1094161868095398"
"44781","0.10386665910482407","0.10386665910482407","0.10386665910482407"
"44791","0.11068792641162872","0.11068792641162872","0.11068792641162872"
"44798","0.11373788863420486","0.11373788863420486","0.11373788863420486"
"44806","0.10748228430747986","0.10748228430747986","0.10748228430747986"
"44855","0.1063496321439743","0.1063496321439743","0.1063496321439743"
"44857","0.0968451127409935","0.0968451127409935","0.0968451127409935"
"44865","0.11623730510473251","0.11623730510473251","0.11623730510473251"
"44879","0.1330713927745819","0.1330713927745819","0.1330713927745819"
"44931","0.13208161294460297","0.13208161294460297","0.13208161294460297"
"44951","0.10719385743141174","0.10719385743141174","0.10719385743141174"
"44957","0.11406166851520538","0.11406166851520538","0.11406166851520538"
"44981","0.10745897889137268","0.10745897889137268","0.10745897889137268"
"45069","0.13044564425945282","0.13044564425945282","0.13044564425945282"
"45080","0.12990392744541168","0.12990392744541168","0.12990392744541168"
"45086","0.11908261477947235","0.11908261477947235","0.11908261477947235"
"45093","0.10658124089241028","0.10658124089241028","0.10658124089241028"
"45101","0.1167147159576416","0.1167147159576416","0.1167147159576416"
"45111","0.10770034790039062","0.10770034790039062","0.10770034790039062"
"45117","0.1305692493915558","0.1305692493915558","0.1305692493915558"
"45138","0.1270114928483963","0.1270114928483963","0.1270114928483963"
"45151","0.1193414181470871","0.1193414181470871","0.1193414181470871"
"45160","0.11622752249240875","0.11622752249240875","0.11622752249240875"
"45190","0.10555028915405273","0.10555028915405273","0.10555028915405273"
"45191","0.10168985277414322","0.10168985277414322","0.10168985277414322"
"45201","0.11409421265125275","0.11409421265125275","0.11409421265125275"
"45264","0.1185951679944992","0.1185951679944992","0.1185951679944992"
"45296","0.10868820548057556","0.10868820548057556","0.10868820548057556"
"45317","0.10566048324108124","0.10566048324108124","0.10566048324108124"
"45343","0.10787917673587799","0.10787917673587799","0.10787917673587799"
"45346","0.1346815824508667","0.1346815824508667","0.1346815824508667"
"45352","0.10282188653945923","0.10282188653945923","0.10282188653945923"
"45390","0.11400524526834488","0.11400524526834488","0.11400524526834488"
"45429","0.1068856418132782","0.1068856418132782","0.1068856418132782"
"45468","0.1225629597902298","0.1225629597902298","0.1225629597902298"
"45484","0.11685739457607269","0.11685739457607269","0.11685739457607269"
"45495","0.10553109645843506","0.10553109645843506","0.10553109645843506"
"45554","0.11993725597858429","0.11993725597858429","0.11993725597858429"
"45563","0.09874546527862549","0.09874546527862549","0.09874546527862549"
"45566","0.10387884080410004","0.10387884080410004","0.10387884080410004"
"45576","0.1186550036072731","0.1186550036072731","0.1186550036072731"
"45650","0.09969376027584076","0.09969376027584076","0.09969376027584076"
"45651","0.10440534353256226","0.10440534353256226","0.10440534353256226"
"45679","0.11924026161432266","0.11924026161432266","0.11924026161432266"
"45681","0.10416088998317719","0.10416088998317719","0.10416088998317719"
"45701","0.10302029550075531","0.10302029550075531","0.10302029550075531"
"45709","0.11548807471990585","0.11548807471990585","0.11548807471990585"
"45738","0.13052472472190857","0.13052472472190857","0.13052472472190857"
"45739","0.09912203252315521","0.09912203252315521","0.09912203252315521"
"45741","0.11775752902030945","0.11775752902030945","0.11775752902030945"
"45762","0.09661057591438293","0.09661057591438293","0.09661057591438293"
"45797","0.11879055202007294","0.11879055202007294","0.11879055202007294"
"45860","0.11205628514289856","0.11205628514289856","0.11205628514289856"
"45862","0.12589704990386963","0.12589704990386963","0.12589704990386963"
"45877","0.10877284407615662","0.10877284407615662","0.10877284407615662"
"45884","0.1084258109331131","0.1084258109331131","0.1084258109331131"
"45894","0.11328333616256714","0.11328333616256714","0.11328333616256714"
"45899","0.1251700222492218","0.1251700222492218","0.1251700222492218"
"45904","0.1097206249833107","0.1097206249833107","0.1097206249833107"
"45954","0.11939780414104462","0.11939780414104462","0.11939780414104462"
"45964","0.1180596798658371","0.1180596798658371","0.1180596798658371"
"45969","0.11466960608959198","0.11466960608959198","0.11466960608959198"
"45972","0.11770494282245636","0.11770494282245636","0.11770494282245636"
"45989","0.10567878186702728","0.10567878186702728","0.10567878186702728"
"46010","0.11000170558691025","0.11000170558691025","0.11000170558691025"
"46047","0.11772355437278748","0.11772355437278748","0.11772355437278748"
"46078","0.09590182453393936","0.09590182453393936","0.09590182453393936"
"46135","0.12431594729423523","0.12431594729423523","0.12431594729423523"
"46157","0.10313034057617188","0.10313034057617188","0.10313034057617188"
"46172","0.11746765673160553","0.11746765673160553","0.11746765673160553"
"46183","0.09940796345472336","0.09940796345472336","0.09940796345472336"
"46204","0.1270047426223755","0.1270047426223755","0.1270047426223755"
"46223","0.10355442762374878","0.10355442762374878","0.10355442762374878"
"46281","0.11957010626792908","0.11957010626792908","0.11957010626792908"
"46304","0.1252073496580124","0.1252073496580124","0.1252073496580124"
"46398","0.13410232961177826","0.13410232961177826","0.13410232961177826"
"46411","0.10631203651428223","0.10631203651428223","0.10631203651428223"
"46432","0.11254344880580902","0.11254344880580902","0.11254344880580902"
"46435","0.10136108100414276","0.10136108100414276","0.10136108100414276"
"46495","0.10796831548213959","0.10796831548213959","0.10796831548213959"
"46497","0.1009424477815628","0.1009424477815628","0.1009424477815628"
"46524","0.11966872215270996","0.11966872215270996","0.11966872215270996"
"46529","0.1178877055644989","0.1178877055644989","0.1178877055644989"
"46547","0.11695913970470428","0.11695913970470428","0.11695913970470428"
"46557","0.12019923329353333","0.12019923329353333","0.12019923329353333"
"46567","0.12359693646430969","0.12359693646430969","0.12359693646430969"
"46581","0.11104407906532288","0.11104407906532288","0.11104407906532288"
"46607","0.11405588686466217","0.11405588686466217","0.11405588686466217"
"46681","0.135922372341156","0.135922372341156","0.135922372341156"
"46682","0.1039150282740593","0.1039150282740593","0.1039150282740593"
"46700","0.11191515624523163","0.11191515624523163","0.11191515624523163"
"46712","0.11445893347263336","0.11445893347263336","0.11445893347263336"
"46719","0.10232678055763245","0.10232678055763245","0.10232678055763245"
"46723","0.10950804501771927","0.10950804501771927","0.10950804501771927"
"46784","0.1091962531208992","0.1091962531208992","0.1091962531208992"
"46788","0.09215492010116577","0.09215492010116577","0.09215492010116577"
"46791","0.12266907095909119","0.12266907095909119","0.12266907095909119"
"46848","0.12480837851762772","0.12480837851762772","0.12480837851762772"
"46871","0.10801410675048828","0.10801410675048828","0.10801410675048828"
"46890","0.11548489332199097","0.11548489332199097","0.11548489332199097"
"46914","0.10762633383274078","0.10762633383274078","0.10762633383274078"
"46951","0.11803311854600906","0.11803311854600906","0.11803311854600906"
"46988","0.10607640445232391","0.10607640445232391","0.10607640445232391"
"46991","0.10206542909145355","0.10206542909145355","0.10206542909145355"
"47107","0.11815409362316132","0.11815409362316132","0.11815409362316132"
"47112","0.13247188925743103","0.13247188925743103","0.13247188925743103"
"47124","0.12359587103128433","0.12359587103128433","0.12359587103128433"
"47130","0.10479626059532166","0.10479626059532166","0.10479626059532166"
"47163","0.11812441051006317","0.11812441051006317","0.11812441051006317"
"47164","0.10934066772460938","0.10934066772460938","0.10934066772460938"
"47169","0.11295564472675323","0.11295564472675323","0.11295564472675323"
"47190","0.11652015894651413","0.11652015894651413","0.11652015894651413"
"47197","0.1204630509018898","0.1204630509018898","0.1204630509018898"
"47220","0.11899156868457794","0.11899156868457794","0.11899156868457794"
"47223","0.1149861067533493","0.1149861067533493","0.1149861067533493"
"47243","0.10651147365570068","0.10651147365570068","0.10651147365570068"
"47267","0.10779514908790588","0.10779514908790588","0.10779514908790588"
"47374","0.1057053804397583","0.1057053804397583","0.1057053804397583"
"47516","0.10777804255485535","0.10777804255485535","0.10777804255485535"
"47548","0.11280651390552521","0.11280651390552521","0.11280651390552521"
"47577","0.1565479338169098","0.1565479338169098","0.1565479338169098"
"47584","0.11688849329948425","0.11688849329948425","0.11688849329948425"
"47614","0.11366188526153564","0.11366188526153564","0.11366188526153564"
"47640","0.098109170794487","0.098109170794487","0.098109170794487"
"47657","0.1496431827545166","0.1496431827545166","0.1496431827545166"
"47659","0.11868739873170853","0.11868739873170853","0.11868739873170853"
"47677","0.11655816435813904","0.11655816435813904","0.11655816435813904"
"47685","0.10784049332141876","0.10784049332141876","0.10784049332141876"
"47688","0.1140284538269043","0.1140284538269043","0.1140284538269043"
"47714","0.12915140390396118","0.12915140390396118","0.12915140390396118"
"47751","0.13036569952964783","0.13036569952964783","0.13036569952964783"
"47862","0.11271873116493225","0.11271873116493225","0.11271873116493225"
"47863","0.09134161472320557","0.09134161472320557","0.09134161472320557"
"47865","0.0874558538198471","0.0874558538198471","0.0874558538198471"
"47867","0.09969919919967651","0.09969919919967651","0.09969919919967651"
"47897","0.12107837200164795","0.12107837200164795","0.12107837200164795"
"47900","0.116234689950943","0.116234689950943","0.116234689950943"
"47930","0.10929795354604721","0.10929795354604721","0.10929795354604721"
"47952","0.11538740992546082","0.11538740992546082","0.11538740992546082"
"47954","0.14235910773277283","0.14235910773277283","0.14235910773277283"
"47961","0.12521153688430786","0.12521153688430786","0.12521153688430786"
"47964","0.10621117055416107","0.10621117055416107","0.10621117055416107"
"47980","0.1074485182762146","0.1074485182762146","0.1074485182762146"
"47986","0.12876014411449432","0.12876014411449432","0.12876014411449432"
"48033","0.11715739965438843","0.11715739965438843","0.11715739965438843"
"48036","0.09996207058429718","0.09996207058429718","0.09996207058429718"
"48070","0.10553734004497528","0.10553734004497528","0.10553734004497528"
"48095","0.12159948796033859","0.12159948796033859","0.12159948796033859"
"48119","0.10742366313934326","0.10742366313934326","0.10742366313934326"
"48120","0.11684328317642212","0.11684328317642212","0.11684328317642212"
"48123","0.11586205661296844","0.11586205661296844","0.11586205661296844"
"48133","0.10783466696739197","0.10783466696739197","0.10783466696739197"
"48160","0.13181063532829285","0.13181063532829285","0.13181063532829285"
"48258","0.13890071213245392","0.13890071213245392","0.13890071213245392"
"48262","0.1060473769903183","0.1060473769903183","0.1060473769903183"
"48265","0.10540232062339783","0.10540232062339783","0.10540232062339783"
"48269","0.09337295591831207","0.09337295591831207","0.09337295591831207"
"48272","0.1324400007724762","0.1324400007724762","0.1324400007724762"
"48277","0.12097762525081635","0.12097762525081635","0.12097762525081635"
"48295","0.11347842216491699","0.11347842216491699","0.11347842216491699"
"48306","0.0979645699262619","0.0979645699262619","0.0979645699262619"
"48393","0.09496329724788666","0.09496329724788666","0.09496329724788666"
"48398","0.09997106343507767","0.09997106343507767","0.09997106343507767"
"48422","0.12822234630584717","0.12822234630584717","0.12822234630584717"
"48450","0.1112319827079773","0.1112319827079773","0.1112319827079773"
"48466","0.10796763002872467","0.10796763002872467","0.10796763002872467"
"48467","0.11808940768241882","0.11808940768241882","0.11808940768241882"
"48496","0.09695909917354584","0.09695909917354584","0.09695909917354584"
"48497","0.11729986220598221","0.11729986220598221","0.11729986220598221"
"48525","0.1270318478345871","0.1270318478345871","0.1270318478345871"
"48533","0.10947587341070175","0.10947587341070175","0.10947587341070175"
"48587","0.1035744920372963","0.1035744920372963","0.1035744920372963"
"48589","0.11491803824901581","0.11491803824901581","0.11491803824901581"
"48594","0.1209624856710434","0.1209624856710434","0.1209624856710434"
"48609","0.12747234106063843","0.12747234106063843","0.12747234106063843"
"48629","0.09954910725355148","0.09954910725355148","0.09954910725355148"
"48633","0.09916795045137405","0.09916795045137405","0.09916795045137405"
"48649","0.13040469586849213","0.13040469586849213","0.13040469586849213"
"48663","0.1118319183588028","0.1118319183588028","0.1118319183588028"
"48666","0.10244808346033096","0.10244808346033096","0.10244808346033096"
"48698","0.10964687168598175","0.10964687168598175","0.10964687168598175"
"48700","0.10805898159742355","0.10805898159742355","0.10805898159742355"
"48716","0.12859773635864258","0.12859773635864258","0.12859773635864258"
"48717","0.09954653680324554","0.09954653680324554","0.09954653680324554"
"48744","0.10325999557971954","0.10325999557971954","0.10325999557971954"
"48803","0.12213875353336334","0.12213875353336334","0.12213875353336334"
"48853","0.11566172540187836","0.11566172540187836","0.11566172540187836"
"48916","0.09063197672367096","0.09063197672367096","0.09063197672367096"
"48922","0.10791836678981781","0.10791836678981781","0.10791836678981781"
"48933","0.1103745698928833","0.1103745698928833","0.1103745698928833"
"48936","0.11548673361539841","0.11548673361539841","0.11548673361539841"
"48951","0.12093064188957214","0.12093064188957214","0.12093064188957214"
"48958","0.11587004363536835","0.11587004363536835","0.11587004363536835"
"48964","0.12355495244264603","0.12355495244264603","0.12355495244264603"
"48970","0.11516685783863068","0.11516685783863068","0.11516685783863068"
"48972","0.1001388281583786","0.1001388281583786","0.1001388281583786"
"49004","0.10055685043334961","0.10055685043334961","0.10055685043334961"
"49012","0.10826873779296875","0.10826873779296875","0.10826873779296875"
"49020","0.11241140961647034","0.11241140961647034","0.11241140961647034"
"49021","0.1364126354455948","0.1364126354455948","0.1364126354455948"
"49048","0.12835000455379486","0.12835000455379486","0.12835000455379486"
"49052","0.12788648903369904","0.12788648903369904","0.12788648903369904"
"49056","0.1279601752758026","0.1279601752758026","0.1279601752758026"
"49075","0.10787104070186615","0.10787104070186615","0.10787104070186615"
"49077","0.11860790848731995","0.11860790848731995","0.11860790848731995"
"49080","0.10449785739183426","0.10449785739183426","0.10449785739183426"
"49114","0.11833088099956512","0.11833088099956512","0.11833088099956512"
"49116","0.1063002347946167","0.1063002347946167","0.1063002347946167"
"49151","0.10350409895181656","0.10350409895181656","0.10350409895181656"
"49164","0.10329439491033554","0.10329439491033554","0.10329439491033554"
"49187","0.1024971455335617","0.1024971455335617","0.1024971455335617"
"49189","0.09629888832569122","0.09629888832569122","0.09629888832569122"
"49201","0.10539782792329788","0.10539782792329788","0.10539782792329788"
"49270","0.12153994292020798","0.12153994292020798","0.12153994292020798"
"49274","0.10710043460130692","0.10710043460130692","0.10710043460130692"
"49308","0.09310516715049744","0.09310516715049744","0.09310516715049744"
"49311","0.1017555445432663","0.1017555445432663","0.1017555445432663"
"49313","0.10423596203327179","0.10423596203327179","0.10423596203327179"
"49329","0.12027663737535477","0.12027663737535477","0.12027663737535477"
"49345","0.11430628597736359","0.11430628597736359","0.11430628597736359"
"49389","0.10740219056606293","0.10740219056606293","0.10740219056606293"
"49393","0.11532313376665115","0.11532313376665115","0.11532313376665115"
"49401","0.13166111707687378","0.13166111707687378","0.13166111707687378"
"49434","0.11585888266563416","0.11585888266563416","0.11585888266563416"
"49437","0.1133812963962555","0.1133812963962555","0.1133812963962555"
"49472","0.10799922049045563","0.10799922049045563","0.10799922049045563"
"49516","0.10856465995311737","0.10856465995311737","0.10856465995311737"
"49528","0.11156362295150757","0.11156362295150757","0.11156362295150757"
"49573","0.10068164765834808","0.10068164765834808","0.10068164765834808"
"49622","0.11905582249164581","0.11905582249164581","0.11905582249164581"
"49648","0.0926278755068779","0.0926278755068779","0.0926278755068779"
"49657","0.0935358852148056","0.0935358852148056","0.0935358852148056"
"49662","0.09800051897764206","0.09800051897764206","0.09800051897764206"
"49694","0.12356726825237274","0.12356726825237274","0.12356726825237274"
"49700","0.10505795478820801","0.10505795478820801","0.10505795478820801"
"49716","0.11597809195518494","0.11597809195518494","0.11597809195518494"
"49737","0.09602780640125275","0.09602780640125275","0.09602780640125275"
"49743","0.10857179760932922","0.10857179760932922","0.10857179760932922"
"49779","0.11550519615411758","0.11550519615411758","0.11550519615411758"
"49822","0.11696973443031311","0.11696973443031311","0.11696973443031311"
"49843","0.11423282325267792","0.11423282325267792","0.11423282325267792"
"49868","0.11830991506576538","0.11830991506576538","0.11830991506576538"
"49869","0.11636047065258026","0.11636047065258026","0.11636047065258026"
"49889","0.12043541669845581","0.12043541669845581","0.12043541669845581"
"49892","0.10025830566883087","0.10025830566883087","0.10025830566883087"
"49893","0.10483264178037643","0.10483264178037643","0.10483264178037643"
"49894","0.10625188052654266","0.10625188052654266","0.10625188052654266"
"49959","0.09825890511274338","0.09825890511274338","0.09825890511274338"
"49981","0.11099642515182495","0.11099642515182495","0.11099642515182495"
"50010","0.10177513211965561","0.10177513211965561","0.10177513211965561"
"50014","0.10626529157161713","0.10626529157161713","0.10626529157161713"
"50029","0.10956119745969772","0.10956119745969772","0.10956119745969772"
"50083","0.11348375678062439","0.11348375678062439","0.11348375678062439"
"50108","0.11273946613073349","0.11273946613073349","0.11273946613073349"
"50111","0.11317199468612671","0.11317199468612671","0.11317199468612671"
"50122","0.10123306512832642","0.10123306512832642","0.10123306512832642"
"50128","0.1122795045375824","0.1122795045375824","0.1122795045375824"
"50137","0.10825566947460175","0.10825566947460175","0.10825566947460175"
"50148","0.12569157779216766","0.12569157779216766","0.12569157779216766"
"50161","0.10869962722063065","0.10869962722063065","0.10869962722063065"
"50189","0.12467649579048157","0.12467649579048157","0.12467649579048157"
"50213","0.10485176742076874","0.10485176742076874","0.10485176742076874"
"50221","0.11340290307998657","0.11340290307998657","0.11340290307998657"
"50243","0.12740035355091095","0.12740035355091095","0.12740035355091095"
"50259","0.11863069236278534","0.11863069236278534","0.11863069236278534"
"50280","0.12225966155529022","0.12225966155529022","0.12225966155529022"
"50289","0.09517265111207962","0.09517265111207962","0.09517265111207962"
"50296","0.1128489226102829","0.1128489226102829","0.1128489226102829"
"50370","0.10230596363544464","0.10230596363544464","0.10230596363544464"
"50395","0.11815609037876129","0.11815609037876129","0.11815609037876129"
"50415","0.1194835901260376","0.1194835901260376","0.1194835901260376"
"50434","0.11633409559726715","0.11633409559726715","0.11633409559726715"
"50475","0.10859822481870651","0.10859822481870651","0.10859822481870651"
"50512","0.10950680077075958","0.10950680077075958","0.10950680077075958"
"50525","0.10456199944019318","0.10456199944019318","0.10456199944019318"
"50527","0.10183092951774597","0.10183092951774597","0.10183092951774597"
"50543","0.10239797830581665","0.10239797830581665","0.10239797830581665"
"50555","0.10792586207389832","0.10792586207389832","0.10792586207389832"
"50564","0.12113268673419952","0.12113268673419952","0.12113268673419952"
"50569","0.11803413927555084","0.11803413927555084","0.11803413927555084"
"50579","0.11014272272586823","0.11014272272586823","0.11014272272586823"
"50600","0.13791945576667786","0.13791945576667786","0.13791945576667786"
"50612","0.10970704257488251","0.10970704257488251","0.10970704257488251"
"50709","0.0994875580072403","0.0994875580072403","0.0994875580072403"
"50751","0.10639286041259766","0.10639286041259766","0.10639286041259766"
"50753","0.10726670920848846","0.10726670920848846","0.10726670920848846"
"50772","0.10728397965431213","0.10728397965431213","0.10728397965431213"
"50791","0.1038983017206192","0.1038983017206192","0.1038983017206192"
"50792","0.09749220311641693","0.09749220311641693","0.09749220311641693"
"50810","0.11134149134159088","0.11134149134159088","0.11134149134159088"
"50847","0.11930183321237564","0.11930183321237564","0.11930183321237564"
"50876","0.10524868965148926","0.10524868965148926","0.10524868965148926"
"50892","0.12257814407348633","0.12257814407348633","0.12257814407348633"
"50904","0.12496235966682434","0.12496235966682434","0.12496235966682434"
"50913","0.1284647285938263","0.1284647285938263","0.1284647285938263"
"50936","0.11687830090522766","0.11687830090522766","0.11687830090522766"
"50977","0.10792922973632812","0.10792922973632812","0.10792922973632812"
"51013","0.11395426839590073","0.11395426839590073","0.11395426839590073"
"51040","0.10247582197189331","0.10247582197189331","0.10247582197189331"
"51052","0.09362038969993591","0.09362038969993591","0.09362038969993591"
"51060","0.09355752170085907","0.09355752170085907","0.09355752170085907"
"51071","0.10318908095359802","0.10318908095359802","0.10318908095359802"
"51085","0.09724242985248566","0.09724242985248566","0.09724242985248566"
"51087","0.09921254217624664","0.09921254217624664","0.09921254217624664"
"51122","0.0997631847858429","0.0997631847858429","0.0997631847858429"
"51151","0.10635259002447128","0.10635259002447128","0.10635259002447128"
"51172","0.12374381721019745","0.12374381721019745","0.12374381721019745"
"51177","0.10879622399806976","0.10879622399806976","0.10879622399806976"
"51202","0.11865781992673874","0.11865781992673874","0.11865781992673874"
"51253","0.10777780413627625","0.10777780413627625","0.10777780413627625"
"51278","0.10590493679046631","0.10590493679046631","0.10590493679046631"
"51326","0.11298942565917969","0.11298942565917969","0.11298942565917969"
"51351","0.12131597846746445","0.12131597846746445","0.12131597846746445"
"51393","0.1167239174246788","0.1167239174246788","0.1167239174246788"
"51421","0.10881932079792023","0.10881932079792023","0.10881932079792023"
"51423","0.11328786611557007","0.11328786611557007","0.11328786611557007"
"51424","0.12566471099853516","0.12566471099853516","0.12566471099853516"
"51461","0.09628824889659882","0.09628824889659882","0.09628824889659882"
"51480","0.10670635104179382","0.10670635104179382","0.10670635104179382"
"51526","0.09638741612434387","0.09638741612434387","0.09638741612434387"
"51542","0.10499133169651031","0.10499133169651031","0.10499133169651031"
"51552","0.11366155743598938","0.11366155743598938","0.11366155743598938"
"51572","0.11826416850090027","0.11826416850090027","0.11826416850090027"
"51585","0.11200372129678726","0.11200372129678726","0.11200372129678726"
"51602","0.1135888397693634","0.1135888397693634","0.1135888397693634"
"51612","0.10303782671689987","0.10303782671689987","0.10303782671689987"
"51632","0.1185307726264","0.1185307726264","0.1185307726264"
"51637","0.09912843257188797","0.09912843257188797","0.09912843257188797"
"51639","0.12061996012926102","0.12061996012926102","0.12061996012926102"
"51659","0.11564101278781891","0.11564101278781891","0.11564101278781891"
"51747","0.1104460060596466","0.1104460060596466","0.1104460060596466"
"51758","0.10729783773422241","0.10729783773422241","0.10729783773422241"
"51806","0.10207808017730713","0.10207808017730713","0.10207808017730713"
"51810","0.10363444685935974","0.10363444685935974","0.10363444685935974"
"51813","0.10987614095211029","0.10987614095211029","0.10987614095211029"
"51819","0.11624982953071594","0.11624982953071594","0.11624982953071594"
"51822","0.13550935685634613","0.13550935685634613","0.13550935685634613"
"51831","0.11200041323900223","0.11200041323900223","0.11200041323900223"
"51852","0.11376862972974777","0.11376862972974777","0.11376862972974777"
"51858","0.11935125291347504","0.11935125291347504","0.11935125291347504"
"51867","0.09262077510356903","0.09262077510356903","0.09262077510356903"
"51890","0.10478174686431885","0.10478174686431885","0.10478174686431885"
"51894","0.1159420982003212","0.1159420982003212","0.1159420982003212"
"51901","0.1021040827035904","0.1021040827035904","0.1021040827035904"
"51926","0.13033652305603027","0.13033652305603027","0.13033652305603027"
"51937","0.10974328219890594","0.10974328219890594","0.10974328219890594"
"51975","0.09463320672512054","0.09463320672512054","0.09463320672512054"
"51981","0.09276573359966278","0.09276573359966278","0.09276573359966278"
"52005","0.11074770987033844","0.11074770987033844","0.11074770987033844"
"52059","0.10705338418483734","0.10705338418483734","0.10705338418483734"
"52125","0.11678823828697205","0.11678823828697205","0.11678823828697205"
"52150","0.10052221268415451","0.10052221268415451","0.10052221268415451"
"52163","0.09601226449012756","0.09601226449012756","0.09601226449012756"
"52180","0.09898984432220459","0.09898984432220459","0.09898984432220459"
"52183","0.10030020773410797","0.10030020773410797","0.10030020773410797"
"52303","0.09627005457878113","0.09627005457878113","0.09627005457878113"
"52309","0.10331341624259949","0.10331341624259949","0.10331341624259949"
"52356","0.12011510133743286","0.12011510133743286","0.12011510133743286"
"52381","0.1132921576499939","0.1132921576499939","0.1132921576499939"
"52385","0.12416540831327438","0.12416540831327438","0.12416540831327438"
"52408","0.12150993943214417","0.12150993943214417","0.12150993943214417"
"52428","0.12455382198095322","0.12455382198095322","0.12455382198095322"
"52441","0.0905541256070137","0.0905541256070137","0.0905541256070137"
"52491","0.09620613604784012","0.09620613604784012","0.09620613604784012"
"52520","0.10725046694278717","0.10725046694278717","0.10725046694278717"
"52542","0.10346487164497375","0.10346487164497375","0.10346487164497375"
"52558","0.09642856568098068","0.09642856568098068","0.09642856568098068"
"52578","0.11000984907150269","0.11000984907150269","0.11000984907150269"
"52599","0.1034000962972641","0.1034000962972641","0.1034000962972641"
"52624","0.09170866012573242","0.09170866012573242","0.09170866012573242"
"52660","0.09650339186191559","0.09650339186191559","0.09650339186191559"
"52691","0.09605061262845993","0.09605061262845993","0.09605061262845993"
"52720","0.09781183302402496","0.09781183302402496","0.09781183302402496"
"52747","0.1194269135594368","0.1194269135594368","0.1194269135594368"
"52757","0.10184983909130096","0.10184983909130096","0.10184983909130096"
"52774","0.1277690827846527","0.1277690827846527","0.1277690827846527"
"52802","0.10182742774486542","0.10182742774486542","0.10182742774486542"
"52804","0.13043272495269775","0.13043272495269775","0.13043272495269775"
"52888","0.10960052162408829","0.10960052162408829","0.10960052162408829"
"52936","0.11026674509048462","0.11026674509048462","0.11026674509048462"
"52947","0.10346679389476776","0.10346679389476776","0.10346679389476776"
"52955","0.10981276631355286","0.10981276631355286","0.10981276631355286"
"52987","0.1146761029958725","0.1146761029958725","0.1146761029958725"
"52997","0.12509602308273315","0.12509602308273315","0.12509602308273315"
"53068","0.11608490347862244","0.11608490347862244","0.11608490347862244"
"53089","0.09617435932159424","0.09617435932159424","0.09617435932159424"
"53092","0.09747230261564255","0.09747230261564255","0.09747230261564255"
"53096","0.10231282562017441","0.10231282562017441","0.10231282562017441"
"53099","0.09780814498662949","0.09780814498662949","0.09780814498662949"
"53103","0.1096886396408081","0.1096886396408081","0.1096886396408081"
"53113","0.0972176343202591","0.0972176343202591","0.0972176343202591"
"53119","0.14016979932785034","0.14016979932785034","0.14016979932785034"
"53122","0.11638519167900085","0.11638519167900085","0.11638519167900085"
"53128","0.09340272843837738","0.09340272843837738","0.09340272843837738"
"53145","0.11554521322250366","0.11554521322250366","0.11554521322250366"
"53190","0.10061497986316681","0.10061497986316681","0.10061497986316681"
"53229","0.08467578887939453","0.08467578887939453","0.08467578887939453"
"53233","0.11150869727134705","0.11150869727134705","0.11150869727134705"
"53239","0.1000046357512474","0.1000046357512474","0.1000046357512474"
"53249","0.0970192402601242","0.0970192402601242","0.0970192402601242"
"53352","0.11264555156230927","0.11264555156230927","0.11264555156230927"
"53376","0.09933750331401825","0.09933750331401825","0.09933750331401825"
"53432","0.1001240611076355","0.1001240611076355","0.1001240611076355"
"53465","0.10863958299160004","0.10863958299160004","0.10863958299160004"
"53549","0.13794729113578796","0.13794729113578796","0.13794729113578796"
"53555","0.09406429529190063","0.09406429529190063","0.09406429529190063"
"53567","0.08888843655586243","0.08888843655586243","0.08888843655586243"
"53576","0.13623280823230743","0.13623280823230743","0.13623280823230743"
"53580","0.10519791394472122","0.10519791394472122","0.10519791394472122"
"53608","0.12303907424211502","0.12303907424211502","0.12303907424211502"
"53634","0.12730613350868225","0.12730613350868225","0.12730613350868225"
"53664","0.1144309863448143","0.1144309863448143","0.1144309863448143"
"53691","0.09370177239179611","0.09370177239179611","0.09370177239179611"
"53731","0.1063748300075531","0.1063748300075531","0.1063748300075531"
"53749","0.12742456793785095","0.12742456793785095","0.12742456793785095"
"53767","0.11974319815635681","0.11974319815635681","0.11974319815635681"
"53778","0.10565230250358582","0.10565230250358582","0.10565230250358582"
"53788","0.10907767713069916","0.10907767713069916","0.10907767713069916"
"53852","0.10363912582397461","0.10363912582397461","0.10363912582397461"
"53867","0.11048935353755951","0.11048935353755951","0.11048935353755951"
"53872","0.09976319968700409","0.09976319968700409","0.09976319968700409"
"53902","0.11507607996463776","0.11507607996463776","0.11507607996463776"
"53920","0.12013775110244751","0.12013775110244751","0.12013775110244751"
"53953","0.09974279999732971","0.09974279999732971","0.09974279999732971"
"53977","0.1163136288523674","0.1163136288523674","0.1163136288523674"
"53978","0.11252249032258987","0.11252249032258987","0.11252249032258987"
"53981","0.11698886752128601","0.11698886752128601","0.11698886752128601"
"54005","0.0946916937828064","0.0946916937828064","0.0946916937828064"
"54086","0.10822536051273346","0.10822536051273346","0.10822536051273346"
"54099","0.09059680998325348","0.09059680998325348","0.09059680998325348"
"54125","0.09882478415966034","0.09882478415966034","0.09882478415966034"
"54145","0.1257750391960144","0.1257750391960144","0.1257750391960144"
"54154","0.10898783802986145","0.10898783802986145","0.10898783802986145"
"54160","0.11788563430309296","0.11788563430309296","0.11788563430309296"
"54289","0.12187235057353973","0.12187235057353973","0.12187235057353973"
"54335","0.09743665158748627","0.09743665158748627","0.09743665158748627"
"54366","0.09923721849918365","0.09923721849918365","0.09923721849918365"
"54369","0.0820445790886879","0.0820445790886879","0.0820445790886879"
"54394","0.09718035161495209","0.09718035161495209","0.09718035161495209"
"54398","0.11591790616512299","0.11591790616512299","0.11591790616512299"
"54438","0.0997677743434906","0.0997677743434906","0.0997677743434906"
"54453","0.10476615279912949","0.10476615279912949","0.10476615279912949"
"54462","0.10506260395050049","0.10506260395050049","0.10506260395050049"
"54464","0.0962478443980217","0.0962478443980217","0.0962478443980217"
"54509","0.12457529455423355","0.12457529455423355","0.12457529455423355"
"54540","0.11439631134271622","0.11439631134271622","0.11439631134271622"
"54554","0.11452282965183258","0.11452282965183258","0.11452282965183258"
"54562","0.09249377250671387","0.09249377250671387","0.09249377250671387"
"54598","0.09542471915483475","0.09542471915483475","0.09542471915483475"
"54600","0.10404135286808014","0.10404135286808014","0.10404135286808014"
"54626","0.11015241593122482","0.11015241593122482","0.11015241593122482"
"54635","0.11341710388660431","0.11341710388660431","0.11341710388660431"
"54654","0.08792910724878311","0.08792910724878311","0.08792910724878311"
"54697","0.11432556062936783","0.11432556062936783","0.11432556062936783"
"54714","0.10417397320270538","0.10417397320270538","0.10417397320270538"
"54746","0.10042271763086319","0.10042271763086319","0.10042271763086319"
"54748","0.09554485976696014","0.09554485976696014","0.09554485976696014"
"54769","0.11388245224952698","0.11388245224952698","0.11388245224952698"
"54782","0.1026693806052208","0.1026693806052208","0.1026693806052208"
"54790","0.10420361161231995","0.10420361161231995","0.10420361161231995"
"54795","0.09984569251537323","0.09984569251537323","0.09984569251537323"
"54872","0.11514744907617569","0.11514744907617569","0.11514744907617569"
"54873","0.10356312990188599","0.10356312990188599","0.10356312990188599"
"54893","0.1206476241350174","0.1206476241350174","0.1206476241350174"
"54904","0.11662814021110535","0.11662814021110535","0.11662814021110535"
"54922","0.09557275474071503","0.09557275474071503","0.09557275474071503"
"54929","0.08887255191802979","0.08887255191802979","0.08887255191802979"
"54960","0.10411758720874786","0.10411758720874786","0.10411758720874786"
"55003","0.0914124995470047","0.0914124995470047","0.0914124995470047"
"55010","0.10419753193855286","0.10419753193855286","0.10419753193855286"
"55031","0.09557679295539856","0.09557679295539856","0.09557679295539856"
"55037","0.13219332695007324","0.13219332695007324","0.13219332695007324"
"55039","0.10778816044330597","0.10778816044330597","0.10778816044330597"
"55117","0.11675563454627991","0.11675563454627991","0.11675563454627991"
"55126","0.09727264195680618","0.09727264195680618","0.09727264195680618"
"55145","0.09498317539691925","0.09498317539691925","0.09498317539691925"
"55146","0.08661055564880371","0.08661055564880371","0.08661055564880371"
"55210","0.10441487282514572","0.10441487282514572","0.10441487282514572"
"55230","0.11684781312942505","0.11684781312942505","0.11684781312942505"
"55233","0.12715530395507812","0.12715530395507812","0.12715530395507812"
"55276","0.10210670530796051","0.10210670530796051","0.10210670530796051"
"55297","0.11204341053962708","0.11204341053962708","0.11204341053962708"
"55349","0.09917508065700531","0.09917508065700531","0.09917508065700531"
"55357","0.10219661891460419","0.10219661891460419","0.10219661891460419"
"55390","0.1067562848329544","0.1067562848329544","0.1067562848329544"
"55402","0.11104756593704224","0.11104756593704224","0.11104756593704224"
"55433","0.10147558152675629","0.10147558152675629","0.10147558152675629"
"55438","0.1069081574678421","0.1069081574678421","0.1069081574678421"
"55468","0.11489729583263397","0.11489729583263397","0.11489729583263397"
"55487","0.11943487823009491","0.11943487823009491","0.11943487823009491"
"55488","0.12840530276298523","0.12840530276298523","0.12840530276298523"
"55527","0.10469037294387817","0.10469037294387817","0.10469037294387817"
"55538","0.09867332875728607","0.09867332875728607","0.09867332875728607"
"55635","0.10082792490720749","0.10082792490720749","0.10082792490720749"
"55640","0.09905030578374863","0.09905030578374863","0.09905030578374863"
"55648","0.1167823076248169","0.1167823076248169","0.1167823076248169"
"55710","0.09701333940029144","0.09701333940029144","0.09701333940029144"
"55828","0.11127783358097076","0.11127783358097076","0.11127783358097076"
"55832","0.10717833042144775","0.10717833042144775","0.10717833042144775"
"55833","0.09119956940412521","0.09119956940412521","0.09119956940412521"
"55841","0.11112543940544128","0.11112543940544128","0.11112543940544128"
"55850","0.10308907926082611","0.10308907926082611","0.10308907926082611"
"55858","0.09505850821733475","0.09505850821733475","0.09505850821733475"
"55872","0.09661947190761566","0.09661947190761566","0.09661947190761566"
"55897","0.10580430179834366","0.10580430179834366","0.10580430179834366"
"55910","0.11202239990234375","0.11202239990234375","0.11202239990234375"
"55912","0.10711124539375305","0.10711124539375305","0.10711124539375305"
"55917","0.09507541358470917","0.09507541358470917","0.09507541358470917"
"55959","0.11387398093938828","0.11387398093938828","0.11387398093938828"
"55960","0.10259194672107697","0.10259194672107697","0.10259194672107697"
"55971","0.1075708344578743","0.1075708344578743","0.1075708344578743"
"56020","0.10002368688583374","0.10002368688583374","0.10002368688583374"
"56034","0.11489975452423096","0.11489975452423096","0.11489975452423096"
"56051","0.10544395446777344","0.10544395446777344","0.10544395446777344"
"56134","0.11504814028739929","0.11504814028739929","0.11504814028739929"
"56138","0.10975420475006104","0.10975420475006104","0.10975420475006104"
"56210","0.11384934186935425","0.11384934186935425","0.11384934186935425"
"56217","0.10131585597991943","0.10131585597991943","0.10131585597991943"
"56223","0.11806042492389679","0.11806042492389679","0.11806042492389679"
"56251","0.14684846997261047","0.14684846997261047","0.14684846997261047"
"56256","0.10180941224098206","0.10180941224098206","0.10180941224098206"
"56262","0.09946618974208832","0.09946618974208832","0.09946618974208832"
"56265","0.09713105112314224","0.09713105112314224","0.09713105112314224"
"56266","0.11584007740020752","0.11584007740020752","0.11584007740020752"
"56273","0.10405803471803665","0.10405803471803665","0.10405803471803665"
"56335","0.09138230979442596","0.09138230979442596","0.09138230979442596"
"56377","0.10772258043289185","0.10772258043289185","0.10772258043289185"
"56386","0.11845122277736664","0.11845122277736664","0.11845122277736664"
"56393","0.1086091697216034","0.1086091697216034","0.1086091697216034"
"56405","0.10060985386371613","0.10060985386371613","0.10060985386371613"
"56414","0.09128627181053162","0.09128627181053162","0.09128627181053162"
"56434","0.11518561840057373","0.11518561840057373","0.11518561840057373"
"56439","0.09636612236499786","0.09636612236499786","0.09636612236499786"
"56445","0.11455073952674866","0.11455073952674866","0.11455073952674866"
"56477","0.12856124341487885","0.12856124341487885","0.12856124341487885"
"56571","0.10366353392601013","0.10366353392601013","0.10366353392601013"
"56612","0.11941774189472198","0.11941774189472198","0.11941774189472198"
"56619","0.09107712656259537","0.09107712656259537","0.09107712656259537"
"56632","0.10002456605434418","0.10002456605434418","0.10002456605434418"
"56633","0.10762645304203033","0.10762645304203033","0.10762645304203033"
"56682","0.09041596949100494","0.09041596949100494","0.09041596949100494"
"56705","0.11157829314470291","0.11157829314470291","0.11157829314470291"
"56737","0.10190732032060623","0.10190732032060623","0.10190732032060623"
"56770","0.12301719933748245","0.12301719933748245","0.12301719933748245"
"56819","0.10943824052810669","0.10943824052810669","0.10943824052810669"
"56840","0.113594651222229","0.113594651222229","0.113594651222229"
"56865","0.098098024725914","0.098098024725914","0.098098024725914"
"56882","0.09844103455543518","0.09844103455543518","0.09844103455543518"
"56907","0.1000489741563797","0.1000489741563797","0.1000489741563797"
"56918","0.10102662444114685","0.10102662444114685","0.10102662444114685"
"56928","0.09558233618736267","0.09558233618736267","0.09558233618736267"
"56933","0.10251065343618393","0.10251065343618393","0.10251065343618393"
"56937","0.10693763196468353","0.10693763196468353","0.10693763196468353"
"56939","0.09181054681539536","0.09181054681539536","0.09181054681539536"
"56968","0.09902174025774002","0.09902174025774002","0.09902174025774002"
"56983","0.10231712460517883","0.10231712460517883","0.10231712460517883"
"57023","0.10414646565914154","0.10414646565914154","0.10414646565914154"
"57030","0.12591353058815002","0.12591353058815002","0.12591353058815002"
"57037","0.10807998478412628","0.10807998478412628","0.10807998478412628"
"57046","0.12474515289068222","0.12474515289068222","0.12474515289068222"
"57124","0.10015726089477539","0.10015726089477539","0.10015726089477539"
"57134","0.11930263042449951","0.11930263042449951","0.11930263042449951"
"57158","0.10713638365268707","0.10713638365268707","0.10713638365268707"
"57225","0.11332166194915771","0.11332166194915771","0.11332166194915771"
"57229","0.14082017540931702","0.14082017540931702","0.14082017540931702"
"57237","0.09976964443922043","0.09976964443922043","0.09976964443922043"
"57245","0.11545850336551666","0.11545850336551666","0.11545850336551666"
"57257","0.11253708600997925","0.11253708600997925","0.11253708600997925"
"57265","0.10705563426017761","0.10705563426017761","0.10705563426017761"
"57362","0.12317834049463272","0.12317834049463272","0.12317834049463272"
"57368","0.118404820561409","0.118404820561409","0.118404820561409"
"57403","0.10653875768184662","0.10653875768184662","0.10653875768184662"
"57414","0.09930450469255447","0.09930450469255447","0.09930450469255447"
"57474","0.11457556486129761","0.11457556486129761","0.11457556486129761"
"57498","0.10211382806301117","0.10211382806301117","0.10211382806301117"
"57508","0.13494260609149933","0.13494260609149933","0.13494260609149933"
"57535","0.098469577729702","0.098469577729702","0.098469577729702"
"57559","0.0975213348865509","0.0975213348865509","0.0975213348865509"
"57604","0.09848661720752716","0.09848661720752716","0.09848661720752716"
"57606","0.10430072247982025","0.10430072247982025","0.10430072247982025"
"57613","0.09996284544467926","0.09996284544467926","0.09996284544467926"
"57620","0.11109495908021927","0.11109495908021927","0.11109495908021927"
"57627","0.12315408885478973","0.12315408885478973","0.12315408885478973"
"57639","0.10497021675109863","0.10497021675109863","0.10497021675109863"
"57657","0.08940652012825012","0.08940652012825012","0.08940652012825012"
"57659","0.12015700340270996","0.12015700340270996","0.12015700340270996"
"57694","0.10077151656150818","0.10077151656150818","0.10077151656150818"
"57707","0.11722902953624725","0.11722902953624725","0.11722902953624725"
"57721","0.10862701386213303","0.10862701386213303","0.10862701386213303"
"57732","0.1240050196647644","0.1240050196647644","0.1240050196647644"
"57775","0.12006460875272751","0.12006460875272751","0.12006460875272751"
"57801","0.10753454267978668","0.10753454267978668","0.10753454267978668"
"57862","0.10431820899248123","0.10431820899248123","0.10431820899248123"
"57936","0.09752511978149414","0.09752511978149414","0.09752511978149414"
"57953","0.10238845646381378","0.10238845646381378","0.10238845646381378"
"58067","0.10257194936275482","0.10257194936275482","0.10257194936275482"
"58072","0.10599607974290848","0.10599607974290848","0.10599607974290848"
"58103","0.09060370922088623","0.09060370922088623","0.09060370922088623"
"58114","0.10826390981674194","0.10826390981674194","0.10826390981674194"
"58136","0.10469202697277069","0.10469202697277069","0.10469202697277069"
"58145","0.12651380896568298","0.12651380896568298","0.12651380896568298"
"58234","0.10417857766151428","0.10417857766151428","0.10417857766151428"
"58243","0.10556560754776001","0.10556560754776001","0.10556560754776001"
"58284","0.09840080142021179","0.09840080142021179","0.09840080142021179"
"58307","0.10300327837467194","0.10300327837467194","0.10300327837467194"
"58312","0.10612078011035919","0.10612078011035919","0.10612078011035919"
"58343","0.11538215726613998","0.11538215726613998","0.11538215726613998"
"58379","0.11852473020553589","0.11852473020553589","0.11852473020553589"
"58382","0.09635484218597412","0.09635484218597412","0.09635484218597412"
"58392","0.12404147535562515","0.12404147535562515","0.12404147535562515"
"58425","0.10536781698465347","0.10536781698465347","0.10536781698465347"
"58457","0.09663942456245422","0.09663942456245422","0.09663942456245422"
"58485","0.09801068902015686","0.09801068902015686","0.09801068902015686"
"58532","0.12463623285293579","0.12463623285293579","0.12463623285293579"
"58569","0.10986290872097015","0.10986290872097015","0.10986290872097015"
"58584","0.10791812092065811","0.10791812092065811","0.10791812092065811"
"58620","0.12940353155136108","0.12940353155136108","0.12940353155136108"
"58641","0.12056310474872589","0.12056310474872589","0.12056310474872589"
"58671","0.09691004455089569","0.09691004455089569","0.09691004455089569"
"58688","0.11779867112636566","0.11779867112636566","0.11779867112636566"
"58708","0.10188508033752441","0.10188508033752441","0.10188508033752441"
"58718","0.1267542541027069","0.1267542541027069","0.1267542541027069"
"58746","0.11189305782318115","0.11189305782318115","0.11189305782318115"
"58748","0.10098149627447128","0.10098149627447128","0.10098149627447128"
"58821","0.12140361964702606","0.12140361964702606","0.12140361964702606"
"58875","0.11085658520460129","0.11085658520460129","0.11085658520460129"
"58876","0.12260746210813522","0.12260746210813522","0.12260746210813522"
"58916","0.11475258320569992","0.11475258320569992","0.11475258320569992"
"58979","0.0957053080201149","0.0957053080201149","0.0957053080201149"
"59004","0.11566038429737091","0.11566038429737091","0.11566038429737091"
"59014","0.11924341320991516","0.11924341320991516","0.11924341320991516"
"59049","0.1182321086525917","0.1182321086525917","0.1182321086525917"
"59063","0.09626267850399017","0.09626267850399017","0.09626267850399017"
"59101","0.09878373891115189","0.09878373891115189","0.09878373891115189"
"59104","0.09073825180530548","0.09073825180530548","0.09073825180530548"
"59121","0.10073988139629364","0.10073988139629364","0.10073988139629364"
"59133","0.10492464900016785","0.10492464900016785","0.10492464900016785"
"59205","0.09698707610368729","0.09698707610368729","0.09698707610368729"
"59207","0.11821991205215454","0.11821991205215454","0.11821991205215454"
"59238","0.1041841059923172","0.1041841059923172","0.1041841059923172"
"59368","0.10707415640354156","0.10707415640354156","0.10707415640354156"
"59434","0.10999733954668045","0.10999733954668045","0.10999733954668045"
"59450","0.10193409025669098","0.10193409025669098","0.10193409025669098"
"59499","0.11356247961521149","0.11356247961521149","0.11356247961521149"
"59507","0.10103969275951385","0.10103969275951385","0.10103969275951385"
"59539","0.09809544682502747","0.09809544682502747","0.09809544682502747"
"59558","0.1048344075679779","0.1048344075679779","0.1048344075679779"
"59572","0.09811676293611526","0.09811676293611526","0.09811676293611526"
"59586","0.09815715253353119","0.09815715253353119","0.09815715253353119"
"59596","0.10500787198543549","0.10500787198543549","0.10500787198543549"
"59606","0.10111965239048004","0.10111965239048004","0.10111965239048004"
"59607","0.09280571341514587","0.09280571341514587","0.09280571341514587"
"59621","0.105286605656147","0.105286605656147","0.105286605656147"
"59623","0.11167699098587036","0.11167699098587036","0.11167699098587036"
"59625","0.09810803830623627","0.09810803830623627","0.09810803830623627"
"59650","0.09825760126113892","0.09825760126113892","0.09825760126113892"
"59671","0.09150268137454987","0.09150268137454987","0.09150268137454987"
"59692","0.1097775399684906","0.1097775399684906","0.1097775399684906"
"59708","0.12119052559137344","0.12119052559137344","0.12119052559137344"
"59711","0.11346177756786346","0.11346177756786346","0.11346177756786346"
"59788","0.09861086308956146","0.09861086308956146","0.09861086308956146"
"59795","0.09434305131435394","0.09434305131435394","0.09434305131435394"
"59797","0.09975909441709518","0.09975909441709518","0.09975909441709518"
"59810","0.10115312039852142","0.10115312039852142","0.10115312039852142"
"59815","0.10637232661247253","0.10637232661247253","0.10637232661247253"
"59838","0.1134098619222641","0.1134098619222641","0.1134098619222641"
"59874","0.10795215517282486","0.10795215517282486","0.10795215517282486"
"59877","0.10630209743976593","0.10630209743976593","0.10630209743976593"
"59892","0.11218241602182388","0.11218241602182388","0.11218241602182388"
"59921","0.10346652567386627","0.10346652567386627","0.10346652567386627"
"60001","0.11360112577676773","0.11360112577676773","0.11360112577676773"
"60003","0.11555179953575134","0.11555179953575134","0.11555179953575134"
"60025","0.09786784648895264","0.09786784648895264","0.09786784648895264"
"60088","0.09712064266204834","0.09712064266204834","0.09712064266204834"
"60123","0.11828511953353882","0.11828511953353882","0.11828511953353882"
"60179","0.10245679318904877","0.10245679318904877","0.10245679318904877"
"60198","0.11716822534799576","0.11716822534799576","0.11716822534799576"
"60252","0.09685483574867249","0.09685483574867249","0.09685483574867249"
"60313","0.10416839271783829","0.10416839271783829","0.10416839271783829"
"60343","0.1063290387392044","0.1063290387392044","0.1063290387392044"
"60415","0.10448276996612549","0.10448276996612549","0.10448276996612549"
"60456","0.1109531819820404","0.1109531819820404","0.1109531819820404"
"60506","0.109429731965065","0.109429731965065","0.109429731965065"
"60511","0.09225577116012573","0.09225577116012573","0.09225577116012573"
"60517","0.08940263092517853","0.08940263092517853","0.08940263092517853"
"60519","0.10420810431241989","0.10420810431241989","0.10420810431241989"
"60552","0.10295860469341278","0.10295860469341278","0.10295860469341278"
"60619","0.10084875673055649","0.10084875673055649","0.10084875673055649"
"60659","0.09556405246257782","0.09556405246257782","0.09556405246257782"
"60678","0.1081349104642868","0.1081349104642868","0.1081349104642868"
"60704","0.10236872732639313","0.10236872732639313","0.10236872732639313"
"60719","0.11870592832565308","0.11870592832565308","0.11870592832565308"
"60741","0.10926426202058792","0.10926426202058792","0.10926426202058792"
"60754","0.10802344977855682","0.10802344977855682","0.10802344977855682"
"60755","0.09830918908119202","0.09830918908119202","0.09830918908119202"
"60794","0.08700039982795715","0.08700039982795715","0.08700039982795715"
"60828","0.09893625229597092","0.09893625229597092","0.09893625229597092"
"60830","0.11031432449817657","0.11031432449817657","0.11031432449817657"
"60834","0.09926775842905045","0.09926775842905045","0.09926775842905045"
"60856","0.09725832939147949","0.09725832939147949","0.09725832939147949"
"60873","0.11714020371437073","0.11714020371437073","0.11714020371437073"
"60884","0.11419549584388733","0.11419549584388733","0.11419549584388733"
"60887","0.08911032974720001","0.08911032974720001","0.08911032974720001"
"60898","0.10353147983551025","0.10353147983551025","0.10353147983551025"
"60922","0.0993519276380539","0.0993519276380539","0.0993519276380539"
"60983","0.11909167468547821","0.11909167468547821","0.11909167468547821"
"60990","0.11231192946434021","0.11231192946434021","0.11231192946434021"
"61084","0.10058192908763885","0.10058192908763885","0.10058192908763885"
"61127","0.11414443701505661","0.11414443701505661","0.11414443701505661"
"61129","0.09127596765756607","0.09127596765756607","0.09127596765756607"
"61133","0.11065112054347992","0.11065112054347992","0.11065112054347992"
"61147","0.10759757459163666","0.10759757459163666","0.10759757459163666"
"61167","0.10466787219047546","0.10466787219047546","0.10466787219047546"
"61193","0.10002763569355011","0.10002763569355011","0.10002763569355011"
"61217","0.08633173257112503","0.08633173257112503","0.08633173257112503"
"61228","0.11317219585180283","0.11317219585180283","0.11317219585180283"
"61284","0.10595258325338364","0.10595258325338364","0.10595258325338364"
"61287","0.10223917663097382","0.10223917663097382","0.10223917663097382"
"61289","0.08281075954437256","0.08281075954437256","0.08281075954437256"
"61332","0.10120263695716858","0.10120263695716858","0.10120263695716858"
"61335","0.1233704686164856","0.1233704686164856","0.1233704686164856"
"61362","0.10510130226612091","0.10510130226612091","0.10510130226612091"
"61418","0.10465963929891586","0.10465963929891586","0.10465963929891586"
"61419","0.11500321328639984","0.11500321328639984","0.11500321328639984"
"61447","0.11527229100465775","0.11527229100465775","0.11527229100465775"
"61460","0.11891321837902069","0.11891321837902069","0.11891321837902069"
"61463","0.09336870908737183","0.09336870908737183","0.09336870908737183"
"61494","0.10141955316066742","0.10141955316066742","0.10141955316066742"
"61531","0.1072995662689209","0.1072995662689209","0.1072995662689209"
"61557","0.09887787699699402","0.09887787699699402","0.09887787699699402"
"61571","0.10960586369037628","0.10960586369037628","0.10960586369037628"
"61597","0.11173869669437408","0.11173869669437408","0.11173869669437408"
"61606","0.09819979220628738","0.09819979220628738","0.09819979220628738"
"61627","0.113009974360466","0.113009974360466","0.113009974360466"
"61648","0.10477656126022339","0.10477656126022339","0.10477656126022339"
"61696","0.09139391779899597","0.09139391779899597","0.09139391779899597"
"61732","0.1092461422085762","0.1092461422085762","0.1092461422085762"
"61831","0.11931215226650238","0.11931215226650238","0.11931215226650238"
"61858","0.11382383853197098","0.11382383853197098","0.11382383853197098"
"61902","0.10681047290563583","0.10681047290563583","0.10681047290563583"
"61913","0.1186940148472786","0.1186940148472786","0.1186940148472786"
"61940","0.10425134003162384","0.10425134003162384","0.10425134003162384"
"61942","0.1106000766158104","0.1106000766158104","0.1106000766158104"
"61965","0.09796580672264099","0.09796580672264099","0.09796580672264099"
"62027","0.0906350314617157","0.0906350314617157","0.0906350314617157"
"62060","0.09494762122631073","0.09494762122631073","0.09494762122631073"
"62105","0.11969426274299622","0.11969426274299622","0.11969426274299622"
"62123","0.09704649448394775","0.09704649448394775","0.09704649448394775"
"62125","0.11059223115444183","0.11059223115444183","0.11059223115444183"
"62145","0.1081591546535492","0.1081591546535492","0.1081591546535492"
"62180","0.09017711877822876","0.09017711877822876","0.09017711877822876"
"62215","0.0986151322722435","0.0986151322722435","0.0986151322722435"
"62270","0.1128511130809784","0.1128511130809784","0.1128511130809784"
"62283","0.09948857128620148","0.09948857128620148","0.09948857128620148"
"62317","0.09439283609390259","0.09439283609390259","0.09439283609390259"
"62341","0.0904281809926033","0.0904281809926033","0.0904281809926033"
"62349","0.10184492915868759","0.10184492915868759","0.10184492915868759"
"62355","0.11157713830471039","0.11157713830471039","0.11157713830471039"
"62374","0.10254320502281189","0.10254320502281189","0.10254320502281189"
"62413","0.13124001026153564","0.13124001026153564","0.13124001026153564"
"62428","0.11965333670377731","0.11965333670377731","0.11965333670377731"
"62435","0.13810387253761292","0.13810387253761292","0.13810387253761292"
"62470","0.10118368268013","0.10118368268013","0.10118368268013"
"62474","0.10974220186471939","0.10974220186471939","0.10974220186471939"
"62496","0.099086232483387","0.099086232483387","0.099086232483387"
"62569","0.10160766541957855","0.10160766541957855","0.10160766541957855"
"62595","0.10018561780452728","0.10018561780452728","0.10018561780452728"
"62605","0.09884032607078552","0.09884032607078552","0.09884032607078552"
"62670","0.10981042683124542","0.10981042683124542","0.10981042683124542"
"62680","0.12077484279870987","0.12077484279870987","0.12077484279870987"
"62712","0.11625432968139648","0.11625432968139648","0.11625432968139648"
"62743","0.09722354263067245","0.09722354263067245","0.09722354263067245"
"62803","0.10617271065711975","0.10617271065711975","0.10617271065711975"
"62831","0.09865020215511322","0.09865020215511322","0.09865020215511322"
"62836","0.10989852249622345","0.10989852249622345","0.10989852249622345"
"62884","0.11421944200992584","0.11421944200992584","0.11421944200992584"
"62942","0.09833800792694092","0.09833800792694092","0.09833800792694092"
"62986","0.11342772096395493","0.11342772096395493","0.11342772096395493"
"62993","0.09159455448389053","0.09159455448389053","0.09159455448389053"
"63027","0.08785825222730637","0.08785825222730637","0.08785825222730637"
"63039","0.09889261424541473","0.09889261424541473","0.09889261424541473"
"63106","0.08849627524614334","0.08849627524614334","0.08849627524614334"
"63135","0.09921633452177048","0.09921633452177048","0.09921633452177048"
"63173","0.09479464590549469","0.09479464590549469","0.09479464590549469"
"63177","0.10318689793348312","0.10318689793348312","0.10318689793348312"
"63188","0.1050570160150528","0.1050570160150528","0.1050570160150528"
"63193","0.10745738446712494","0.10745738446712494","0.10745738446712494"
"63260","0.10775010287761688","0.10775010287761688","0.10775010287761688"
"63359","0.11803723871707916","0.11803723871707916","0.11803723871707916"
"63372","0.11276443302631378","0.11276443302631378","0.11276443302631378"
"63385","0.11318545043468475","0.11318545043468475","0.11318545043468475"
"63387","0.1016468033194542","0.1016468033194542","0.1016468033194542"
"63415","0.12948375940322876","0.12948375940322876","0.12948375940322876"
"63425","0.09636129438877106","0.09636129438877106","0.09636129438877106"
"63444","0.1072649359703064","0.1072649359703064","0.1072649359703064"
"63457","0.1026787981390953","0.1026787981390953","0.1026787981390953"
"63473","0.10247369110584259","0.10247369110584259","0.10247369110584259"
"63488","0.10810895264148712","0.10810895264148712","0.10810895264148712"
"63499","0.11753448843955994","0.11753448843955994","0.11753448843955994"
"63528","0.11186596751213074","0.11186596751213074","0.11186596751213074"
"63577","0.08109753578901291","0.08109753578901291","0.08109753578901291"
"63606","0.0956338495016098","0.0956338495016098","0.0956338495016098"
"63608","0.09433820843696594","0.09433820843696594","0.09433820843696594"
"63621","0.10497678071260452","0.10497678071260452","0.10497678071260452"
"63624","0.11650776863098145","0.11650776863098145","0.11650776863098145"
"63625","0.11305548995733261","0.11305548995733261","0.11305548995733261"
"63634","0.11324942111968994","0.11324942111968994","0.11324942111968994"
"63650","0.12335503846406937","0.12335503846406937","0.12335503846406937"
"63681","0.11297506839036942","0.11297506839036942","0.11297506839036942"
"63722","0.09331008791923523","0.09331008791923523","0.09331008791923523"
"63761","0.0933338850736618","0.0933338850736618","0.0933338850736618"
"63764","0.10297557711601257","0.10297557711601257","0.10297557711601257"
"63770","0.09886442124843597","0.09886442124843597","0.09886442124843597"
"63775","0.10905961692333221","0.10905961692333221","0.10905961692333221"
"63778","0.096715047955513","0.096715047955513","0.096715047955513"
"63887","0.12033248692750931","0.12033248692750931","0.12033248692750931"
"63903","0.11085720360279083","0.11085720360279083","0.11085720360279083"
"63907","0.1024288535118103","0.1024288535118103","0.1024288535118103"
"63946","0.10033292323350906","0.10033292323350906","0.10033292323350906"
"63948","0.11804448068141937","0.11804448068141937","0.11804448068141937"
"64002","0.11760509759187698","0.11760509759187698","0.11760509759187698"
"64035","0.11724558472633362","0.11724558472633362","0.11724558472633362"
"64062","0.12397714704275131","0.12397714704275131","0.12397714704275131"
"64143","0.09736040979623795","0.09736040979623795","0.09736040979623795"
"64160","0.10827843844890594","0.10827843844890594","0.10827843844890594"
"64172","0.10979384928941727","0.10979384928941727","0.10979384928941727"
"64182","0.0923754945397377","0.0923754945397377","0.0923754945397377"
"64185","0.09245231747627258","0.09245231747627258","0.09245231747627258"
"64186","0.10682055354118347","0.10682055354118347","0.10682055354118347"
"64232","0.10517774522304535","0.10517774522304535","0.10517774522304535"
"64276","0.12122802436351776","0.12122802436351776","0.12122802436351776"
"64331","0.09112304449081421","0.09112304449081421","0.09112304449081421"
"64365","0.10716962069272995","0.10716962069272995","0.10716962069272995"
"64390","0.13353434205055237","0.13353434205055237","0.13353434205055237"
"64398","0.09104540944099426","0.09104540944099426","0.09104540944099426"
"64406","0.11233318597078323","0.11233318597078323","0.11233318597078323"
"64407","0.13223740458488464","0.13223740458488464","0.13223740458488464"
"64430","0.10588173568248749","0.10588173568248749","0.10588173568248749"
"64437","0.12377193570137024","0.12377193570137024","0.12377193570137024"
"64454","0.11021985113620758","0.11021985113620758","0.11021985113620758"
"64464","0.10871927440166473","0.10871927440166473","0.10871927440166473"
"64480","0.1119161993265152","0.1119161993265152","0.1119161993265152"
"64517","0.11660251021385193","0.11660251021385193","0.11660251021385193"
"64526","0.1183570921421051","0.1183570921421051","0.1183570921421051"
"64533","0.10324114561080933","0.10324114561080933","0.10324114561080933"
"64552","0.11191389709711075","0.11191389709711075","0.11191389709711075"
"64581","0.11244924366474152","0.11244924366474152","0.11244924366474152"
"64606","0.10454052686691284","0.10454052686691284","0.10454052686691284"
"64630","0.10689376294612885","0.10689376294612885","0.10689376294612885"
"64632","0.1100827008485794","0.1100827008485794","0.1100827008485794"
"64660","0.10292663425207138","0.10292663425207138","0.10292663425207138"
"64667","0.09714466333389282","0.09714466333389282","0.09714466333389282"
"64672","0.11289569735527039","0.11289569735527039","0.11289569735527039"
"64680","0.08393360674381256","0.08393360674381256","0.08393360674381256"
"64731","0.11083198338747025","0.11083198338747025","0.11083198338747025"
"64733","0.11298145353794098","0.11298145353794098","0.11298145353794098"
"64751","0.09007382392883301","0.09007382392883301","0.09007382392883301"
"64783","0.09823593497276306","0.09823593497276306","0.09823593497276306"
"64785","0.10712064802646637","0.10712064802646637","0.10712064802646637"
"64802","0.10818525403738022","0.10818525403738022","0.10818525403738022"
"64803","0.1186223179101944","0.1186223179101944","0.1186223179101944"
"64816","0.10224643349647522","0.10224643349647522","0.10224643349647522"
"64843","0.09970428049564362","0.09970428049564362","0.09970428049564362"
"64856","0.09377256780862808","0.09377256780862808","0.09377256780862808"
"64898","0.11428149789571762","0.11428149789571762","0.11428149789571762"
"64916","0.09612864255905151","0.09612864255905151","0.09612864255905151"
"64935","0.10432883352041245","0.10432883352041245","0.10432883352041245"
"64973","0.11636096984148026","0.11636096984148026","0.11636096984148026"
"64977","0.10154180228710175","0.10154180228710175","0.10154180228710175"
"64992","0.12392546236515045","0.12392546236515045","0.12392546236515045"
"65003","0.10345345735549927","0.10345345735549927","0.10345345735549927"
"65007","0.1362903118133545","0.1362903118133545","0.1362903118133545"
"65008","0.10763131082057953","0.10763131082057953","0.10763131082057953"
"65087","0.09559734165668488","0.09559734165668488","0.09559734165668488"
"65152","0.10373938083648682","0.10373938083648682","0.10373938083648682"
"65174","0.0987628921866417","0.0987628921866417","0.0987628921866417"
"65188","0.10975603759288788","0.10975603759288788","0.10975603759288788"
"65226","0.1007198840379715","0.1007198840379715","0.1007198840379715"
"65240","0.11381834745407104","0.11381834745407104","0.11381834745407104"
"65250","0.09943506121635437","0.09943506121635437","0.09943506121635437"
"65277","0.12563472986221313","0.12563472986221313","0.12563472986221313"
"65302","0.08860781788825989","0.08860781788825989","0.08860781788825989"
"65313","0.11525163054466248","0.11525163054466248","0.11525163054466248"
"65330","0.10004347562789917","0.10004347562789917","0.10004347562789917"
"65358","0.11581369489431381","0.11581369489431381","0.11581369489431381"
"65362","0.09378878772258759","0.09378878772258759","0.09378878772258759"
"65372","0.10068744421005249","0.10068744421005249","0.10068744421005249"
"65398","0.11852759122848511","0.11852759122848511","0.11852759122848511"
"65434","0.11121398955583572","0.11121398955583572","0.11121398955583572"
"65453","0.09713663905858994","0.09713663905858994","0.09713663905858994"
"65501","0.10214121639728546","0.10214121639728546","0.10214121639728546"
"65510","0.09597361832857132","0.09597361832857132","0.09597361832857132"
"65533","0.09340359270572662","0.09340359270572662","0.09340359270572662"
"65594","0.08878850936889648","0.08878850936889648","0.08878850936889648"
"65647","0.08474823087453842","0.08474823087453842","0.08474823087453842"
"65673","0.1060483455657959","0.1060483455657959","0.1060483455657959"
"65700","0.08426786959171295","0.08426786959171295","0.08426786959171295"
"65707","0.10178353637456894","0.10178353637456894","0.10178353637456894"
"65739","0.10261255502700806","0.10261255502700806","0.10261255502700806"
"65804","0.10514022409915924","0.10514022409915924","0.10514022409915924"
"65854","0.11454206705093384","0.11454206705093384","0.11454206705093384"
"65855","0.10523436963558197","0.10523436963558197","0.10523436963558197"
"65857","0.09180022776126862","0.09180022776126862","0.09180022776126862"
"65862","0.10991610586643219","0.10991610586643219","0.10991610586643219"
"65946","0.10054190456867218","0.10054190456867218","0.10054190456867218"
"66024","0.10181276500225067","0.10181276500225067","0.10181276500225067"
"66043","0.10908284783363342","0.10908284783363342","0.10908284783363342"
"66072","0.09519383311271667","0.09519383311271667","0.09519383311271667"
"66113","0.09085050970315933","0.09085050970315933","0.09085050970315933"
"66127","0.09204711019992828","0.09204711019992828","0.09204711019992828"
"66131","0.09183047711849213","0.09183047711849213","0.09183047711849213"
"66137","0.10291271656751633","0.10291271656751633","0.10291271656751633"
"66149","0.0981508195400238","0.0981508195400238","0.0981508195400238"
"66160","0.10217320919036865","0.10217320919036865","0.10217320919036865"
"66181","0.09750659763813019","0.09750659763813019","0.09750659763813019"
"66186","0.1058146208524704","0.1058146208524704","0.1058146208524704"
"66194","0.10010963678359985","0.10010963678359985","0.10010963678359985"
"66237","0.11692284047603607","0.11692284047603607","0.11692284047603607"
"66311","0.09794065356254578","0.09794065356254578","0.09794065356254578"
"66315","0.10221618413925171","0.10221618413925171","0.10221618413925171"
"66319","0.08810536563396454","0.08810536563396454","0.08810536563396454"
"66342","0.09519999474287033","0.09519999474287033","0.09519999474287033"
"66378","0.1049116849899292","0.1049116849899292","0.1049116849899292"
"66396","0.09737126529216766","0.09737126529216766","0.09737126529216766"
"66428","0.09262813627719879","0.09262813627719879","0.09262813627719879"
"66497","0.12205815315246582","0.12205815315246582","0.12205815315246582"
"66530","0.09091410040855408","0.09091410040855408","0.09091410040855408"
"66554","0.09546412527561188","0.09546412527561188","0.09546412527561188"
"66556","0.1049274206161499","0.1049274206161499","0.1049274206161499"
"66560","0.11363913118839264","0.11363913118839264","0.11363913118839264"
"66561","0.09775924682617188","0.09775924682617188","0.09775924682617188"
"66587","0.1177685484290123","0.1177685484290123","0.1177685484290123"
"66601","0.11850205808877945","0.11850205808877945","0.11850205808877945"
"66602","0.09551544487476349","0.09551544487476349","0.09551544487476349"
"66622","0.0960998684167862","0.0960998684167862","0.0960998684167862"
"66630","0.10701259970664978","0.10701259970664978","0.10701259970664978"
"66650","0.10491345822811127","0.10491345822811127","0.10491345822811127"
"66656","0.1040399819612503","0.1040399819612503","0.1040399819612503"
"66677","0.11939806491136551","0.11939806491136551","0.11939806491136551"
"66712","0.10326269268989563","0.10326269268989563","0.10326269268989563"
"66740","0.10384746640920639","0.10384746640920639","0.10384746640920639"
"66780","0.09971031546592712","0.09971031546592712","0.09971031546592712"
"66804","0.09712754189968109","0.09712754189968109","0.09712754189968109"
"66835","0.08819027245044708","0.08819027245044708","0.08819027245044708"
"66841","0.10438764840364456","0.10438764840364456","0.10438764840364456"
"66845","0.107634037733078","0.107634037733078","0.107634037733078"
"66858","0.09423629194498062","0.09423629194498062","0.09423629194498062"
"66859","0.09404982626438141","0.09404982626438141","0.09404982626438141"
"66874","0.1029873713850975","0.1029873713850975","0.1029873713850975"
"66875","0.095146544277668","0.095146544277668","0.095146544277668"
"66918","0.11821524798870087","0.11821524798870087","0.11821524798870087"
"66959","0.111826591193676","0.111826591193676","0.111826591193676"
"66960","0.09872882068157196","0.09872882068157196","0.09872882068157196"
"66979","0.09754966199398041","0.09754966199398041","0.09754966199398041"
"66982","0.10844311118125916","0.10844311118125916","0.10844311118125916"
"66984","0.11093537509441376","0.11093537509441376","0.11093537509441376"
"67007","0.09131723642349243","0.09131723642349243","0.09131723642349243"
"67008","0.09960874915122986","0.09960874915122986","0.09960874915122986"
"67017","0.09716664999723434","0.09716664999723434","0.09716664999723434"
"67049","0.09528784453868866","0.09528784453868866","0.09528784453868866"
"67068","0.1134062260389328","0.1134062260389328","0.1134062260389328"
"67072","0.10196986049413681","0.10196986049413681","0.10196986049413681"
"67077","0.09909936785697937","0.09909936785697937","0.09909936785697937"
"67139","0.09407496452331543","0.09407496452331543","0.09407496452331543"
"67140","0.10748212039470673","0.10748212039470673","0.10748212039470673"
"67142","0.11858082562685013","0.11858082562685013","0.11858082562685013"
"67176","0.10078765451908112","0.10078765451908112","0.10078765451908112"
"67201","0.10333865880966187","0.10333865880966187","0.10333865880966187"
"67202","0.10294439643621445","0.10294439643621445","0.10294439643621445"
"67205","0.09678450971841812","0.09678450971841812","0.09678450971841812"
"67223","0.1078415960073471","0.1078415960073471","0.1078415960073471"
"67261","0.12183388322591782","0.12183388322591782","0.12183388322591782"
"67268","0.09089697152376175","0.09089697152376175","0.09089697152376175"
"67285","0.11094322055578232","0.11094322055578232","0.11094322055578232"
"67311","0.10012460500001907","0.10012460500001907","0.10012460500001907"
"67327","0.11112140119075775","0.11112140119075775","0.11112140119075775"
"67341","0.11452074348926544","0.11452074348926544","0.11452074348926544"
"67380","0.12662360072135925","0.12662360072135925","0.12662360072135925"
"67392","0.12010364979505539","0.12010364979505539","0.12010364979505539"
"67393","0.09169548004865646","0.09169548004865646","0.09169548004865646"
"67406","0.11635901033878326","0.11635901033878326","0.11635901033878326"
"67409","0.11063668131828308","0.11063668131828308","0.11063668131828308"
"67447","0.10285429656505585","0.10285429656505585","0.10285429656505585"
"67450","0.0995277687907219","0.0995277687907219","0.0995277687907219"
"67495","0.11291670799255371","0.11291670799255371","0.11291670799255371"
"67547","0.114735446870327","0.114735446870327","0.114735446870327"
"67569","0.09539502114057541","0.09539502114057541","0.09539502114057541"
"67573","0.11388233304023743","0.11388233304023743","0.11388233304023743"
"67598","0.0963074266910553","0.0963074266910553","0.0963074266910553"
"67602","0.11494286358356476","0.11494286358356476","0.11494286358356476"
"67609","0.11221852898597717","0.11221852898597717","0.11221852898597717"
"67696","0.09504774212837219","0.09504774212837219","0.09504774212837219"
"67710","0.10825708508491516","0.10825708508491516","0.10825708508491516"
"67735","0.11152462661266327","0.11152462661266327","0.11152462661266327"
"67751","0.09470927715301514","0.09470927715301514","0.09470927715301514"
"67776","0.09760905057191849","0.09760905057191849","0.09760905057191849"
"67790","0.10666093230247498","0.10666093230247498","0.10666093230247498"
"67791","0.10806146264076233","0.10806146264076233","0.10806146264076233"
"67835","0.10849807411432266","0.10849807411432266","0.10849807411432266"
"67839","0.09791024029254913","0.09791024029254913","0.09791024029254913"
"67848","0.11829064041376114","0.11829064041376114","0.11829064041376114"
"67851","0.10829661786556244","0.10829661786556244","0.10829661786556244"
"67863","0.10781048238277435","0.10781048238277435","0.10781048238277435"
"67877","0.11656433343887329","0.11656433343887329","0.11656433343887329"
"67902","0.10376697778701782","0.10376697778701782","0.10376697778701782"
"67921","0.11764068156480789","0.11764068156480789","0.11764068156480789"
"67932","0.09241718053817749","0.09241718053817749","0.09241718053817749"
"67951","0.09642452001571655","0.09642452001571655","0.09642452001571655"
"67952","0.10704925656318665","0.10704925656318665","0.10704925656318665"
"67962","0.093117855489254","0.093117855489254","0.093117855489254"
"67966","0.10572591423988342","0.10572591423988342","0.10572591423988342"
"67967","0.09129351377487183","0.09129351377487183","0.09129351377487183"
"67978","0.09756836295127869","0.09756836295127869","0.09756836295127869"
"67990","0.09818929433822632","0.09818929433822632","0.09818929433822632"
"68016","0.09900806844234467","0.09900806844234467","0.09900806844234467"
"68018","0.12049716711044312","0.12049716711044312","0.12049716711044312"
"68052","0.11451247334480286","0.11451247334480286","0.11451247334480286"
"68058","0.08796986192464828","0.08796986192464828","0.08796986192464828"
"68097","0.10293881595134735","0.10293881595134735","0.10293881595134735"
"68103","0.08738067746162415","0.08738067746162415","0.08738067746162415"
"68112","0.11323139071464539","0.11323139071464539","0.11323139071464539"
"68120","0.11238621920347214","0.11238621920347214","0.11238621920347214"
"68165","0.1042729988694191","0.1042729988694191","0.1042729988694191"
"68173","0.10281648486852646","0.10281648486852646","0.10281648486852646"
"68228","0.10803438723087311","0.10803438723087311","0.10803438723087311"
"68265","0.11203837394714355","0.11203837394714355","0.11203837394714355"
"68268","0.1106075644493103","0.1106075644493103","0.1106075644493103"
"68327","0.11736918240785599","0.11736918240785599","0.11736918240785599"
"68342","0.09381793439388275","0.09381793439388275","0.09381793439388275"
"68378","0.10125280916690826","0.10125280916690826","0.10125280916690826"
"68395","0.09223339706659317","0.09223339706659317","0.09223339706659317"
"68420","0.10456763207912445","0.10456763207912445","0.10456763207912445"
"68422","0.10747355222702026","0.10747355222702026","0.10747355222702026"
"68476","0.09156908094882965","0.09156908094882965","0.09156908094882965"
"68491","0.09622496366500854","0.09622496366500854","0.09622496366500854"
"68493","0.09747142344713211","0.09747142344713211","0.09747142344713211"
"68505","0.10097487270832062","0.10097487270832062","0.10097487270832062"
"68507","0.10136913508176804","0.10136913508176804","0.10136913508176804"
"68508","0.10163488984107971","0.10163488984107971","0.10163488984107971"
"68541","0.11646729707717896","0.11646729707717896","0.11646729707717896"
"68561","0.11713723838329315","0.11713723838329315","0.11713723838329315"
"68640","0.11207208037376404","0.11207208037376404","0.11207208037376404"
"68646","0.11576060205698013","0.11576060205698013","0.11576060205698013"
"68662","0.11562466621398926","0.11562466621398926","0.11562466621398926"
"68701","0.0810767412185669","0.0810767412185669","0.0810767412185669"
"68721","0.1176714226603508","0.1176714226603508","0.1176714226603508"
"68770","0.10089148581027985","0.10089148581027985","0.10089148581027985"
"68796","0.10095804929733276","0.10095804929733276","0.10095804929733276"
"68805","0.09600590169429779","0.09600590169429779","0.09600590169429779"
"68814","0.09609106183052063","0.09609106183052063","0.09609106183052063"
"68825","0.09355844557285309","0.09355844557285309","0.09355844557285309"
"68837","0.10887317359447479","0.10887317359447479","0.10887317359447479"
"68845","0.0974065512418747","0.0974065512418747","0.0974065512418747"
"68903","0.1117578074336052","0.1117578074336052","0.1117578074336052"
"68930","0.09874267876148224","0.09874267876148224","0.09874267876148224"
"68933","0.09014518558979034","0.09014518558979034","0.09014518558979034"
"68958","0.09883872419595718","0.09883872419595718","0.09883872419595718"
"69018","0.10771656036376953","0.10771656036376953","0.10771656036376953"
"69020","0.09774933755397797","0.09774933755397797","0.09774933755397797"
"69030","0.11337077617645264","0.11337077617645264","0.11337077617645264"
"69100","0.1237010732293129","0.1237010732293129","0.1237010732293129"
"69102","0.09436226636171341","0.09436226636171341","0.09436226636171341"
"69104","0.11255661398172379","0.11255661398172379","0.11255661398172379"
"69169","0.09384441375732422","0.09384441375732422","0.09384441375732422"
"69199","0.097789466381073","0.097789466381073","0.097789466381073"
"69200","0.09699781239032745","0.09699781239032745","0.09699781239032745"
"69208","0.09094192087650299","0.09094192087650299","0.09094192087650299"
"69222","0.09527413547039032","0.09527413547039032","0.09527413547039032"
"69259","0.09246857464313507","0.09246857464313507","0.09246857464313507"
"69278","0.09907566010951996","0.09907566010951996","0.09907566010951996"
"69282","0.1147288829088211","0.1147288829088211","0.1147288829088211"
"69288","0.08686917275190353","0.08686917275190353","0.08686917275190353"
"69313","0.09728814661502838","0.09728814661502838","0.09728814661502838"
"69355","0.10010621696710587","0.10010621696710587","0.10010621696710587"
"69361","0.10285203158855438","0.10285203158855438","0.10285203158855438"
"69367","0.0967312604188919","0.0967312604188919","0.0967312604188919"
"69372","0.11551694571971893","0.11551694571971893","0.11551694571971893"
"69390","0.11228220164775848","0.11228220164775848","0.11228220164775848"
"69412","0.12030716240406036","0.12030716240406036","0.12030716240406036"
"69436","0.1009426862001419","0.1009426862001419","0.1009426862001419"
"69437","0.10820357501506805","0.10820357501506805","0.10820357501506805"
"69471","0.10154877603054047","0.10154877603054047","0.10154877603054047"
"69525","0.08608577400445938","0.08608577400445938","0.08608577400445938"
"69530","0.12135132402181625","0.12135132402181625","0.12135132402181625"
"69537","0.11113157868385315","0.11113157868385315","0.11113157868385315"
"69539","0.11767016351222992","0.11767016351222992","0.11767016351222992"
"69570","0.09498375654220581","0.09498375654220581","0.09498375654220581"
"69576","0.08280634880065918","0.08280634880065918","0.08280634880065918"
"69614","0.08337448537349701","0.08337448537349701","0.08337448537349701"
"69636","0.09587952494621277","0.09587952494621277","0.09587952494621277"
"69640","0.10569262504577637","0.10569262504577637","0.10569262504577637"
"69656","0.10025519132614136","0.10025519132614136","0.10025519132614136"
"69671","0.08613942563533783","0.08613942563533783","0.08613942563533783"
"69678","0.11785872280597687","0.11785872280597687","0.11785872280597687"
"69687","0.08466041088104248","0.08466041088104248","0.08466041088104248"
"69701","0.08927452564239502","0.08927452564239502","0.08927452564239502"
"69738","0.09753096103668213","0.09753096103668213","0.09753096103668213"
"69762","0.08905493468046188","0.08905493468046188","0.08905493468046188"
"69778","0.10550236701965332","0.10550236701965332","0.10550236701965332"
"69867","0.0840616375207901","0.0840616375207901","0.0840616375207901"
"69869","0.10495888441801071","0.10495888441801071","0.10495888441801071"
"69907","0.10115983337163925","0.10115983337163925","0.10115983337163925"
"69914","0.10549253970384598","0.10549253970384598","0.10549253970384598"
"69916","0.12471084296703339","0.12471084296703339","0.12471084296703339"
"69956","0.10459859669208527","0.10459859669208527","0.10459859669208527"
"69989","0.1024215966463089","0.1024215966463089","0.1024215966463089"
"70004","0.08756279945373535","0.08756279945373535","0.08756279945373535"
"70045","0.10030636191368103","0.10030636191368103","0.10030636191368103"
"70086","0.0974370688199997","0.0974370688199997","0.0974370688199997"
"70101","0.09980779886245728","0.09980779886245728","0.09980779886245728"
"70139","0.10565201938152313","0.10565201938152313","0.10565201938152313"
"70147","0.10786323249340057","0.10786323249340057","0.10786323249340057"
"70164","0.10367867350578308","0.10367867350578308","0.10367867350578308"
"70183","0.0927792638540268","0.0927792638540268","0.0927792638540268"
"70208","0.12369485199451447","0.12369485199451447","0.12369485199451447"
"70213","0.09615383297204971","0.09615383297204971","0.09615383297204971"
"70216","0.09525526314973831","0.09525526314973831","0.09525526314973831"
"70231","0.08950470387935638","0.08950470387935638","0.08950470387935638"
"70243","0.10637904703617096","0.10637904703617096","0.10637904703617096"
"70248","0.11134162545204163","0.11134162545204163","0.11134162545204163"
"70268","0.09893597662448883","0.09893597662448883","0.09893597662448883"
"70274","0.10005748271942139","0.10005748271942139","0.10005748271942139"
"70300","0.10415001213550568","0.10415001213550568","0.10415001213550568"
"70351","0.09879585355520248","0.09879585355520248","0.09879585355520248"
"70438","0.0947200208902359","0.0947200208902359","0.0947200208902359"
"70467","0.09197479486465454","0.09197479486465454","0.09197479486465454"
"70498","0.10616245865821838","0.10616245865821838","0.10616245865821838"
"70524","0.10590341687202454","0.10590341687202454","0.10590341687202454"
"70527","0.09636212140321732","0.09636212140321732","0.09636212140321732"
"70548","0.09568138420581818","0.09568138420581818","0.09568138420581818"
"70578","0.09948669373989105","0.09948669373989105","0.09948669373989105"
"70587","0.09569884836673737","0.09569884836673737","0.09569884836673737"
"70593","0.10761376470327377","0.10761376470327377","0.10761376470327377"
"70598","0.0936867892742157","0.0936867892742157","0.0936867892742157"
"70637","0.11449998617172241","0.11449998617172241","0.11449998617172241"
"70655","0.08821510523557663","0.08821510523557663","0.08821510523557663"
"70679","0.12778349220752716","0.12778349220752716","0.12778349220752716"
"70682","0.09096717834472656","0.09096717834472656","0.09096717834472656"
"70814","0.09506162256002426","0.09506162256002426","0.09506162256002426"
"70855","0.09686720371246338","0.09686720371246338","0.09686720371246338"
"70869","0.09375215321779251","0.09375215321779251","0.09375215321779251"
"70876","0.10406361520290375","0.10406361520290375","0.10406361520290375"
"70884","0.1130407378077507","0.1130407378077507","0.1130407378077507"
"70941","0.10716618597507477","0.10716618597507477","0.10716618597507477"
"70957","0.10522380471229553","0.10522380471229553","0.10522380471229553"
"70959","0.11970528960227966","0.11970528960227966","0.11970528960227966"
"70985","0.10355806350708008","0.10355806350708008","0.10355806350708008"
"70996","0.0997564047574997","0.0997564047574997","0.0997564047574997"
"71024","0.1038103848695755","0.1038103848695755","0.1038103848695755"
"71075","0.08159901946783066","0.08159901946783066","0.08159901946783066"
"71086","0.10242699086666107","0.10242699086666107","0.10242699086666107"
"71092","0.09654682129621506","0.09654682129621506","0.09654682129621506"
"71111","0.09491413831710815","0.09491413831710815","0.09491413831710815"
"71167","0.12263751029968262","0.12263751029968262","0.12263751029968262"
"71174","0.11586266756057739","0.11586266756057739","0.11586266756057739"
"71176","0.09233041107654572","0.09233041107654572","0.09233041107654572"
"71230","0.10428827255964279","0.10428827255964279","0.10428827255964279"
"71238","0.11682970821857452","0.11682970821857452","0.11682970821857452"
"71244","0.12213427573442459","0.12213427573442459","0.12213427573442459"
"71250","0.11592409759759903","0.11592409759759903","0.11592409759759903"
"71261","0.10432810336351395","0.10432810336351395","0.10432810336351395"
"71305","0.10504523664712906","0.10504523664712906","0.10504523664712906"
"71307","0.09349618852138519","0.09349618852138519","0.09349618852138519"
"71364","0.1276291310787201","0.1276291310787201","0.1276291310787201"
"71385","0.08194422721862793","0.08194422721862793","0.08194422721862793"
"71416","0.10290020704269409","0.10290020704269409","0.10290020704269409"
"71423","0.09884528815746307","0.09884528815746307","0.09884528815746307"
"71549","0.09425647556781769","0.09425647556781769","0.09425647556781769"
"71555","0.094064861536026","0.094064861536026","0.094064861536026"
"71583","0.1073836013674736","0.1073836013674736","0.1073836013674736"
"71598","0.09870342910289764","0.09870342910289764","0.09870342910289764"
"71622","0.09335140883922577","0.09335140883922577","0.09335140883922577"
"71645","0.08771827816963196","0.08771827816963196","0.08771827816963196"
"71648","0.09131568670272827","0.09131568670272827","0.09131568670272827"
"71656","0.10793058574199677","0.10793058574199677","0.10793058574199677"
"71672","0.10499550402164459","0.10499550402164459","0.10499550402164459"
"71693","0.10483022034168243","0.10483022034168243","0.10483022034168243"
"71699","0.10097288340330124","0.10097288340330124","0.10097288340330124"
"71719","0.11660417169332504","0.11660417169332504","0.11660417169332504"
"71752","0.09799464046955109","0.09799464046955109","0.09799464046955109"
"71789","0.09295684844255447","0.09295684844255447","0.09295684844255447"
"71791","0.12277321517467499","0.12277321517467499","0.12277321517467499"
"71798","0.09958729147911072","0.09958729147911072","0.09958729147911072"
"71851","0.09471902251243591","0.09471902251243591","0.09471902251243591"
"71879","0.1011761724948883","0.1011761724948883","0.1011761724948883"
"71933","0.09728081524372101","0.09728081524372101","0.09728081524372101"
"71962","0.09919607639312744","0.09919607639312744","0.09919607639312744"
"72050","0.10928995162248611","0.10928995162248611","0.10928995162248611"
"72097","0.13259315490722656","0.13259315490722656","0.13259315490722656"
"72111","0.10537774860858917","0.10537774860858917","0.10537774860858917"
"72163","0.0993872582912445","0.0993872582912445","0.0993872582912445"
"72199","0.12300590425729752","0.12300590425729752","0.12300590425729752"
"72224","0.09573830664157867","0.09573830664157867","0.09573830664157867"
"72233","0.1107417643070221","0.1107417643070221","0.1107417643070221"
"72254","0.10207709670066833","0.10207709670066833","0.10207709670066833"
"72263","0.09230772405862808","0.09230772405862808","0.09230772405862808"
"72281","0.11203209310770035","0.11203209310770035","0.11203209310770035"
"72302","0.0994124710559845","0.0994124710559845","0.0994124710559845"
"72305","0.09136688709259033","0.09136688709259033","0.09136688709259033"
"72339","0.10571734607219696","0.10571734607219696","0.10571734607219696"
"72351","0.10399633646011353","0.10399633646011353","0.10399633646011353"
"72446","0.09385596215724945","0.09385596215724945","0.09385596215724945"
"72516","0.11376609653234482","0.11376609653234482","0.11376609653234482"
"72522","0.11673253774642944","0.11673253774642944","0.11673253774642944"
"72550","0.09972534328699112","0.09972534328699112","0.09972534328699112"
"72554","0.09731971472501755","0.09731971472501755","0.09731971472501755"
"72570","0.09849728643894196","0.09849728643894196","0.09849728643894196"
"72609","0.1090036928653717","0.1090036928653717","0.1090036928653717"
"72615","0.08968687057495117","0.08968687057495117","0.08968687057495117"
"72653","0.10117709636688232","0.10117709636688232","0.10117709636688232"
"72655","0.11554137617349625","0.11554137617349625","0.11554137617349625"
"72704","0.11044033616781235","0.11044033616781235","0.11044033616781235"
"72717","0.09065036475658417","0.09065036475658417","0.09065036475658417"
"72723","0.09206084907054901","0.09206084907054901","0.09206084907054901"
"72725","0.09937360882759094","0.09937360882759094","0.09937360882759094"
"72731","0.09917353093624115","0.09917353093624115","0.09917353093624115"
"72772","0.10842673480510712","0.10842673480510712","0.10842673480510712"
"72787","0.07738741487264633","0.07738741487264633","0.07738741487264633"
"72826","0.1047227680683136","0.1047227680683136","0.1047227680683136"
"72843","0.09017583727836609","0.09017583727836609","0.09017583727836609"
"72857","0.13051101565361023","0.13051101565361023","0.13051101565361023"
"72858","0.10034960508346558","0.10034960508346558","0.10034960508346558"
"72893","0.11989575624465942","0.11989575624465942","0.11989575624465942"
"72909","0.0954311415553093","0.0954311415553093","0.0954311415553093"
"73040","0.09606462717056274","0.09606462717056274","0.09606462717056274"
"73068","0.10231751203536987","0.10231751203536987","0.10231751203536987"
"73096","0.11644475907087326","0.11644475907087326","0.11644475907087326"
"73099","0.09996918588876724","0.09996918588876724","0.09996918588876724"
"73157","0.09733858704566956","0.09733858704566956","0.09733858704566956"
"73188","0.09992655366659164","0.09992655366659164","0.09992655366659164"
"73196","0.11277847737073898","0.11277847737073898","0.11277847737073898"
"73205","0.10734675824642181","0.10734675824642181","0.10734675824642181"
"73212","0.09552659839391708","0.09552659839391708","0.09552659839391708"
"73311","0.09372226893901825","0.09372226893901825","0.09372226893901825"
"73317","0.08887317031621933","0.08887317031621933","0.08887317031621933"
"73353","0.09853079169988632","0.09853079169988632","0.09853079169988632"
"73391","0.10776190459728241","0.10776190459728241","0.10776190459728241"
"73461","0.10642458498477936","0.10642458498477936","0.10642458498477936"
"73504","0.11131776869297028","0.11131776869297028","0.11131776869297028"
"73518","0.1080511212348938","0.1080511212348938","0.1080511212348938"
"73569","0.11736133694648743","0.11736133694648743","0.11736133694648743"
"73596","0.13978952169418335","0.13978952169418335","0.13978952169418335"
"73608","0.10089443624019623","0.10089443624019623","0.10089443624019623"
"73627","0.08740834891796112","0.08740834891796112","0.08740834891796112"
"73657","0.089419424533844","0.089419424533844","0.089419424533844"
"73671","0.09287023544311523","0.09287023544311523","0.09287023544311523"
"73707","0.11426763236522675","0.11426763236522675","0.11426763236522675"
"73713","0.08684060722589493","0.08684060722589493","0.08684060722589493"
"73740","0.09835772216320038","0.09835772216320038","0.09835772216320038"
"73786","0.10439592599868774","0.10439592599868774","0.10439592599868774"
"73868","0.1108744740486145","0.1108744740486145","0.1108744740486145"
"73884","0.09885817766189575","0.09885817766189575","0.09885817766189575"
"73892","0.09070605784654617","0.09070605784654617","0.09070605784654617"
"73954","0.11192413419485092","0.11192413419485092","0.11192413419485092"
"73963","0.0939837321639061","0.0939837321639061","0.0939837321639061"
"73965","0.10735228657722473","0.10735228657722473","0.10735228657722473"
"73992","0.08650296926498413","0.08650296926498413","0.08650296926498413"
"74015","0.10598273575305939","0.10598273575305939","0.10598273575305939"
"74025","0.1014365553855896","0.1014365553855896","0.1014365553855896"
"74040","0.11314039677381516","0.11314039677381516","0.11314039677381516"
"74056","0.11661157011985779","0.11661157011985779","0.11661157011985779"
"74093","0.08834903687238693","0.08834903687238693","0.08834903687238693"
"74124","0.11411821097135544","0.11411821097135544","0.11411821097135544"
"74138","0.09045493602752686","0.09045493602752686","0.09045493602752686"
"74203","0.1142660602927208","0.1142660602927208","0.1142660602927208"
"74207","0.10309530049562454","0.10309530049562454","0.10309530049562454"
"74238","0.10044655203819275","0.10044655203819275","0.10044655203819275"
"74280","0.09522400796413422","0.09522400796413422","0.09522400796413422"
"74283","0.10181576013565063","0.10181576013565063","0.10181576013565063"
"74316","0.11047383397817612","0.11047383397817612","0.11047383397817612"
"74320","0.0856034979224205","0.0856034979224205","0.0856034979224205"
"74339","0.09396186470985413","0.09396186470985413","0.09396186470985413"
"74449","0.11248546093702316","0.11248546093702316","0.11248546093702316"
"74451","0.09420111775398254","0.09420111775398254","0.09420111775398254"
"74476","0.1258988231420517","0.1258988231420517","0.1258988231420517"
"74478","0.10044001042842865","0.10044001042842865","0.10044001042842865"
"74481","0.09408566355705261","0.09408566355705261","0.09408566355705261"
"74490","0.10695275664329529","0.10695275664329529","0.10695275664329529"
"74492","0.09185661375522614","0.09185661375522614","0.09185661375522614"
"74494","0.10538265854120255","0.10538265854120255","0.10538265854120255"
"74547","0.12981843948364258","0.12981843948364258","0.12981843948364258"
"74548","0.12099472433328629","0.12099472433328629","0.12099472433328629"
"74616","0.1065865010023117","0.1065865010023117","0.1065865010023117"
"74635","0.1196431815624237","0.1196431815624237","0.1196431815624237"
"74637","0.10754843056201935","0.10754843056201935","0.10754843056201935"
"74661","0.11356581747531891","0.11356581747531891","0.11356581747531891"
"74678","0.10565581917762756","0.10565581917762756","0.10565581917762756"
"74760","0.08292774856090546","0.08292774856090546","0.08292774856090546"
"74763","0.10840246081352234","0.10840246081352234","0.10840246081352234"
"74796","0.09347821772098541","0.09347821772098541","0.09347821772098541"
"74812","0.11393266916275024","0.11393266916275024","0.11393266916275024"
"74816","0.11929478496313095","0.11929478496313095","0.11929478496313095"
"74839","0.1179993748664856","0.1179993748664856","0.1179993748664856"
"74848","0.10086001455783844","0.10086001455783844","0.10086001455783844"
"74853","0.10608197748661041","0.10608197748661041","0.10608197748661041"
"74873","0.11871295422315598","0.11871295422315598","0.11871295422315598"
"74921","0.0998787134885788","0.0998787134885788","0.0998787134885788"
"74974","0.08887441456317902","0.08887441456317902","0.08887441456317902"
"74989","0.08644940704107285","0.08644940704107285","0.08644940704107285"
"74999","0.11312349140644073","0.11312349140644073","0.11312349140644073"
"75026","0.08672621846199036","0.08672621846199036","0.08672621846199036"
"75052","0.09644552320241928","0.09644552320241928","0.09644552320241928"
"75063","0.10884301364421844","0.10884301364421844","0.10884301364421844"
"75107","0.10360290855169296","0.10360290855169296","0.10360290855169296"
"75130","0.09781013429164886","0.09781013429164886","0.09781013429164886"
"75197","0.10829000920057297","0.10829000920057297","0.10829000920057297"
"75199","0.08734942972660065","0.08734942972660065","0.08734942972660065"
"75247","0.09452436864376068","0.09452436864376068","0.09452436864376068"
"75267","0.10592040419578552","0.10592040419578552","0.10592040419578552"
"75348","0.10108472406864166","0.10108472406864166","0.10108472406864166"
"75363","0.11263194680213928","0.11263194680213928","0.11263194680213928"
"75372","0.09796562790870667","0.09796562790870667","0.09796562790870667"
"75445","0.09061574935913086","0.09061574935913086","0.09061574935913086"
"75453","0.1049421951174736","0.1049421951174736","0.1049421951174736"
"75464","0.09822949767112732","0.09822949767112732","0.09822949767112732"
"75482","0.10551880300045013","0.10551880300045013","0.10551880300045013"
"75497","0.10879103094339371","0.10879103094339371","0.10879103094339371"
"75509","0.08740146458148956","0.08740146458148956","0.08740146458148956"
"75517","0.087930828332901","0.087930828332901","0.087930828332901"
"75595","0.10175438225269318","0.10175438225269318","0.10175438225269318"
"75600","0.10351939499378204","0.10351939499378204","0.10351939499378204"
"75629","0.117452472448349","0.117452472448349","0.117452472448349"
"75634","0.08773288130760193","0.08773288130760193","0.08773288130760193"
"75653","0.08785304427146912","0.08785304427146912","0.08785304427146912"
"75687","0.09968706220388412","0.09968706220388412","0.09968706220388412"
"75706","0.101028211414814","0.101028211414814","0.101028211414814"
"75739","0.10464461147785187","0.10464461147785187","0.10464461147785187"
"75795","0.08756829798221588","0.08756829798221588","0.08756829798221588"
"75818","0.10912181437015533","0.10912181437015533","0.10912181437015533"
"75840","0.09049196541309357","0.09049196541309357","0.09049196541309357"
"75934","0.09862840175628662","0.09862840175628662","0.09862840175628662"
"75955","0.0865105390548706","0.0865105390548706","0.0865105390548706"
"75957","0.08839287608861923","0.08839287608861923","0.08839287608861923"
"75991","0.10324639827013016","0.10324639827013016","0.10324639827013016"
"76018","0.09619958698749542","0.09619958698749542","0.09619958698749542"
"76021","0.13403277099132538","0.13403277099132538","0.13403277099132538"
"76031","0.09550447016954422","0.09550447016954422","0.09550447016954422"
"76048","0.11129459738731384","0.11129459738731384","0.11129459738731384"
"76082","0.08504720032215118","0.08504720032215118","0.08504720032215118"
"76106","0.0844758152961731","0.0844758152961731","0.0844758152961731"
"76115","0.109469473361969","0.109469473361969","0.109469473361969"
"76116","0.09303613007068634","0.09303613007068634","0.09303613007068634"
"76146","0.12487296760082245","0.12487296760082245","0.12487296760082245"
"76188","0.10638240724802017","0.10638240724802017","0.10638240724802017"
"76212","0.10024122893810272","0.10024122893810272","0.10024122893810272"
"76236","0.09448400139808655","0.09448400139808655","0.09448400139808655"
"76287","0.11466830968856812","0.11466830968856812","0.11466830968856812"
"76295","0.10954096913337708","0.10954096913337708","0.10954096913337708"
"76337","0.10575172305107117","0.10575172305107117","0.10575172305107117"
"76342","0.11310264468193054","0.11310264468193054","0.11310264468193054"
"76361","0.10268634557723999","0.10268634557723999","0.10268634557723999"
"76374","0.08612242341041565","0.08612242341041565","0.08612242341041565"
"76401","0.09009729325771332","0.09009729325771332","0.09009729325771332"
"76427","0.1070166826248169","0.1070166826248169","0.1070166826248169"
"76446","0.10443522036075592","0.10443522036075592","0.10443522036075592"
"76455","0.11949589848518372","0.11949589848518372","0.11949589848518372"
"76470","0.08977436274290085","0.08977436274290085","0.08977436274290085"
"76518","0.10641823709011078","0.10641823709011078","0.10641823709011078"
"76543","0.09745913743972778","0.09745913743972778","0.09745913743972778"
"76573","0.10278134793043137","0.10278134793043137","0.10278134793043137"
"76594","0.09454406052827835","0.09454406052827835","0.09454406052827835"
"76667","0.09252116084098816","0.09252116084098816","0.09252116084098816"
"76692","0.10041654109954834","0.10041654109954834","0.10041654109954834"
"76698","0.0982823595404625","0.0982823595404625","0.0982823595404625"
"76702","0.11663534492254257","0.11663534492254257","0.11663534492254257"
"76718","0.09808230400085449","0.09808230400085449","0.09808230400085449"
"76740","0.10042097419500351","0.10042097419500351","0.10042097419500351"
"76777","0.09252509474754333","0.09252509474754333","0.09252509474754333"
"76782","0.10526333749294281","0.10526333749294281","0.10526333749294281"
"76855","0.1035187691450119","0.1035187691450119","0.1035187691450119"
"76874","0.09991957247257233","0.09991957247257233","0.09991957247257233"
"76893","0.10161100327968597","0.10161100327968597","0.10161100327968597"
"76916","0.10082563757896423","0.10082563757896423","0.10082563757896423"
"76977","0.09298920631408691","0.09298920631408691","0.09298920631408691"
"76978","0.08644988387823105","0.08644988387823105","0.08644988387823105"
"77026","0.09192241728305817","0.09192241728305817","0.09192241728305817"
"77057","0.11395779997110367","0.11395779997110367","0.11395779997110367"
"77074","0.09878885746002197","0.09878885746002197","0.09878885746002197"
"77088","0.10783916711807251","0.10783916711807251","0.10783916711807251"
"77121","0.11793092638254166","0.11793092638254166","0.11793092638254166"
"77143","0.0995265319943428","0.0995265319943428","0.0995265319943428"
"77145","0.08606455475091934","0.08606455475091934","0.08606455475091934"
"77178","0.09975133836269379","0.09975133836269379","0.09975133836269379"
"77186","0.11531735211610794","0.11531735211610794","0.11531735211610794"
"77239","0.11767277121543884","0.11767277121543884","0.11767277121543884"
"77339","0.0897798091173172","0.0897798091173172","0.0897798091173172"
"77359","0.10999856144189835","0.10999856144189835","0.10999856144189835"
"77382","0.08394507318735123","0.08394507318735123","0.08394507318735123"
"77387","0.0974343791604042","0.0974343791604042","0.0974343791604042"
"77434","0.0920831710100174","0.0920831710100174","0.0920831710100174"
"77435","0.09596660733222961","0.09596660733222961","0.09596660733222961"
"77494","0.10606592893600464","0.10606592893600464","0.10606592893600464"
"77505","0.10184643417596817","0.10184643417596817","0.10184643417596817"
"77561","0.09672453999519348","0.09672453999519348","0.09672453999519348"
"77623","0.11495044082403183","0.11495044082403183","0.11495044082403183"
"77629","0.09742949903011322","0.09742949903011322","0.09742949903011322"
"77631","0.10335943102836609","0.10335943102836609","0.10335943102836609"
"77662","0.09757883846759796","0.09757883846759796","0.09757883846759796"
"77663","0.08437394350767136","0.08437394350767136","0.08437394350767136"
"77704","0.10774259269237518","0.10774259269237518","0.10774259269237518"
"77725","0.08787243068218231","0.08787243068218231","0.08787243068218231"
"77742","0.10861256718635559","0.10861256718635559","0.10861256718635559"
"77748","0.0940861850976944","0.0940861850976944","0.0940861850976944"
"77751","0.11184974759817123","0.11184974759817123","0.11184974759817123"
"77765","0.10185909271240234","0.10185909271240234","0.10185909271240234"
"77796","0.08868100494146347","0.08868100494146347","0.08868100494146347"
"77812","0.08756349980831146","0.08756349980831146","0.08756349980831146"
"77814","0.09641794115304947","0.09641794115304947","0.09641794115304947"
"77820","0.10578255355358124","0.10578255355358124","0.10578255355358124"
"77834","0.10736154019832611","0.10736154019832611","0.10736154019832611"
"77837","0.11556467413902283","0.11556467413902283","0.11556467413902283"
"77840","0.0936550498008728","0.0936550498008728","0.0936550498008728"
"77877","0.10395893454551697","0.10395893454551697","0.10395893454551697"
"77891","0.10167497396469116","0.10167497396469116","0.10167497396469116"
"77934","0.11348546296358109","0.11348546296358109","0.11348546296358109"
"77962","0.10606880486011505","0.10606880486011505","0.10606880486011505"
"77995","0.11264758557081223","0.11264758557081223","0.11264758557081223"
"78020","0.09380508959293365","0.09380508959293365","0.09380508959293365"
"78043","0.11438402533531189","0.11438402533531189","0.11438402533531189"
"78095","0.10323762893676758","0.10323762893676758","0.10323762893676758"
"78117","0.09287333488464355","0.09287333488464355","0.09287333488464355"
"78119","0.09239845722913742","0.09239845722913742","0.09239845722913742"
"78140","0.07855492830276489","0.07855492830276489","0.07855492830276489"
"78161","0.08017436414957047","0.08017436414957047","0.08017436414957047"
"78163","0.09159447997808456","0.09159447997808456","0.09159447997808456"
"78190","0.11156466603279114","0.11156466603279114","0.11156466603279114"
"78210","0.092696413397789","0.092696413397789","0.092696413397789"
"78287","0.10330434143543243","0.10330434143543243","0.10330434143543243"
"78300","0.09222601354122162","0.09222601354122162","0.09222601354122162"
"78304","0.08836710453033447","0.08836710453033447","0.08836710453033447"
"78312","0.10903435945510864","0.10903435945510864","0.10903435945510864"
"78338","0.1296749711036682","0.1296749711036682","0.1296749711036682"
"78370","0.10203872621059418","0.10203872621059418","0.10203872621059418"
"78378","0.08384715020656586","0.08384715020656586","0.08384715020656586"
"78410","0.10741795599460602","0.10741795599460602","0.10741795599460602"
"78434","0.08601992577314377","0.08601992577314377","0.08601992577314377"
"78536","0.11323362588882446","0.11323362588882446","0.11323362588882446"
"78577","0.08833165466785431","0.08833165466785431","0.08833165466785431"
"78584","0.09446679055690765","0.09446679055690765","0.09446679055690765"
"78601","0.08079381287097931","0.08079381287097931","0.08079381287097931"
"78604","0.10940851271152496","0.10940851271152496","0.10940851271152496"
"78614","0.0969436764717102","0.0969436764717102","0.0969436764717102"
"78633","0.10251118242740631","0.10251118242740631","0.10251118242740631"
"78698","0.11047197133302689","0.11047197133302689","0.11047197133302689"
"78719","0.10687524080276489","0.10687524080276489","0.10687524080276489"
"78721","0.09970523416996002","0.09970523416996002","0.09970523416996002"
"78724","0.10430271923542023","0.10430271923542023","0.10430271923542023"
"78769","0.09363511204719543","0.09363511204719543","0.09363511204719543"
"78780","0.09196437150239944","0.09196437150239944","0.09196437150239944"
"78871","0.0872756838798523","0.0872756838798523","0.0872756838798523"
"78877","0.11112105846405029","0.11112105846405029","0.11112105846405029"
"78885","0.08990909159183502","0.08990909159183502","0.08990909159183502"
"78913","0.08343130350112915","0.08343130350112915","0.08343130350112915"
"78948","0.09589602053165436","0.09589602053165436","0.09589602053165436"
"78956","0.08578264713287354","0.08578264713287354","0.08578264713287354"
"78997","0.07355230301618576","0.07355230301618576","0.07355230301618576"
"79032","0.0962231382727623","0.0962231382727623","0.0962231382727623"
"79076","0.09578854590654373","0.09578854590654373","0.09578854590654373"
"79098","0.09249313175678253","0.09249313175678253","0.09249313175678253"
"79104","0.08877839148044586","0.08877839148044586","0.08877839148044586"
"79109","0.10171512514352798","0.10171512514352798","0.10171512514352798"
"79148","0.0873485654592514","0.0873485654592514","0.0873485654592514"
"79153","0.09879946708679199","0.09879946708679199","0.09879946708679199"
"79186","0.09933845698833466","0.09933845698833466","0.09933845698833466"
"79230","0.09723103046417236","0.09723103046417236","0.09723103046417236"
"79273","0.09056311100721359","0.09056311100721359","0.09056311100721359"
"79287","0.0853552520275116","0.0853552520275116","0.0853552520275116"
"79288","0.10631711781024933","0.10631711781024933","0.10631711781024933"
"79330","0.08172249794006348","0.08172249794006348","0.08172249794006348"
"79339","0.08687586337327957","0.08687586337327957","0.08687586337327957"
"79343","0.10584746301174164","0.10584746301174164","0.10584746301174164"
"79349","0.1024160161614418","0.1024160161614418","0.1024160161614418"
"79353","0.10255242884159088","0.10255242884159088","0.10255242884159088"
"79379","0.09885738044977188","0.09885738044977188","0.09885738044977188"
"79385","0.09931515157222748","0.09931515157222748","0.09931515157222748"
"79393","0.10952596366405487","0.10952596366405487","0.10952596366405487"
"79464","0.08538807928562164","0.08538807928562164","0.08538807928562164"
"79536","0.10694830864667892","0.10694830864667892","0.10694830864667892"
"79559","0.13098400831222534","0.13098400831222534","0.13098400831222534"
"79571","0.0917830765247345","0.0917830765247345","0.0917830765247345"
"79573","0.09645117819309235","0.09645117819309235","0.09645117819309235"
"79604","0.09917169064283371","0.09917169064283371","0.09917169064283371"
"79613","0.1170465499162674","0.1170465499162674","0.1170465499162674"
"79647","0.09430539608001709","0.09430539608001709","0.09430539608001709"
"79668","0.09995865821838379","0.09995865821838379","0.09995865821838379"
"79684","0.10107089579105377","0.10107089579105377","0.10107089579105377"
"79703","0.08723156154155731","0.08723156154155731","0.08723156154155731"
"79712","0.10235977172851562","0.10235977172851562","0.10235977172851562"
"79727","0.11233675479888916","0.11233675479888916","0.11233675479888916"
"79728","0.11537053436040878","0.11537053436040878","0.11537053436040878"
"79753","0.08894561976194382","0.08894561976194382","0.08894561976194382"
"79775","0.11339373141527176","0.11339373141527176","0.11339373141527176"
"79786","0.08727975934743881","0.08727975934743881","0.08727975934743881"
"79792","0.10376199334859848","0.10376199334859848","0.10376199334859848"
"79802","0.07743005454540253","0.07743005454540253","0.07743005454540253"
"79827","0.10066363215446472","0.10066363215446472","0.10066363215446472"
"79828","0.09747724235057831","0.09747724235057831","0.09747724235057831"
"79837","0.08525251597166061","0.08525251597166061","0.08525251597166061"
"79842","0.09493999183177948","0.09493999183177948","0.09493999183177948"
"79889","0.11315454542636871","0.11315454542636871","0.11315454542636871"
"79916","0.07973450422286987","0.07973450422286987","0.07973450422286987"
"79918","0.0865384042263031","0.0865384042263031","0.0865384042263031"
"79942","0.08798498660326004","0.08798498660326004","0.08798498660326004"
"79952","0.1013738214969635","0.1013738214969635","0.1013738214969635"
"79956","0.10435114800930023","0.10435114800930023","0.10435114800930023"
"79963","0.09788927435874939","0.09788927435874939","0.09788927435874939"
"79972","0.09171009063720703","0.09171009063720703","0.09171009063720703"
"79979","0.09683491289615631","0.09683491289615631","0.09683491289615631"
"79992","0.10148075222969055","0.10148075222969055","0.10148075222969055"
"79996","0.13505685329437256","0.13505685329437256","0.13505685329437256"
"80050","0.11316613852977753","0.11316613852977753","0.11316613852977753"
"80053","0.09383793920278549","0.09383793920278549","0.09383793920278549"
"80115","0.09084220230579376","0.09084220230579376","0.09084220230579376"
"80135","0.119327612221241","0.119327612221241","0.119327612221241"
"80145","0.0892881378531456","0.0892881378531456","0.0892881378531456"
"80191","0.09442219138145447","0.09442219138145447","0.09442219138145447"
"80202","0.10402750968933105","0.10402750968933105","0.10402750968933105"
"80207","0.12014997750520706","0.12014997750520706","0.12014997750520706"
"80225","0.09113805741071701","0.09113805741071701","0.09113805741071701"
"80249","0.09901787340641022","0.09901787340641022","0.09901787340641022"
"80297","0.10555490851402283","0.10555490851402283","0.10555490851402283"
"80306","0.10069181770086288","0.10069181770086288","0.10069181770086288"
"80336","0.08619344234466553","0.08619344234466553","0.08619344234466553"
"80388","0.10112280398607254","0.10112280398607254","0.10112280398607254"
"80404","0.09805241227149963","0.09805241227149963","0.09805241227149963"
"80406","0.08729271590709686","0.08729271590709686","0.08729271590709686"
"80501","0.09523691236972809","0.09523691236972809","0.09523691236972809"
"80520","0.08572419732809067","0.08572419732809067","0.08572419732809067"
"80588","0.0971083715558052","0.0971083715558052","0.0971083715558052"
"80594","0.09826956689357758","0.09826956689357758","0.09826956689357758"
"80605","0.09686020761728287","0.09686020761728287","0.09686020761728287"
"80607","0.10805320739746094","0.10805320739746094","0.10805320739746094"
"80617","0.10221350193023682","0.10221350193023682","0.10221350193023682"
"80632","0.08790221065282822","0.08790221065282822","0.08790221065282822"
"80646","0.08869779109954834","0.08869779109954834","0.08869779109954834"
"80668","0.08234542608261108","0.08234542608261108","0.08234542608261108"
"80675","0.10218269377946854","0.10218269377946854","0.10218269377946854"
"80679","0.10848663747310638","0.10848663747310638","0.10848663747310638"
"80716","0.09794430434703827","0.09794430434703827","0.09794430434703827"
"80750","0.09327264130115509","0.09327264130115509","0.09327264130115509"
"80753","0.09697882831096649","0.09697882831096649","0.09697882831096649"
"80759","0.10747234523296356","0.10747234523296356","0.10747234523296356"
"80773","0.14621864259243011","0.14621864259243011","0.14621864259243011"
"80788","0.11405058950185776","0.11405058950185776","0.11405058950185776"
"80827","0.1074964702129364","0.1074964702129364","0.1074964702129364"
"80862","0.09546160697937012","0.09546160697937012","0.09546160697937012"
"80865","0.10190027952194214","0.10190027952194214","0.10190027952194214"
"80868","0.08915309607982635","0.08915309607982635","0.08915309607982635"
"80875","0.09341287612915039","0.09341287612915039","0.09341287612915039"
"80892","0.10174569487571716","0.10174569487571716","0.10174569487571716"
"80937","0.10416404157876968","0.10416404157876968","0.10416404157876968"
"80947","0.09069204330444336","0.09069204330444336","0.09069204330444336"
"81085","0.08752213418483734","0.08752213418483734","0.08752213418483734"
"81090","0.09510868787765503","0.09510868787765503","0.09510868787765503"
"81160","0.11338590830564499","0.11338590830564499","0.11338590830564499"
"81201","0.10612688213586807","0.10612688213586807","0.10612688213586807"
"81218","0.09760399162769318","0.09760399162769318","0.09760399162769318"
"81309","0.09861795604228973","0.09861795604228973","0.09861795604228973"
"81320","0.08739453554153442","0.08739453554153442","0.08739453554153442"
"81351","0.10212557017803192","0.10212557017803192","0.10212557017803192"
"81408","0.09411954879760742","0.09411954879760742","0.09411954879760742"
"81414","0.12705197930335999","0.12705197930335999","0.12705197930335999"
"81424","0.1061532199382782","0.1061532199382782","0.1061532199382782"
"81459","0.077066570520401","0.077066570520401","0.077066570520401"
"81460","0.1327342391014099","0.1327342391014099","0.1327342391014099"
"81545","0.10180972516536713","0.10180972516536713","0.10180972516536713"
"81555","0.09185195714235306","0.09185195714235306","0.09185195714235306"
"81566","0.09360529482364655","0.09360529482364655","0.09360529482364655"
"81573","0.08630320429801941","0.08630320429801941","0.08630320429801941"
"81677","0.10105179995298386","0.10105179995298386","0.10105179995298386"
"81718","0.09781332314014435","0.09781332314014435","0.09781332314014435"
"81728","0.09978144615888596","0.09978144615888596","0.09978144615888596"
"81757","0.104815274477005","0.104815274477005","0.104815274477005"
"81767","0.11608109623193741","0.11608109623193741","0.11608109623193741"
"81810","0.08276893198490143","0.08276893198490143","0.08276893198490143"
"81829","0.09884613752365112","0.09884613752365112","0.09884613752365112"
"81831","0.0971190482378006","0.0971190482378006","0.0971190482378006"
"81840","0.11409077793359756","0.11409077793359756","0.11409077793359756"
"81875","0.09545788168907166","0.09545788168907166","0.09545788168907166"
"81905","0.10937236249446869","0.10937236249446869","0.10937236249446869"
"81908","0.08541066944599152","0.08541066944599152","0.08541066944599152"
"81998","0.11204216629266739","0.11204216629266739","0.11204216629266739"
"82039","0.09864968061447144","0.09864968061447144","0.09864968061447144"
"82054","0.09305889904499054","0.09305889904499054","0.09305889904499054"
"82071","0.12491991370916367","0.12491991370916367","0.12491991370916367"
"82086","0.09451579302549362","0.09451579302549362","0.09451579302549362"
"82096","0.10550320148468018","0.10550320148468018","0.10550320148468018"
"82102","0.12475605309009552","0.12475605309009552","0.12475605309009552"
"82133","0.12763866782188416","0.12763866782188416","0.12763866782188416"
"82163","0.08008749037981033","0.08008749037981033","0.08008749037981033"
"82225","0.07940608263015747","0.07940608263015747","0.07940608263015747"
"82245","0.10608779639005661","0.10608779639005661","0.10608779639005661"
"82258","0.10523448884487152","0.10523448884487152","0.10523448884487152"
"82295","0.09470726549625397","0.09470726549625397","0.09470726549625397"
"82334","0.0970386490225792","0.0970386490225792","0.0970386490225792"
"82355","0.10636021196842194","0.10636021196842194","0.10636021196842194"
"82363","0.10121309757232666","0.10121309757232666","0.10121309757232666"
"82366","0.09429433941841125","0.09429433941841125","0.09429433941841125"
"82367","0.11114919185638428","0.11114919185638428","0.11114919185638428"
"82374","0.10946041345596313","0.10946041345596313","0.10946041345596313"
"82391","0.09292779862880707","0.09292779862880707","0.09292779862880707"
"82404","0.11528399586677551","0.11528399586677551","0.11528399586677551"
"82446","0.09367839992046356","0.09367839992046356","0.09367839992046356"
"82453","0.10379689931869507","0.10379689931869507","0.10379689931869507"
"82459","0.13084863126277924","0.13084863126277924","0.13084863126277924"
"82474","0.10152212530374527","0.10152212530374527","0.10152212530374527"
"82492","0.09155695140361786","0.09155695140361786","0.09155695140361786"
"82505","0.0850374847650528","0.0850374847650528","0.0850374847650528"
"82530","0.10848724842071533","0.10848724842071533","0.10848724842071533"
"82613","0.08375795185565948","0.08375795185565948","0.08375795185565948"
"82625","0.11466454714536667","0.11466454714536667","0.11466454714536667"
"82632","0.07753606140613556","0.07753606140613556","0.07753606140613556"
"82642","0.1209842637181282","0.1209842637181282","0.1209842637181282"
"82653","0.09353818744421005","0.09353818744421005","0.09353818744421005"
"82670","0.09087441861629486","0.09087441861629486","0.09087441861629486"
"82679","0.09226208925247192","0.09226208925247192","0.09226208925247192"
"82700","0.09036150574684143","0.09036150574684143","0.09036150574684143"
"82727","0.08683469891548157","0.08683469891548157","0.08683469891548157"
"82747","0.1130591630935669","0.1130591630935669","0.1130591630935669"
"82752","0.09330018609762192","0.09330018609762192","0.09330018609762192"
"82766","0.08388812094926834","0.08388812094926834","0.08388812094926834"
"82776","0.10973598062992096","0.10973598062992096","0.10973598062992096"
"82796","0.11527235060930252","0.11527235060930252","0.11527235060930252"
"82802","0.09626220166683197","0.09626220166683197","0.09626220166683197"
"82836","0.08754628896713257","0.08754628896713257","0.08754628896713257"
"82847","0.08093223720788956","0.08093223720788956","0.08093223720788956"
"82853","0.09955209493637085","0.09955209493637085","0.09955209493637085"
"82864","0.10217112302780151","0.10217112302780151","0.10217112302780151"
"82872","0.08789633214473724","0.08789633214473724","0.08789633214473724"
"82890","0.10510964691638947","0.10510964691638947","0.10510964691638947"
"82926","0.104551300406456","0.104551300406456","0.104551300406456"
"82958","0.10107852518558502","0.10107852518558502","0.10107852518558502"
"82961","0.10669398307800293","0.10669398307800293","0.10669398307800293"
"82966","0.10494090616703033","0.10494090616703033","0.10494090616703033"
"83006","0.09748558700084686","0.09748558700084686","0.09748558700084686"
"83031","0.09529857337474823","0.09529857337474823","0.09529857337474823"
"83033","0.11773760616779327","0.11773760616779327","0.11773760616779327"
"83050","0.09149788320064545","0.09149788320064545","0.09149788320064545"
"83053","0.0816766619682312","0.0816766619682312","0.0816766619682312"
"83070","0.09741920977830887","0.09741920977830887","0.09741920977830887"
"83086","0.10206510126590729","0.10206510126590729","0.10206510126590729"
"83111","0.09255914390087128","0.09255914390087128","0.09255914390087128"
"83151","0.08222172409296036","0.08222172409296036","0.08222172409296036"
"83206","0.09303054213523865","0.09303054213523865","0.09303054213523865"
"83217","0.09816361963748932","0.09816361963748932","0.09816361963748932"
"83299","0.10799793899059296","0.10799793899059296","0.10799793899059296"
"83314","0.09584688395261765","0.09584688395261765","0.09584688395261765"
"83320","0.08471749722957611","0.08471749722957611","0.08471749722957611"
"83326","0.10078682005405426","0.10078682005405426","0.10078682005405426"
"83364","0.090428426861763","0.090428426861763","0.090428426861763"
"83401","0.11264996975660324","0.11264996975660324","0.11264996975660324"
"83403","0.08777463436126709","0.08777463436126709","0.08777463436126709"
"83404","0.0961679071187973","0.0961679071187973","0.0961679071187973"
"83405","0.10282359272241592","0.10282359272241592","0.10282359272241592"
"83423","0.1025494635105133","0.1025494635105133","0.1025494635105133"
"83452","0.10312254726886749","0.10312254726886749","0.10312254726886749"
"83473","0.11019404232501984","0.11019404232501984","0.11019404232501984"
"83494","0.1058422327041626","0.1058422327041626","0.1058422327041626"
"83541","0.08979152143001556","0.08979152143001556","0.08979152143001556"
"83551","0.10873392224311829","0.10873392224311829","0.10873392224311829"
"83555","0.10921686887741089","0.10921686887741089","0.10921686887741089"
"83573","0.10271988809108734","0.10271988809108734","0.10271988809108734"
"83579","0.08762344717979431","0.08762344717979431","0.08762344717979431"
"83583","0.09864680469036102","0.09864680469036102","0.09864680469036102"
"83586","0.10088187456130981","0.10088187456130981","0.10088187456130981"
"83623","0.09669837355613708","0.09669837355613708","0.09669837355613708"
"83642","0.0991775318980217","0.0991775318980217","0.0991775318980217"
"83661","0.10832487791776657","0.10832487791776657","0.10832487791776657"
"83681","0.07746627926826477","0.07746627926826477","0.07746627926826477"
"83704","0.10034456104040146","0.10034456104040146","0.10034456104040146"
"83710","0.09321218729019165","0.09321218729019165","0.09321218729019165"
"83724","0.0755520612001419","0.0755520612001419","0.0755520612001419"
"83726","0.09316382557153702","0.09316382557153702","0.09316382557153702"
"83743","0.10288681089878082","0.10288681089878082","0.10288681089878082"
"83784","0.08579974621534348","0.08579974621534348","0.08579974621534348"
"83796","0.10154129564762115","0.10154129564762115","0.10154129564762115"
"83800","0.11600327491760254","0.11600327491760254","0.11600327491760254"
"83820","0.09722359478473663","0.09722359478473663","0.09722359478473663"
"83824","0.1013389378786087","0.1013389378786087","0.1013389378786087"
"83829","0.07094021886587143","0.07094021886587143","0.07094021886587143"
"83854","0.08646457642316818","0.08646457642316818","0.08646457642316818"
"83884","0.09483486413955688","0.09483486413955688","0.09483486413955688"
"83898","0.09449419379234314","0.09449419379234314","0.09449419379234314"
"83899","0.08260247111320496","0.08260247111320496","0.08260247111320496"
"83962","0.10805459320545197","0.10805459320545197","0.10805459320545197"
"83969","0.09178264439105988","0.09178264439105988","0.09178264439105988"
"83993","0.09635274112224579","0.09635274112224579","0.09635274112224579"
"83997","0.11428022384643555","0.11428022384643555","0.11428022384643555"
"84012","0.09997066855430603","0.09997066855430603","0.09997066855430603"
"84024","0.11484093964099884","0.11484093964099884","0.11484093964099884"
"84035","0.09437286853790283","0.09437286853790283","0.09437286853790283"
"84057","0.10212364792823792","0.10212364792823792","0.10212364792823792"
"84061","0.08612129092216492","0.08612129092216492","0.08612129092216492"
"84074","0.09752296656370163","0.09752296656370163","0.09752296656370163"
"84098","0.10715188086032867","0.10715188086032867","0.10715188086032867"
"84113","0.09661664068698883","0.09661664068698883","0.09661664068698883"
"84117","0.0962216928601265","0.0962216928601265","0.0962216928601265"
"84138","0.10742980241775513","0.10742980241775513","0.10742980241775513"
"84199","0.08804664760828018","0.08804664760828018","0.08804664760828018"
"84237","0.09234611690044403","0.09234611690044403","0.09234611690044403"
"84282","0.09236972779035568","0.09236972779035568","0.09236972779035568"
"84292","0.08556868135929108","0.08556868135929108","0.08556868135929108"
"84365","0.09472285211086273","0.09472285211086273","0.09472285211086273"
"84370","0.09172540158033371","0.09172540158033371","0.09172540158033371"
"84388","0.09483969211578369","0.09483969211578369","0.09483969211578369"
"84408","0.08110888302326202","0.08110888302326202","0.08110888302326202"
"84411","0.11734069138765335","0.11734069138765335","0.11734069138765335"
"84417","0.08643713593482971","0.08643713593482971","0.08643713593482971"
"84430","0.09333541244268417","0.09333541244268417","0.09333541244268417"
"84431","0.10694336891174316","0.10694336891174316","0.10694336891174316"
"84442","0.101005420088768","0.101005420088768","0.101005420088768"
"84452","0.10470353066921234","0.10470353066921234","0.10470353066921234"
"84454","0.0862509086728096","0.0862509086728096","0.0862509086728096"
"84458","0.08711478859186172","0.08711478859186172","0.08711478859186172"
"84474","0.10799778997898102","0.10799778997898102","0.10799778997898102"
"84489","0.09224916994571686","0.09224916994571686","0.09224916994571686"
"84516","0.08207106590270996","0.08207106590270996","0.08207106590270996"
"84544","0.09864828735589981","0.09864828735589981","0.09864828735589981"
"84554","0.09803412854671478","0.09803412854671478","0.09803412854671478"
"84657","0.08672492206096649","0.08672492206096649","0.08672492206096649"
"84672","0.08589363098144531","0.08589363098144531","0.08589363098144531"
"84679","0.07920955121517181","0.07920955121517181","0.07920955121517181"
"84682","0.10968506336212158","0.10968506336212158","0.10968506336212158"
"84696","0.08819304406642914","0.08819304406642914","0.08819304406642914"
"84712","0.09659747779369354","0.09659747779369354","0.09659747779369354"
"84761","0.08996304869651794","0.08996304869651794","0.08996304869651794"
"84782","0.10030150413513184","0.10030150413513184","0.10030150413513184"
"84796","0.09616512060165405","0.09616512060165405","0.09616512060165405"
"84807","0.09455077350139618","0.09455077350139618","0.09455077350139618"
"84811","0.1031636893749237","0.1031636893749237","0.1031636893749237"
"84829","0.10890719294548035","0.10890719294548035","0.10890719294548035"
"84830","0.11610172688961029","0.11610172688961029","0.11610172688961029"
"84846","0.1210121214389801","0.1210121214389801","0.1210121214389801"
"84855","0.09601517021656036","0.09601517021656036","0.09601517021656036"
"84897","0.10321848094463348","0.10321848094463348","0.10321848094463348"
"84945","0.09355272352695465","0.09355272352695465","0.09355272352695465"
"84992","0.09725156426429749","0.09725156426429749","0.09725156426429749"
"85015","0.10111439228057861","0.10111439228057861","0.10111439228057861"
"85018","0.09005358815193176","0.09005358815193176","0.09005358815193176"
"85025","0.08054196834564209","0.08054196834564209","0.08054196834564209"
"85054","0.09730541706085205","0.09730541706085205","0.09730541706085205"
"85070","0.08809449523687363","0.08809449523687363","0.08809449523687363"
"85295","0.08704741299152374","0.08704741299152374","0.08704741299152374"
"85349","0.08941543102264404","0.08941543102264404","0.08941543102264404"
"85398","0.1036221981048584","0.1036221981048584","0.1036221981048584"
"85405","0.11891289055347443","0.11891289055347443","0.11891289055347443"
"85440","0.08439579606056213","0.08439579606056213","0.08439579606056213"
"85448","0.07796461880207062","0.07796461880207062","0.07796461880207062"
"85450","0.08474284410476685","0.08474284410476685","0.08474284410476685"
"85480","0.10063119232654572","0.10063119232654572","0.10063119232654572"
"85527","0.08579980581998825","0.08579980581998825","0.08579980581998825"
"85533","0.07397615909576416","0.07397615909576416","0.07397615909576416"
"85560","0.09454650431871414","0.09454650431871414","0.09454650431871414"
"85562","0.09510241448879242","0.09510241448879242","0.09510241448879242"
"85577","0.09515036642551422","0.09515036642551422","0.09515036642551422"
"85603","0.09695328772068024","0.09695328772068024","0.09695328772068024"
"85607","0.09266305714845657","0.09266305714845657","0.09266305714845657"
"85641","0.08490100502967834","0.08490100502967834","0.08490100502967834"
"85698","0.10087200999259949","0.10087200999259949","0.10087200999259949"
"85741","0.09168775379657745","0.09168775379657745","0.09168775379657745"
"85868","0.08769598603248596","0.08769598603248596","0.08769598603248596"
"85893","0.09186728298664093","0.09186728298664093","0.09186728298664093"
"85956","0.09725400805473328","0.09725400805473328","0.09725400805473328"
"85982","0.10849511623382568","0.10849511623382568","0.10849511623382568"
"86009","0.10659504681825638","0.10659504681825638","0.10659504681825638"
"86044","0.10159634053707123","0.10159634053707123","0.10159634053707123"
"86051","0.09107957780361176","0.09107957780361176","0.09107957780361176"
"86066","0.1054912805557251","0.1054912805557251","0.1054912805557251"
"86086","0.08288605511188507","0.08288605511188507","0.08288605511188507"
"86134","0.09996320307254791","0.09996320307254791","0.09996320307254791"
"86152","0.10415293276309967","0.10415293276309967","0.10415293276309967"
"86195","0.09357263147830963","0.09357263147830963","0.09357263147830963"
"86259","0.11446109414100647","0.11446109414100647","0.11446109414100647"
"86277","0.08255043625831604","0.08255043625831604","0.08255043625831604"
"86295","0.09139177203178406","0.09139177203178406","0.09139177203178406"
"86312","0.09663815051317215","0.09663815051317215","0.09663815051317215"
"86345","0.09235814213752747","0.09235814213752747","0.09235814213752747"
"86352","0.09359708428382874","0.09359708428382874","0.09359708428382874"
"86374","0.10186289995908737","0.10186289995908737","0.10186289995908737"
"86390","0.12267496436834335","0.12267496436834335","0.12267496436834335"
"86399","0.09082165360450745","0.09082165360450745","0.09082165360450745"
"86458","0.09648863971233368","0.09648863971233368","0.09648863971233368"
"86459","0.08598797023296356","0.08598797023296356","0.08598797023296356"
"86462","0.09755555540323257","0.09755555540323257","0.09755555540323257"
"86466","0.0897570326924324","0.0897570326924324","0.0897570326924324"
"86485","0.09037765860557556","0.09037765860557556","0.09037765860557556"
"86489","0.08582291007041931","0.08582291007041931","0.08582291007041931"
"86514","0.09974975883960724","0.09974975883960724","0.09974975883960724"
"86541","0.10713514685630798","0.10713514685630798","0.10713514685630798"
"86610","0.09031127393245697","0.09031127393245697","0.09031127393245697"
"86618","0.10938745737075806","0.10938745737075806","0.10938745737075806"
"86643","0.09497218579053879","0.09497218579053879","0.09497218579053879"
"86672","0.09814998507499695","0.09814998507499695","0.09814998507499695"
"86681","0.09937414526939392","0.09937414526939392","0.09937414526939392"
"86705","0.09331431239843369","0.09331431239843369","0.09331431239843369"
"86745","0.08527246862649918","0.08527246862649918","0.08527246862649918"
"86748","0.07530498504638672","0.07530498504638672","0.07530498504638672"
"86788","0.10225364565849304","0.10225364565849304","0.10225364565849304"
"86793","0.08030189573764801","0.08030189573764801","0.08030189573764801"
"86847","0.09644514322280884","0.09644514322280884","0.09644514322280884"
"86857","0.11331726610660553","0.11331726610660553","0.11331726610660553"
"86883","0.07799134403467178","0.07799134403467178","0.07799134403467178"
"86892","0.08114567399024963","0.08114567399024963","0.08114567399024963"
"86918","0.08374989032745361","0.08374989032745361","0.08374989032745361"
"86998","0.08793015778064728","0.08793015778064728","0.08793015778064728"
"87009","0.10106143355369568","0.10106143355369568","0.10106143355369568"
"87071","0.09796509146690369","0.09796509146690369","0.09796509146690369"
"87079","0.07845188677310944","0.07845188677310944","0.07845188677310944"
"87142","0.10360381007194519","0.10360381007194519","0.10360381007194519"
"87145","0.09678971767425537","0.09678971767425537","0.09678971767425537"
"87147","0.10325592756271362","0.10325592756271362","0.10325592756271362"
"87152","0.09038311243057251","0.09038311243057251","0.09038311243057251"
"87175","0.10468508303165436","0.10468508303165436","0.10468508303165436"
"87193","0.08998603373765945","0.08998603373765945","0.08998603373765945"
"87215","0.09027733653783798","0.09027733653783798","0.09027733653783798"
"87219","0.08447177708148956","0.08447177708148956","0.08447177708148956"
"87223","0.10952435433864594","0.10952435433864594","0.10952435433864594"
"87250","0.1067601889371872","0.1067601889371872","0.1067601889371872"
"87255","0.09364986419677734","0.09364986419677734","0.09364986419677734"
"87288","0.08738509565591812","0.08738509565591812","0.08738509565591812"
"87294","0.08406508713960648","0.08406508713960648","0.08406508713960648"
"87300","0.08314287662506104","0.08314287662506104","0.08314287662506104"
"87309","0.08681382983922958","0.08681382983922958","0.08681382983922958"
"87324","0.10582971572875977","0.10582971572875977","0.10582971572875977"
"87352","0.07786979526281357","0.07786979526281357","0.07786979526281357"
"87358","0.09737085551023483","0.09737085551023483","0.09737085551023483"
"87387","0.10398614406585693","0.10398614406585693","0.10398614406585693"
"87417","0.09516692161560059","0.09516692161560059","0.09516692161560059"
"87424","0.07752569764852524","0.07752569764852524","0.07752569764852524"
"87446","0.09267935156822205","0.09267935156822205","0.09267935156822205"
"87449","0.0942390114068985","0.0942390114068985","0.0942390114068985"
"87546","0.10153412818908691","0.10153412818908691","0.10153412818908691"
"87555","0.08620299398899078","0.08620299398899078","0.08620299398899078"
"87587","0.08786606788635254","0.08786606788635254","0.08786606788635254"
"87593","0.11658641695976257","0.11658641695976257","0.11658641695976257"
"87596","0.10603804886341095","0.10603804886341095","0.10603804886341095"
"87612","0.12162583321332932","0.12162583321332932","0.12162583321332932"
"87617","0.1198393777012825","0.1198393777012825","0.1198393777012825"
"87658","0.10457701981067657","0.10457701981067657","0.10457701981067657"
"87691","0.09510365128517151","0.09510365128517151","0.09510365128517151"
"87698","0.090939462184906","0.090939462184906","0.090939462184906"
"87721","0.10731565952301025","0.10731565952301025","0.10731565952301025"
"87725","0.08304492384195328","0.08304492384195328","0.08304492384195328"
"87755","0.09635931253433228","0.09635931253433228","0.09635931253433228"
"87798","0.09427756071090698","0.09427756071090698","0.09427756071090698"
"87799","0.10482040792703629","0.10482040792703629","0.10482040792703629"
"87808","0.10993131995201111","0.10993131995201111","0.10993131995201111"
"87818","0.09530293941497803","0.09530293941497803","0.09530293941497803"
"87834","0.11267639696598053","0.11267639696598053","0.11267639696598053"
"87879","0.08537058532238007","0.08537058532238007","0.08537058532238007"
"87901","0.09991127252578735","0.09991127252578735","0.09991127252578735"
"87981","0.0950394719839096","0.0950394719839096","0.0950394719839096"
"88006","0.09997919946908951","0.09997919946908951","0.09997919946908951"
"88029","0.1103401631116867","0.1103401631116867","0.1103401631116867"
"88030","0.08392967283725739","0.08392967283725739","0.08392967283725739"
"88038","0.10362304747104645","0.10362304747104645","0.10362304747104645"
"88042","0.11930136382579803","0.11930136382579803","0.11930136382579803"
"88043","0.08625559508800507","0.08625559508800507","0.08625559508800507"
"88046","0.09426715970039368","0.09426715970039368","0.09426715970039368"
"88071","0.09513568878173828","0.09513568878173828","0.09513568878173828"
"88098","0.10684607177972794","0.10684607177972794","0.10684607177972794"
"88103","0.09789621829986572","0.09789621829986572","0.09789621829986572"
"88109","0.1264144778251648","0.1264144778251648","0.1264144778251648"
"88121","0.09167550504207611","0.09167550504207611","0.09167550504207611"
"88140","0.1052379459142685","0.1052379459142685","0.1052379459142685"
"88169","0.10149184614419937","0.10149184614419937","0.10149184614419937"
"88209","0.11093898117542267","0.11093898117542267","0.11093898117542267"
"88212","0.07836642861366272","0.07836642861366272","0.07836642861366272"
"88264","0.11933610588312149","0.11933610588312149","0.11933610588312149"
"88340","0.10012684762477875","0.10012684762477875","0.10012684762477875"
"88382","0.07645490765571594","0.07645490765571594","0.07645490765571594"
"88402","0.10017029196023941","0.10017029196023941","0.10017029196023941"
"88414","0.0925641879439354","0.0925641879439354","0.0925641879439354"
"88418","0.10338015854358673","0.10338015854358673","0.10338015854358673"
"88430","0.10147303342819214","0.10147303342819214","0.10147303342819214"
"88461","0.09464520215988159","0.09464520215988159","0.09464520215988159"
"88467","0.11360156536102295","0.11360156536102295","0.11360156536102295"
"88475","0.08250141143798828","0.08250141143798828","0.08250141143798828"
"88533","0.09982571005821228","0.09982571005821228","0.09982571005821228"
"88539","0.08863738179206848","0.08863738179206848","0.08863738179206848"
"88552","0.1029336154460907","0.1029336154460907","0.1029336154460907"
"88564","0.12464060634374619","0.12464060634374619","0.12464060634374619"
"88566","0.11282886564731598","0.11282886564731598","0.11282886564731598"
"88593","0.10615351796150208","0.10615351796150208","0.10615351796150208"
"88597","0.09000159800052643","0.09000159800052643","0.09000159800052643"
"88603","0.09157118946313858","0.09157118946313858","0.09157118946313858"
"88618","0.0980117917060852","0.0980117917060852","0.0980117917060852"
"88622","0.09594883024692535","0.09594883024692535","0.09594883024692535"
"88692","0.09859856963157654","0.09859856963157654","0.09859856963157654"
"88698","0.08565226197242737","0.08565226197242737","0.08565226197242737"
"88743","0.09933090209960938","0.09933090209960938","0.09933090209960938"
"88793","0.10918226838111877","0.10918226838111877","0.10918226838111877"
"88795","0.09955300390720367","0.09955300390720367","0.09955300390720367"
"88836","0.10786990821361542","0.10786990821361542","0.10786990821361542"
"88924","0.09215258806943893","0.09215258806943893","0.09215258806943893"
"88926","0.103677898645401","0.103677898645401","0.103677898645401"
"88941","0.09611892700195312","0.09611892700195312","0.09611892700195312"
"88942","0.11144973337650299","0.11144973337650299","0.11144973337650299"
"88944","0.09903229027986526","0.09903229027986526","0.09903229027986526"
"88967","0.10529960691928864","0.10529960691928864","0.10529960691928864"
"89014","0.095720574259758","0.095720574259758","0.095720574259758"
"89040","0.0870237872004509","0.0870237872004509","0.0870237872004509"
"89049","0.11756740510463715","0.11756740510463715","0.11756740510463715"
"89053","0.09892694652080536","0.09892694652080536","0.09892694652080536"
"89060","0.09372195601463318","0.09372195601463318","0.09372195601463318"
"89093","0.0961139053106308","0.0961139053106308","0.0961139053106308"
"89126","0.1083776205778122","0.1083776205778122","0.1083776205778122"
"89164","0.08604773879051208","0.08604773879051208","0.08604773879051208"
"89169","0.08306383341550827","0.08306383341550827","0.08306383341550827"
"89183","0.08412082493305206","0.08412082493305206","0.08412082493305206"
"89188","0.10862825810909271","0.10862825810909271","0.10862825810909271"
"89218","0.08995631337165833","0.08995631337165833","0.08995631337165833"
"89233","0.09645058214664459","0.09645058214664459","0.09645058214664459"
"89242","0.09354628622531891","0.09354628622531891","0.09354628622531891"
"89309","0.08789392560720444","0.08789392560720444","0.08789392560720444"
"89323","0.10073624551296234","0.10073624551296234","0.10073624551296234"
"89358","0.08334705233573914","0.08334705233573914","0.08334705233573914"
"89378","0.08990664780139923","0.08990664780139923","0.08990664780139923"
"89382","0.09699207544326782","0.09699207544326782","0.09699207544326782"
"89385","0.09383434057235718","0.09383434057235718","0.09383434057235718"
"89396","0.10616268962621689","0.10616268962621689","0.10616268962621689"
"89403","0.100204236805439","0.100204236805439","0.100204236805439"
"89410","0.09735094010829926","0.09735094010829926","0.09735094010829926"
"89418","0.09514133632183075","0.09514133632183075","0.09514133632183075"
"89424","0.10292796790599823","0.10292796790599823","0.10292796790599823"
"89467","0.11093520373106003","0.11093520373106003","0.11093520373106003"
"89469","0.09456958621740341","0.09456958621740341","0.09456958621740341"
"89527","0.09389515966176987","0.09389515966176987","0.09389515966176987"
"89542","0.08938917517662048","0.08938917517662048","0.08938917517662048"
"89630","0.09483563899993896","0.09483563899993896","0.09483563899993896"
"89653","0.11712557077407837","0.11712557077407837","0.11712557077407837"
"89674","0.10423091799020767","0.10423091799020767","0.10423091799020767"
"89682","0.10313549637794495","0.10313549637794495","0.10313549637794495"
"89707","0.11352583020925522","0.11352583020925522","0.11352583020925522"
"89716","0.09644532948732376","0.09644532948732376","0.09644532948732376"
"89740","0.10327628999948502","0.10327628999948502","0.10327628999948502"
"89767","0.08039535582065582","0.08039535582065582","0.08039535582065582"
"89786","0.09362806379795074","0.09362806379795074","0.09362806379795074"
"89805","0.09715418517589569","0.09715418517589569","0.09715418517589569"
"89810","0.1055455207824707","0.1055455207824707","0.1055455207824707"
"89823","0.10052835941314697","0.10052835941314697","0.10052835941314697"
"89828","0.10213975608348846","0.10213975608348846","0.10213975608348846"
"89865","0.11385174840688705","0.11385174840688705","0.11385174840688705"
"89906","0.09920293837785721","0.09920293837785721","0.09920293837785721"
"89928","0.10076918452978134","0.10076918452978134","0.10076918452978134"
"89949","0.11421522498130798","0.11421522498130798","0.11421522498130798"
"90006","0.08658431470394135","0.08658431470394135","0.08658431470394135"
"90045","0.11399555951356888","0.11399555951356888","0.11399555951356888"
"90083","0.08506529033184052","0.08506529033184052","0.08506529033184052"
"90085","0.10467386245727539","0.10467386245727539","0.10467386245727539"
"90144","0.09081776440143585","0.09081776440143585","0.09081776440143585"
"90146","0.09066221117973328","0.09066221117973328","0.09066221117973328"
"90147","0.10668525099754333","0.10668525099754333","0.10668525099754333"
"90166","0.11063718795776367","0.11063718795776367","0.11063718795776367"
"90167","0.08747353404760361","0.08747353404760361","0.08747353404760361"
"90173","0.09154565632343292","0.09154565632343292","0.09154565632343292"
"90216","0.1078667864203453","0.1078667864203453","0.1078667864203453"
"90231","0.09375320374965668","0.09375320374965668","0.09375320374965668"
"90240","0.091645747423172","0.091645747423172","0.091645747423172"
"90243","0.11662642657756805","0.11662642657756805","0.11662642657756805"
"90245","0.08723721653223038","0.08723721653223038","0.08723721653223038"
"90292","0.09475401043891907","0.09475401043891907","0.09475401043891907"
"90310","0.08752535283565521","0.08752535283565521","0.08752535283565521"
"90327","0.08449374884366989","0.08449374884366989","0.08449374884366989"
"90348","0.13170892000198364","0.13170892000198364","0.13170892000198364"
"90377","0.12494539469480515","0.12494539469480515","0.12494539469480515"
"90386","0.10092578828334808","0.10092578828334808","0.10092578828334808"
"90413","0.10082317888736725","0.10082317888736725","0.10082317888736725"
"90428","0.09058243036270142","0.09058243036270142","0.09058243036270142"
"90430","0.09822647273540497","0.09822647273540497","0.09822647273540497"
"90456","0.08293455839157104","0.08293455839157104","0.08293455839157104"
"90473","0.110390305519104","0.110390305519104","0.110390305519104"
"90478","0.07836718112230301","0.07836718112230301","0.07836718112230301"
"90496","0.09173409640789032","0.09173409640789032","0.09173409640789032"
"90502","0.13807962834835052","0.13807962834835052","0.13807962834835052"
"90517","0.0917610377073288","0.0917610377073288","0.0917610377073288"
"90527","0.11010661721229553","0.11010661721229553","0.11010661721229553"
"90583","0.0915922075510025","0.0915922075510025","0.0915922075510025"
"90606","0.09327798336744308","0.09327798336744308","0.09327798336744308"
"90611","0.10318043828010559","0.10318043828010559","0.10318043828010559"
"90646","0.0895276665687561","0.0895276665687561","0.0895276665687561"
"90670","0.10319596529006958","0.10319596529006958","0.10319596529006958"
"90809","0.10852918028831482","0.10852918028831482","0.10852918028831482"
"90875","0.1112511157989502","0.1112511157989502","0.1112511157989502"
"90971","0.10651549696922302","0.10651549696922302","0.10651549696922302"
"90981","0.09243606775999069","0.09243606775999069","0.09243606775999069"
"91131","0.09369729459285736","0.09369729459285736","0.09369729459285736"
"91133","0.12227828055620193","0.12227828055620193","0.12227828055620193"
"91135","0.08794267475605011","0.08794267475605011","0.08794267475605011"
"91196","0.09697757661342621","0.09697757661342621","0.09697757661342621"
"91202","0.10144539922475815","0.10144539922475815","0.10144539922475815"
"91224","0.09169384092092514","0.09169384092092514","0.09169384092092514"
"91235","0.09785007685422897","0.09785007685422897","0.09785007685422897"
"91270","0.10053670406341553","0.10053670406341553","0.10053670406341553"
"91282","0.10777647793292999","0.10777647793292999","0.10777647793292999"
"91288","0.12401799112558365","0.12401799112558365","0.12401799112558365"
"91291","0.08553202450275421","0.08553202450275421","0.08553202450275421"
"91307","0.09009818732738495","0.09009818732738495","0.09009818732738495"
"91344","0.10949920117855072","0.10949920117855072","0.10949920117855072"
"91386","0.11509941518306732","0.11509941518306732","0.11509941518306732"
"91388","0.12025778740644455","0.12025778740644455","0.12025778740644455"
"91393","0.09715523570775986","0.09715523570775986","0.09715523570775986"
"91431","0.08321291953325272","0.08321291953325272","0.08321291953325272"
"91449","0.10239077359437943","0.10239077359437943","0.10239077359437943"
"91493","0.10037735849618912","0.10037735849618912","0.10037735849618912"
"91544","0.10371991246938705","0.10371991246938705","0.10371991246938705"
"91557","0.08654513955116272","0.08654513955116272","0.08654513955116272"
"91582","0.08847799152135849","0.08847799152135849","0.08847799152135849"
"91603","0.08339224010705948","0.08339224010705948","0.08339224010705948"
"91636","0.07672715187072754","0.07672715187072754","0.07672715187072754"
"91649","0.10413660109043121","0.10413660109043121","0.10413660109043121"
"91657","0.08204498887062073","0.08204498887062073","0.08204498887062073"
"91679","0.08977099508047104","0.08977099508047104","0.08977099508047104"
"91696","0.1060081347823143","0.1060081347823143","0.1060081347823143"
"91706","0.11356369405984879","0.11356369405984879","0.11356369405984879"
"91717","0.12032249569892883","0.12032249569892883","0.12032249569892883"
"91736","0.1014014407992363","0.1014014407992363","0.1014014407992363"
"91752","0.1018303856253624","0.1018303856253624","0.1018303856253624"
"91766","0.10503886640071869","0.10503886640071869","0.10503886640071869"
"91770","0.10319182276725769","0.10319182276725769","0.10319182276725769"
"91875","0.12899649143218994","0.12899649143218994","0.12899649143218994"
"91897","0.09478797018527985","0.09478797018527985","0.09478797018527985"
"91902","0.08518370985984802","0.08518370985984802","0.08518370985984802"
"91920","0.08578014373779297","0.08578014373779297","0.08578014373779297"
"91936","0.10303114354610443","0.10303114354610443","0.10303114354610443"
"91937","0.08738546073436737","0.08738546073436737","0.08738546073436737"
"91951","0.09540362656116486","0.09540362656116486","0.09540362656116486"
"91982","0.09051736444234848","0.09051736444234848","0.09051736444234848"
"92016","0.09403560310602188","0.09403560310602188","0.09403560310602188"
"92030","0.0709618404507637","0.0709618404507637","0.0709618404507637"
"92052","0.09064029902219772","0.09064029902219772","0.09064029902219772"
"92076","0.09614502638578415","0.09614502638578415","0.09614502638578415"
"92102","0.08536289632320404","0.08536289632320404","0.08536289632320404"
"92113","0.09431708604097366","0.09431708604097366","0.09431708604097366"
"92121","0.10142745077610016","0.10142745077610016","0.10142745077610016"
"92134","0.10755401849746704","0.10755401849746704","0.10755401849746704"
"92142","0.10578617453575134","0.10578617453575134","0.10578617453575134"
"92150","0.0877026617527008","0.0877026617527008","0.0877026617527008"
"92161","0.09360983222723007","0.09360983222723007","0.09360983222723007"
"92173","0.102842316031456","0.102842316031456","0.102842316031456"
"92179","0.11657978594303131","0.11657978594303131","0.11657978594303131"
"92186","0.0855877622961998","0.0855877622961998","0.0855877622961998"
"92202","0.08400915563106537","0.08400915563106537","0.08400915563106537"
"92203","0.07542799413204193","0.07542799413204193","0.07542799413204193"
"92240","0.10724873095750809","0.10724873095750809","0.10724873095750809"
"92245","0.10160014033317566","0.10160014033317566","0.10160014033317566"
"92257","0.08663158118724823","0.08663158118724823","0.08663158118724823"
"92261","0.08143124729394913","0.08143124729394913","0.08143124729394913"
"92303","0.08788029104471207","0.08788029104471207","0.08788029104471207"
"92334","0.10099051892757416","0.10099051892757416","0.10099051892757416"
"92341","0.07770691812038422","0.07770691812038422","0.07770691812038422"
"92386","0.07469242811203003","0.07469242811203003","0.07469242811203003"
"92393","0.09010128676891327","0.09010128676891327","0.09010128676891327"
"92415","0.10020002722740173","0.10020002722740173","0.10020002722740173"
"92493","0.082349494099617","0.082349494099617","0.082349494099617"
"92504","0.08480318635702133","0.08480318635702133","0.08480318635702133"
"92531","0.11109458655118942","0.11109458655118942","0.11109458655118942"
"92549","0.09216151386499405","0.09216151386499405","0.09216151386499405"
"92615","0.0905466377735138","0.0905466377735138","0.0905466377735138"
"92618","0.08201940357685089","0.08201940357685089","0.08201940357685089"
"92649","0.08019720762968063","0.08019720762968063","0.08019720762968063"
"92651","0.0812847837805748","0.0812847837805748","0.0812847837805748"
"92687","0.09214047342538834","0.09214047342538834","0.09214047342538834"
"92702","0.0912228524684906","0.0912228524684906","0.0912228524684906"
"92721","0.10173472762107849","0.10173472762107849","0.10173472762107849"
"92824","0.08346419036388397","0.08346419036388397","0.08346419036388397"
"92843","0.0875338464975357","0.0875338464975357","0.0875338464975357"
"92864","0.09042614698410034","0.09042614698410034","0.09042614698410034"
"92868","0.08761723339557648","0.08761723339557648","0.08761723339557648"
"92886","0.09975874423980713","0.09975874423980713","0.09975874423980713"
"92894","0.0956638753414154","0.0956638753414154","0.0956638753414154"
"92919","0.10233517736196518","0.10233517736196518","0.10233517736196518"
"92969","0.10908167064189911","0.10908167064189911","0.10908167064189911"
"92973","0.08144494891166687","0.08144494891166687","0.08144494891166687"
"93006","0.09903726726770401","0.09903726726770401","0.09903726726770401"
"93016","0.08017934858798981","0.08017934858798981","0.08017934858798981"
"93039","0.09245201200246811","0.09245201200246811","0.09245201200246811"
"93059","0.09944349527359009","0.09944349527359009","0.09944349527359009"
"93098","0.10468800365924835","0.10468800365924835","0.10468800365924835"
"93100","0.1027291938662529","0.1027291938662529","0.1027291938662529"
"93110","0.1001620963215828","0.1001620963215828","0.1001620963215828"
"93132","0.13296590745449066","0.13296590745449066","0.13296590745449066"
"93151","0.08169230818748474","0.08169230818748474","0.08169230818748474"
"93162","0.084596648812294","0.084596648812294","0.084596648812294"
"93170","0.10799939930438995","0.10799939930438995","0.10799939930438995"
"93216","0.10536183416843414","0.10536183416843414","0.10536183416843414"
"93229","0.11190105229616165","0.11190105229616165","0.11190105229616165"
"93250","0.10333232581615448","0.10333232581615448","0.10333232581615448"
"93251","0.1067638099193573","0.1067638099193573","0.1067638099193573"
"93258","0.09071500599384308","0.09071500599384308","0.09071500599384308"
"93266","0.09099748730659485","0.09099748730659485","0.09099748730659485"
"93288","0.08963313698768616","0.08963313698768616","0.08963313698768616"
"93312","0.09525446593761444","0.09525446593761444","0.09525446593761444"
"93325","0.10656167566776276","0.10656167566776276","0.10656167566776276"
"93327","0.10208801925182343","0.10208801925182343","0.10208801925182343"
"93368","0.09625713527202606","0.09625713527202606","0.09625713527202606"
"93390","0.10464867949485779","0.10464867949485779","0.10464867949485779"
"93397","0.10315166413784027","0.10315166413784027","0.10315166413784027"
"93402","0.09574030339717865","0.09574030339717865","0.09574030339717865"
"93425","0.11237481981515884","0.11237481981515884","0.11237481981515884"
"93434","0.10300283133983612","0.10300283133983612","0.10300283133983612"
"93481","0.09962595999240875","0.09962595999240875","0.09962595999240875"
"93541","0.09126302599906921","0.09126302599906921","0.09126302599906921"
"93566","0.08166171610355377","0.08166171610355377","0.08166171610355377"
"93595","0.09830548614263535","0.09830548614263535","0.09830548614263535"
"93608","0.09017468988895416","0.09017468988895416","0.09017468988895416"
"93621","0.0915062427520752","0.0915062427520752","0.0915062427520752"
"93633","0.11226855963468552","0.11226855963468552","0.11226855963468552"
"93641","0.09563808888196945","0.09563808888196945","0.09563808888196945"
"93660","0.08656664192676544","0.08656664192676544","0.08656664192676544"
"93698","0.08440164476633072","0.08440164476633072","0.08440164476633072"
"93705","0.0975528359413147","0.0975528359413147","0.0975528359413147"
"93772","0.0897713154554367","0.0897713154554367","0.0897713154554367"
"93780","0.09017711877822876","0.09017711877822876","0.09017711877822876"
"93784","0.09232548624277115","0.09232548624277115","0.09232548624277115"
"93786","0.08853058516979218","0.08853058516979218","0.08853058516979218"
"93791","0.08961068093776703","0.08961068093776703","0.08961068093776703"
"93798","0.0997086763381958","0.0997086763381958","0.0997086763381958"
"93805","0.09488131105899811","0.09488131105899811","0.09488131105899811"
"93816","0.09084071218967438","0.09084071218967438","0.09084071218967438"
"93841","0.10643251240253448","0.10643251240253448","0.10643251240253448"
"93878","0.07309979200363159","0.07309979200363159","0.07309979200363159"
"93895","0.10647177696228027","0.10647177696228027","0.10647177696228027"
"93932","0.09873932600021362","0.09873932600021362","0.09873932600021362"
"93988","0.08084909617900848","0.08084909617900848","0.08084909617900848"
"94018","0.10050337016582489","0.10050337016582489","0.10050337016582489"
"94019","0.1088247075676918","0.1088247075676918","0.1088247075676918"
"94052","0.10672754049301147","0.10672754049301147","0.10672754049301147"
"94059","0.08622722327709198","0.08622722327709198","0.08622722327709198"
"94067","0.10597939044237137","0.10597939044237137","0.10597939044237137"
"94104","0.0907517820596695","0.0907517820596695","0.0907517820596695"
"94126","0.08402546495199203","0.08402546495199203","0.08402546495199203"
"94134","0.08807551860809326","0.08807551860809326","0.08807551860809326"
"94162","0.08987618237733841","0.08987618237733841","0.08987618237733841"
"94168","0.08138863742351532","0.08138863742351532","0.08138863742351532"
"94230","0.08995482325553894","0.08995482325553894","0.08995482325553894"
"94245","0.11216047406196594","0.11216047406196594","0.11216047406196594"
"94271","0.10089337825775146","0.10089337825775146","0.10089337825775146"
"94278","0.07911481708288193","0.07911481708288193","0.07911481708288193"
"94282","0.0874575674533844","0.0874575674533844","0.0874575674533844"
"94298","0.10505832731723785","0.10505832731723785","0.10505832731723785"
"94326","0.07637178897857666","0.07637178897857666","0.07637178897857666"
"94336","0.06771939247846603","0.06771939247846603","0.06771939247846603"
"94388","0.10444991290569305","0.10444991290569305","0.10444991290569305"
"94401","0.08641953021287918","0.08641953021287918","0.08641953021287918"
"94428","0.10721810162067413","0.10721810162067413","0.10721810162067413"
"94435","0.09295328706502914","0.09295328706502914","0.09295328706502914"
"94443","0.09058025479316711","0.09058025479316711","0.09058025479316711"
"94462","0.09062916040420532","0.09062916040420532","0.09062916040420532"
"94475","0.08651433885097504","0.08651433885097504","0.08651433885097504"
"94507","0.09247742593288422","0.09247742593288422","0.09247742593288422"
"94510","0.08900479972362518","0.08900479972362518","0.08900479972362518"
"94545","0.10129040479660034","0.10129040479660034","0.10129040479660034"
"94556","0.10607343912124634","0.10607343912124634","0.10607343912124634"
"94564","0.09450804442167282","0.09450804442167282","0.09450804442167282"
"94581","0.07527332007884979","0.07527332007884979","0.07527332007884979"
"94650","0.08031292259693146","0.08031292259693146","0.08031292259693146"
"94681","0.09046836197376251","0.09046836197376251","0.09046836197376251"
"94750","0.08216308057308197","0.08216308057308197","0.08216308057308197"
"94765","0.08735177665948868","0.08735177665948868","0.08735177665948868"
"94783","0.09585009515285492","0.09585009515285492","0.09585009515285492"
"94806","0.09987582266330719","0.09987582266330719","0.09987582266330719"
"94836","0.09830674529075623","0.09830674529075623","0.09830674529075623"
"94863","0.11643404513597488","0.11643404513597488","0.11643404513597488"
"94893","0.08737044036388397","0.08737044036388397","0.08737044036388397"
"94918","0.10488484799861908","0.10488484799861908","0.10488484799861908"
"94940","0.1003420501947403","0.1003420501947403","0.1003420501947403"
"94951","0.0969185009598732","0.0969185009598732","0.0969185009598732"
"94962","0.0857558399438858","0.0857558399438858","0.0857558399438858"
"94975","0.10954149067401886","0.10954149067401886","0.10954149067401886"
"95001","0.09116660058498383","0.09116660058498383","0.09116660058498383"
"95005","0.0947430431842804","0.0947430431842804","0.0947430431842804"
"95070","0.09107440710067749","0.09107440710067749","0.09107440710067749"
"95096","0.09286490082740784","0.09286490082740784","0.09286490082740784"
"95147","0.0831851065158844","0.0831851065158844","0.0831851065158844"
"95157","0.08905842900276184","0.08905842900276184","0.08905842900276184"
"95175","0.09812051057815552","0.09812051057815552","0.09812051057815552"
"95194","0.09351195394992828","0.09351195394992828","0.09351195394992828"
"95225","0.10333602875471115","0.10333602875471115","0.10333602875471115"
"95242","0.0892164558172226","0.0892164558172226","0.0892164558172226"
"95308","0.08625044673681259","0.08625044673681259","0.08625044673681259"
"95324","0.08817663788795471","0.08817663788795471","0.08817663788795471"
"95350","0.11987541615962982","0.11987541615962982","0.11987541615962982"
"95353","0.10420830547809601","0.10420830547809601","0.10420830547809601"
"95372","0.09587346017360687","0.09587346017360687","0.09587346017360687"
"95376","0.08997620642185211","0.08997620642185211","0.08997620642185211"
"95378","0.08419471234083176","0.08419471234083176","0.08419471234083176"
"95465","0.08760863542556763","0.08760863542556763","0.08760863542556763"
"95500","0.08333700895309448","0.08333700895309448","0.08333700895309448"
"95548","0.07840277999639511","0.07840277999639511","0.07840277999639511"
"95574","0.0863981693983078","0.0863981693983078","0.0863981693983078"
"95595","0.0936795026063919","0.0936795026063919","0.0936795026063919"
"95600","0.11139846593141556","0.11139846593141556","0.11139846593141556"
"95644","0.09606584906578064","0.09606584906578064","0.09606584906578064"
"95675","0.1057872623205185","0.1057872623205185","0.1057872623205185"
"95698","0.09421473741531372","0.09421473741531372","0.09421473741531372"
"95711","0.08276363462209702","0.08276363462209702","0.08276363462209702"
"95727","0.10056756436824799","0.10056756436824799","0.10056756436824799"
"95732","0.08033013343811035","0.08033013343811035","0.08033013343811035"
"95784","0.09481349587440491","0.09481349587440491","0.09481349587440491"
"95788","0.10139676928520203","0.10139676928520203","0.10139676928520203"
"95823","0.1021919995546341","0.1021919995546341","0.1021919995546341"
"95841","0.10391251742839813","0.10391251742839813","0.10391251742839813"
"95860","0.09916621446609497","0.09916621446609497","0.09916621446609497"
"95871","0.09903067350387573","0.09903067350387573","0.09903067350387573"
"95886","0.09539192169904709","0.09539192169904709","0.09539192169904709"
"95887","0.10057144612073898","0.10057144612073898","0.10057144612073898"
"95906","0.10162177681922913","0.10162177681922913","0.10162177681922913"
"95912","0.08906455338001251","0.08906455338001251","0.08906455338001251"
"95921","0.08074186742305756","0.08074186742305756","0.08074186742305756"
"95932","0.09130387008190155","0.09130387008190155","0.09130387008190155"
"95984","0.10355044901371002","0.10355044901371002","0.10355044901371002"
"96009","0.09382963925600052","0.09382963925600052","0.09382963925600052"
"96077","0.08762958645820618","0.08762958645820618","0.08762958645820618"
"96104","0.11012916266918182","0.11012916266918182","0.11012916266918182"
"96131","0.11475978791713715","0.11475978791713715","0.11475978791713715"
"96150","0.08274400234222412","0.08274400234222412","0.08274400234222412"
"96167","0.10096152126789093","0.10096152126789093","0.10096152126789093"
"96188","0.09857505559921265","0.09857505559921265","0.09857505559921265"
"96202","0.0816398411989212","0.0816398411989212","0.0816398411989212"
"96205","0.07290972769260406","0.07290972769260406","0.07290972769260406"
"96209","0.10470174998044968","0.10470174998044968","0.10470174998044968"
"96276","0.10083554685115814","0.10083554685115814","0.10083554685115814"
"96348","0.08316418528556824","0.08316418528556824","0.08316418528556824"
"96367","0.09141391515731812","0.09141391515731812","0.09141391515731812"
"96388","0.09778103232383728","0.09778103232383728","0.09778103232383728"
"96396","0.0961686223745346","0.0961686223745346","0.0961686223745346"
"96405","0.09455734491348267","0.09455734491348267","0.09455734491348267"
"96416","0.08188698440790176","0.08188698440790176","0.08188698440790176"
"96418","0.09426115453243256","0.09426115453243256","0.09426115453243256"
"96442","0.12255147844552994","0.12255147844552994","0.12255147844552994"
"96488","0.11141885817050934","0.11141885817050934","0.11141885817050934"
"96502","0.1100756824016571","0.1100756824016571","0.1100756824016571"
"96505","0.07981105148792267","0.07981105148792267","0.07981105148792267"
"96537","0.10801776498556137","0.10801776498556137","0.10801776498556137"
"96561","0.11383875459432602","0.11383875459432602","0.11383875459432602"
"96587","0.11760362237691879","0.11760362237691879","0.11760362237691879"
"96645","0.08385580033063889","0.08385580033063889","0.08385580033063889"
"96671","0.08887884020805359","0.08887884020805359","0.08887884020805359"
"96711","0.10493260622024536","0.10493260622024536","0.10493260622024536"
"96739","0.08601666986942291","0.08601666986942291","0.08601666986942291"
"96793","0.07204785943031311","0.07204785943031311","0.07204785943031311"
"96799","0.10386145114898682","0.10386145114898682","0.10386145114898682"
"96820","0.1049068421125412","0.1049068421125412","0.1049068421125412"
"96847","0.09668929874897003","0.09668929874897003","0.09668929874897003"
"96851","0.08314812928438187","0.08314812928438187","0.08314812928438187"
"96908","0.08113647997379303","0.08113647997379303","0.08113647997379303"
"96933","0.09651145339012146","0.09651145339012146","0.09651145339012146"
"96936","0.10283799469470978","0.10283799469470978","0.10283799469470978"
"96979","0.08070440590381622","0.08070440590381622","0.08070440590381622"
"97048","0.0789574608206749","0.0789574608206749","0.0789574608206749"
"97073","0.09357810765504837","0.09357810765504837","0.09357810765504837"
"97089","0.08842526376247406","0.08842526376247406","0.08842526376247406"
"97116","0.08818408846855164","0.08818408846855164","0.08818408846855164"
"97134","0.08706594258546829","0.08706594258546829","0.08706594258546829"
"97141","0.1025133728981018","0.1025133728981018","0.1025133728981018"
"97160","0.10566738247871399","0.10566738247871399","0.10566738247871399"
"97165","0.08293405920267105","0.08293405920267105","0.08293405920267105"
"97186","0.07480214536190033","0.07480214536190033","0.07480214536190033"
"97219","0.09979259967803955","0.09979259967803955","0.09979259967803955"
"97244","0.08924765884876251","0.08924765884876251","0.08924765884876251"
"97306","0.09675721824169159","0.09675721824169159","0.09675721824169159"
"97332","0.07973983138799667","0.07973983138799667","0.07973983138799667"
"97392","0.08836682140827179","0.08836682140827179","0.08836682140827179"
"97418","0.08381913602352142","0.08381913602352142","0.08381913602352142"
"97452","0.09998424351215363","0.09998424351215363","0.09998424351215363"
"97480","0.09684555232524872","0.09684555232524872","0.09684555232524872"
"97502","0.11197635531425476","0.11197635531425476","0.11197635531425476"
"97505","0.07970218360424042","0.07970218360424042","0.07970218360424042"
"97515","0.07576920837163925","0.07576920837163925","0.07576920837163925"
"97522","0.09157721698284149","0.09157721698284149","0.09157721698284149"
"97538","0.09045495092868805","0.09045495092868805","0.09045495092868805"
"97540","0.08573150634765625","0.08573150634765625","0.08573150634765625"
"97613","0.07463259249925613","0.07463259249925613","0.07463259249925613"
"97634","0.10201626271009445","0.10201626271009445","0.10201626271009445"
"97659","0.1090671643614769","0.1090671643614769","0.1090671643614769"
"97696","0.08802744746208191","0.08802744746208191","0.08802744746208191"
"97711","0.09260090440511703","0.09260090440511703","0.09260090440511703"
"97742","0.08092865347862244","0.08092865347862244","0.08092865347862244"
"97762","0.09959952533245087","0.09959952533245087","0.09959952533245087"
"97801","0.08142872154712677","0.08142872154712677","0.08142872154712677"
"97806","0.10796837508678436","0.10796837508678436","0.10796837508678436"
"97822","0.0900828093290329","0.0900828093290329","0.0900828093290329"
"97848","0.10827924311161041","0.10827924311161041","0.10827924311161041"
"97861","0.09270989894866943","0.09270989894866943","0.09270989894866943"
"97891","0.07675904035568237","0.07675904035568237","0.07675904035568237"
"97908","0.07929889112710953","0.07929889112710953","0.07929889112710953"
"97910","0.09088592976331711","0.09088592976331711","0.09088592976331711"
"97923","0.09923820197582245","0.09923820197582245","0.09923820197582245"
"98012","0.1081572100520134","0.1081572100520134","0.1081572100520134"
"98024","0.09352299571037292","0.09352299571037292","0.09352299571037292"
"98066","0.09968630969524384","0.09968630969524384","0.09968630969524384"
"98091","0.09941436350345612","0.09941436350345612","0.09941436350345612"
"98110","0.10334151983261108","0.10334151983261108","0.10334151983261108"
"98157","0.08212363719940186","0.08212363719940186","0.08212363719940186"
"98164","0.09710121154785156","0.09710121154785156","0.09710121154785156"
"98165","0.09631630778312683","0.09631630778312683","0.09631630778312683"
"98190","0.10449808835983276","0.10449808835983276","0.10449808835983276"
"98211","0.08422832936048508","0.08422832936048508","0.08422832936048508"
"98213","0.08919817209243774","0.08919817209243774","0.08919817209243774"
"98240","0.08530186116695404","0.08530186116695404","0.08530186116695404"
"98320","0.08295378088951111","0.08295378088951111","0.08295378088951111"
"98330","0.09491293877363205","0.09491293877363205","0.09491293877363205"
"98340","0.10690052807331085","0.10690052807331085","0.10690052807331085"
"98362","0.07726748287677765","0.07726748287677765","0.07726748287677765"
"98434","0.089185930788517","0.089185930788517","0.089185930788517"
"98471","0.08487897366285324","0.08487897366285324","0.08487897366285324"
"98475","0.1017095297574997","0.1017095297574997","0.1017095297574997"
"98548","0.08932320773601532","0.08932320773601532","0.08932320773601532"
"98551","0.11597131192684174","0.11597131192684174","0.11597131192684174"
"98553","0.11003623902797699","0.11003623902797699","0.11003623902797699"
"98673","0.07722374051809311","0.07722374051809311","0.07722374051809311"
"98745","0.07547414302825928","0.07547414302825928","0.07547414302825928"
"98769","0.10590942203998566","0.10590942203998566","0.10590942203998566"
"98816","0.09434451162815094","0.09434451162815094","0.09434451162815094"
"98935","0.08894377946853638","0.08894377946853638","0.08894377946853638"
"98947","0.09320323914289474","0.09320323914289474","0.09320323914289474"
"98971","0.09390236437320709","0.09390236437320709","0.09390236437320709"
"98998","0.0982024148106575","0.0982024148106575","0.0982024148106575"
"99007","0.09764979779720306","0.09764979779720306","0.09764979779720306"
"99014","0.09299743175506592","0.09299743175506592","0.09299743175506592"
"99023","0.09680604934692383","0.09680604934692383","0.09680604934692383"
"99030","0.09392008185386658","0.09392008185386658","0.09392008185386658"
"99047","0.08513659238815308","0.08513659238815308","0.08513659238815308"
"99048","0.09093262255191803","0.09093262255191803","0.09093262255191803"
"99059","0.09129822999238968","0.09129822999238968","0.09129822999238968"
"99062","0.10936830937862396","0.10936830937862396","0.10936830937862396"
"99094","0.09428788721561432","0.09428788721561432","0.09428788721561432"
"99114","0.08513493090867996","0.08513493090867996","0.08513493090867996"
"99133","0.100651815533638","0.100651815533638","0.100651815533638"
"99158","0.09533330798149109","0.09533330798149109","0.09533330798149109"
"99211","0.10652050375938416","0.10652050375938416","0.10652050375938416"
"99282","0.09314591437578201","0.09314591437578201","0.09314591437578201"
"99304","0.08835375308990479","0.08835375308990479","0.08835375308990479"
"99316","0.07261224091053009","0.07261224091053009","0.07261224091053009"
"99345","0.08826005458831787","0.08826005458831787","0.08826005458831787"
"99352","0.0907219648361206","0.0907219648361206","0.0907219648361206"
"99454","0.10014160722494125","0.10014160722494125","0.10014160722494125"
"99491","0.0984739363193512","0.0984739363193512","0.0984739363193512"
"99497","0.0862819030880928","0.0862819030880928","0.0862819030880928"
"99502","0.09248942881822586","0.09248942881822586","0.09248942881822586"
"99608","0.09472730755805969","0.09472730755805969","0.09472730755805969"
"99735","0.08595442771911621","0.08595442771911621","0.08595442771911621"
"99777","0.10067198425531387","0.10067198425531387","0.10067198425531387"
"99780","0.09998955577611923","0.09998955577611923","0.09998955577611923"
"99799","0.11107353121042252","0.11107353121042252","0.11107353121042252"
"99804","0.10831542313098907","0.10831542313098907","0.10831542313098907"
"99812","0.10438636690378189","0.10438636690378189","0.10438636690378189"
"99894","0.12597714364528656","0.12597714364528656","0.12597714364528656"
"99909","0.08431923389434814","0.08431923389434814","0.08431923389434814"
"99917","0.10291843116283417","0.10291843116283417","0.10291843116283417"
"99964","0.09042278677225113","0.09042278677225113","0.09042278677225113"
"100034","0.09206156432628632","0.09206156432628632","0.09206156432628632"
"100038","0.08349917829036713","0.08349917829036713","0.08349917829036713"
"100051","0.09608956426382065","0.09608956426382065","0.09608956426382065"
"100071","0.09769236296415329","0.09769236296415329","0.09769236296415329"
"100078","0.08752124756574631","0.08752124756574631","0.08752124756574631"
"100097","0.11612304300069809","0.11612304300069809","0.11612304300069809"
"100116","0.10357595980167389","0.10357595980167389","0.10357595980167389"
"100134","0.08508776128292084","0.08508776128292084","0.08508776128292084"
"100153","0.08521509170532227","0.08521509170532227","0.08521509170532227"
"100159","0.09547534584999084","0.09547534584999084","0.09547534584999084"
"100204","0.08966664224863052","0.08966664224863052","0.08966664224863052"
"100210","0.09206539392471313","0.09206539392471313","0.09206539392471313"
"100220","0.11907365173101425","0.11907365173101425","0.11907365173101425"
"100249","0.10237090289592743","0.10237090289592743","0.10237090289592743"
"100262","0.08533421158790588","0.08533421158790588","0.08533421158790588"
"100287","0.09553399682044983","0.09553399682044983","0.09553399682044983"
"100308","0.10760831832885742","0.10760831832885742","0.10760831832885742"
"100317","0.11619944125413895","0.11619944125413895","0.11619944125413895"
"100326","0.08719655126333237","0.08719655126333237","0.08719655126333237"
"100336","0.09556616842746735","0.09556616842746735","0.09556616842746735"
"100363","0.09276361763477325","0.09276361763477325","0.09276361763477325"
"100410","0.11029104888439178","0.11029104888439178","0.11029104888439178"
"100463","0.08027811348438263","0.08027811348438263","0.08027811348438263"
"100465","0.09932830929756165","0.09932830929756165","0.09932830929756165"
"100490","0.09106941521167755","0.09106941521167755","0.09106941521167755"
"100511","0.09820559620857239","0.09820559620857239","0.09820559620857239"
"100512","0.10468928515911102","0.10468928515911102","0.10468928515911102"
"100526","0.109932079911232","0.109932079911232","0.109932079911232"
"100645","0.09233355522155762","0.09233355522155762","0.09233355522155762"
"100661","0.09428470581769943","0.09428470581769943","0.09428470581769943"
"100721","0.09424443542957306","0.09424443542957306","0.09424443542957306"
"100727","0.08597637712955475","0.08597637712955475","0.08597637712955475"
"100737","0.09779219329357147","0.09779219329357147","0.09779219329357147"
"100750","0.08840371668338776","0.08840371668338776","0.08840371668338776"
"100782","0.09606163203716278","0.09606163203716278","0.09606163203716278"
"100793","0.11210580170154572","0.11210580170154572","0.11210580170154572"
"100794","0.11318032443523407","0.11318032443523407","0.11318032443523407"
"100813","0.09740246832370758","0.09740246832370758","0.09740246832370758"
"100820","0.09622089564800262","0.09622089564800262","0.09622089564800262"
"100833","0.08901911973953247","0.08901911973953247","0.08901911973953247"
"100848","0.08891871571540833","0.08891871571540833","0.08891871571540833"
"100853","0.09062210470438004","0.09062210470438004","0.09062210470438004"
"100857","0.0851852148771286","0.0851852148771286","0.0851852148771286"
"100874","0.08177238702774048","0.08177238702774048","0.08177238702774048"
"100909","0.10161731392145157","0.10161731392145157","0.10161731392145157"
"100934","0.08370774984359741","0.08370774984359741","0.08370774984359741"
"100957","0.07414276897907257","0.07414276897907257","0.07414276897907257"
"100966","0.07933709025382996","0.07933709025382996","0.07933709025382996"
"100977","0.06621262431144714","0.06621262431144714","0.06621262431144714"
"100998","0.10024265199899673","0.10024265199899673","0.10024265199899673"
"101000","0.11383682489395142","0.11383682489395142","0.11383682489395142"
"101023","0.08705104887485504","0.08705104887485504","0.08705104887485504"
"101031","0.09834261238574982","0.09834261238574982","0.09834261238574982"
"101067","0.09938423335552216","0.09938423335552216","0.09938423335552216"
"101073","0.0874265730381012","0.0874265730381012","0.0874265730381012"
"101081","0.10258780419826508","0.10258780419826508","0.10258780419826508"
"101105","0.08658797293901443","0.08658797293901443","0.08658797293901443"
"101131","0.08744023740291595","0.08744023740291595","0.08744023740291595"
"101135","0.1040228083729744","0.1040228083729744","0.1040228083729744"
"101158","0.0916251540184021","0.0916251540184021","0.0916251540184021"
"101204","0.10144661366939545","0.10144661366939545","0.10144661366939545"
"101210","0.09536907076835632","0.09536907076835632","0.09536907076835632"
"101216","0.07971574366092682","0.07971574366092682","0.07971574366092682"
"101225","0.08073456585407257","0.08073456585407257","0.08073456585407257"
"101246","0.09879283607006073","0.09879283607006073","0.09879283607006073"
"101288","0.09971928596496582","0.09971928596496582","0.09971928596496582"
"101382","0.08452457189559937","0.08452457189559937","0.08452457189559937"
"101461","0.11904063075780869","0.11904063075780869","0.11904063075780869"
"101462","0.09885726124048233","0.09885726124048233","0.09885726124048233"
"101470","0.10401012003421783","0.10401012003421783","0.10401012003421783"
"101471","0.09753619879484177","0.09753619879484177","0.09753619879484177"
"101485","0.09228398650884628","0.09228398650884628","0.09228398650884628"
"101507","0.10580211132764816","0.10580211132764816","0.10580211132764816"
"101510","0.11777675896883011","0.11777675896883011","0.11777675896883011"
"101530","0.08637329190969467","0.08637329190969467","0.08637329190969467"
"101531","0.09359650313854218","0.09359650313854218","0.09359650313854218"
"101533","0.10069683194160461","0.10069683194160461","0.10069683194160461"
"101564","0.08193402737379074","0.08193402737379074","0.08193402737379074"
"101602","0.09822261333465576","0.09822261333465576","0.09822261333465576"
"101612","0.08427326381206512","0.08427326381206512","0.08427326381206512"
"101624","0.08307892084121704","0.08307892084121704","0.08307892084121704"
"101641","0.0910230502486229","0.0910230502486229","0.0910230502486229"
"101656","0.07356607913970947","0.07356607913970947","0.07356607913970947"
"101662","0.08938676118850708","0.08938676118850708","0.08938676118850708"
"101667","0.09773620963096619","0.09773620963096619","0.09773620963096619"
"101671","0.08964589238166809","0.08964589238166809","0.08964589238166809"
"101719","0.07931699603796005","0.07931699603796005","0.07931699603796005"
"101730","0.08134178817272186","0.08134178817272186","0.08134178817272186"
"101739","0.09163641929626465","0.09163641929626465","0.09163641929626465"
"101750","0.09533891826868057","0.09533891826868057","0.09533891826868057"
"101775","0.08964639157056808","0.08964639157056808","0.08964639157056808"
"101822","0.11045952141284943","0.11045952141284943","0.11045952141284943"
"101837","0.08443543314933777","0.08443543314933777","0.08443543314933777"
"101882","0.09917575865983963","0.09917575865983963","0.09917575865983963"
"101885","0.08192791044712067","0.08192791044712067","0.08192791044712067"
"101886","0.09613850712776184","0.09613850712776184","0.09613850712776184"
"101972","0.11698286980390549","0.11698286980390549","0.11698286980390549"
"102022","0.08957116305828094","0.08957116305828094","0.08957116305828094"
"102033","0.08752693235874176","0.08752693235874176","0.08752693235874176"
"102040","0.07198366522789001","0.07198366522789001","0.07198366522789001"
"102113","0.0935249999165535","0.0935249999165535","0.0935249999165535"
"102171","0.08709374815225601","0.08709374815225601","0.08709374815225601"
"102173","0.10090595483779907","0.10090595483779907","0.10090595483779907"
"102198","0.09089545905590057","0.09089545905590057","0.09089545905590057"
"102201","0.09262798726558685","0.09262798726558685","0.09262798726558685"
"102203","0.09642799943685532","0.09642799943685532","0.09642799943685532"
"102205","0.08857037127017975","0.08857037127017975","0.08857037127017975"
"102233","0.08461877703666687","0.08461877703666687","0.08461877703666687"
"102244","0.1096673309803009","0.1096673309803009","0.1096673309803009"
"102248","0.09411892294883728","0.09411892294883728","0.09411892294883728"
"102281","0.07799598574638367","0.07799598574638367","0.07799598574638367"
"102282","0.07619751244783401","0.07619751244783401","0.07619751244783401"
"102372","0.0938318520784378","0.0938318520784378","0.0938318520784378"
"102392","0.08567777276039124","0.08567777276039124","0.08567777276039124"
"102440","0.09712816774845123","0.09712816774845123","0.09712816774845123"
"102442","0.10026932507753372","0.10026932507753372","0.10026932507753372"
"102447","0.0882410928606987","0.0882410928606987","0.0882410928606987"
"102454","0.09614768624305725","0.09614768624305725","0.09614768624305725"
"102458","0.08753281831741333","0.08753281831741333","0.08753281831741333"
"102463","0.08630073070526123","0.08630073070526123","0.08630073070526123"
"102471","0.10441769659519196","0.10441769659519196","0.10441769659519196"
"102550","0.08140968531370163","0.08140968531370163","0.08140968531370163"
"102599","0.09418101608753204","0.09418101608753204","0.09418101608753204"
"102604","0.08979223668575287","0.08979223668575287","0.08979223668575287"
"102655","0.103542760014534","0.103542760014534","0.103542760014534"
"102663","0.09951024502515793","0.09951024502515793","0.09951024502515793"
"102695","0.09450750052928925","0.09450750052928925","0.09450750052928925"
"102720","0.09818549454212189","0.09818549454212189","0.09818549454212189"
"102732","0.09970815479755402","0.09970815479755402","0.09970815479755402"
"102741","0.07659190893173218","0.07659190893173218","0.07659190893173218"
"102782","0.08484157174825668","0.08484157174825668","0.08484157174825668"
"102786","0.10918411612510681","0.10918411612510681","0.10918411612510681"
"102788","0.08078542351722717","0.08078542351722717","0.08078542351722717"
"102804","0.09587106108665466","0.09587106108665466","0.09587106108665466"
"102830","0.10544338822364807","0.10544338822364807","0.10544338822364807"
"102844","0.10506398975849152","0.10506398975849152","0.10506398975849152"
"102895","0.07994131743907928","0.07994131743907928","0.07994131743907928"
"102896","0.094503253698349","0.094503253698349","0.094503253698349"
"102913","0.09046719968318939","0.09046719968318939","0.09046719968318939"
"102937","0.07189498841762543","0.07189498841762543","0.07189498841762543"
"102960","0.07109614461660385","0.07109614461660385","0.07109614461660385"
"103004","0.10153123736381531","0.10153123736381531","0.10153123736381531"
"103031","0.1055181697010994","0.1055181697010994","0.1055181697010994"
"103108","0.09644225239753723","0.09644225239753723","0.09644225239753723"
"103113","0.10925483703613281","0.10925483703613281","0.10925483703613281"
"103127","0.08270761370658875","0.08270761370658875","0.08270761370658875"
"103138","0.09107840061187744","0.09107840061187744","0.09107840061187744"
"103224","0.0902002602815628","0.0902002602815628","0.0902002602815628"
"103278","0.07578621059656143","0.07578621059656143","0.07578621059656143"
"103281","0.08104142546653748","0.08104142546653748","0.08104142546653748"
"103323","0.09999869763851166","0.09999869763851166","0.09999869763851166"
"103336","0.08919529616832733","0.08919529616832733","0.08919529616832733"
"103350","0.10567137598991394","0.10567137598991394","0.10567137598991394"
"103355","0.09342716634273529","0.09342716634273529","0.09342716634273529"
"103359","0.09796516597270966","0.09796516597270966","0.09796516597270966"
"103374","0.07814579457044601","0.07814579457044601","0.07814579457044601"
"103396","0.08620864897966385","0.08620864897966385","0.08620864897966385"
"103409","0.07827121019363403","0.07827121019363403","0.07827121019363403"
"103462","0.07597582042217255","0.07597582042217255","0.07597582042217255"
"103482","0.08803750574588776","0.08803750574588776","0.08803750574588776"
"103499","0.09571562707424164","0.09571562707424164","0.09571562707424164"
"103547","0.0942419171333313","0.0942419171333313","0.0942419171333313"
"103553","0.08637450635433197","0.08637450635433197","0.08637450635433197"
"103577","0.08706113696098328","0.08706113696098328","0.08706113696098328"
"103585","0.09166046977043152","0.09166046977043152","0.09166046977043152"
"103602","0.09957936406135559","0.09957936406135559","0.09957936406135559"
"103613","0.08975106477737427","0.08975106477737427","0.08975106477737427"
"103629","0.09596489369869232","0.09596489369869232","0.09596489369869232"
"103677","0.08303287625312805","0.08303287625312805","0.08303287625312805"
"103679","0.08316109329462051","0.08316109329462051","0.08316109329462051"
"103681","0.07304717600345612","0.07304717600345612","0.07304717600345612"
"103704","0.0986991822719574","0.0986991822719574","0.0986991822719574"
"103719","0.10295481234788895","0.10295481234788895","0.10295481234788895"
"103768","0.11960877478122711","0.11960877478122711","0.11960877478122711"
"103810","0.1039915457367897","0.1039915457367897","0.1039915457367897"
"103842","0.09894856810569763","0.09894856810569763","0.09894856810569763"
"103860","0.09862200915813446","0.09862200915813446","0.09862200915813446"
"103861","0.08386687934398651","0.08386687934398651","0.08386687934398651"
"103871","0.10416188091039658","0.10416188091039658","0.10416188091039658"
"103891","0.07477574050426483","0.07477574050426483","0.07477574050426483"
"103896","0.10363776981830597","0.10363776981830597","0.10363776981830597"
"103908","0.09070853888988495","0.09070853888988495","0.09070853888988495"
"103926","0.09766082465648651","0.09766082465648651","0.09766082465648651"
"103960","0.11325138807296753","0.11325138807296753","0.11325138807296753"
"103980","0.07686261087656021","0.07686261087656021","0.07686261087656021"
"103982","0.090245321393013","0.090245321393013","0.090245321393013"
"103987","0.0914275050163269","0.0914275050163269","0.0914275050163269"
"104068","0.10349565744400024","0.10349565744400024","0.10349565744400024"
"104096","0.09430371224880219","0.09430371224880219","0.09430371224880219"
"104131","0.10385008901357651","0.10385008901357651","0.10385008901357651"
"104203","0.09415215253829956","0.09415215253829956","0.09415215253829956"
"104254","0.073088139295578","0.073088139295578","0.073088139295578"
"104256","0.10406443476676941","0.10406443476676941","0.10406443476676941"
"104266","0.07264953851699829","0.07264953851699829","0.07264953851699829"
"104267","0.0826089158654213","0.0826089158654213","0.0826089158654213"
"104299","0.07966405153274536","0.07966405153274536","0.07966405153274536"
"104309","0.10484606772661209","0.10484606772661209","0.10484606772661209"
"104330","0.0899934321641922","0.0899934321641922","0.0899934321641922"
"104366","0.10410777479410172","0.10410777479410172","0.10410777479410172"
"104375","0.10781900584697723","0.10781900584697723","0.10781900584697723"
"104398","0.08011625707149506","0.08011625707149506","0.08011625707149506"
"104400","0.0909147784113884","0.0909147784113884","0.0909147784113884"
"104441","0.10132335126399994","0.10132335126399994","0.10132335126399994"
"104457","0.11362653225660324","0.11362653225660324","0.11362653225660324"
"104458","0.09563857316970825","0.09563857316970825","0.09563857316970825"
"104467","0.10083036124706268","0.10083036124706268","0.10083036124706268"
"104492","0.10184623301029205","0.10184623301029205","0.10184623301029205"
"104529","0.08476683497428894","0.08476683497428894","0.08476683497428894"
"104554","0.11497919261455536","0.11497919261455536","0.11497919261455536"
"104584","0.08568350970745087","0.08568350970745087","0.08568350970745087"
"104593","0.10428240150213242","0.10428240150213242","0.10428240150213242"
"104601","0.1068238839507103","0.1068238839507103","0.1068238839507103"
"104630","0.0801556333899498","0.0801556333899498","0.0801556333899498"
"104647","0.08024010062217712","0.08024010062217712","0.08024010062217712"
"104648","0.11476460099220276","0.11476460099220276","0.11476460099220276"
"104719","0.08079707622528076","0.08079707622528076","0.08079707622528076"
"104762","0.08268143981695175","0.08268143981695175","0.08268143981695175"
"104908","0.09221256524324417","0.09221256524324417","0.09221256524324417"
"104915","0.0970430001616478","0.0970430001616478","0.0970430001616478"
"104949","0.08088898658752441","0.08088898658752441","0.08088898658752441"
"104978","0.09168615937232971","0.09168615937232971","0.09168615937232971"
"105022","0.10396403074264526","0.10396403074264526","0.10396403074264526"
"105049","0.10261299461126328","0.10261299461126328","0.10261299461126328"
"105062","0.1067315936088562","0.1067315936088562","0.1067315936088562"
"105072","0.08868669718503952","0.08868669718503952","0.08868669718503952"
"105087","0.07856019586324692","0.07856019586324692","0.07856019586324692"
"105092","0.09266051650047302","0.09266051650047302","0.09266051650047302"
"105096","0.10005652159452438","0.10005652159452438","0.10005652159452438"
"105215","0.0736495852470398","0.0736495852470398","0.0736495852470398"
"105218","0.08700749278068542","0.08700749278068542","0.08700749278068542"
"105224","0.11489090323448181","0.11489090323448181","0.11489090323448181"
"105289","0.08208588510751724","0.08208588510751724","0.08208588510751724"
"105290","0.09664000570774078","0.09664000570774078","0.09664000570774078"
"105329","0.09671470522880554","0.09671470522880554","0.09671470522880554"
"105331","0.09203146398067474","0.09203146398067474","0.09203146398067474"
"105334","0.09109213948249817","0.09109213948249817","0.09109213948249817"
"105410","0.09586535394191742","0.09586535394191742","0.09586535394191742"
"105439","0.07702340185642242","0.07702340185642242","0.07702340185642242"
"105482","0.100455142557621","0.100455142557621","0.100455142557621"
"105483","0.07238761335611343","0.07238761335611343","0.07238761335611343"
"105541","0.11286663264036179","0.11286663264036179","0.11286663264036179"
"105549","0.10705719888210297","0.10705719888210297","0.10705719888210297"
"105553","0.09297885000705719","0.09297885000705719","0.09297885000705719"
"105576","0.1091344952583313","0.1091344952583313","0.1091344952583313"
"105610","0.10194538533687592","0.10194538533687592","0.10194538533687592"
"105622","0.0874917060136795","0.0874917060136795","0.0874917060136795"
"105647","0.10378849506378174","0.10378849506378174","0.10378849506378174"
"105685","0.08943169564008713","0.08943169564008713","0.08943169564008713"
"105691","0.10597145557403564","0.10597145557403564","0.10597145557403564"
"105720","0.09378722310066223","0.09378722310066223","0.09378722310066223"
"105726","0.07959997653961182","0.07959997653961182","0.07959997653961182"
"105743","0.09561710059642792","0.09561710059642792","0.09561710059642792"
"105750","0.09527216106653214","0.09527216106653214","0.09527216106653214"
"105783","0.10332781076431274","0.10332781076431274","0.10332781076431274"
"105808","0.10138318687677383","0.10138318687677383","0.10138318687677383"
"105832","0.08630229532718658","0.08630229532718658","0.08630229532718658"
"105844","0.09731453657150269","0.09731453657150269","0.09731453657150269"
"105910","0.09355457127094269","0.09355457127094269","0.09355457127094269"
"105921","0.07969813793897629","0.07969813793897629","0.07969813793897629"
"105954","0.08957575261592865","0.08957575261592865","0.08957575261592865"
"106013","0.09496575593948364","0.09496575593948364","0.09496575593948364"
"106038","0.09511613845825195","0.09511613845825195","0.09511613845825195"
"106109","0.1036132276058197","0.1036132276058197","0.1036132276058197"
"106120","0.09003125131130219","0.09003125131130219","0.09003125131130219"
"106182","0.08918245136737823","0.08918245136737823","0.08918245136737823"
"106204","0.07424599677324295","0.07424599677324295","0.07424599677324295"
"106220","0.09885227680206299","0.09885227680206299","0.09885227680206299"
"106225","0.09495621174573898","0.09495621174573898","0.09495621174573898"
"106259","0.0797608345746994","0.0797608345746994","0.0797608345746994"
"106270","0.10880854725837708","0.10880854725837708","0.10880854725837708"
"106289","0.09227614104747772","0.09227614104747772","0.09227614104747772"
"106295","0.09000888466835022","0.09000888466835022","0.09000888466835022"
"106326","0.10154120624065399","0.10154120624065399","0.10154120624065399"
"106381","0.08931054174900055","0.08931054174900055","0.08931054174900055"
"106411","0.0982046127319336","0.0982046127319336","0.0982046127319336"
"106436","0.08632247149944305","0.08632247149944305","0.08632247149944305"
"106447","0.08042802661657333","0.08042802661657333","0.08042802661657333"
"106464","0.10541343688964844","0.10541343688964844","0.10541343688964844"
"106480","0.10884831845760345","0.10884831845760345","0.10884831845760345"
"106495","0.10371175408363342","0.10371175408363342","0.10371175408363342"
"106497","0.09456132352352142","0.09456132352352142","0.09456132352352142"
"106509","0.09524133801460266","0.09524133801460266","0.09524133801460266"
"106528","0.10387654602527618","0.10387654602527618","0.10387654602527618"
"106531","0.09604623168706894","0.09604623168706894","0.09604623168706894"
"106539","0.08139916509389877","0.08139916509389877","0.08139916509389877"
"106543","0.0886012464761734","0.0886012464761734","0.0886012464761734"
"106574","0.09501387923955917","0.09501387923955917","0.09501387923955917"
"106652","0.09955380111932755","0.09955380111932755","0.09955380111932755"
"106674","0.08478748798370361","0.08478748798370361","0.08478748798370361"
"106713","0.10198734700679779","0.10198734700679779","0.10198734700679779"
"106724","0.09241105616092682","0.09241105616092682","0.09241105616092682"
"106738","0.08007309585809708","0.08007309585809708","0.08007309585809708"
"106741","0.092050701379776","0.092050701379776","0.092050701379776"
"106775","0.11685691028833389","0.11685691028833389","0.11685691028833389"
"106793","0.09430395066738129","0.09430395066738129","0.09430395066738129"
"106817","0.09289658814668655","0.09289658814668655","0.09289658814668655"
"106858","0.08323213458061218","0.08323213458061218","0.08323213458061218"
"106867","0.10151007771492004","0.10151007771492004","0.10151007771492004"
"106885","0.08315642923116684","0.08315642923116684","0.08315642923116684"
"106927","0.08000940084457397","0.08000940084457397","0.08000940084457397"
"106933","0.0871480330824852","0.0871480330824852","0.0871480330824852"
"106943","0.07713866233825684","0.07713866233825684","0.07713866233825684"
"106947","0.08415679633617401","0.08415679633617401","0.08415679633617401"
"106969","0.08872717618942261","0.08872717618942261","0.08872717618942261"
"106975","0.11990072578191757","0.11990072578191757","0.11990072578191757"
"106977","0.08255354315042496","0.08255354315042496","0.08255354315042496"
"106998","0.10561934113502502","0.10561934113502502","0.10561934113502502"
"107035","0.0844016820192337","0.0844016820192337","0.0844016820192337"
"107095","0.11942712217569351","0.11942712217569351","0.11942712217569351"
"107096","0.09068329632282257","0.09068329632282257","0.09068329632282257"
"107107","0.09363703429698944","0.09363703429698944","0.09363703429698944"
"107128","0.10904930531978607","0.10904930531978607","0.10904930531978607"
"107196","0.08032859861850739","0.08032859861850739","0.08032859861850739"
"107247","0.08873577415943146","0.08873577415943146","0.08873577415943146"
"107257","0.08565130829811096","0.08565130829811096","0.08565130829811096"
"107360","0.07402801513671875","0.07402801513671875","0.07402801513671875"
"107441","0.08392906934022903","0.08392906934022903","0.08392906934022903"
"107443","0.1060994416475296","0.1060994416475296","0.1060994416475296"
"107451","0.08317198604345322","0.08317198604345322","0.08317198604345322"
"107457","0.09943068027496338","0.09943068027496338","0.09943068027496338"
"107476","0.09727023541927338","0.09727023541927338","0.09727023541927338"
"107487","0.10207851231098175","0.10207851231098175","0.10207851231098175"
"107492","0.09105813503265381","0.09105813503265381","0.09105813503265381"
"107493","0.09403002262115479","0.09403002262115479","0.09403002262115479"
"107508","0.0729600340127945","0.0729600340127945","0.0729600340127945"
"107597","0.09743235260248184","0.09743235260248184","0.09743235260248184"
"107611","0.10655903071165085","0.10655903071165085","0.10655903071165085"
"107636","0.0971674919128418","0.0971674919128418","0.0971674919128418"
"107644","0.07563735544681549","0.07563735544681549","0.07563735544681549"
"107653","0.07717190682888031","0.07717190682888031","0.07717190682888031"
"107658","0.10063740611076355","0.10063740611076355","0.10063740611076355"
"107666","0.11136727035045624","0.11136727035045624","0.11136727035045624"
"107684","0.07582108676433563","0.07582108676433563","0.07582108676433563"
"107691","0.10170216858386993","0.10170216858386993","0.10170216858386993"
"107725","0.0962517261505127","0.0962517261505127","0.0962517261505127"
"107738","0.08951888978481293","0.08951888978481293","0.08951888978481293"
"107739","0.0928424745798111","0.0928424745798111","0.0928424745798111"
"107747","0.10745677351951599","0.10745677351951599","0.10745677351951599"
"107748","0.1080133318901062","0.1080133318901062","0.1080133318901062"
"107790","0.10592387616634369","0.10592387616634369","0.10592387616634369"
"107795","0.09541398286819458","0.09541398286819458","0.09541398286819458"
"107803","0.10043932497501373","0.10043932497501373","0.10043932497501373"
"107908","0.09102952480316162","0.09102952480316162","0.09102952480316162"
"107911","0.07682941854000092","0.07682941854000092","0.07682941854000092"
"107916","0.0848289430141449","0.0848289430141449","0.0848289430141449"
"107979","0.08994858711957932","0.08994858711957932","0.08994858711957932"
"108017","0.0956379622220993","0.0956379622220993","0.0956379622220993"
"108019","0.07895050942897797","0.07895050942897797","0.07895050942897797"
"108028","0.09783453494310379","0.09783453494310379","0.09783453494310379"
"108050","0.10117888450622559","0.10117888450622559","0.10117888450622559"
"108100","0.08696694672107697","0.08696694672107697","0.08696694672107697"
"108105","0.08443412184715271","0.08443412184715271","0.08443412184715271"
"108151","0.09799269586801529","0.09799269586801529","0.09799269586801529"
"108155","0.09861596673727036","0.09861596673727036","0.09861596673727036"
"108168","0.09795543551445007","0.09795543551445007","0.09795543551445007"
"108196","0.08396601676940918","0.08396601676940918","0.08396601676940918"
"108202","0.08655066788196564","0.08655066788196564","0.08655066788196564"
"108241","0.08373172581195831","0.08373172581195831","0.08373172581195831"
"108256","0.09862255305051804","0.09862255305051804","0.09862255305051804"
"108270","0.08241136372089386","0.08241136372089386","0.08241136372089386"
"108275","0.11216024309396744","0.11216024309396744","0.11216024309396744"
"108289","0.06901119649410248","0.06901119649410248","0.06901119649410248"
"108298","0.0970267504453659","0.0970267504453659","0.0970267504453659"
"108326","0.08830420672893524","0.08830420672893524","0.08830420672893524"
"108351","0.0963960736989975","0.0963960736989975","0.0963960736989975"
"108364","0.11496781557798386","0.11496781557798386","0.11496781557798386"
"108385","0.10224121809005737","0.10224121809005737","0.10224121809005737"
"108413","0.11055544763803482","0.11055544763803482","0.11055544763803482"
"108465","0.09745249152183533","0.09745249152183533","0.09745249152183533"
"108508","0.0787433385848999","0.0787433385848999","0.0787433385848999"
"108515","0.0726289451122284","0.0726289451122284","0.0726289451122284"
"108549","0.09905970096588135","0.09905970096588135","0.09905970096588135"
"108560","0.08309589326381683","0.08309589326381683","0.08309589326381683"
"108709","0.08480426669120789","0.08480426669120789","0.08480426669120789"
"108718","0.1025083065032959","0.1025083065032959","0.1025083065032959"
"108736","0.11318767815828323","0.11318767815828323","0.11318767815828323"
"108792","0.09275683760643005","0.09275683760643005","0.09275683760643005"
"108798","0.07838410139083862","0.07838410139083862","0.07838410139083862"
"108863","0.08066821843385696","0.08066821843385696","0.08066821843385696"
"108880","0.08099384605884552","0.08099384605884552","0.08099384605884552"
"108887","0.10792042315006256","0.10792042315006256","0.10792042315006256"
"108948","0.10177229344844818","0.10177229344844818","0.10177229344844818"
"108949","0.09247582405805588","0.09247582405805588","0.09247582405805588"
"109005","0.09769244492053986","0.09769244492053986","0.09769244492053986"
"109024","0.07668934762477875","0.07668934762477875","0.07668934762477875"
"109107","0.10661576688289642","0.10661576688289642","0.10661576688289642"
"109135","0.08957462012767792","0.08957462012767792","0.08957462012767792"
"109179","0.09417298436164856","0.09417298436164856","0.09417298436164856"
"109233","0.09287786483764648","0.09287786483764648","0.09287786483764648"
"109256","0.08233923465013504","0.08233923465013504","0.08233923465013504"
"109259","0.09919799864292145","0.09919799864292145","0.09919799864292145"
"109260","0.09081340581178665","0.09081340581178665","0.09081340581178665"
"109309","0.10060654580593109","0.10060654580593109","0.10060654580593109"
"109316","0.10785278677940369","0.10785278677940369","0.10785278677940369"
"109320","0.08071208000183105","0.08071208000183105","0.08071208000183105"
"109408","0.09303551912307739","0.09303551912307739","0.09303551912307739"
"109473","0.10690206289291382","0.10690206289291382","0.10690206289291382"
"109476","0.11520372331142426","0.11520372331142426","0.11520372331142426"
"109477","0.07856910675764084","0.07856910675764084","0.07856910675764084"
"109513","0.09936286509037018","0.09936286509037018","0.09936286509037018"
"109533","0.10174983739852905","0.10174983739852905","0.10174983739852905"
"109576","0.09381633996963501","0.09381633996963501","0.09381633996963501"
"109604","0.07376275956630707","0.07376275956630707","0.07376275956630707"
"109606","0.09577299654483795","0.09577299654483795","0.09577299654483795"
"109616","0.08571179956197739","0.08571179956197739","0.08571179956197739"
"109635","0.08384882658720016","0.08384882658720016","0.08384882658720016"
"109650","0.08212529122829437","0.08212529122829437","0.08212529122829437"
"109737","0.09062324464321136","0.09062324464321136","0.09062324464321136"
"109742","0.10162531584501266","0.10162531584501266","0.10162531584501266"
"109840","0.10449983179569244","0.10449983179569244","0.10449983179569244"
"109849","0.09783291816711426","0.09783291816711426","0.09783291816711426"
"109884","0.0962090939283371","0.0962090939283371","0.0962090939283371"
"109889","0.1011868566274643","0.1011868566274643","0.1011868566274643"
"109932","0.11123579740524292","0.11123579740524292","0.11123579740524292"
"109949","0.10354829579591751","0.10354829579591751","0.10354829579591751"
"109957","0.08812844753265381","0.08812844753265381","0.08812844753265381"
"109980","0.08696811646223068","0.08696811646223068","0.08696811646223068"
"110029","0.08507230877876282","0.08507230877876282","0.08507230877876282"
"110131","0.08889003098011017","0.08889003098011017","0.08889003098011017"
"110155","0.09105997532606125","0.09105997532606125","0.09105997532606125"
"110158","0.10085439682006836","0.10085439682006836","0.10085439682006836"
"110163","0.0864165872335434","0.0864165872335434","0.0864165872335434"
"110195","0.09757339954376221","0.09757339954376221","0.09757339954376221"
"110218","0.09828221797943115","0.09828221797943115","0.09828221797943115"
"110227","0.09265457093715668","0.09265457093715668","0.09265457093715668"
"110264","0.0765542984008789","0.0765542984008789","0.0765542984008789"
"110280","0.09254974126815796","0.09254974126815796","0.09254974126815796"
"110290","0.1108529195189476","0.1108529195189476","0.1108529195189476"
"110311","0.107757568359375","0.107757568359375","0.107757568359375"
"110338","0.08834844082593918","0.08834844082593918","0.08834844082593918"
"110347","0.09941399097442627","0.09941399097442627","0.09941399097442627"
"110367","0.07727575302124023","0.07727575302124023","0.07727575302124023"
"110374","0.0910017341375351","0.0910017341375351","0.0910017341375351"
"110377","0.08601276576519012","0.08601276576519012","0.08601276576519012"
"110385","0.09112919121980667","0.09112919121980667","0.09112919121980667"
"110390","0.07205922901630402","0.07205922901630402","0.07205922901630402"
"110445","0.07750922441482544","0.07750922441482544","0.07750922441482544"
"110454","0.08855139464139938","0.08855139464139938","0.08855139464139938"
"110458","0.09659513086080551","0.09659513086080551","0.09659513086080551"
"110469","0.1016022115945816","0.1016022115945816","0.1016022115945816"
"110487","0.10264995694160461","0.10264995694160461","0.10264995694160461"
"110492","0.09764467179775238","0.09764467179775238","0.09764467179775238"
"110506","0.10503093153238297","0.10503093153238297","0.10503093153238297"
"110507","0.08460327982902527","0.08460327982902527","0.08460327982902527"
"110537","0.08296703547239304","0.08296703547239304","0.08296703547239304"
"110581","0.09064210951328278","0.09064210951328278","0.09064210951328278"
"110598","0.08407973498106003","0.08407973498106003","0.08407973498106003"
"110613","0.09448371827602386","0.09448371827602386","0.09448371827602386"
"110630","0.10291628539562225","0.10291628539562225","0.10291628539562225"
"110633","0.07131297886371613","0.07131297886371613","0.07131297886371613"
"110642","0.08754900097846985","0.08754900097846985","0.08754900097846985"
"110652","0.08730272203683853","0.08730272203683853","0.08730272203683853"
"110664","0.10054990649223328","0.10054990649223328","0.10054990649223328"
"110675","0.08765622228384018","0.08765622228384018","0.08765622228384018"
"110679","0.08467903733253479","0.08467903733253479","0.08467903733253479"
"110685","0.087882861495018","0.087882861495018","0.087882861495018"
"110688","0.1115245521068573","0.1115245521068573","0.1115245521068573"
"110689","0.09268657863140106","0.09268657863140106","0.09268657863140106"
"110692","0.09277915954589844","0.09277915954589844","0.09277915954589844"
"110814","0.08078665286302567","0.08078665286302567","0.08078665286302567"
"110850","0.08120556175708771","0.08120556175708771","0.08120556175708771"
"110885","0.07710835337638855","0.07710835337638855","0.07710835337638855"
"110892","0.10547603666782379","0.10547603666782379","0.10547603666782379"
"110979","0.11191394180059433","0.11191394180059433","0.11191394180059433"
"110993","0.08004369586706161","0.08004369586706161","0.08004369586706161"
"111013","0.07557953894138336","0.07557953894138336","0.07557953894138336"
"111021","0.09620389342308044","0.09620389342308044","0.09620389342308044"
"111031","0.08916541188955307","0.08916541188955307","0.08916541188955307"
"111087","0.08995147049427032","0.08995147049427032","0.08995147049427032"
"111141","0.07546509802341461","0.07546509802341461","0.07546509802341461"
"111149","0.10520100593566895","0.10520100593566895","0.10520100593566895"
"111162","0.0749952644109726","0.0749952644109726","0.0749952644109726"
"111163","0.08427248895168304","0.08427248895168304","0.08427248895168304"
"111181","0.09390909969806671","0.09390909969806671","0.09390909969806671"
"111194","0.10760147124528885","0.10760147124528885","0.10760147124528885"
"111197","0.08326458930969238","0.08326458930969238","0.08326458930969238"
"111201","0.09490382671356201","0.09490382671356201","0.09490382671356201"
"111246","0.07367897033691406","0.07367897033691406","0.07367897033691406"
"111257","0.09598023444414139","0.09598023444414139","0.09598023444414139"
"111281","0.0993618443608284","0.0993618443608284","0.0993618443608284"
"111326","0.0881357192993164","0.0881357192993164","0.0881357192993164"
"111330","0.11067977547645569","0.11067977547645569","0.11067977547645569"
"111334","0.09033292531967163","0.09033292531967163","0.09033292531967163"
"111394","0.0852566584944725","0.0852566584944725","0.0852566584944725"
"111410","0.10026925802230835","0.10026925802230835","0.10026925802230835"
"111426","0.09809796512126923","0.09809796512126923","0.09809796512126923"
"111462","0.08706535398960114","0.08706535398960114","0.08706535398960114"
"111526","0.0879695788025856","0.0879695788025856","0.0879695788025856"
"111538","0.10441237688064575","0.10441237688064575","0.10441237688064575"
"111540","0.1038348525762558","0.1038348525762558","0.1038348525762558"
"111570","0.09852901101112366","0.09852901101112366","0.09852901101112366"
"111660","0.08030775189399719","0.08030775189399719","0.08030775189399719"
"111665","0.10779483616352081","0.10779483616352081","0.10779483616352081"
"111667","0.1008133590221405","0.1008133590221405","0.1008133590221405"
"111673","0.0769893079996109","0.0769893079996109","0.0769893079996109"
"111677","0.09042813628911972","0.09042813628911972","0.09042813628911972"
"111711","0.08729684352874756","0.08729684352874756","0.08729684352874756"
"111731","0.10992764681577682","0.10992764681577682","0.10992764681577682"
"111733","0.07227073609828949","0.07227073609828949","0.07227073609828949"
"111787","0.09908223152160645","0.09908223152160645","0.09908223152160645"
"111834","0.10600021481513977","0.10600021481513977","0.10600021481513977"
"111874","0.10466781258583069","0.10466781258583069","0.10466781258583069"
"111882","0.11226008087396622","0.11226008087396622","0.11226008087396622"
"112019","0.09349896013736725","0.09349896013736725","0.09349896013736725"
"112059","0.08549463748931885","0.08549463748931885","0.08549463748931885"
"112087","0.0830221101641655","0.0830221101641655","0.0830221101641655"
"112102","0.08685126900672913","0.08685126900672913","0.08685126900672913"
"112137","0.09695854783058167","0.09695854783058167","0.09695854783058167"
"112138","0.09654154628515244","0.09654154628515244","0.09654154628515244"
"112149","0.09530942142009735","0.09530942142009735","0.09530942142009735"
"112165","0.09143482148647308","0.09143482148647308","0.09143482148647308"
"112167","0.11263769865036011","0.11263769865036011","0.11263769865036011"
"112196","0.08780650049448013","0.08780650049448013","0.08780650049448013"
"112276","0.08397698402404785","0.08397698402404785","0.08397698402404785"
"112305","0.10144589096307755","0.10144589096307755","0.10144589096307755"
"112357","0.09034503251314163","0.09034503251314163","0.09034503251314163"
"112374","0.07980800420045853","0.07980800420045853","0.07980800420045853"
"112386","0.11547672003507614","0.11547672003507614","0.11547672003507614"
"112406","0.0903308093547821","0.0903308093547821","0.0903308093547821"
"112445","0.09085726737976074","0.09085726737976074","0.09085726737976074"
"112467","0.08851508796215057","0.08851508796215057","0.08851508796215057"
"112471","0.0884084552526474","0.0884084552526474","0.0884084552526474"
"112532","0.08946453034877777","0.08946453034877777","0.08946453034877777"
"112539","0.10195201635360718","0.10195201635360718","0.10195201635360718"
"112544","0.07417014241218567","0.07417014241218567","0.07417014241218567"
"112545","0.08590728044509888","0.08590728044509888","0.08590728044509888"
"112546","0.07985249906778336","0.07985249906778336","0.07985249906778336"
"112566","0.1107155829668045","0.1107155829668045","0.1107155829668045"
"112576","0.08346033096313477","0.08346033096313477","0.08346033096313477"
"112589","0.09079382568597794","0.09079382568597794","0.09079382568597794"
"112603","0.08930473774671555","0.08930473774671555","0.08930473774671555"
"112646","0.09708075225353241","0.09708075225353241","0.09708075225353241"
"112667","0.07469293475151062","0.07469293475151062","0.07469293475151062"
"112697","0.08632464706897736","0.08632464706897736","0.08632464706897736"
"112701","0.09647440165281296","0.09647440165281296","0.09647440165281296"
"112744","0.0846836119890213","0.0846836119890213","0.0846836119890213"
"112768","0.08167976886034012","0.08167976886034012","0.08167976886034012"
"112797","0.08544819056987762","0.08544819056987762","0.08544819056987762"
"112814","0.11346801370382309","0.11346801370382309","0.11346801370382309"
"112856","0.08591729402542114","0.08591729402542114","0.08591729402542114"
"112886","0.08475248515605927","0.08475248515605927","0.08475248515605927"
"112891","0.09080339968204498","0.09080339968204498","0.09080339968204498"
"112913","0.07832740247249603","0.07832740247249603","0.07832740247249603"
"112919","0.11783783882856369","0.11783783882856369","0.11783783882856369"
"112920","0.09583640098571777","0.09583640098571777","0.09583640098571777"
"112983","0.08962380886077881","0.08962380886077881","0.08962380886077881"
"113034","0.10338950157165527","0.10338950157165527","0.10338950157165527"
"113073","0.0826081708073616","0.0826081708073616","0.0826081708073616"
"113139","0.07118718326091766","0.07118718326091766","0.07118718326091766"
"113249","0.09094084799289703","0.09094084799289703","0.09094084799289703"
"113256","0.08210162818431854","0.08210162818431854","0.08210162818431854"
"113276","0.08697818964719772","0.08697818964719772","0.08697818964719772"
"113284","0.07339927554130554","0.07339927554130554","0.07339927554130554"
"113290","0.09858667850494385","0.09858667850494385","0.09858667850494385"
"113305","0.09202270954847336","0.09202270954847336","0.09202270954847336"
"113329","0.10203325748443604","0.10203325748443604","0.10203325748443604"
"113416","0.08443531394004822","0.08443531394004822","0.08443531394004822"
"113422","0.07753712683916092","0.07753712683916092","0.07753712683916092"
"113430","0.10707740485668182","0.10707740485668182","0.10707740485668182"
"113518","0.10009193420410156","0.10009193420410156","0.10009193420410156"
"113569","0.08517448604106903","0.08517448604106903","0.08517448604106903"
"113571","0.09024088829755783","0.09024088829755783","0.09024088829755783"
"113583","0.08497266471385956","0.08497266471385956","0.08497266471385956"
"113593","0.09176426380872726","0.09176426380872726","0.09176426380872726"
"113631","0.08632910251617432","0.08632910251617432","0.08632910251617432"
"113640","0.08257395029067993","0.08257395029067993","0.08257395029067993"
"113648","0.1062990352511406","0.1062990352511406","0.1062990352511406"
"113656","0.09791930019855499","0.09791930019855499","0.09791930019855499"
"113699","0.07350975275039673","0.07350975275039673","0.07350975275039673"
"113701","0.1058192253112793","0.1058192253112793","0.1058192253112793"
"113708","0.08274686336517334","0.08274686336517334","0.08274686336517334"
"113709","0.08718157559633255","0.08718157559633255","0.08718157559633255"
"113710","0.09140986949205399","0.09140986949205399","0.09140986949205399"
"113731","0.08809196203947067","0.08809196203947067","0.08809196203947067"
"113773","0.0814136266708374","0.0814136266708374","0.0814136266708374"
"113784","0.08002333343029022","0.08002333343029022","0.08002333343029022"
"113822","0.09214000403881073","0.09214000403881073","0.09214000403881073"
"113832","0.10550979524850845","0.10550979524850845","0.10550979524850845"
"113837","0.0946870818734169","0.0946870818734169","0.0946870818734169"
"113846","0.08194717764854431","0.08194717764854431","0.08194717764854431"
"113893","0.08364389836788177","0.08364389836788177","0.08364389836788177"
"113927","0.10634882748126984","0.10634882748126984","0.10634882748126984"
"113933","0.09965048730373383","0.09965048730373383","0.09965048730373383"
"113934","0.10030025988817215","0.10030025988817215","0.10030025988817215"
"113943","0.09137257933616638","0.09137257933616638","0.09137257933616638"
"113985","0.08024191856384277","0.08024191856384277","0.08024191856384277"
"114000","0.09542952477931976","0.09542952477931976","0.09542952477931976"
"114031","0.08746615797281265","0.08746615797281265","0.08746615797281265"
"114059","0.08567914366722107","0.08567914366722107","0.08567914366722107"
"114080","0.08898235857486725","0.08898235857486725","0.08898235857486725"
"114123","0.07549142092466354","0.07549142092466354","0.07549142092466354"
"114143","0.10433664917945862","0.10433664917945862","0.10433664917945862"
"114160","0.0999438464641571","0.0999438464641571","0.0999438464641571"
"114251","0.09459385275840759","0.09459385275840759","0.09459385275840759"
"114268","0.09101144969463348","0.09101144969463348","0.09101144969463348"
"114273","0.09025757014751434","0.09025757014751434","0.09025757014751434"
"114287","0.09268364310264587","0.09268364310264587","0.09268364310264587"
"114310","0.09659764170646667","0.09659764170646667","0.09659764170646667"
"114373","0.08737742900848389","0.08737742900848389","0.08737742900848389"
"114385","0.09064537286758423","0.09064537286758423","0.09064537286758423"
"114389","0.1187199056148529","0.1187199056148529","0.1187199056148529"
"114410","0.07370306551456451","0.07370306551456451","0.07370306551456451"
"114475","0.10109180212020874","0.10109180212020874","0.10109180212020874"
"114494","0.08910994231700897","0.08910994231700897","0.08910994231700897"
"114530","0.10089573264122009","0.10089573264122009","0.10089573264122009"
"114531","0.10145673900842667","0.10145673900842667","0.10145673900842667"
"114537","0.08767154812812805","0.08767154812812805","0.08767154812812805"
"114576","0.076665960252285","0.076665960252285","0.076665960252285"
"114595","0.08875522017478943","0.08875522017478943","0.08875522017478943"
"114596","0.08256392180919647","0.08256392180919647","0.08256392180919647"
"114601","0.09916004538536072","0.09916004538536072","0.09916004538536072"
"114612","0.08439958095550537","0.08439958095550537","0.08439958095550537"
"114619","0.10845540463924408","0.10845540463924408","0.10845540463924408"
"114660","0.10984647274017334","0.10984647274017334","0.10984647274017334"
"114666","0.08879163861274719","0.08879163861274719","0.08879163861274719"
"114691","0.07914449274539948","0.07914449274539948","0.07914449274539948"
"114712","0.08290986716747284","0.08290986716747284","0.08290986716747284"
"114740","0.09193960577249527","0.09193960577249527","0.09193960577249527"
"114802","0.09700658172369003","0.09700658172369003","0.09700658172369003"
"114804","0.08777111768722534","0.08777111768722534","0.08777111768722534"
"114817","0.11502724885940552","0.11502724885940552","0.11502724885940552"
"114826","0.08524356782436371","0.08524356782436371","0.08524356782436371"
"114855","0.10951612889766693","0.10951612889766693","0.10951612889766693"
"114860","0.08482110500335693","0.08482110500335693","0.08482110500335693"
"114869","0.08246232569217682","0.08246232569217682","0.08246232569217682"
"114877","0.0911238044500351","0.0911238044500351","0.0911238044500351"
"114924","0.0820898711681366","0.0820898711681366","0.0820898711681366"
"114962","0.08319191634654999","0.08319191634654999","0.08319191634654999"
"114984","0.09149803221225739","0.09149803221225739","0.09149803221225739"
"115028","0.09929679334163666","0.09929679334163666","0.09929679334163666"
"115049","0.10056851804256439","0.10056851804256439","0.10056851804256439"
"115055","0.09880997985601425","0.09880997985601425","0.09880997985601425"
"115065","0.0763852596282959","0.0763852596282959","0.0763852596282959"
"115096","0.10301503539085388","0.10301503539085388","0.10301503539085388"
"115100","0.09976226836442947","0.09976226836442947","0.09976226836442947"
"115134","0.10198698937892914","0.10198698937892914","0.10198698937892914"
"115138","0.09809531271457672","0.09809531271457672","0.09809531271457672"
"115165","0.09731877595186234","0.09731877595186234","0.09731877595186234"
"115169","0.10440251976251602","0.10440251976251602","0.10440251976251602"
"115180","0.08511929959058762","0.08511929959058762","0.08511929959058762"
"115294","0.09142454713582993","0.09142454713582993","0.09142454713582993"
"115302","0.08705823123455048","0.08705823123455048","0.08705823123455048"
"115307","0.09000618755817413","0.09000618755817413","0.09000618755817413"
"115315","0.0847855731844902","0.0847855731844902","0.0847855731844902"
"115320","0.09380264580249786","0.09380264580249786","0.09380264580249786"
"115329","0.08376447856426239","0.08376447856426239","0.08376447856426239"
"115349","0.0850038081407547","0.0850038081407547","0.0850038081407547"
"115444","0.07668502628803253","0.07668502628803253","0.07668502628803253"
"115477","0.0961105078458786","0.0961105078458786","0.0961105078458786"
"115513","0.09771528840065002","0.09771528840065002","0.09771528840065002"
"115519","0.09161600470542908","0.09161600470542908","0.09161600470542908"
"115527","0.07901497185230255","0.07901497185230255","0.07901497185230255"
"115542","0.08295100927352905","0.08295100927352905","0.08295100927352905"
"115573","0.12042861431837082","0.12042861431837082","0.12042861431837082"
"115580","0.08676700294017792","0.08676700294017792","0.08676700294017792"
"115583","0.0978061854839325","0.0978061854839325","0.0978061854839325"
"115597","0.08674774318933487","0.08674774318933487","0.08674774318933487"
"115645","0.095387302339077","0.095387302339077","0.095387302339077"
"115652","0.10956727713346481","0.10956727713346481","0.10956727713346481"
"115669","0.10678516328334808","0.10678516328334808","0.10678516328334808"
"115672","0.09201928228139877","0.09201928228139877","0.09201928228139877"
"115718","0.1179184764623642","0.1179184764623642","0.1179184764623642"
"115721","0.09066185355186462","0.09066185355186462","0.09066185355186462"
"115728","0.08929489552974701","0.08929489552974701","0.08929489552974701"
"115753","0.08014144003391266","0.08014144003391266","0.08014144003391266"
"115809","0.10340964794158936","0.10340964794158936","0.10340964794158936"
"115837","0.10062709450721741","0.10062709450721741","0.10062709450721741"
"115872","0.07622753083705902","0.07622753083705902","0.07622753083705902"
"115884","0.08383119106292725","0.08383119106292725","0.08383119106292725"
"115891","0.09487910568714142","0.09487910568714142","0.09487910568714142"
"115911","0.08416585624217987","0.08416585624217987","0.08416585624217987"
"115917","0.08810435235500336","0.08810435235500336","0.08810435235500336"
"115932","0.10076705366373062","0.10076705366373062","0.10076705366373062"
"115963","0.0919158011674881","0.0919158011674881","0.0919158011674881"
"115984","0.09605138003826141","0.09605138003826141","0.09605138003826141"
"116004","0.07168684899806976","0.07168684899806976","0.07168684899806976"
"116048","0.10928864032030106","0.10928864032030106","0.10928864032030106"
"116068","0.09169739484786987","0.09169739484786987","0.09169739484786987"
"116083","0.0987066924571991","0.0987066924571991","0.0987066924571991"
"116106","0.10236291587352753","0.10236291587352753","0.10236291587352753"
"116123","0.10722772032022476","0.10722772032022476","0.10722772032022476"
"116141","0.08105725795030594","0.08105725795030594","0.08105725795030594"
"116152","0.07509756088256836","0.07509756088256836","0.07509756088256836"
"116204","0.09716634452342987","0.09716634452342987","0.09716634452342987"
"116243","0.11370377242565155","0.11370377242565155","0.11370377242565155"
"116244","0.1048981249332428","0.1048981249332428","0.1048981249332428"
"116248","0.08742459118366241","0.08742459118366241","0.08742459118366241"
"116266","0.09826262295246124","0.09826262295246124","0.09826262295246124"
"116294","0.0998411551117897","0.0998411551117897","0.0998411551117897"
"116298","0.08612489700317383","0.08612489700317383","0.08612489700317383"
"116316","0.08555760979652405","0.08555760979652405","0.08555760979652405"
"116350","0.08547336608171463","0.08547336608171463","0.08547336608171463"
"116359","0.08987355977296829","0.08987355977296829","0.08987355977296829"
"116412","0.12380804121494293","0.12380804121494293","0.12380804121494293"
"116424","0.07768376171588898","0.07768376171588898","0.07768376171588898"
"116488","0.09358760714530945","0.09358760714530945","0.09358760714530945"
"116519","0.11620205640792847","0.11620205640792847","0.11620205640792847"
"116534","0.09715349227190018","0.09715349227190018","0.09715349227190018"
"116559","0.09304769337177277","0.09304769337177277","0.09304769337177277"
"116616","0.07283324003219604","0.07283324003219604","0.07283324003219604"
"116675","0.090846486389637","0.090846486389637","0.090846486389637"
"116685","0.0908333957195282","0.0908333957195282","0.0908333957195282"
"116695","0.09362392127513885","0.09362392127513885","0.09362392127513885"
"116707","0.10432754456996918","0.10432754456996918","0.10432754456996918"
"116723","0.10467791557312012","0.10467791557312012","0.10467791557312012"
"116757","0.10788401961326599","0.10788401961326599","0.10788401961326599"
"116813","0.09063303470611572","0.09063303470611572","0.09063303470611572"
"116814","0.07572077214717865","0.07572077214717865","0.07572077214717865"
"116815","0.09588134288787842","0.09588134288787842","0.09588134288787842"
"116821","0.09729045629501343","0.09729045629501343","0.09729045629501343"
"116868","0.0959198921918869","0.0959198921918869","0.0959198921918869"
"116874","0.08427314460277557","0.08427314460277557","0.08427314460277557"
"116899","0.0927325040102005","0.0927325040102005","0.0927325040102005"
"116954","0.08611617237329483","0.08611617237329483","0.08611617237329483"
"116965","0.10085869580507278","0.10085869580507278","0.10085869580507278"
"116981","0.09080605208873749","0.09080605208873749","0.09080605208873749"
"116990","0.1013491079211235","0.1013491079211235","0.1013491079211235"
"117002","0.10266229510307312","0.10266229510307312","0.10266229510307312"
"117027","0.10270503163337708","0.10270503163337708","0.10270503163337708"
"117085","0.07878847420215607","0.07878847420215607","0.07878847420215607"
"117104","0.08275121450424194","0.08275121450424194","0.08275121450424194"
"117190","0.09424419701099396","0.09424419701099396","0.09424419701099396"
"117257","0.09778861701488495","0.09778861701488495","0.09778861701488495"
"117292","0.07701154053211212","0.07701154053211212","0.07701154053211212"
"117320","0.0955204889178276","0.0955204889178276","0.0955204889178276"
"117323","0.09095648676156998","0.09095648676156998","0.09095648676156998"
"117363","0.08490516245365143","0.08490516245365143","0.08490516245365143"
"117371","0.1091192215681076","0.1091192215681076","0.1091192215681076"
"117372","0.113205686211586","0.113205686211586","0.113205686211586"
"117374","0.09577175974845886","0.09577175974845886","0.09577175974845886"
"117426","0.08676891773939133","0.08676891773939133","0.08676891773939133"
"117462","0.10151046514511108","0.10151046514511108","0.10151046514511108"
"117492","0.10466881096363068","0.10466881096363068","0.10466881096363068"
"117541","0.10652127861976624","0.10652127861976624","0.10652127861976624"
"117553","0.09557384252548218","0.09557384252548218","0.09557384252548218"
"117573","0.10050683468580246","0.10050683468580246","0.10050683468580246"
"117618","0.07970806956291199","0.07970806956291199","0.07970806956291199"
"117643","0.08751484751701355","0.08751484751701355","0.08751484751701355"
"117659","0.07094976305961609","0.07094976305961609","0.07094976305961609"
"117671","0.09768744558095932","0.09768744558095932","0.09768744558095932"
"117681","0.09254404902458191","0.09254404902458191","0.09254404902458191"
"117703","0.08874741196632385","0.08874741196632385","0.08874741196632385"
"117705","0.0894101932644844","0.0894101932644844","0.0894101932644844"
"117720","0.07960008084774017","0.07960008084774017","0.07960008084774017"
"117746","0.08549124002456665","0.08549124002456665","0.08549124002456665"
"117778","0.08436134457588196","0.08436134457588196","0.08436134457588196"
"117783","0.08449486643075943","0.08449486643075943","0.08449486643075943"
"117805","0.09388089925050735","0.09388089925050735","0.09388089925050735"
"117902","0.1130499541759491","0.1130499541759491","0.1130499541759491"
"117905","0.08653854578733444","0.08653854578733444","0.08653854578733444"
"117915","0.10034514963626862","0.10034514963626862","0.10034514963626862"
"117974","0.10359978675842285","0.10359978675842285","0.10359978675842285"
"118031","0.10153397917747498","0.10153397917747498","0.10153397917747498"
"118082","0.07549469918012619","0.07549469918012619","0.07549469918012619"
"118092","0.09600488841533661","0.09600488841533661","0.09600488841533661"
"118120","0.08155000954866409","0.08155000954866409","0.08155000954866409"
"118131","0.10596998780965805","0.10596998780965805","0.10596998780965805"
"118159","0.09397582709789276","0.09397582709789276","0.09397582709789276"
"118192","0.10796860605478287","0.10796860605478287","0.10796860605478287"
"118212","0.09633469581604004","0.09633469581604004","0.09633469581604004"
"118267","0.09035544097423553","0.09035544097423553","0.09035544097423553"
"118275","0.09192753583192825","0.09192753583192825","0.09192753583192825"
"118308","0.09195949137210846","0.09195949137210846","0.09195949137210846"
"118325","0.09014345705509186","0.09014345705509186","0.09014345705509186"
"118380","0.09277236461639404","0.09277236461639404","0.09277236461639404"
"118395","0.10770459473133087","0.10770459473133087","0.10770459473133087"
"118435","0.08478976786136627","0.08478976786136627","0.08478976786136627"
"118450","0.10460679233074188","0.10460679233074188","0.10460679233074188"
"118465","0.09397098422050476","0.09397098422050476","0.09397098422050476"
"118482","0.08308430016040802","0.08308430016040802","0.08308430016040802"
"118511","0.08034004271030426","0.08034004271030426","0.08034004271030426"
"118526","0.09127219021320343","0.09127219021320343","0.09127219021320343"
"118547","0.10323828458786011","0.10323828458786011","0.10323828458786011"
"118580","0.08331982046365738","0.08331982046365738","0.08331982046365738"
"118582","0.09752015769481659","0.09752015769481659","0.09752015769481659"
"118588","0.09335070103406906","0.09335070103406906","0.09335070103406906"
"118637","0.09950925409793854","0.09950925409793854","0.09950925409793854"
"118642","0.10456013679504395","0.10456013679504395","0.10456013679504395"
"118659","0.09488821029663086","0.09488821029663086","0.09488821029663086"
"118661","0.0855923593044281","0.0855923593044281","0.0855923593044281"
"118694","0.10165548324584961","0.10165548324584961","0.10165548324584961"
"118712","0.09975708276033401","0.09975708276033401","0.09975708276033401"
"118737","0.10814103484153748","0.10814103484153748","0.10814103484153748"
"118833","0.06884849071502686","0.06884849071502686","0.06884849071502686"
"118841","0.08438985049724579","0.08438985049724579","0.08438985049724579"
"118848","0.09843791276216507","0.09843791276216507","0.09843791276216507"
"118853","0.09068737924098969","0.09068737924098969","0.09068737924098969"
"118877","0.08613528311252594","0.08613528311252594","0.08613528311252594"
"118907","0.10370365530252457","0.10370365530252457","0.10370365530252457"
"118988","0.0847344845533371","0.0847344845533371","0.0847344845533371"
"118992","0.07689951360225677","0.07689951360225677","0.07689951360225677"
"119018","0.10519805550575256","0.10519805550575256","0.10519805550575256"
"119027","0.08934353291988373","0.08934353291988373","0.08934353291988373"
"119036","0.09385421127080917","0.09385421127080917","0.09385421127080917"
"119040","0.08916492760181427","0.08916492760181427","0.08916492760181427"
"119045","0.0814795047044754","0.0814795047044754","0.0814795047044754"
"119073","0.082355797290802","0.082355797290802","0.082355797290802"
"119075","0.0799848735332489","0.0799848735332489","0.0799848735332489"
"119103","0.09366051107645035","0.09366051107645035","0.09366051107645035"
"119147","0.10244014114141464","0.10244014114141464","0.10244014114141464"
"119155","0.09315463900566101","0.09315463900566101","0.09315463900566101"
"119224","0.09605525434017181","0.09605525434017181","0.09605525434017181"
"119237","0.09526796638965607","0.09526796638965607","0.09526796638965607"
"119249","0.0769207701086998","0.0769207701086998","0.0769207701086998"
"119252","0.11308775097131729","0.11308775097131729","0.11308775097131729"
"119277","0.07655585557222366","0.07655585557222366","0.07655585557222366"
"119282","0.08974239230155945","0.08974239230155945","0.08974239230155945"
"119292","0.09431754052639008","0.09431754052639008","0.09431754052639008"
"119316","0.07984714210033417","0.07984714210033417","0.07984714210033417"
"119336","0.08275169134140015","0.08275169134140015","0.08275169134140015"
"119347","0.08758662641048431","0.08758662641048431","0.08758662641048431"
"119368","0.10553926229476929","0.10553926229476929","0.10553926229476929"
"119374","0.11737196892499924","0.11737196892499924","0.11737196892499924"
"119412","0.08084601908922195","0.08084601908922195","0.08084601908922195"
"119425","0.08894693851470947","0.08894693851470947","0.08894693851470947"
"119448","0.0991322249174118","0.0991322249174118","0.0991322249174118"
"119468","0.10145215690135956","0.10145215690135956","0.10145215690135956"
"119629","0.0907459706068039","0.0907459706068039","0.0907459706068039"
"119632","0.09048955142498016","0.09048955142498016","0.09048955142498016"
"119638","0.08490167558193207","0.08490167558193207","0.08490167558193207"
"119642","0.10086721181869507","0.10086721181869507","0.10086721181869507"
"119645","0.1082499697804451","0.1082499697804451","0.1082499697804451"
"119655","0.09627477824687958","0.09627477824687958","0.09627477824687958"
"119696","0.11718159914016724","0.11718159914016724","0.11718159914016724"
"119704","0.10041242837905884","0.10041242837905884","0.10041242837905884"
"119711","0.08525578677654266","0.08525578677654266","0.08525578677654266"
"119718","0.07666562497615814","0.07666562497615814","0.07666562497615814"
"119732","0.08445311337709427","0.08445311337709427","0.08445311337709427"
"119753","0.08221101760864258","0.08221101760864258","0.08221101760864258"
"119788","0.0857824832201004","0.0857824832201004","0.0857824832201004"
"119795","0.09424535930156708","0.09424535930156708","0.09424535930156708"
"119821","0.10527414828538895","0.10527414828538895","0.10527414828538895"
"119823","0.09356333315372467","0.09356333315372467","0.09356333315372467"
"119828","0.0917670726776123","0.0917670726776123","0.0917670726776123"
"119831","0.1031317263841629","0.1031317263841629","0.1031317263841629"
"119832","0.08237405866384506","0.08237405866384506","0.08237405866384506"
"119837","0.11471796780824661","0.11471796780824661","0.11471796780824661"
"119892","0.0835387110710144","0.0835387110710144","0.0835387110710144"
"119894","0.09863859415054321","0.09863859415054321","0.09863859415054321"
"119923","0.1088937297463417","0.1088937297463417","0.1088937297463417"
"119971","0.1066441684961319","0.1066441684961319","0.1066441684961319"
"119975","0.08715932071208954","0.08715932071208954","0.08715932071208954"
"120027","0.10470671951770782","0.10470671951770782","0.10470671951770782"
"120038","0.07327927649021149","0.07327927649021149","0.07327927649021149"
"120052","0.07433168590068817","0.07433168590068817","0.07433168590068817"
"120068","0.0897405743598938","0.0897405743598938","0.0897405743598938"
"120115","0.1045026183128357","0.1045026183128357","0.1045026183128357"
"120118","0.0865267738699913","0.0865267738699913","0.0865267738699913"
"120134","0.0794401466846466","0.0794401466846466","0.0794401466846466"
"120166","0.07916514575481415","0.07916514575481415","0.07916514575481415"
"120207","0.11376114934682846","0.11376114934682846","0.11376114934682846"
"120304","0.09245333075523376","0.09245333075523376","0.09245333075523376"
"120311","0.10069377720355988","0.10069377720355988","0.10069377720355988"
"120313","0.07530780136585236","0.07530780136585236","0.07530780136585236"
"120320","0.11549361050128937","0.11549361050128937","0.11549361050128937"
"120334","0.09147677570581436","0.09147677570581436","0.09147677570581436"
"120343","0.0734381228685379","0.0734381228685379","0.0734381228685379"
"120447","0.08229117840528488","0.08229117840528488","0.08229117840528488"
"120467","0.07930105924606323","0.07930105924606323","0.07930105924606323"
"120483","0.08796882629394531","0.08796882629394531","0.08796882629394531"
"120490","0.08858861029148102","0.08858861029148102","0.08858861029148102"
"120531","0.09690889716148376","0.09690889716148376","0.09690889716148376"
"120535","0.07961736619472504","0.07961736619472504","0.07961736619472504"
"120558","0.09349533915519714","0.09349533915519714","0.09349533915519714"
"120601","0.10064025223255157","0.10064025223255157","0.10064025223255157"
"120632","0.08099998533725739","0.08099998533725739","0.08099998533725739"
"120683","0.0919167697429657","0.0919167697429657","0.0919167697429657"
"120745","0.08764666318893433","0.08764666318893433","0.08764666318893433"
"120797","0.08808988332748413","0.08808988332748413","0.08808988332748413"
"120818","0.07815718650817871","0.07815718650817871","0.07815718650817871"
"120821","0.08763104677200317","0.08763104677200317","0.08763104677200317"
"120847","0.09052276611328125","0.09052276611328125","0.09052276611328125"
"120862","0.098765067756176","0.098765067756176","0.098765067756176"
"120880","0.11002551019191742","0.11002551019191742","0.11002551019191742"
"120969","0.09561844170093536","0.09561844170093536","0.09561844170093536"
"120981","0.10116671025753021","0.10116671025753021","0.10116671025753021"
"120985","0.0911434143781662","0.0911434143781662","0.0911434143781662"
"120995","0.08002415299415588","0.08002415299415588","0.08002415299415588"
"121006","0.1024882048368454","0.1024882048368454","0.1024882048368454"
"121055","0.09509773552417755","0.09509773552417755","0.09509773552417755"
"121058","0.07629737257957458","0.07629737257957458","0.07629737257957458"
"121065","0.1067412793636322","0.1067412793636322","0.1067412793636322"
"121070","0.09141189604997635","0.09141189604997635","0.09141189604997635"
"121087","0.08412265032529831","0.08412265032529831","0.08412265032529831"
"121094","0.09248171746730804","0.09248171746730804","0.09248171746730804"
"121146","0.0833667442202568","0.0833667442202568","0.0833667442202568"
"121162","0.07809394598007202","0.07809394598007202","0.07809394598007202"
"121174","0.09328208863735199","0.09328208863735199","0.09328208863735199"
"121178","0.07774781435728073","0.07774781435728073","0.07774781435728073"
"121188","0.0964021384716034","0.0964021384716034","0.0964021384716034"
"121194","0.10448820888996124","0.10448820888996124","0.10448820888996124"
"121204","0.08623330295085907","0.08623330295085907","0.08623330295085907"
"121210","0.08009951561689377","0.08009951561689377","0.08009951561689377"
"121218","0.08735807240009308","0.08735807240009308","0.08735807240009308"
"121249","0.09764213860034943","0.09764213860034943","0.09764213860034943"
"121262","0.08214718848466873","0.08214718848466873","0.08214718848466873"
"121263","0.08394724130630493","0.08394724130630493","0.08394724130630493"
"121266","0.07913843542337418","0.07913843542337418","0.07913843542337418"
"121269","0.07779189944267273","0.07779189944267273","0.07779189944267273"
"121282","0.09355184435844421","0.09355184435844421","0.09355184435844421"
"121294","0.09816629439592361","0.09816629439592361","0.09816629439592361"
"121306","0.09323462843894958","0.09323462843894958","0.09323462843894958"
"121315","0.10085754096508026","0.10085754096508026","0.10085754096508026"
"121367","0.09371580183506012","0.09371580183506012","0.09371580183506012"
"121385","0.10109523683786392","0.10109523683786392","0.10109523683786392"
"121397","0.07358773797750473","0.07358773797750473","0.07358773797750473"
"121420","0.09089010953903198","0.09089010953903198","0.09089010953903198"
"121449","0.10709642618894577","0.10709642618894577","0.10709642618894577"
"121451","0.10267166793346405","0.10267166793346405","0.10267166793346405"
"121542","0.09676620364189148","0.09676620364189148","0.09676620364189148"
"121580","0.08491657674312592","0.08491657674312592","0.08491657674312592"
"121583","0.11141250282526016","0.11141250282526016","0.11141250282526016"
"121597","0.09102854132652283","0.09102854132652283","0.09102854132652283"
"121598","0.08953548967838287","0.08953548967838287","0.08953548967838287"
"121620","0.09474872052669525","0.09474872052669525","0.09474872052669525"
"121623","0.08232645690441132","0.08232645690441132","0.08232645690441132"
"121632","0.07505959272384644","0.07505959272384644","0.07505959272384644"
"121644","0.10507017374038696","0.10507017374038696","0.10507017374038696"
"121647","0.0955505222082138","0.0955505222082138","0.0955505222082138"
"121651","0.0868568867444992","0.0868568867444992","0.0868568867444992"
"121670","0.06959672272205353","0.06959672272205353","0.06959672272205353"
"121789","0.09733766317367554","0.09733766317367554","0.09733766317367554"
"121802","0.10263343155384064","0.10263343155384064","0.10263343155384064"
"121842","0.08377967774868011","0.08377967774868011","0.08377967774868011"
"121867","0.10587039589881897","0.10587039589881897","0.10587039589881897"
"121876","0.09290646016597748","0.09290646016597748","0.09290646016597748"
"121968","0.08531299233436584","0.08531299233436584","0.08531299233436584"
"121984","0.10995914787054062","0.10995914787054062","0.10995914787054062"
"121991","0.09839639812707901","0.09839639812707901","0.09839639812707901"
"122010","0.08948447555303574","0.08948447555303574","0.08948447555303574"
"122045","0.08341555297374725","0.08341555297374725","0.08341555297374725"
"122054","0.110806405544281","0.110806405544281","0.110806405544281"
"122059","0.1077098622918129","0.1077098622918129","0.1077098622918129"
"122109","0.09993081539869308","0.09993081539869308","0.09993081539869308"
"122125","0.10045498609542847","0.10045498609542847","0.10045498609542847"
"122162","0.09678813815116882","0.09678813815116882","0.09678813815116882"
"122165","0.10403675585985184","0.10403675585985184","0.10403675585985184"
"122175","0.09497931599617004","0.09497931599617004","0.09497931599617004"
"122181","0.11425738036632538","0.11425738036632538","0.11425738036632538"
"122218","0.1108526736497879","0.1108526736497879","0.1108526736497879"
"122224","0.1093292385339737","0.1093292385339737","0.1093292385339737"
"122279","0.099154993891716","0.099154993891716","0.099154993891716"
"122327","0.094805508852005","0.094805508852005","0.094805508852005"
"122342","0.09280414134263992","0.09280414134263992","0.09280414134263992"
"122350","0.11188369244337082","0.11188369244337082","0.11188369244337082"
"122352","0.08131949603557587","0.08131949603557587","0.08131949603557587"
"122357","0.07621343433856964","0.07621343433856964","0.07621343433856964"
"122400","0.09984134137630463","0.09984134137630463","0.09984134137630463"
"122404","0.0901690423488617","0.0901690423488617","0.0901690423488617"
"122524","0.11201024055480957","0.11201024055480957","0.11201024055480957"
"122537","0.08991078287363052","0.08991078287363052","0.08991078287363052"
"122584","0.08924667537212372","0.08924667537212372","0.08924667537212372"
"122593","0.09229682385921478","0.09229682385921478","0.09229682385921478"
"122624","0.09130711853504181","0.09130711853504181","0.09130711853504181"
"122630","0.09408484399318695","0.09408484399318695","0.09408484399318695"
"122642","0.09004077315330505","0.09004077315330505","0.09004077315330505"
"122649","0.08524342626333237","0.08524342626333237","0.08524342626333237"
"122659","0.0864625871181488","0.0864625871181488","0.0864625871181488"
"122678","0.09981986880302429","0.09981986880302429","0.09981986880302429"
"122752","0.10717324912548065","0.10717324912548065","0.10717324912548065"
"122754","0.08813769370317459","0.08813769370317459","0.08813769370317459"
"122778","0.09105883538722992","0.09105883538722992","0.09105883538722992"
"122806","0.08523692935705185","0.08523692935705185","0.08523692935705185"
"122816","0.1022668182849884","0.1022668182849884","0.1022668182849884"
"122840","0.08246283233165741","0.08246283233165741","0.08246283233165741"
"122842","0.0986005961894989","0.0986005961894989","0.0986005961894989"
"122887","0.08451230823993683","0.08451230823993683","0.08451230823993683"
"122940","0.09849226474761963","0.09849226474761963","0.09849226474761963"
"123031","0.07549525797367096","0.07549525797367096","0.07549525797367096"
"123035","0.08338092267513275","0.08338092267513275","0.08338092267513275"
"123039","0.08651776611804962","0.08651776611804962","0.08651776611804962"
"123057","0.11004999279975891","0.11004999279975891","0.11004999279975891"
"123067","0.09035299718379974","0.09035299718379974","0.09035299718379974"
"123076","0.08990460634231567","0.08990460634231567","0.08990460634231567"
"123097","0.06982624530792236","0.06982624530792236","0.06982624530792236"
"123116","0.08889677375555038","0.08889677375555038","0.08889677375555038"
"123124","0.08995270729064941","0.08995270729064941","0.08995270729064941"
"123180","0.09207871556282043","0.09207871556282043","0.09207871556282043"
"123210","0.10403667390346527","0.10403667390346527","0.10403667390346527"
"123234","0.09115733206272125","0.09115733206272125","0.09115733206272125"
"123306","0.10789000988006592","0.10789000988006592","0.10789000988006592"
"123316","0.09493616223335266","0.09493616223335266","0.09493616223335266"
"123320","0.10101161897182465","0.10101161897182465","0.10101161897182465"
"123342","0.10710380971431732","0.10710380971431732","0.10710380971431732"
"123354","0.09131374955177307","0.09131374955177307","0.09131374955177307"
"123379","0.09923741221427917","0.09923741221427917","0.09923741221427917"
"123388","0.10159659385681152","0.10159659385681152","0.10159659385681152"
"123394","0.07378890365362167","0.07378890365362167","0.07378890365362167"
"123435","0.07261981070041656","0.07261981070041656","0.07261981070041656"
"123445","0.09367106854915619","0.09367106854915619","0.09367106854915619"
"123457","0.06963376700878143","0.06963376700878143","0.06963376700878143"
"123463","0.07090135663747787","0.07090135663747787","0.07090135663747787"
"123480","0.07311873137950897","0.07311873137950897","0.07311873137950897"
"123525","0.08931951224803925","0.08931951224803925","0.08931951224803925"
"123621","0.08686381578445435","0.08686381578445435","0.08686381578445435"
"123645","0.09091953933238983","0.09091953933238983","0.09091953933238983"
"123693","0.08672022074460983","0.08672022074460983","0.08672022074460983"
"123799","0.1102232038974762","0.1102232038974762","0.1102232038974762"
"123802","0.08164235949516296","0.08164235949516296","0.08164235949516296"
"123810","0.10350748896598816","0.10350748896598816","0.10350748896598816"
"123813","0.08848316222429276","0.08848316222429276","0.08848316222429276"
"123858","0.08940258622169495","0.08940258622169495","0.08940258622169495"
"123860","0.09991803765296936","0.09991803765296936","0.09991803765296936"
"123900","0.09600117057561874","0.09600117057561874","0.09600117057561874"
"123915","0.08579523861408234","0.08579523861408234","0.08579523861408234"
"123918","0.10006457567214966","0.10006457567214966","0.10006457567214966"
"123923","0.08365175127983093","0.08365175127983093","0.08365175127983093"
"123932","0.10817407071590424","0.10817407071590424","0.10817407071590424"
"123947","0.1162860319018364","0.1162860319018364","0.1162860319018364"
"123973","0.0846526175737381","0.0846526175737381","0.0846526175737381"
"123979","0.11762811988592148","0.11762811988592148","0.11762811988592148"
"123992","0.0718691498041153","0.0718691498041153","0.0718691498041153"
"124007","0.10580053925514221","0.10580053925514221","0.10580053925514221"
"124066","0.1087363213300705","0.1087363213300705","0.1087363213300705"
"124083","0.10767420381307602","0.10767420381307602","0.10767420381307602"
"124093","0.09153877943754196","0.09153877943754196","0.09153877943754196"
"124168","0.09761491417884827","0.09761491417884827","0.09761491417884827"
"124197","0.09590540826320648","0.09590540826320648","0.09590540826320648"
"124199","0.09605859220027924","0.09605859220027924","0.09605859220027924"
"124204","0.08119659125804901","0.08119659125804901","0.08119659125804901"
"124209","0.08514253050088882","0.08514253050088882","0.08514253050088882"
"124210","0.08628629148006439","0.08628629148006439","0.08628629148006439"
"124243","0.09433072805404663","0.09433072805404663","0.09433072805404663"
"124248","0.085828498005867","0.085828498005867","0.085828498005867"
"124270","0.1006021648645401","0.1006021648645401","0.1006021648645401"
"124338","0.08184018731117249","0.08184018731117249","0.08184018731117249"
"124361","0.09809628874063492","0.09809628874063492","0.09809628874063492"
"124372","0.07868228852748871","0.07868228852748871","0.07868228852748871"
"124388","0.0851413905620575","0.0851413905620575","0.0851413905620575"
"124396","0.0991431176662445","0.0991431176662445","0.0991431176662445"
"124432","0.0876929759979248","0.0876929759979248","0.0876929759979248"
"124455","0.09151773154735565","0.09151773154735565","0.09151773154735565"
"124467","0.09211708605289459","0.09211708605289459","0.09211708605289459"
"124468","0.10800017416477203","0.10800017416477203","0.10800017416477203"
"124505","0.08649738132953644","0.08649738132953644","0.08649738132953644"
"124517","0.07633531838655472","0.07633531838655472","0.07633531838655472"
"124585","0.10437652468681335","0.10437652468681335","0.10437652468681335"
"124599","0.09597976505756378","0.09597976505756378","0.09597976505756378"
"124661","0.10353602468967438","0.10353602468967438","0.10353602468967438"
"124696","0.11053911596536636","0.11053911596536636","0.11053911596536636"
"124699","0.0822220966219902","0.0822220966219902","0.0822220966219902"
"124733","0.09453244507312775","0.09453244507312775","0.09453244507312775"
"124761","0.08470423519611359","0.08470423519611359","0.08470423519611359"
"124764","0.07293133437633514","0.07293133437633514","0.07293133437633514"
"124780","0.09065455198287964","0.09065455198287964","0.09065455198287964"
"124785","0.08133535087108612","0.08133535087108612","0.08133535087108612"
"124806","0.08202818036079407","0.08202818036079407","0.08202818036079407"
"124823","0.09414435923099518","0.09414435923099518","0.09414435923099518"
"124884","0.10205136984586716","0.10205136984586716","0.10205136984586716"
"124889","0.08985482156276703","0.08985482156276703","0.08985482156276703"
"124913","0.09552548825740814","0.09552548825740814","0.09552548825740814"
"124924","0.09764345735311508","0.09764345735311508","0.09764345735311508"
"124943","0.07128864526748657","0.07128864526748657","0.07128864526748657"
"124953","0.10569533705711365","0.10569533705711365","0.10569533705711365"
"124970","0.0889454334974289","0.0889454334974289","0.0889454334974289"
"124986","0.07872346043586731","0.07872346043586731","0.07872346043586731"
"125005","0.09641611576080322","0.09641611576080322","0.09641611576080322"
"125020","0.09295017272233963","0.09295017272233963","0.09295017272233963"
"125033","0.09082730114459991","0.09082730114459991","0.09082730114459991"
"125049","0.11125758290290833","0.11125758290290833","0.11125758290290833"
"125104","0.08685043454170227","0.08685043454170227","0.08685043454170227"
"125108","0.06906847655773163","0.06906847655773163","0.06906847655773163"
"125128","0.10108593851327896","0.10108593851327896","0.10108593851327896"
"125131","0.08151805400848389","0.08151805400848389","0.08151805400848389"
"125166","0.06600677222013474","0.06600677222013474","0.06600677222013474"
"125174","0.10156615078449249","0.10156615078449249","0.10156615078449249"
"125197","0.0860668271780014","0.0860668271780014","0.0860668271780014"
"125213","0.09507733583450317","0.09507733583450317","0.09507733583450317"
"125267","0.07885374128818512","0.07885374128818512","0.07885374128818512"
"125270","0.08059524744749069","0.08059524744749069","0.08059524744749069"
"125271","0.08950553089380264","0.08950553089380264","0.08950553089380264"
"125292","0.11160588264465332","0.11160588264465332","0.11160588264465332"
"125335","0.08606638014316559","0.08606638014316559","0.08606638014316559"
"125363","0.10281136631965637","0.10281136631965637","0.10281136631965637"
"125375","0.09410117566585541","0.09410117566585541","0.09410117566585541"
"125398","0.09959042072296143","0.09959042072296143","0.09959042072296143"
"125451","0.07977744936943054","0.07977744936943054","0.07977744936943054"
"125460","0.08864624053239822","0.08864624053239822","0.08864624053239822"
"125462","0.10410526394844055","0.10410526394844055","0.10410526394844055"
"125488","0.08993731439113617","0.08993731439113617","0.08993731439113617"
"125558","0.09069593250751495","0.09069593250751495","0.09069593250751495"
"125577","0.0835353285074234","0.0835353285074234","0.0835353285074234"
"125594","0.08749984204769135","0.08749984204769135","0.08749984204769135"
"125614","0.09091982245445251","0.09091982245445251","0.09091982245445251"
"125658","0.08565296232700348","0.08565296232700348","0.08565296232700348"
"125692","0.08697986602783203","0.08697986602783203","0.08697986602783203"
"125728","0.11870977282524109","0.11870977282524109","0.11870977282524109"
"125756","0.09128057956695557","0.09128057956695557","0.09128057956695557"
"125807","0.07445592433214188","0.07445592433214188","0.07445592433214188"
"125811","0.08192123472690582","0.08192123472690582","0.08192123472690582"
"125812","0.09348979592323303","0.09348979592323303","0.09348979592323303"
"125821","0.09448796510696411","0.09448796510696411","0.09448796510696411"
"125825","0.09609615802764893","0.09609615802764893","0.09609615802764893"
"125846","0.09818249195814133","0.09818249195814133","0.09818249195814133"
"125884","0.09537558257579803","0.09537558257579803","0.09537558257579803"
"125896","0.11148284375667572","0.11148284375667572","0.11148284375667572"
"125902","0.08639901131391525","0.08639901131391525","0.08639901131391525"
"125918","0.0965307354927063","0.0965307354927063","0.0965307354927063"
"125929","0.10476008802652359","0.10476008802652359","0.10476008802652359"
"125936","0.09450777620077133","0.09450777620077133","0.09450777620077133"
"125938","0.10687662661075592","0.10687662661075592","0.10687662661075592"
"125954","0.09547050297260284","0.09547050297260284","0.09547050297260284"
"125955","0.0898587703704834","0.0898587703704834","0.0898587703704834"
"126031","0.1103169173002243","0.1103169173002243","0.1103169173002243"
"126096","0.08243119716644287","0.08243119716644287","0.08243119716644287"
"126102","0.08665180206298828","0.08665180206298828","0.08665180206298828"
"126144","0.10024456679821014","0.10024456679821014","0.10024456679821014"
"126145","0.09157805144786835","0.09157805144786835","0.09157805144786835"
"126155","0.09489067643880844","0.09489067643880844","0.09489067643880844"
"126157","0.08696205914020538","0.08696205914020538","0.08696205914020538"
"126243","0.091466024518013","0.091466024518013","0.091466024518013"
"126275","0.0923430472612381","0.0923430472612381","0.0923430472612381"
"126278","0.08403902500867844","0.08403902500867844","0.08403902500867844"
"126291","0.0903104692697525","0.0903104692697525","0.0903104692697525"
"126300","0.08575672656297684","0.08575672656297684","0.08575672656297684"
"126322","0.09007944166660309","0.09007944166660309","0.09007944166660309"
"126338","0.08320386707782745","0.08320386707782745","0.08320386707782745"
"126363","0.07051707059144974","0.07051707059144974","0.07051707059144974"
"126368","0.0837046280503273","0.0837046280503273","0.0837046280503273"
"126398","0.08701605349779129","0.08701605349779129","0.08701605349779129"
"126428","0.09533397853374481","0.09533397853374481","0.09533397853374481"
"126519","0.1030893623828888","0.1030893623828888","0.1030893623828888"
"126536","0.09014356136322021","0.09014356136322021","0.09014356136322021"
"126568","0.09198813140392303","0.09198813140392303","0.09198813140392303"
"126578","0.08888609707355499","0.08888609707355499","0.08888609707355499"
"126627","0.08306868374347687","0.08306868374347687","0.08306868374347687"
"126639","0.11473820358514786","0.11473820358514786","0.11473820358514786"
"126670","0.0959768146276474","0.0959768146276474","0.0959768146276474"
"126671","0.07586215436458588","0.07586215436458588","0.07586215436458588"
"126685","0.0883522480726242","0.0883522480726242","0.0883522480726242"
"126695","0.0939958393573761","0.0939958393573761","0.0939958393573761"
"126705","0.07336701452732086","0.07336701452732086","0.07336701452732086"
"126714","0.07637453079223633","0.07637453079223633","0.07637453079223633"
"126719","0.07273580133914948","0.07273580133914948","0.07273580133914948"
"126732","0.08808130770921707","0.08808130770921707","0.08808130770921707"
"126745","0.09954559803009033","0.09954559803009033","0.09954559803009033"
"126792","0.10906799137592316","0.10906799137592316","0.10906799137592316"
"126884","0.08003604412078857","0.08003604412078857","0.08003604412078857"
"126886","0.08565158396959305","0.08565158396959305","0.08565158396959305"
"126960","0.07884153723716736","0.07884153723716736","0.07884153723716736"
"127076","0.08371871709823608","0.08371871709823608","0.08371871709823608"
"127130","0.08777987211942673","0.08777987211942673","0.08777987211942673"
"127136","0.10192107409238815","0.10192107409238815","0.10192107409238815"
"127138","0.09320041537284851","0.09320041537284851","0.09320041537284851"
"127209","0.11214002221822739","0.11214002221822739","0.11214002221822739"
"127255","0.1278361827135086","0.1278361827135086","0.1278361827135086"
"127274","0.0882585346698761","0.0882585346698761","0.0882585346698761"
"127311","0.07664429396390915","0.07664429396390915","0.07664429396390915"
"127326","0.09795587509870529","0.09795587509870529","0.09795587509870529"
"127335","0.11308764666318893","0.11308764666318893","0.11308764666318893"
"127367","0.09241971373558044","0.09241971373558044","0.09241971373558044"
"127378","0.07871820032596588","0.07871820032596588","0.07871820032596588"
"127404","0.08953018486499786","0.08953018486499786","0.08953018486499786"
"127421","0.07970528304576874","0.07970528304576874","0.07970528304576874"
"127422","0.08785251528024673","0.08785251528024673","0.08785251528024673"
"127443","0.08660367131233215","0.08660367131233215","0.08660367131233215"
"127457","0.09505273401737213","0.09505273401737213","0.09505273401737213"
"127482","0.08002546429634094","0.08002546429634094","0.08002546429634094"
"127501","0.08299468457698822","0.08299468457698822","0.08299468457698822"
"127511","0.07692640274763107","0.07692640274763107","0.07692640274763107"
"127518","0.09822776913642883","0.09822776913642883","0.09822776913642883"
"127534","0.07687465101480484","0.07687465101480484","0.07687465101480484"
"127535","0.07777111232280731","0.07777111232280731","0.07777111232280731"
"127541","0.11876340955495834","0.11876340955495834","0.11876340955495834"
"127598","0.09152500331401825","0.09152500331401825","0.09152500331401825"
"127599","0.1054249033331871","0.1054249033331871","0.1054249033331871"
"127620","0.09137198328971863","0.09137198328971863","0.09137198328971863"
"127641","0.11396604031324387","0.11396604031324387","0.11396604031324387"
"127649","0.08588118851184845","0.08588118851184845","0.08588118851184845"
"127675","0.08351251482963562","0.08351251482963562","0.08351251482963562"
"127695","0.09670190513134003","0.09670190513134003","0.09670190513134003"
"127730","0.08672657608985901","0.08672657608985901","0.08672657608985901"
"127739","0.08796381950378418","0.08796381950378418","0.08796381950378418"
"127807","0.09285669028759003","0.09285669028759003","0.09285669028759003"
"127811","0.10692185163497925","0.10692185163497925","0.10692185163497925"
"127863","0.09288161993026733","0.09288161993026733","0.09288161993026733"
"127912","0.08859343081712723","0.08859343081712723","0.08859343081712723"
"127929","0.08945129811763763","0.08945129811763763","0.08945129811763763"
"127930","0.10285124182701111","0.10285124182701111","0.10285124182701111"
"127931","0.09676520526409149","0.09676520526409149","0.09676520526409149"
"127949","0.09838841110467911","0.09838841110467911","0.09838841110467911"
"127960","0.09379024803638458","0.09379024803638458","0.09379024803638458"
"127963","0.11726410686969757","0.11726410686969757","0.11726410686969757"
"127969","0.0897199958562851","0.0897199958562851","0.0897199958562851"
"127987","0.09286710619926453","0.09286710619926453","0.09286710619926453"
"127997","0.09326983988285065","0.09326983988285065","0.09326983988285065"
"127999","0.09415468573570251","0.09415468573570251","0.09415468573570251"
"128065","0.08145859092473984","0.08145859092473984","0.08145859092473984"
"128071","0.08507244288921356","0.08507244288921356","0.08507244288921356"
"128084","0.08222520351409912","0.08222520351409912","0.08222520351409912"
"128129","0.09369654953479767","0.09369654953479767","0.09369654953479767"
"128158","0.08652250468730927","0.08652250468730927","0.08652250468730927"
"128160","0.09277255833148956","0.09277255833148956","0.09277255833148956"
"128205","0.08785681426525116","0.08785681426525116","0.08785681426525116"
"128209","0.09141465276479721","0.09141465276479721","0.09141465276479721"
"128251","0.09526757895946503","0.09526757895946503","0.09526757895946503"
"128255","0.07499309629201889","0.07499309629201889","0.07499309629201889"
"128326","0.100370854139328","0.100370854139328","0.100370854139328"
"128329","0.09356888383626938","0.09356888383626938","0.09356888383626938"
"128361","0.09663574397563934","0.09663574397563934","0.09663574397563934"
"128394","0.0907401368021965","0.0907401368021965","0.0907401368021965"
"128459","0.09253960102796555","0.09253960102796555","0.09253960102796555"
"128464","0.07383189350366592","0.07383189350366592","0.07383189350366592"
"128466","0.08986082673072815","0.08986082673072815","0.08986082673072815"
"128469","0.09009028971195221","0.09009028971195221","0.09009028971195221"
"128471","0.08582015335559845","0.08582015335559845","0.08582015335559845"
"128562","0.09715782850980759","0.09715782850980759","0.09715782850980759"
"128572","0.10052341967821121","0.10052341967821121","0.10052341967821121"
"128590","0.09970108419656754","0.09970108419656754","0.09970108419656754"
"128601","0.08901186287403107","0.08901186287403107","0.08901186287403107"
"128608","0.10776251554489136","0.10776251554489136","0.10776251554489136"
"128634","0.08855380117893219","0.08855380117893219","0.08855380117893219"
"128646","0.0788029283285141","0.0788029283285141","0.0788029283285141"
"128657","0.10593327134847641","0.10593327134847641","0.10593327134847641"
"128704","0.08423756062984467","0.08423756062984467","0.08423756062984467"
"128705","0.0820426419377327","0.0820426419377327","0.0820426419377327"
"128741","0.09081600606441498","0.09081600606441498","0.09081600606441498"
"128748","0.07471911609172821","0.07471911609172821","0.07471911609172821"
"128758","0.0827111080288887","0.0827111080288887","0.0827111080288887"
"128759","0.09088647365570068","0.09088647365570068","0.09088647365570068"
"128787","0.10351532697677612","0.10351532697677612","0.10351532697677612"
"128794","0.11136455833911896","0.11136455833911896","0.11136455833911896"
"128860","0.07840919494628906","0.07840919494628906","0.07840919494628906"
"128873","0.11494550853967667","0.11494550853967667","0.11494550853967667"
"128916","0.08561335504055023","0.08561335504055023","0.08561335504055023"
"128929","0.090084008872509","0.090084008872509","0.090084008872509"
"128931","0.08210383355617523","0.08210383355617523","0.08210383355617523"
"128938","0.11154474318027496","0.11154474318027496","0.11154474318027496"
"128948","0.09314658492803574","0.09314658492803574","0.09314658492803574"
"128949","0.08907860517501831","0.08907860517501831","0.08907860517501831"
"128988","0.10283034294843674","0.10283034294843674","0.10283034294843674"
"129016","0.07728004455566406","0.07728004455566406","0.07728004455566406"
"129045","0.09068287909030914","0.09068287909030914","0.09068287909030914"
"129101","0.0921684205532074","0.0921684205532074","0.0921684205532074"
"129103","0.10271849483251572","0.10271849483251572","0.10271849483251572"
"129111","0.07014842331409454","0.07014842331409454","0.07014842331409454"
"129121","0.09862937033176422","0.09862937033176422","0.09862937033176422"
"129169","0.09505793452262878","0.09505793452262878","0.09505793452262878"
"129244","0.07389777898788452","0.07389777898788452","0.07389777898788452"
"129259","0.08471918851137161","0.08471918851137161","0.08471918851137161"
"129280","0.09605944156646729","0.09605944156646729","0.09605944156646729"
"129371","0.11102601885795593","0.11102601885795593","0.11102601885795593"
"129379","0.10161294043064117","0.10161294043064117","0.10161294043064117"
"129458","0.08458966761827469","0.08458966761827469","0.08458966761827469"
"129460","0.0991862416267395","0.0991862416267395","0.0991862416267395"
"129473","0.09117553383111954","0.09117553383111954","0.09117553383111954"
"129504","0.08824372291564941","0.08824372291564941","0.08824372291564941"
"129505","0.07897748053073883","0.07897748053073883","0.07897748053073883"
"129532","0.07651449739933014","0.07651449739933014","0.07651449739933014"
"129588","0.07445812225341797","0.07445812225341797","0.07445812225341797"
"129622","0.09525348246097565","0.09525348246097565","0.09525348246097565"
"129641","0.09512093663215637","0.09512093663215637","0.09512093663215637"
"129662","0.08760200440883636","0.08760200440883636","0.08760200440883636"
"129687","0.07625801116228104","0.07625801116228104","0.07625801116228104"
"129737","0.07476412504911423","0.07476412504911423","0.07476412504911423"
"129745","0.08757445216178894","0.08757445216178894","0.08757445216178894"
"129798","0.0830593854188919","0.0830593854188919","0.0830593854188919"
"129818","0.08777527511119843","0.08777527511119843","0.08777527511119843"
"129842","0.09464512020349503","0.09464512020349503","0.09464512020349503"
"129856","0.08067634701728821","0.08067634701728821","0.08067634701728821"
"129868","0.09438769519329071","0.09438769519329071","0.09438769519329071"
"129876","0.07806062698364258","0.07806062698364258","0.07806062698364258"
"129890","0.08589012175798416","0.08589012175798416","0.08589012175798416"
"129959","0.09464229643344879","0.09464229643344879","0.09464229643344879"
"129991","0.09175847470760345","0.09175847470760345","0.09175847470760345"
"130031","0.0965861976146698","0.0965861976146698","0.0965861976146698"
"130075","0.08453662693500519","0.08453662693500519","0.08453662693500519"
"130098","0.11895984411239624","0.11895984411239624","0.11895984411239624"
"130104","0.08944620192050934","0.08944620192050934","0.08944620192050934"
"130108","0.08207669854164124","0.08207669854164124","0.08207669854164124"
"130114","0.08106780797243118","0.08106780797243118","0.08106780797243118"
"130220","0.0851573795080185","0.0851573795080185","0.0851573795080185"
"130222","0.10791521519422531","0.10791521519422531","0.10791521519422531"
"130224","0.10609686374664307","0.10609686374664307","0.10609686374664307"
"130272","0.08572961390018463","0.08572961390018463","0.08572961390018463"
"130302","0.08914217352867126","0.08914217352867126","0.08914217352867126"
"130406","0.09556516259908676","0.09556516259908676","0.09556516259908676"
"130483","0.08842239528894424","0.08842239528894424","0.08842239528894424"
"130498","0.10114715993404388","0.10114715993404388","0.10114715993404388"
"130520","0.09121565520763397","0.09121565520763397","0.09121565520763397"
"130527","0.08115993440151215","0.08115993440151215","0.08115993440151215"
"130531","0.10606859624385834","0.10606859624385834","0.10606859624385834"
"130538","0.09922441840171814","0.09922441840171814","0.09922441840171814"
"130595","0.09330634772777557","0.09330634772777557","0.09330634772777557"
"130602","0.09029557555913925","0.09029557555913925","0.09029557555913925"
"130629","0.07785509526729584","0.07785509526729584","0.07785509526729584"
"130630","0.09719499945640564","0.09719499945640564","0.09719499945640564"
"130659","0.08909547328948975","0.08909547328948975","0.08909547328948975"
"130731","0.07764139771461487","0.07764139771461487","0.07764139771461487"
"130760","0.09622880071401596","0.09622880071401596","0.09622880071401596"
"130802","0.1292133778333664","0.1292133778333664","0.1292133778333664"
"130828","0.10150650143623352","0.10150650143623352","0.10150650143623352"
"130874","0.10420750826597214","0.10420750826597214","0.10420750826597214"
"130880","0.09911665320396423","0.09911665320396423","0.09911665320396423"
"130887","0.09221267700195312","0.09221267700195312","0.09221267700195312"
"130922","0.09506319463253021","0.09506319463253021","0.09506319463253021"
"130944","0.10160218179225922","0.10160218179225922","0.10160218179225922"
"131011","0.08371065557003021","0.08371065557003021","0.08371065557003021"
"131018","0.08896009624004364","0.08896009624004364","0.08896009624004364"
"131023","0.09986604750156403","0.09986604750156403","0.09986604750156403"
"131024","0.09878244251012802","0.09878244251012802","0.09878244251012802"
"131041","0.10293115675449371","0.10293115675449371","0.10293115675449371"
"131058","0.08496895432472229","0.08496895432472229","0.08496895432472229"
"131076","0.09266816079616547","0.09266816079616547","0.09266816079616547"
"131085","0.09809251129627228","0.09809251129627228","0.09809251129627228"
"131136","0.09419119358062744","0.09419119358062744","0.09419119358062744"
"131147","0.088120236992836","0.088120236992836","0.088120236992836"
"131167","0.07656730711460114","0.07656730711460114","0.07656730711460114"
"131169","0.07476431876420975","0.07476431876420975","0.07476431876420975"
"131186","0.0818321704864502","0.0818321704864502","0.0818321704864502"
"131327","0.07506731152534485","0.07506731152534485","0.07506731152534485"
"131334","0.10053720325231552","0.10053720325231552","0.10053720325231552"
"131393","0.08866415917873383","0.08866415917873383","0.08866415917873383"
"131418","0.08051979541778564","0.08051979541778564","0.08051979541778564"
"131436","0.1066679060459137","0.1066679060459137","0.1066679060459137"
"131476","0.07015403360128403","0.07015403360128403","0.07015403360128403"
"131519","0.0836447924375534","0.0836447924375534","0.0836447924375534"
"131524","0.0954548716545105","0.0954548716545105","0.0954548716545105"
"131550","0.08572416752576828","0.08572416752576828","0.08572416752576828"
"131594","0.08731694519519806","0.08731694519519806","0.08731694519519806"
"131617","0.0853133574128151","0.0853133574128151","0.0853133574128151"
"131669","0.08633273839950562","0.08633273839950562","0.08633273839950562"
"131687","0.10112767666578293","0.10112767666578293","0.10112767666578293"
"131730","0.0781843364238739","0.0781843364238739","0.0781843364238739"
"131793","0.08130817860364914","0.08130817860364914","0.08130817860364914"
"131795","0.10180798172950745","0.10180798172950745","0.10180798172950745"
"131801","0.09557004272937775","0.09557004272937775","0.09557004272937775"
"131809","0.0872572809457779","0.0872572809457779","0.0872572809457779"
"131822","0.09597034752368927","0.09597034752368927","0.09597034752368927"
"131836","0.08412671089172363","0.08412671089172363","0.08412671089172363"
"131876","0.08497709035873413","0.08497709035873413","0.08497709035873413"
"131917","0.10183311253786087","0.10183311253786087","0.10183311253786087"
"131927","0.07683467119932175","0.07683467119932175","0.07683467119932175"
"131943","0.0894256979227066","0.0894256979227066","0.0894256979227066"
"132001","0.09311126172542572","0.09311126172542572","0.09311126172542572"
"132005","0.10363031923770905","0.10363031923770905","0.10363031923770905"
"132019","0.07790003716945648","0.07790003716945648","0.07790003716945648"
"132036","0.1000586524605751","0.1000586524605751","0.1000586524605751"
"132048","0.07803259789943695","0.07803259789943695","0.07803259789943695"
"132120","0.08683297038078308","0.08683297038078308","0.08683297038078308"
"132121","0.10919658839702606","0.10919658839702606","0.10919658839702606"
"132156","0.08724524080753326","0.08724524080753326","0.08724524080753326"
"132219","0.09588299691677094","0.09588299691677094","0.09588299691677094"
"132232","0.07900833338499069","0.07900833338499069","0.07900833338499069"
"132288","0.10567691922187805","0.10567691922187805","0.10567691922187805"
"132292","0.09238371253013611","0.09238371253013611","0.09238371253013611"
"132317","0.10904041677713394","0.10904041677713394","0.10904041677713394"
"132330","0.08438583463430405","0.08438583463430405","0.08438583463430405"
"132352","0.08351035416126251","0.08351035416126251","0.08351035416126251"
"132364","0.11188019067049026","0.11188019067049026","0.11188019067049026"
"132390","0.07867811620235443","0.07867811620235443","0.07867811620235443"
"132413","0.08486412465572357","0.08486412465572357","0.08486412465572357"
"132420","0.09970100224018097","0.09970100224018097","0.09970100224018097"
"132449","0.10562749207019806","0.10562749207019806","0.10562749207019806"
"132454","0.08781389892101288","0.08781389892101288","0.08781389892101288"
"132482","0.0903242826461792","0.0903242826461792","0.0903242826461792"
"132533","0.10007993131875992","0.10007993131875992","0.10007993131875992"
"132579","0.07992784678936005","0.07992784678936005","0.07992784678936005"
"132587","0.07745268195867538","0.07745268195867538","0.07745268195867538"
"132606","0.0779707208275795","0.0779707208275795","0.0779707208275795"
"132673","0.09103566408157349","0.09103566408157349","0.09103566408157349"
"132751","0.08246690034866333","0.08246690034866333","0.08246690034866333"
"132774","0.10026082396507263","0.10026082396507263","0.10026082396507263"
"132817","0.09682774543762207","0.09682774543762207","0.09682774543762207"
"132852","0.09956754744052887","0.09956754744052887","0.09956754744052887"
"132865","0.09643475711345673","0.09643475711345673","0.09643475711345673"
"132881","0.09884465485811234","0.09884465485811234","0.09884465485811234"
"132896","0.10402794927358627","0.10402794927358627","0.10402794927358627"
"132926","0.11424826830625534","0.11424826830625534","0.11424826830625534"
"132947","0.07670113444328308","0.07670113444328308","0.07670113444328308"
"132993","0.0815352201461792","0.0815352201461792","0.0815352201461792"
"133010","0.09377903491258621","0.09377903491258621","0.09377903491258621"
"133041","0.07440593838691711","0.07440593838691711","0.07440593838691711"
"133055","0.08410339057445526","0.08410339057445526","0.08410339057445526"
"133119","0.0858483612537384","0.0858483612537384","0.0858483612537384"
"133148","0.09696406126022339","0.09696406126022339","0.09696406126022339"
"133173","0.0915411114692688","0.0915411114692688","0.0915411114692688"
"133190","0.10750463604927063","0.10750463604927063","0.10750463604927063"
"133201","0.11140453070402145","0.11140453070402145","0.11140453070402145"
"133228","0.0923348218202591","0.0923348218202591","0.0923348218202591"
"133262","0.07169643044471741","0.07169643044471741","0.07169643044471741"
"133269","0.10632362216711044","0.10632362216711044","0.10632362216711044"
"133278","0.09470763802528381","0.09470763802528381","0.09470763802528381"
"133297","0.12149261683225632","0.12149261683225632","0.12149261683225632"
"133312","0.09343577921390533","0.09343577921390533","0.09343577921390533"
"133363","0.08415276557207108","0.08415276557207108","0.08415276557207108"
"133398","0.08000779151916504","0.08000779151916504","0.08000779151916504"
"133401","0.10248887538909912","0.10248887538909912","0.10248887538909912"
"133424","0.11141380667686462","0.11141380667686462","0.11141380667686462"
"133490","0.11282632499933243","0.11282632499933243","0.11282632499933243"
"133508","0.08837513625621796","0.08837513625621796","0.08837513625621796"
"133563","0.10532332956790924","0.10532332956790924","0.10532332956790924"
"133600","0.12056203931570053","0.12056203931570053","0.12056203931570053"
"133611","0.08079658448696136","0.08079658448696136","0.08079658448696136"
"133621","0.0936645120382309","0.0936645120382309","0.0936645120382309"
"133645","0.08172957599163055","0.08172957599163055","0.08172957599163055"
"133662","0.10967543721199036","0.10967543721199036","0.10967543721199036"
"133732","0.08541489392518997","0.08541489392518997","0.08541489392518997"
"133735","0.08010432869195938","0.08010432869195938","0.08010432869195938"
"133759","0.10944236814975739","0.10944236814975739","0.10944236814975739"
"133798","0.09527952969074249","0.09527952969074249","0.09527952969074249"
"133802","0.09933193027973175","0.09933193027973175","0.09933193027973175"
"133811","0.09836935251951218","0.09836935251951218","0.09836935251951218"
"133823","0.06798277050256729","0.06798277050256729","0.06798277050256729"
"133880","0.07514328509569168","0.07514328509569168","0.07514328509569168"
"133885","0.1141279935836792","0.1141279935836792","0.1141279935836792"
"133930","0.0752960667014122","0.0752960667014122","0.0752960667014122"
"133974","0.08010262250900269","0.08010262250900269","0.08010262250900269"
"134010","0.0828394815325737","0.0828394815325737","0.0828394815325737"
"134049","0.07698751986026764","0.07698751986026764","0.07698751986026764"
"134123","0.09235450625419617","0.09235450625419617","0.09235450625419617"
"134154","0.10512631386518478","0.10512631386518478","0.10512631386518478"
"134155","0.08924886584281921","0.08924886584281921","0.08924886584281921"
"134156","0.09156531095504761","0.09156531095504761","0.09156531095504761"
"134236","0.08637548983097076","0.08637548983097076","0.08637548983097076"
"134285","0.07981778681278229","0.07981778681278229","0.07981778681278229"
"134296","0.09870297461748123","0.09870297461748123","0.09870297461748123"
"134311","0.08541090041399002","0.08541090041399002","0.08541090041399002"
"134313","0.08595280349254608","0.08595280349254608","0.08595280349254608"
"134317","0.10117563605308533","0.10117563605308533","0.10117563605308533"
"134327","0.08012108504772186","0.08012108504772186","0.08012108504772186"
"134355","0.11035189032554626","0.11035189032554626","0.11035189032554626"
"134418","0.09177668392658234","0.09177668392658234","0.09177668392658234"
"134419","0.12151968479156494","0.12151968479156494","0.12151968479156494"
"134462","0.09774615615606308","0.09774615615606308","0.09774615615606308"
"134499","0.0762101262807846","0.0762101262807846","0.0762101262807846"
"134503","0.08113642781972885","0.08113642781972885","0.08113642781972885"
"134504","0.08839665353298187","0.08839665353298187","0.08839665353298187"
"134553","0.08645089715719223","0.08645089715719223","0.08645089715719223"
"134581","0.09285078197717667","0.09285078197717667","0.09285078197717667"
"134604","0.07677572965621948","0.07677572965621948","0.07677572965621948"
"134653","0.08738651126623154","0.08738651126623154","0.08738651126623154"
"134690","0.08625500649213791","0.08625500649213791","0.08625500649213791"
"134702","0.10659477859735489","0.10659477859735489","0.10659477859735489"
"134809","0.08956749737262726","0.08956749737262726","0.08956749737262726"
"134824","0.09260872006416321","0.09260872006416321","0.09260872006416321"
"134829","0.07804924249649048","0.07804924249649048","0.07804924249649048"
"134875","0.08104783296585083","0.08104783296585083","0.08104783296585083"
"134882","0.0853186547756195","0.0853186547756195","0.0853186547756195"
"134933","0.09965738654136658","0.09965738654136658","0.09965738654136658"
"134953","0.0839751660823822","0.0839751660823822","0.0839751660823822"
"134954","0.0886743888258934","0.0886743888258934","0.0886743888258934"
"134968","0.09218005836009979","0.09218005836009979","0.09218005836009979"
"134983","0.09013503789901733","0.09013503789901733","0.09013503789901733"
"134997","0.08743755519390106","0.08743755519390106","0.08743755519390106"
"135011","0.08840882778167725","0.08840882778167725","0.08840882778167725"
"135028","0.09189121425151825","0.09189121425151825","0.09189121425151825"
"135033","0.08177930116653442","0.08177930116653442","0.08177930116653442"
"135037","0.10907049477100372","0.10907049477100372","0.10907049477100372"
"135047","0.08625089377164841","0.08625089377164841","0.08625089377164841"
"135105","0.08165673911571503","0.08165673911571503","0.08165673911571503"
"135146","0.08530858159065247","0.08530858159065247","0.08530858159065247"
"135153","0.11011235415935516","0.11011235415935516","0.11011235415935516"
"135175","0.0812968760728836","0.0812968760728836","0.0812968760728836"
"135194","0.09293656051158905","0.09293656051158905","0.09293656051158905"
"135205","0.103682741522789","0.103682741522789","0.103682741522789"
"135309","0.09264415502548218","0.09264415502548218","0.09264415502548218"
"135338","0.09440591931343079","0.09440591931343079","0.09440591931343079"
"135365","0.08515294641256332","0.08515294641256332","0.08515294641256332"
"135389","0.07719075679779053","0.07719075679779053","0.07719075679779053"
"135400","0.08065522462129593","0.08065522462129593","0.08065522462129593"
"135442","0.09108003973960876","0.09108003973960876","0.09108003973960876"
"135506","0.09614576399326324","0.09614576399326324","0.09614576399326324"
"135539","0.08279547095298767","0.08279547095298767","0.08279547095298767"
"135574","0.09971848875284195","0.09971848875284195","0.09971848875284195"
"135612","0.10358208417892456","0.10358208417892456","0.10358208417892456"
"135648","0.09414295107126236","0.09414295107126236","0.09414295107126236"
"135687","0.07675367593765259","0.07675367593765259","0.07675367593765259"
"135739","0.09502051025629044","0.09502051025629044","0.09502051025629044"
"135755","0.06871306896209717","0.06871306896209717","0.06871306896209717"
"135788","0.10176724195480347","0.10176724195480347","0.10176724195480347"
"135859","0.07232321798801422","0.07232321798801422","0.07232321798801422"
"135961","0.08119808882474899","0.08119808882474899","0.08119808882474899"
"135992","0.11247888952493668","0.11247888952493668","0.11247888952493668"
"135993","0.08766229450702667","0.08766229450702667","0.08766229450702667"
"136006","0.0898483544588089","0.0898483544588089","0.0898483544588089"
"136015","0.09448868036270142","0.09448868036270142","0.09448868036270142"
"136044","0.10462035238742828","0.10462035238742828","0.10462035238742828"
"136046","0.09326772391796112","0.09326772391796112","0.09326772391796112"
"136054","0.0723751038312912","0.0723751038312912","0.0723751038312912"
"136067","0.08880794048309326","0.08880794048309326","0.08880794048309326"
"136162","0.10745469480752945","0.10745469480752945","0.10745469480752945"
"136169","0.08775404095649719","0.08775404095649719","0.08775404095649719"
"136186","0.08035820722579956","0.08035820722579956","0.08035820722579956"
"136199","0.07766546308994293","0.07766546308994293","0.07766546308994293"
"136216","0.09172357618808746","0.09172357618808746","0.09172357618808746"
"136220","0.08422878384590149","0.08422878384590149","0.08422878384590149"
"136224","0.09040874242782593","0.09040874242782593","0.09040874242782593"
"136225","0.11378968507051468","0.11378968507051468","0.11378968507051468"
"136256","0.07447026669979095","0.07447026669979095","0.07447026669979095"
"136274","0.08548934757709503","0.08548934757709503","0.08548934757709503"
"136295","0.10744021087884903","0.10744021087884903","0.10744021087884903"
"136316","0.08647645264863968","0.08647645264863968","0.08647645264863968"
"136355","0.07111198455095291","0.07111198455095291","0.07111198455095291"
"136485","0.08192948997020721","0.08192948997020721","0.08192948997020721"
"136504","0.08896008133888245","0.08896008133888245","0.08896008133888245"
"136551","0.07697045803070068","0.07697045803070068","0.07697045803070068"
"136558","0.09733821451663971","0.09733821451663971","0.09733821451663971"
"136570","0.08379071950912476","0.08379071950912476","0.08379071950912476"
"136578","0.09839440137147903","0.09839440137147903","0.09839440137147903"
"136580","0.08320166170597076","0.08320166170597076","0.08320166170597076"
"136592","0.10465959459543228","0.10465959459543228","0.10465959459543228"
"136606","0.08993364870548248","0.08993364870548248","0.08993364870548248"
"136641","0.08422863483428955","0.08422863483428955","0.08422863483428955"
"136642","0.08548428118228912","0.08548428118228912","0.08548428118228912"
"136662","0.09929949045181274","0.09929949045181274","0.09929949045181274"
"136686","0.10287941992282867","0.10287941992282867","0.10287941992282867"
"136709","0.08626934885978699","0.08626934885978699","0.08626934885978699"
"136734","0.09349946677684784","0.09349946677684784","0.09349946677684784"
"136762","0.09934325516223907","0.09934325516223907","0.09934325516223907"
"136770","0.09606049954891205","0.09606049954891205","0.09606049954891205"
"136791","0.10947227478027344","0.10947227478027344","0.10947227478027344"
"136796","0.09393401443958282","0.09393401443958282","0.09393401443958282"
"136814","0.09699894487857819","0.09699894487857819","0.09699894487857819"
"136837","0.11144174635410309","0.11144174635410309","0.11144174635410309"
"136894","0.08646731823682785","0.08646731823682785","0.08646731823682785"
"136960","0.09950058162212372","0.09950058162212372","0.09950058162212372"
"136962","0.10388451814651489","0.10388451814651489","0.10388451814651489"
"137003","0.06844398379325867","0.06844398379325867","0.06844398379325867"
"137022","0.10197719931602478","0.10197719931602478","0.10197719931602478"
"137025","0.07139568030834198","0.07139568030834198","0.07139568030834198"
"137047","0.09351369738578796","0.09351369738578796","0.09351369738578796"
"137092","0.11329309642314911","0.11329309642314911","0.11329309642314911"
"137125","0.08911940455436707","0.08911940455436707","0.08911940455436707"
"137130","0.09339287877082825","0.09339287877082825","0.09339287877082825"
"137153","0.0915113240480423","0.0915113240480423","0.0915113240480423"
"137168","0.08878691494464874","0.08878691494464874","0.08878691494464874"
"137178","0.07423891127109528","0.07423891127109528","0.07423891127109528"
"137202","0.10567012429237366","0.10567012429237366","0.10567012429237366"
"137209","0.08632618933916092","0.08632618933916092","0.08632618933916092"
"137233","0.07895195484161377","0.07895195484161377","0.07895195484161377"
"137254","0.10380498319864273","0.10380498319864273","0.10380498319864273"
"137260","0.10138658434152603","0.10138658434152603","0.10138658434152603"
"137333","0.10466599464416504","0.10466599464416504","0.10466599464416504"
"137383","0.08786128461360931","0.08786128461360931","0.08786128461360931"
"137418","0.07160505652427673","0.07160505652427673","0.07160505652427673"
"137446","0.09734655171632767","0.09734655171632767","0.09734655171632767"
"137453","0.09150558710098267","0.09150558710098267","0.09150558710098267"
"137482","0.10188205540180206","0.10188205540180206","0.10188205540180206"
"137485","0.09924495220184326","0.09924495220184326","0.09924495220184326"
"137487","0.08877885341644287","0.08877885341644287","0.08877885341644287"
"137490","0.1056949645280838","0.1056949645280838","0.1056949645280838"
"137497","0.09613142907619476","0.09613142907619476","0.09613142907619476"
"137543","0.08036838471889496","0.08036838471889496","0.08036838471889496"
"137553","0.10329379141330719","0.10329379141330719","0.10329379141330719"
"137578","0.09490476548671722","0.09490476548671722","0.09490476548671722"
"137602","0.09226209670305252","0.09226209670305252","0.09226209670305252"
"137606","0.08920817077159882","0.08920817077159882","0.08920817077159882"
"137611","0.10162808001041412","0.10162808001041412","0.10162808001041412"
"137632","0.09172576665878296","0.09172576665878296","0.09172576665878296"
"137655","0.08093240112066269","0.08093240112066269","0.08093240112066269"
"137676","0.10196954011917114","0.10196954011917114","0.10196954011917114"
"137692","0.08745965361595154","0.08745965361595154","0.08745965361595154"
"137732","0.09751904010772705","0.09751904010772705","0.09751904010772705"
"137785","0.09109394252300262","0.09109394252300262","0.09109394252300262"
"137793","0.12055385112762451","0.12055385112762451","0.12055385112762451"
"137810","0.08399057388305664","0.08399057388305664","0.08399057388305664"
"137836","0.08726741373538971","0.08726741373538971","0.08726741373538971"
"137859","0.08653135597705841","0.08653135597705841","0.08653135597705841"
"137869","0.08672086894512177","0.08672086894512177","0.08672086894512177"
"137910","0.11152138561010361","0.11152138561010361","0.11152138561010361"
"137919","0.09227588027715683","0.09227588027715683","0.09227588027715683"
"137925","0.10674120485782623","0.10674120485782623","0.10674120485782623"
"137937","0.09087081253528595","0.09087081253528595","0.09087081253528595"
"138020","0.07685878872871399","0.07685878872871399","0.07685878872871399"
"138043","0.07333102077245712","0.07333102077245712","0.07333102077245712"
"138048","0.08776536583900452","0.08776536583900452","0.08776536583900452"
"138084","0.07700881361961365","0.07700881361961365","0.07700881361961365"
"138108","0.08617058396339417","0.08617058396339417","0.08617058396339417"
"138136","0.08205818384885788","0.08205818384885788","0.08205818384885788"
"138213","0.07922965288162231","0.07922965288162231","0.07922965288162231"
"138232","0.08841603994369507","0.08841603994369507","0.08841603994369507"
"138238","0.10242390632629395","0.10242390632629395","0.10242390632629395"
"138259","0.08467922359704971","0.08467922359704971","0.08467922359704971"
"138285","0.09735133498907089","0.09735133498907089","0.09735133498907089"
"138296","0.10957895219326019","0.10957895219326019","0.10957895219326019"
"138379","0.1190827414393425","0.1190827414393425","0.1190827414393425"
"138399","0.08797797560691833","0.08797797560691833","0.08797797560691833"
"138406","0.08357022702693939","0.08357022702693939","0.08357022702693939"
"138448","0.07861045747995377","0.07861045747995377","0.07861045747995377"
"138480","0.08269256353378296","0.08269256353378296","0.08269256353378296"
"138486","0.08710740506649017","0.08710740506649017","0.08710740506649017"
"138489","0.08081541955471039","0.08081541955471039","0.08081541955471039"
"138503","0.10129503160715103","0.10129503160715103","0.10129503160715103"
"138525","0.08225412666797638","0.08225412666797638","0.08225412666797638"
"138532","0.09683655202388763","0.09683655202388763","0.09683655202388763"
"138561","0.09301361441612244","0.09301361441612244","0.09301361441612244"
"138583","0.10059510916471481","0.10059510916471481","0.10059510916471481"
"138615","0.1088157445192337","0.1088157445192337","0.1088157445192337"
"138655","0.08823281526565552","0.08823281526565552","0.08823281526565552"
"138663","0.08693639934062958","0.08693639934062958","0.08693639934062958"
"138688","0.08103132992982864","0.08103132992982864","0.08103132992982864"
"138705","0.07841174304485321","0.07841174304485321","0.07841174304485321"
"138734","0.10557737946510315","0.10557737946510315","0.10557737946510315"
"138739","0.07426808774471283","0.07426808774471283","0.07426808774471283"
"138762","0.08338209986686707","0.08338209986686707","0.08338209986686707"
"138823","0.09063749015331268","0.09063749015331268","0.09063749015331268"
"138871","0.11037576198577881","0.11037576198577881","0.11037576198577881"
"138937","0.10062651336193085","0.10062651336193085","0.10062651336193085"
"138945","0.08441764861345291","0.08441764861345291","0.08441764861345291"
"138958","0.0965929627418518","0.0965929627418518","0.0965929627418518"
"138996","0.10059568285942078","0.10059568285942078","0.10059568285942078"
"138997","0.08891542255878448","0.08891542255878448","0.08891542255878448"
"139036","0.08770934492349625","0.08770934492349625","0.08770934492349625"
"139057","0.07814614474773407","0.07814614474773407","0.07814614474773407"
"139063","0.12487675249576569","0.12487675249576569","0.12487675249576569"
"139069","0.1056685596704483","0.1056685596704483","0.1056685596704483"
"139097","0.07740460336208344","0.07740460336208344","0.07740460336208344"
"139121","0.13117314875125885","0.13117314875125885","0.13117314875125885"
"139236","0.1015525609254837","0.1015525609254837","0.1015525609254837"
"139279","0.08307922631502151","0.08307922631502151","0.08307922631502151"
"139281","0.10065672546625137","0.10065672546625137","0.10065672546625137"
"139299","0.09969867765903473","0.09969867765903473","0.09969867765903473"
"139339","0.088059201836586","0.088059201836586","0.088059201836586"
"139443","0.07994019985198975","0.07994019985198975","0.07994019985198975"
"139451","0.08768700808286667","0.08768700808286667","0.08768700808286667"
"139455","0.09467674046754837","0.09467674046754837","0.09467674046754837"
"139461","0.09016677737236023","0.09016677737236023","0.09016677737236023"
"139476","0.08867593109607697","0.08867593109607697","0.08867593109607697"
"139478","0.0837404653429985","0.0837404653429985","0.0837404653429985"
"139515","0.08017376065254211","0.08017376065254211","0.08017376065254211"
"139547","0.0974888801574707","0.0974888801574707","0.0974888801574707"
"139585","0.08245633542537689","0.08245633542537689","0.08245633542537689"
"139645","0.085903599858284","0.085903599858284","0.085903599858284"
"139653","0.09596525132656097","0.09596525132656097","0.09596525132656097"
"139660","0.10118019580841064","0.10118019580841064","0.10118019580841064"
"139675","0.08686847239732742","0.08686847239732742","0.08686847239732742"
"139695","0.08536635339260101","0.08536635339260101","0.08536635339260101"
"139703","0.10468273609876633","0.10468273609876633","0.10468273609876633"
"139729","0.10990135371685028","0.10990135371685028","0.10990135371685028"
"139742","0.09863732755184174","0.09863732755184174","0.09863732755184174"
"139752","0.085752472281456","0.085752472281456","0.085752472281456"
"139760","0.08678694069385529","0.08678694069385529","0.08678694069385529"
"139772","0.08382120728492737","0.08382120728492737","0.08382120728492737"
"139794","0.07678079605102539","0.07678079605102539","0.07678079605102539"
"139821","0.09294366836547852","0.09294366836547852","0.09294366836547852"
"139826","0.07014113664627075","0.07014113664627075","0.07014113664627075"
"139855","0.10450316965579987","0.10450316965579987","0.10450316965579987"
"139869","0.08862549811601639","0.08862549811601639","0.08862549811601639"
"139889","0.08768080174922943","0.08768080174922943","0.08768080174922943"
"139912","0.1133226528763771","0.1133226528763771","0.1133226528763771"
"139920","0.09772439301013947","0.09772439301013947","0.09772439301013947"
"139955","0.07294771075248718","0.07294771075248718","0.07294771075248718"
"139975","0.0819113701581955","0.0819113701581955","0.0819113701581955"
"139999","0.10379886627197266","0.10379886627197266","0.10379886627197266"
"140007","0.07980616390705109","0.07980616390705109","0.07980616390705109"
"140036","0.10566650331020355","0.10566650331020355","0.10566650331020355"
"140118","0.1145562082529068","0.1145562082529068","0.1145562082529068"
"140121","0.08502711355686188","0.08502711355686188","0.08502711355686188"
"140123","0.08311465382575989","0.08311465382575989","0.08311465382575989"
"140138","0.10401804745197296","0.10401804745197296","0.10401804745197296"
"140150","0.12748783826828003","0.12748783826828003","0.12748783826828003"
"140153","0.08164571225643158","0.08164571225643158","0.08164571225643158"
"140161","0.11366945505142212","0.11366945505142212","0.11366945505142212"
"140163","0.07781723141670227","0.07781723141670227","0.07781723141670227"
"140165","0.08406250178813934","0.08406250178813934","0.08406250178813934"
"140196","0.10743866860866547","0.10743866860866547","0.10743866860866547"
"140214","0.08226887881755829","0.08226887881755829","0.08226887881755829"
"140241","0.09407991170883179","0.09407991170883179","0.09407991170883179"
"140280","0.08100929856300354","0.08100929856300354","0.08100929856300354"
"140350","0.10451878607273102","0.10451878607273102","0.10451878607273102"
"140356","0.07907198369503021","0.07907198369503021","0.07907198369503021"
"140379","0.10377740114927292","0.10377740114927292","0.10377740114927292"
"140386","0.09794293344020844","0.09794293344020844","0.09794293344020844"
"140393","0.08147615194320679","0.08147615194320679","0.08147615194320679"
"140396","0.09433916211128235","0.09433916211128235","0.09433916211128235"
"140493","0.08728735148906708","0.08728735148906708","0.08728735148906708"
"140500","0.09973327815532684","0.09973327815532684","0.09973327815532684"
"140531","0.07886940985918045","0.07886940985918045","0.07886940985918045"
"140593","0.09654094278812408","0.09654094278812408","0.09654094278812408"
"140598","0.0899587869644165","0.0899587869644165","0.0899587869644165"
"140658","0.09373492002487183","0.09373492002487183","0.09373492002487183"
"140715","0.08112803846597672","0.08112803846597672","0.08112803846597672"
"140726","0.08148488402366638","0.08148488402366638","0.08148488402366638"
"140746","0.08798296749591827","0.08798296749591827","0.08798296749591827"
"140777","0.095234215259552","0.095234215259552","0.095234215259552"
"140785","0.07671113312244415","0.07671113312244415","0.07671113312244415"
"140797","0.08173878490924835","0.08173878490924835","0.08173878490924835"
"140824","0.1038423478603363","0.1038423478603363","0.1038423478603363"
"140830","0.09427058696746826","0.09427058696746826","0.09427058696746826"
"140837","0.08682508766651154","0.08682508766651154","0.08682508766651154"
"140926","0.08153633028268814","0.08153633028268814","0.08153633028268814"
"140939","0.09209633618593216","0.09209633618593216","0.09209633618593216"
"140968","0.09175273030996323","0.09175273030996323","0.09175273030996323"
"140984","0.08143939822912216","0.08143939822912216","0.08143939822912216"
"140989","0.07290299981832504","0.07290299981832504","0.07290299981832504"
"140993","0.09420182555913925","0.09420182555913925","0.09420182555913925"
"141018","0.09888297319412231","0.09888297319412231","0.09888297319412231"
"141053","0.10817589610815048","0.10817589610815048","0.10817589610815048"
"141093","0.09015963226556778","0.09015963226556778","0.09015963226556778"
"141102","0.09171350300312042","0.09171350300312042","0.09171350300312042"
"141164","0.08389969915151596","0.08389969915151596","0.08389969915151596"
"141166","0.09576338529586792","0.09576338529586792","0.09576338529586792"
"141191","0.10644377768039703","0.10644377768039703","0.10644377768039703"
"141207","0.1071384847164154","0.1071384847164154","0.1071384847164154"
"141217","0.07794653624296188","0.07794653624296188","0.07794653624296188"
"141220","0.10777294635772705","0.10777294635772705","0.10777294635772705"
"141235","0.09714697301387787","0.09714697301387787","0.09714697301387787"
"141271","0.09875370562076569","0.09875370562076569","0.09875370562076569"
"141307","0.08891153335571289","0.08891153335571289","0.08891153335571289"
"141347","0.08911608159542084","0.08911608159542084","0.08911608159542084"
"141380","0.1065794825553894","0.1065794825553894","0.1065794825553894"
"141436","0.10657073557376862","0.10657073557376862","0.10657073557376862"
"141437","0.08864292502403259","0.08864292502403259","0.08864292502403259"
"141438","0.0792359858751297","0.0792359858751297","0.0792359858751297"
"141490","0.10659565776586533","0.10659565776586533","0.10659565776586533"
"141491","0.07097236812114716","0.07097236812114716","0.07097236812114716"
"141496","0.08791480958461761","0.08791480958461761","0.08791480958461761"
"141510","0.08989729732275009","0.08989729732275009","0.08989729732275009"
"141539","0.07937291264533997","0.07937291264533997","0.07937291264533997"
"141551","0.09895758330821991","0.09895758330821991","0.09895758330821991"
"141557","0.0979456901550293","0.0979456901550293","0.0979456901550293"
"141559","0.09969804435968399","0.09969804435968399","0.09969804435968399"
"141571","0.09803421795368195","0.09803421795368195","0.09803421795368195"
"141582","0.09127162396907806","0.09127162396907806","0.09127162396907806"
"141589","0.07551933825016022","0.07551933825016022","0.07551933825016022"
"141632","0.10374914109706879","0.10374914109706879","0.10374914109706879"
"141640","0.0935552641749382","0.0935552641749382","0.0935552641749382"
"141660","0.08359859883785248","0.08359859883785248","0.08359859883785248"
"141691","0.08556850254535675","0.08556850254535675","0.08556850254535675"
"141699","0.08693180978298187","0.08693180978298187","0.08693180978298187"
"141720","0.0981835275888443","0.0981835275888443","0.0981835275888443"
"141726","0.08706586062908173","0.08706586062908173","0.08706586062908173"
"141730","0.09042996168136597","0.09042996168136597","0.09042996168136597"
"141775","0.09447281062602997","0.09447281062602997","0.09447281062602997"
"141798","0.07715491950511932","0.07715491950511932","0.07715491950511932"
"141848","0.1097760945558548","0.1097760945558548","0.1097760945558548"
"141853","0.08487240970134735","0.08487240970134735","0.08487240970134735"
"141860","0.06972219049930573","0.06972219049930573","0.06972219049930573"
"141861","0.08901510387659073","0.08901510387659073","0.08901510387659073"
"141900","0.07404027879238129","0.07404027879238129","0.07404027879238129"
"141929","0.09717798233032227","0.09717798233032227","0.09717798233032227"
"141950","0.09367907047271729","0.09367907047271729","0.09367907047271729"
"141951","0.08060415089130402","0.08060415089130402","0.08060415089130402"
"141959","0.08213604986667633","0.08213604986667633","0.08213604986667633"
"142010","0.09257128834724426","0.09257128834724426","0.09257128834724426"
"142016","0.08979616314172745","0.08979616314172745","0.08979616314172745"
"142022","0.09401629865169525","0.09401629865169525","0.09401629865169525"
"142036","0.1061931699514389","0.1061931699514389","0.1061931699514389"
"142037","0.07278157770633698","0.07278157770633698","0.07278157770633698"
"142055","0.0856601893901825","0.0856601893901825","0.0856601893901825"
"142117","0.07220436632633209","0.07220436632633209","0.07220436632633209"
"142169","0.10216885060071945","0.10216885060071945","0.10216885060071945"
"142210","0.08590328693389893","0.08590328693389893","0.08590328693389893"
"142244","0.10184134542942047","0.10184134542942047","0.10184134542942047"
"142265","0.08776737749576569","0.08776737749576569","0.08776737749576569"
"142321","0.08634928613901138","0.08634928613901138","0.08634928613901138"
"142353","0.09959031641483307","0.09959031641483307","0.09959031641483307"
"142382","0.07695300877094269","0.07695300877094269","0.07695300877094269"
"142437","0.09411478042602539","0.09411478042602539","0.09411478042602539"
"142505","0.07506290078163147","0.07506290078163147","0.07506290078163147"
"142535","0.10696345567703247","0.10696345567703247","0.10696345567703247"
"142547","0.08350833505392075","0.08350833505392075","0.08350833505392075"
"142554","0.10334436595439911","0.10334436595439911","0.10334436595439911"
"142625","0.09258416295051575","0.09258416295051575","0.09258416295051575"
"142631","0.08748923242092133","0.08748923242092133","0.08748923242092133"
"142647","0.08752220124006271","0.08752220124006271","0.08752220124006271"
"142660","0.10426552593708038","0.10426552593708038","0.10426552593708038"
"142719","0.08163498342037201","0.08163498342037201","0.08163498342037201"
"142732","0.08782343566417694","0.08782343566417694","0.08782343566417694"
"142757","0.10595203191041946","0.10595203191041946","0.10595203191041946"
"142810","0.07558623701334","0.07558623701334","0.07558623701334"
"142832","0.09325426816940308","0.09325426816940308","0.09325426816940308"
"142900","0.08518876135349274","0.08518876135349274","0.08518876135349274"
"142907","0.08155801892280579","0.08155801892280579","0.08155801892280579"
"142919","0.08994238078594208","0.08994238078594208","0.08994238078594208"
"142960","0.09202136099338531","0.09202136099338531","0.09202136099338531"
"142970","0.08676644414663315","0.08676644414663315","0.08676644414663315"
"142974","0.1013229638338089","0.1013229638338089","0.1013229638338089"
"142976","0.07569168508052826","0.07569168508052826","0.07569168508052826"
"143031","0.09687867760658264","0.09687867760658264","0.09687867760658264"
"143033","0.08113087713718414","0.08113087713718414","0.08113087713718414"
"143067","0.07317742705345154","0.07317742705345154","0.07317742705345154"
"143074","0.08251544833183289","0.08251544833183289","0.08251544833183289"
"143087","0.08545160293579102","0.08545160293579102","0.08545160293579102"
"143144","0.07733163237571716","0.07733163237571716","0.07733163237571716"
"143159","0.10026642680168152","0.10026642680168152","0.10026642680168152"
"143172","0.09845831990242004","0.09845831990242004","0.09845831990242004"
"143177","0.08719399571418762","0.08719399571418762","0.08719399571418762"
"143180","0.07529236376285553","0.07529236376285553","0.07529236376285553"
"143194","0.086604043841362","0.086604043841362","0.086604043841362"
"143239","0.0798351839184761","0.0798351839184761","0.0798351839184761"
"143256","0.10376162827014923","0.10376162827014923","0.10376162827014923"
"143303","0.10337428003549576","0.10337428003549576","0.10337428003549576"
"143319","0.09399518370628357","0.09399518370628357","0.09399518370628357"
"143335","0.07702115923166275","0.07702115923166275","0.07702115923166275"
"143344","0.07079309225082397","0.07079309225082397","0.07079309225082397"
"143475","0.08678041398525238","0.08678041398525238","0.08678041398525238"
"143514","0.09263131022453308","0.09263131022453308","0.09263131022453308"
"143586","0.0970497578382492","0.0970497578382492","0.0970497578382492"
"143599","0.09788691997528076","0.09788691997528076","0.09788691997528076"
"143638","0.09238678216934204","0.09238678216934204","0.09238678216934204"
"143640","0.09061479568481445","0.09061479568481445","0.09061479568481445"
"143649","0.1002458930015564","0.1002458930015564","0.1002458930015564"
"143667","0.06469924747943878","0.06469924747943878","0.06469924747943878"
"143678","0.09440837055444717","0.09440837055444717","0.09440837055444717"
"143683","0.0866623967885971","0.0866623967885971","0.0866623967885971"
"143692","0.0567295178771019","0.0567295178771019","0.0567295178771019"
"143694","0.12792399525642395","0.12792399525642395","0.12792399525642395"
"143747","0.10291997343301773","0.10291997343301773","0.10291997343301773"
"143757","0.08783067762851715","0.08783067762851715","0.08783067762851715"
"143776","0.08265668153762817","0.08265668153762817","0.08265668153762817"
"143828","0.11701084673404694","0.11701084673404694","0.11701084673404694"
"143849","0.10169617831707001","0.10169617831707001","0.10169617831707001"
"143850","0.07201455533504486","0.07201455533504486","0.07201455533504486"
"143918","0.07444038987159729","0.07444038987159729","0.07444038987159729"
"143942","0.08017869293689728","0.08017869293689728","0.08017869293689728"
"143952","0.09277848899364471","0.09277848899364471","0.09277848899364471"
"143961","0.09266215562820435","0.09266215562820435","0.09266215562820435"
"143971","0.08325710892677307","0.08325710892677307","0.08325710892677307"
"144013","0.08153526484966278","0.08153526484966278","0.08153526484966278"
"144015","0.07629141211509705","0.07629141211509705","0.07629141211509705"
"144016","0.0922149121761322","0.0922149121761322","0.0922149121761322"
"144030","0.08941628783941269","0.08941628783941269","0.08941628783941269"
"144046","0.0805242508649826","0.0805242508649826","0.0805242508649826"
"144050","0.09408657252788544","0.09408657252788544","0.09408657252788544"
"144131","0.08871880173683167","0.08871880173683167","0.08871880173683167"
"144140","0.0991908386349678","0.0991908386349678","0.0991908386349678"
"144146","0.08332521468400955","0.08332521468400955","0.08332521468400955"
"144150","0.07922911643981934","0.07922911643981934","0.07922911643981934"
"144161","0.10709276795387268","0.10709276795387268","0.10709276795387268"
"144162","0.08209951967000961","0.08209951967000961","0.08209951967000961"
"144196","0.09273398667573929","0.09273398667573929","0.09273398667573929"
"144213","0.08258779346942902","0.08258779346942902","0.08258779346942902"
"144262","0.08320993185043335","0.08320993185043335","0.08320993185043335"
"144302","0.08568892627954483","0.08568892627954483","0.08568892627954483"
"144303","0.08757232129573822","0.08757232129573822","0.08757232129573822"
"144316","0.08663146197795868","0.08663146197795868","0.08663146197795868"
"144362","0.07948863506317139","0.07948863506317139","0.07948863506317139"
"144411","0.09377162158489227","0.09377162158489227","0.09377162158489227"
"144446","0.07222878932952881","0.07222878932952881","0.07222878932952881"
"144488","0.08914172649383545","0.08914172649383545","0.08914172649383545"
"144494","0.0767042487859726","0.0767042487859726","0.0767042487859726"
"144512","0.09167521446943283","0.09167521446943283","0.09167521446943283"
"144518","0.09352272003889084","0.09352272003889084","0.09352272003889084"
"144534","0.08701750636100769","0.08701750636100769","0.08701750636100769"
"144574","0.09501352161169052","0.09501352161169052","0.09501352161169052"
"144616","0.10202836245298386","0.10202836245298386","0.10202836245298386"
"144623","0.08905813097953796","0.08905813097953796","0.08905813097953796"
"144630","0.09577451646327972","0.09577451646327972","0.09577451646327972"
"144633","0.08707670867443085","0.08707670867443085","0.08707670867443085"
"144650","0.10734332352876663","0.10734332352876663","0.10734332352876663"
"144680","0.09952083975076675","0.09952083975076675","0.09952083975076675"
"144683","0.08868751674890518","0.08868751674890518","0.08868751674890518"
"144691","0.07288312911987305","0.07288312911987305","0.07288312911987305"
"144734","0.10046498477458954","0.10046498477458954","0.10046498477458954"
"144736","0.09524276852607727","0.09524276852607727","0.09524276852607727"
"144743","0.08525379002094269","0.08525379002094269","0.08525379002094269"
"144748","0.08702791482210159","0.08702791482210159","0.08702791482210159"
"144769","0.08910325169563293","0.08910325169563293","0.08910325169563293"
"144802","0.09694010764360428","0.09694010764360428","0.09694010764360428"
"144814","0.09256626665592194","0.09256626665592194","0.09256626665592194"
"144859","0.08656372129917145","0.08656372129917145","0.08656372129917145"
"144869","0.07597347348928452","0.07597347348928452","0.07597347348928452"
"144874","0.0917186439037323","0.0917186439037323","0.0917186439037323"
"144891","0.09484308958053589","0.09484308958053589","0.09484308958053589"
"144941","0.11453000456094742","0.11453000456094742","0.11453000456094742"
"144996","0.10208097100257874","0.10208097100257874","0.10208097100257874"
"145003","0.08715521544218063","0.08715521544218063","0.08715521544218063"
"145007","0.11182758957147598","0.11182758957147598","0.11182758957147598"
"145009","0.10290562361478806","0.10290562361478806","0.10290562361478806"
"145014","0.08991788327693939","0.08991788327693939","0.08991788327693939"
"145020","0.08603528887033463","0.08603528887033463","0.08603528887033463"
"145035","0.08919540047645569","0.08919540047645569","0.08919540047645569"
"145076","0.08302298933267593","0.08302298933267593","0.08302298933267593"
"145095","0.10285041481256485","0.10285041481256485","0.10285041481256485"
"145096","0.0875982940196991","0.0875982940196991","0.0875982940196991"
"145105","0.07624975591897964","0.07624975591897964","0.07624975591897964"
"145114","0.10903353989124298","0.10903353989124298","0.10903353989124298"
"145125","0.09521453827619553","0.09521453827619553","0.09521453827619553"
"145130","0.07815848290920258","0.07815848290920258","0.07815848290920258"
"145149","0.09897081553936005","0.09897081553936005","0.09897081553936005"
"145157","0.07364675402641296","0.07364675402641296","0.07364675402641296"
"145171","0.08649623394012451","0.08649623394012451","0.08649623394012451"
"145176","0.10163465142250061","0.10163465142250061","0.10163465142250061"
"145205","0.1004120260477066","0.1004120260477066","0.1004120260477066"
"145226","0.07838324457406998","0.07838324457406998","0.07838324457406998"
"145301","0.11214084178209305","0.11214084178209305","0.11214084178209305"
"145361","0.09395535290241241","0.09395535290241241","0.09395535290241241"
"145402","0.09276875853538513","0.09276875853538513","0.09276875853538513"
"145446","0.10015891492366791","0.10015891492366791","0.10015891492366791"
"145448","0.08338181674480438","0.08338181674480438","0.08338181674480438"
"145474","0.10137475281953812","0.10137475281953812","0.10137475281953812"
"145528","0.08909350633621216","0.08909350633621216","0.08909350633621216"
"145542","0.09700869768857956","0.09700869768857956","0.09700869768857956"
"145548","0.0920383632183075","0.0920383632183075","0.0920383632183075"
"145561","0.0746283233165741","0.0746283233165741","0.0746283233165741"
"145589","0.09534710645675659","0.09534710645675659","0.09534710645675659"
"145590","0.0897011086344719","0.0897011086344719","0.0897011086344719"
"145593","0.08752787113189697","0.08752787113189697","0.08752787113189697"
"145598","0.08383427560329437","0.08383427560329437","0.08383427560329437"
"145599","0.08129692077636719","0.08129692077636719","0.08129692077636719"
"145624","0.07888828217983246","0.07888828217983246","0.07888828217983246"
"145625","0.10129748284816742","0.10129748284816742","0.10129748284816742"
"145636","0.08424963057041168","0.08424963057041168","0.08424963057041168"
"145658","0.08873683214187622","0.08873683214187622","0.08873683214187622"
"145679","0.09310673922300339","0.09310673922300339","0.09310673922300339"
"145687","0.08791912347078323","0.08791912347078323","0.08791912347078323"
"145730","0.08709107339382172","0.08709107339382172","0.08709107339382172"
"145800","0.09009036421775818","0.09009036421775818","0.09009036421775818"
"145806","0.0851164236664772","0.0851164236664772","0.0851164236664772"
"145838","0.08288167417049408","0.08288167417049408","0.08288167417049408"
"145851","0.08136346936225891","0.08136346936225891","0.08136346936225891"
"145852","0.10371533781290054","0.10371533781290054","0.10371533781290054"
"145882","0.09143007546663284","0.09143007546663284","0.09143007546663284"
"145935","0.09745907038450241","0.09745907038450241","0.09745907038450241"
"145943","0.086210697889328","0.086210697889328","0.086210697889328"
"145952","0.09209940582513809","0.09209940582513809","0.09209940582513809"
"145962","0.10293979942798615","0.10293979942798615","0.10293979942798615"
"145987","0.0757889449596405","0.0757889449596405","0.0757889449596405"
"146019","0.11026382446289062","0.11026382446289062","0.11026382446289062"
"146059","0.09833408147096634","0.09833408147096634","0.09833408147096634"
"146061","0.08516921103000641","0.08516921103000641","0.08516921103000641"
"146095","0.09030382335186005","0.09030382335186005","0.09030382335186005"
"146116","0.10422419756650925","0.10422419756650925","0.10422419756650925"
"146121","0.07265139371156693","0.07265139371156693","0.07265139371156693"
"146122","0.08790293335914612","0.08790293335914612","0.08790293335914612"
"146127","0.09763213992118835","0.09763213992118835","0.09763213992118835"
"146129","0.09507192671298981","0.09507192671298981","0.09507192671298981"
"146140","0.09468788653612137","0.09468788653612137","0.09468788653612137"
"146162","0.08803048729896545","0.08803048729896545","0.08803048729896545"
"146168","0.07609692215919495","0.07609692215919495","0.07609692215919495"
"146169","0.09046421945095062","0.09046421945095062","0.09046421945095062"
"146172","0.08743733167648315","0.08743733167648315","0.08743733167648315"
"146199","0.09574994444847107","0.09574994444847107","0.09574994444847107"
"146281","0.07959873974323273","0.07959873974323273","0.07959873974323273"
"146311","0.07902693003416061","0.07902693003416061","0.07902693003416061"
"146336","0.10787028074264526","0.10787028074264526","0.10787028074264526"
"146374","0.078793004155159","0.078793004155159","0.078793004155159"
"146382","0.09441109001636505","0.09441109001636505","0.09441109001636505"
"146387","0.09920795261859894","0.09920795261859894","0.09920795261859894"
"146414","0.09783916920423508","0.09783916920423508","0.09783916920423508"
"146429","0.10185699164867401","0.10185699164867401","0.10185699164867401"
"146447","0.09717752784490585","0.09717752784490585","0.09717752784490585"
"146448","0.09108144044876099","0.09108144044876099","0.09108144044876099"
"146458","0.08719128370285034","0.08719128370285034","0.08719128370285034"
"146466","0.07468713819980621","0.07468713819980621","0.07468713819980621"
"146500","0.0953558087348938","0.0953558087348938","0.0953558087348938"
"146503","0.0758962407708168","0.0758962407708168","0.0758962407708168"
"146525","0.0860782265663147","0.0860782265663147","0.0860782265663147"
"146552","0.09022219479084015","0.09022219479084015","0.09022219479084015"
"146557","0.09073255211114883","0.09073255211114883","0.09073255211114883"
"146586","0.08168962597846985","0.08168962597846985","0.08168962597846985"
"146628","0.08757199347019196","0.08757199347019196","0.08757199347019196"
"146639","0.08096152544021606","0.08096152544021606","0.08096152544021606"
"146652","0.07507462799549103","0.07507462799549103","0.07507462799549103"
"146700","0.09550123661756516","0.09550123661756516","0.09550123661756516"
"146743","0.0835735946893692","0.0835735946893692","0.0835735946893692"
"146752","0.07854056358337402","0.07854056358337402","0.07854056358337402"
"146776","0.10512675344944","0.10512675344944","0.10512675344944"
"146795","0.09203802794218063","0.09203802794218063","0.09203802794218063"
"146832","0.08009308576583862","0.08009308576583862","0.08009308576583862"
"146836","0.09615370631217957","0.09615370631217957","0.09615370631217957"
"146874","0.06983184814453125","0.06983184814453125","0.06983184814453125"
"146887","0.09312079846858978","0.09312079846858978","0.09312079846858978"
"146983","0.08195912837982178","0.08195912837982178","0.08195912837982178"
"146988","0.08996674418449402","0.08996674418449402","0.08996674418449402"
"147060","0.07992030680179596","0.07992030680179596","0.07992030680179596"
"147071","0.0854894146323204","0.0854894146323204","0.0854894146323204"
"147104","0.09558595716953278","0.09558595716953278","0.09558595716953278"
"147114","0.08558699488639832","0.08558699488639832","0.08558699488639832"
"147138","0.08831444382667542","0.08831444382667542","0.08831444382667542"
"147170","0.0853562206029892","0.0853562206029892","0.0853562206029892"
"147172","0.09514302015304565","0.09514302015304565","0.09514302015304565"
"147200","0.0917111411690712","0.0917111411690712","0.0917111411690712"
"147214","0.09541723132133484","0.09541723132133484","0.09541723132133484"
"147285","0.10323701798915863","0.10323701798915863","0.10323701798915863"
"147339","0.10694374889135361","0.10694374889135361","0.10694374889135361"
"147344","0.11568085104227066","0.11568085104227066","0.11568085104227066"
"147348","0.09135651588439941","0.09135651588439941","0.09135651588439941"
"147350","0.07842729240655899","0.07842729240655899","0.07842729240655899"
"147352","0.10287998616695404","0.10287998616695404","0.10287998616695404"
"147413","0.06871475279331207","0.06871475279331207","0.06871475279331207"
"147417","0.06375002861022949","0.06375002861022949","0.06375002861022949"
"147421","0.08015944063663483","0.08015944063663483","0.08015944063663483"
"147441","0.09948527812957764","0.09948527812957764","0.09948527812957764"
"147462","0.09488137066364288","0.09488137066364288","0.09488137066364288"
"147496","0.09920305758714676","0.09920305758714676","0.09920305758714676"
"147530","0.0813274085521698","0.0813274085521698","0.0813274085521698"
"147531","0.08781588822603226","0.08781588822603226","0.08781588822603226"
"147532","0.07536514848470688","0.07536514848470688","0.07536514848470688"
"147561","0.10162035375833511","0.10162035375833511","0.10162035375833511"
"147579","0.08262892812490463","0.08262892812490463","0.08262892812490463"
"147581","0.08588673174381256","0.08588673174381256","0.08588673174381256"
"147589","0.10027876496315002","0.10027876496315002","0.10027876496315002"
"147602","0.09600993990898132","0.09600993990898132","0.09600993990898132"
"147657","0.08879302442073822","0.08879302442073822","0.08879302442073822"
"147676","0.10798222571611404","0.10798222571611404","0.10798222571611404"
"147681","0.08449001610279083","0.08449001610279083","0.08449001610279083"
"147693","0.07977733761072159","0.07977733761072159","0.07977733761072159"
"147731","0.08962231874465942","0.08962231874465942","0.08962231874465942"
"147742","0.08779217302799225","0.08779217302799225","0.08779217302799225"
"147816","0.08451860398054123","0.08451860398054123","0.08451860398054123"
"147826","0.09922631084918976","0.09922631084918976","0.09922631084918976"
"147839","0.09351728856563568","0.09351728856563568","0.09351728856563568"
"147845","0.07461173832416534","0.07461173832416534","0.07461173832416534"
"147852","0.09757862985134125","0.09757862985134125","0.09757862985134125"
"147878","0.07091531902551651","0.07091531902551651","0.07091531902551651"
"147890","0.07951155304908752","0.07951155304908752","0.07951155304908752"
"147900","0.08895277231931686","0.08895277231931686","0.08895277231931686"
"147921","0.1122080385684967","0.1122080385684967","0.1122080385684967"
"147970","0.09397899359464645","0.09397899359464645","0.09397899359464645"
"148008","0.08727492392063141","0.08727492392063141","0.08727492392063141"
"148039","0.08776730298995972","0.08776730298995972","0.08776730298995972"
"148077","0.08481906354427338","0.08481906354427338","0.08481906354427338"
"148087","0.09099598973989487","0.09099598973989487","0.09099598973989487"
"148120","0.07672685384750366","0.07672685384750366","0.07672685384750366"
"148150","0.1034487634897232","0.1034487634897232","0.1034487634897232"
"148153","0.08453862369060516","0.08453862369060516","0.08453862369060516"
"148158","0.092009037733078","0.092009037733078","0.092009037733078"
"148174","0.09175974130630493","0.09175974130630493","0.09175974130630493"
"148206","0.08478037267923355","0.08478037267923355","0.08478037267923355"
"148216","0.07948555052280426","0.07948555052280426","0.07948555052280426"
"148222","0.08598782122135162","0.08598782122135162","0.08598782122135162"
"148245","0.09574717283248901","0.09574717283248901","0.09574717283248901"
"148248","0.09673517942428589","0.09673517942428589","0.09673517942428589"
"148256","0.09099636226892471","0.09099636226892471","0.09099636226892471"
"148312","0.07646283507347107","0.07646283507347107","0.07646283507347107"
"148336","0.08810488134622574","0.08810488134622574","0.08810488134622574"
"148380","0.08825251460075378","0.08825251460075378","0.08825251460075378"
"148386","0.08443583548069","0.08443583548069","0.08443583548069"
"148431","0.07248345017433167","0.07248345017433167","0.07248345017433167"
"148437","0.09443823993206024","0.09443823993206024","0.09443823993206024"
"148452","0.09160152822732925","0.09160152822732925","0.09160152822732925"
"148503","0.08458174765110016","0.08458174765110016","0.08458174765110016"
"148534","0.08514095097780228","0.08514095097780228","0.08514095097780228"
"148552","0.09987328946590424","0.09987328946590424","0.09987328946590424"
"148572","0.10146310180425644","0.10146310180425644","0.10146310180425644"
"148575","0.09674666821956635","0.09674666821956635","0.09674666821956635"
"148591","0.09502646327018738","0.09502646327018738","0.09502646327018738"
"148597","0.10057757049798965","0.10057757049798965","0.10057757049798965"
"148612","0.07984192669391632","0.07984192669391632","0.07984192669391632"
"148614","0.07264558970928192","0.07264558970928192","0.07264558970928192"
"148628","0.06806817650794983","0.06806817650794983","0.06806817650794983"
"148632","0.09107030928134918","0.09107030928134918","0.09107030928134918"
"148640","0.09185916185379028","0.09185916185379028","0.09185916185379028"
"148644","0.09084786474704742","0.09084786474704742","0.09084786474704742"
"148649","0.10023775696754456","0.10023775696754456","0.10023775696754456"
"148671","0.0924498587846756","0.0924498587846756","0.0924498587846756"
"148692","0.08331277966499329","0.08331277966499329","0.08331277966499329"
"148702","0.10063070058822632","0.10063070058822632","0.10063070058822632"
"148729","0.08833807706832886","0.08833807706832886","0.08833807706832886"
"148733","0.0900338739156723","0.0900338739156723","0.0900338739156723"
"148758","0.09653782844543457","0.09653782844543457","0.09653782844543457"
"148760","0.08637784421443939","0.08637784421443939","0.08637784421443939"
"148768","0.1008640006184578","0.1008640006184578","0.1008640006184578"
"148783","0.0785774439573288","0.0785774439573288","0.0785774439573288"
"148904","0.10808916389942169","0.10808916389942169","0.10808916389942169"
"148914","0.07254421710968018","0.07254421710968018","0.07254421710968018"
"148923","0.09120114147663116","0.09120114147663116","0.09120114147663116"
"148955","0.0976417064666748","0.0976417064666748","0.0976417064666748"
"149017","0.08697940409183502","0.08697940409183502","0.08697940409183502"
"149023","0.08044908940792084","0.08044908940792084","0.08044908940792084"
"149060","0.10174015164375305","0.10174015164375305","0.10174015164375305"
"149093","0.11586572229862213","0.11586572229862213","0.11586572229862213"
"149217","0.0976753681898117","0.0976753681898117","0.0976753681898117"
"149228","0.10858584940433502","0.10858584940433502","0.10858584940433502"
"149249","0.0889262855052948","0.0889262855052948","0.0889262855052948"
"149255","0.08869878947734833","0.08869878947734833","0.08869878947734833"
"149256","0.1069888174533844","0.1069888174533844","0.1069888174533844"
"149258","0.09386590123176575","0.09386590123176575","0.09386590123176575"
"149283","0.08347435295581818","0.08347435295581818","0.08347435295581818"
"149293","0.08085422217845917","0.08085422217845917","0.08085422217845917"
"149306","0.08151526749134064","0.08151526749134064","0.08151526749134064"
"149325","0.09057541936635971","0.09057541936635971","0.09057541936635971"
"149327","0.07047764956951141","0.07047764956951141","0.07047764956951141"
"149328","0.08253304660320282","0.08253304660320282","0.08253304660320282"
"149338","0.10890012979507446","0.10890012979507446","0.10890012979507446"
"149353","0.09560813009738922","0.09560813009738922","0.09560813009738922"
"149375","0.09742602705955505","0.09742602705955505","0.09742602705955505"
"149376","0.09303858131170273","0.09303858131170273","0.09303858131170273"
"149386","0.09864597022533417","0.09864597022533417","0.09864597022533417"
"149422","0.09463265538215637","0.09463265538215637","0.09463265538215637"
"149436","0.09779784828424454","0.09779784828424454","0.09779784828424454"
"149483","0.07819147408008575","0.07819147408008575","0.07819147408008575"
"149493","0.08617068827152252","0.08617068827152252","0.08617068827152252"
"149522","0.08434854447841644","0.08434854447841644","0.08434854447841644"
"149563","0.08057919144630432","0.08057919144630432","0.08057919144630432"
"149584","0.08253335952758789","0.08253335952758789","0.08253335952758789"
"149643","0.09422673285007477","0.09422673285007477","0.09422673285007477"
"149659","0.08766770362854004","0.08766770362854004","0.08766770362854004"
"149698","0.11322785913944244","0.11322785913944244","0.11322785913944244"
"149724","0.09885534644126892","0.09885534644126892","0.09885534644126892"
"149769","0.08441543579101562","0.08441543579101562","0.08441543579101562"
"149789","0.09016908705234528","0.09016908705234528","0.09016908705234528"
"149811","0.08547498285770416","0.08547498285770416","0.08547498285770416"
"149828","0.09930483996868134","0.09930483996868134","0.09930483996868134"
"149862","0.06594573706388474","0.06594573706388474","0.06594573706388474"
"149867","0.08775385469198227","0.08775385469198227","0.08775385469198227"
"149899","0.08148365467786789","0.08148365467786789","0.08148365467786789"
"149946","0.08313159644603729","0.08313159644603729","0.08313159644603729"
"149999","0.0999535322189331","0.0999535322189331","0.0999535322189331"
"150017","0.08417454361915588","0.08417454361915588","0.08417454361915588"
"150042","0.08593045175075531","0.08593045175075531","0.08593045175075531"
"150052","0.07918975502252579","0.07918975502252579","0.07918975502252579"
"150083","0.09397217631340027","0.09397217631340027","0.09397217631340027"
"150095","0.07394130527973175","0.07394130527973175","0.07394130527973175"
"150108","0.08376647531986237","0.08376647531986237","0.08376647531986237"
"150165","0.09396453201770782","0.09396453201770782","0.09396453201770782"
"150187","0.09307648986577988","0.09307648986577988","0.09307648986577988"
"150191","0.07870042324066162","0.07870042324066162","0.07870042324066162"
"150198","0.1061210110783577","0.1061210110783577","0.1061210110783577"
"150213","0.10274404287338257","0.10274404287338257","0.10274404287338257"
"150225","0.07188208401203156","0.07188208401203156","0.07188208401203156"
"150259","0.09177640080451965","0.09177640080451965","0.09177640080451965"
"150261","0.07568801939487457","0.07568801939487457","0.07568801939487457"
"150323","0.09473992884159088","0.09473992884159088","0.09473992884159088"
"150338","0.09050369262695312","0.09050369262695312","0.09050369262695312"
"150352","0.114706851541996","0.114706851541996","0.114706851541996"
"150365","0.10548346489667892","0.10548346489667892","0.10548346489667892"
"150413","0.07559103518724442","0.07559103518724442","0.07559103518724442"
"150420","0.08012685179710388","0.08012685179710388","0.08012685179710388"
"150433","0.08369632065296173","0.08369632065296173","0.08369632065296173"
"150435","0.08107131719589233","0.08107131719589233","0.08107131719589233"
"150446","0.08529698848724365","0.08529698848724365","0.08529698848724365"
"150449","0.08903531730175018","0.08903531730175018","0.08903531730175018"
"150464","0.10521531105041504","0.10521531105041504","0.10521531105041504"
"150478","0.087827168405056","0.087827168405056","0.087827168405056"
"150511","0.07889984548091888","0.07889984548091888","0.07889984548091888"
"150526","0.08159199357032776","0.08159199357032776","0.08159199357032776"
"150538","0.08045518398284912","0.08045518398284912","0.08045518398284912"
"150554","0.07537064701318741","0.07537064701318741","0.07537064701318741"
"150559","0.09027164429426193","0.09027164429426193","0.09027164429426193"
"150560","0.06989212334156036","0.06989212334156036","0.06989212334156036"
"150584","0.10979865491390228","0.10979865491390228","0.10979865491390228"
"150625","0.08880295604467392","0.08880295604467392","0.08880295604467392"
"150637","0.1017509400844574","0.1017509400844574","0.1017509400844574"
"150649","0.08303207904100418","0.08303207904100418","0.08303207904100418"
"150659","0.10488513857126236","0.10488513857126236","0.10488513857126236"
"150679","0.09650962054729462","0.09650962054729462","0.09650962054729462"
"150722","0.06677906215190887","0.06677906215190887","0.06677906215190887"
"150807","0.08052453398704529","0.08052453398704529","0.08052453398704529"
"150822","0.09324756264686584","0.09324756264686584","0.09324756264686584"
"150840","0.09493067860603333","0.09493067860603333","0.09493067860603333"
"150842","0.09282512962818146","0.09282512962818146","0.09282512962818146"
"150852","0.06993323564529419","0.06993323564529419","0.06993323564529419"
"150865","0.09965673089027405","0.09965673089027405","0.09965673089027405"
"150894","0.10727958381175995","0.10727958381175995","0.10727958381175995"
"150913","0.08886174857616425","0.08886174857616425","0.08886174857616425"
"150917","0.0975562185049057","0.0975562185049057","0.0975562185049057"
"150929","0.07188485562801361","0.07188485562801361","0.07188485562801361"
"150930","0.08945252001285553","0.08945252001285553","0.08945252001285553"
"150954","0.10192616283893585","0.10192616283893585","0.10192616283893585"
"150994","0.1057765781879425","0.1057765781879425","0.1057765781879425"
"151006","0.08622924983501434","0.08622924983501434","0.08622924983501434"
"151034","0.11097574234008789","0.11097574234008789","0.11097574234008789"
"151045","0.07747352123260498","0.07747352123260498","0.07747352123260498"
"151052","0.08605647832155228","0.08605647832155228","0.08605647832155228"
"151078","0.08785231411457062","0.08785231411457062","0.08785231411457062"
"151113","0.08642028272151947","0.08642028272151947","0.08642028272151947"
"151115","0.10544450581073761","0.10544450581073761","0.10544450581073761"
"151127","0.08506439626216888","0.08506439626216888","0.08506439626216888"
"151172","0.08696919679641724","0.08696919679641724","0.08696919679641724"
"151191","0.08383138477802277","0.08383138477802277","0.08383138477802277"
"151201","0.09423896670341492","0.09423896670341492","0.09423896670341492"
"151202","0.08057637512683868","0.08057637512683868","0.08057637512683868"
"151204","0.0856078714132309","0.0856078714132309","0.0856078714132309"
"151225","0.11371497809886932","0.11371497809886932","0.11371497809886932"
"151229","0.1087569147348404","0.1087569147348404","0.1087569147348404"
"151247","0.08305785059928894","0.08305785059928894","0.08305785059928894"
"151255","0.08837464451789856","0.08837464451789856","0.08837464451789856"
"151271","0.10051590949296951","0.10051590949296951","0.10051590949296951"
"151325","0.10156078636646271","0.10156078636646271","0.10156078636646271"
"151332","0.10626731067895889","0.10626731067895889","0.10626731067895889"
"151368","0.08332931250333786","0.08332931250333786","0.08332931250333786"
"151386","0.09850357472896576","0.09850357472896576","0.09850357472896576"
"151389","0.09959862381219864","0.09959862381219864","0.09959862381219864"
"151392","0.09306658804416656","0.09306658804416656","0.09306658804416656"
"151410","0.09770209342241287","0.09770209342241287","0.09770209342241287"
"151429","0.08642350882291794","0.08642350882291794","0.08642350882291794"
"151457","0.07482936233282089","0.07482936233282089","0.07482936233282089"
"151500","0.08763660490512848","0.08763660490512848","0.08763660490512848"
"151506","0.10975731164216995","0.10975731164216995","0.10975731164216995"
"151511","0.08676518499851227","0.08676518499851227","0.08676518499851227"
"151536","0.09677217900753021","0.09677217900753021","0.09677217900753021"
"151539","0.08485111594200134","0.08485111594200134","0.08485111594200134"
"151556","0.09212217479944229","0.09212217479944229","0.09212217479944229"
"151562","0.09066221863031387","0.09066221863031387","0.09066221863031387"
"151564","0.08575272560119629","0.08575272560119629","0.08575272560119629"
"151565","0.09302102029323578","0.09302102029323578","0.09302102029323578"
"151603","0.08288829773664474","0.08288829773664474","0.08288829773664474"
"151636","0.10347474366426468","0.10347474366426468","0.10347474366426468"
"151678","0.0952702984213829","0.0952702984213829","0.0952702984213829"
"151681","0.09760485589504242","0.09760485589504242","0.09760485589504242"
"151733","0.08307693898677826","0.08307693898677826","0.08307693898677826"
"151734","0.09524790942668915","0.09524790942668915","0.09524790942668915"
"151773","0.09361429512500763","0.09361429512500763","0.09361429512500763"
"151816","0.07889491319656372","0.07889491319656372","0.07889491319656372"
"151886","0.08290192484855652","0.08290192484855652","0.08290192484855652"
"151902","0.07083038240671158","0.07083038240671158","0.07083038240671158"
"151911","0.10179349035024643","0.10179349035024643","0.10179349035024643"
"151934","0.06906575709581375","0.06906575709581375","0.06906575709581375"
"151949","0.0848945826292038","0.0848945826292038","0.0848945826292038"
"151983","0.07887886464595795","0.07887886464595795","0.07887886464595795"
"151989","0.09299533069133759","0.09299533069133759","0.09299533069133759"
"151991","0.10161404311656952","0.10161404311656952","0.10161404311656952"
"151993","0.10817480087280273","0.10817480087280273","0.10817480087280273"
"152005","0.08067981153726578","0.08067981153726578","0.08067981153726578"
"152007","0.07734861969947815","0.07734861969947815","0.07734861969947815"
"152010","0.088105708360672","0.088105708360672","0.088105708360672"
"152033","0.09828208386898041","0.09828208386898041","0.09828208386898041"
"152034","0.08621232211589813","0.08621232211589813","0.08621232211589813"
"152069","0.10673630237579346","0.10673630237579346","0.10673630237579346"
"152081","0.09382166713476181","0.09382166713476181","0.09382166713476181"
"152131","0.08896574378013611","0.08896574378013611","0.08896574378013611"
"152222","0.09665365517139435","0.09665365517139435","0.09665365517139435"
"152251","0.09333015233278275","0.09333015233278275","0.09333015233278275"
"152285","0.10138172656297684","0.10138172656297684","0.10138172656297684"
"152288","0.09887552261352539","0.09887552261352539","0.09887552261352539"
"152308","0.09277728199958801","0.09277728199958801","0.09277728199958801"
"152345","0.06626924127340317","0.06626924127340317","0.06626924127340317"
"152375","0.09525340795516968","0.09525340795516968","0.09525340795516968"
"152394","0.08755270391702652","0.08755270391702652","0.08755270391702652"
"152426","0.09610958397388458","0.09610958397388458","0.09610958397388458"
"152491","0.08653402328491211","0.08653402328491211","0.08653402328491211"
"152499","0.06973988562822342","0.06973988562822342","0.06973988562822342"
"152511","0.08402182161808014","0.08402182161808014","0.08402182161808014"
"152597","0.08784604072570801","0.08784604072570801","0.08784604072570801"
"152640","0.08033648133277893","0.08033648133277893","0.08033648133277893"
"152687","0.08023429661989212","0.08023429661989212","0.08023429661989212"
"152702","0.09333574771881104","0.09333574771881104","0.09333574771881104"
"152763","0.10124841332435608","0.10124841332435608","0.10124841332435608"
"152776","0.09177254140377045","0.09177254140377045","0.09177254140377045"
"152784","0.08794473111629486","0.08794473111629486","0.08794473111629486"
"152825","0.08590385317802429","0.08590385317802429","0.08590385317802429"
"152861","0.08821143209934235","0.08821143209934235","0.08821143209934235"
"152865","0.09702997654676437","0.09702997654676437","0.09702997654676437"
"152866","0.0722341388463974","0.0722341388463974","0.0722341388463974"
"152869","0.08611081540584564","0.08611081540584564","0.08611081540584564"
"152901","0.09015919268131256","0.09015919268131256","0.09015919268131256"
"152909","0.08668570220470428","0.08668570220470428","0.08668570220470428"
"152912","0.08633153885602951","0.08633153885602951","0.08633153885602951"
"152921","0.07864919304847717","0.07864919304847717","0.07864919304847717"
"152939","0.09573926031589508","0.09573926031589508","0.09573926031589508"
"152948","0.10047389566898346","0.10047389566898346","0.10047389566898346"
"152952","0.09102045744657516","0.09102045744657516","0.09102045744657516"
"152981","0.07866635918617249","0.07866635918617249","0.07866635918617249"
"153015","0.09737813472747803","0.09737813472747803","0.09737813472747803"
"153027","0.08264555037021637","0.08264555037021637","0.08264555037021637"
"153063","0.08937938511371613","0.08937938511371613","0.08937938511371613"
"153097","0.0693279281258583","0.0693279281258583","0.0693279281258583"
"153098","0.0943678468465805","0.0943678468465805","0.0943678468465805"
"153110","0.07517120242118835","0.07517120242118835","0.07517120242118835"
"153145","0.06977041810750961","0.06977041810750961","0.06977041810750961"
"153168","0.10768022388219833","0.10768022388219833","0.10768022388219833"
"153192","0.11139338463544846","0.11139338463544846","0.11139338463544846"
"153195","0.07869663834571838","0.07869663834571838","0.07869663834571838"
"153208","0.09847648441791534","0.09847648441791534","0.09847648441791534"
"153224","0.07507219910621643","0.07507219910621643","0.07507219910621643"
"153290","0.08792771399021149","0.08792771399021149","0.08792771399021149"
"153293","0.08689485490322113","0.08689485490322113","0.08689485490322113"
"153296","0.07476210594177246","0.07476210594177246","0.07476210594177246"
"153308","0.07476484775543213","0.07476484775543213","0.07476484775543213"
"153333","0.08103702962398529","0.08103702962398529","0.08103702962398529"
"153338","0.09851256012916565","0.09851256012916565","0.09851256012916565"
"153365","0.08855482935905457","0.08855482935905457","0.08855482935905457"
"153416","0.10983197391033173","0.10983197391033173","0.10983197391033173"
"153430","0.08034975826740265","0.08034975826740265","0.08034975826740265"
"153477","0.08184179663658142","0.08184179663658142","0.08184179663658142"
"153507","0.0894024670124054","0.0894024670124054","0.0894024670124054"
"153527","0.09650148451328278","0.09650148451328278","0.09650148451328278"
"153542","0.101374551653862","0.101374551653862","0.101374551653862"
"153593","0.10217505693435669","0.10217505693435669","0.10217505693435669"
"153603","0.09585925936698914","0.09585925936698914","0.09585925936698914"
"153615","0.08622021973133087","0.08622021973133087","0.08622021973133087"
"153648","0.0910576730966568","0.0910576730966568","0.0910576730966568"
"153652","0.08852054178714752","0.08852054178714752","0.08852054178714752"
"153660","0.09437558054924011","0.09437558054924011","0.09437558054924011"
"153692","0.08546832203865051","0.08546832203865051","0.08546832203865051"
"153728","0.08012322336435318","0.08012322336435318","0.08012322336435318"
"153754","0.09423387050628662","0.09423387050628662","0.09423387050628662"
"153758","0.08079715073108673","0.08079715073108673","0.08079715073108673"
"153760","0.09845814108848572","0.09845814108848572","0.09845814108848572"
"153769","0.09796707332134247","0.09796707332134247","0.09796707332134247"
"153779","0.09113897383213043","0.09113897383213043","0.09113897383213043"
"153820","0.08565346896648407","0.08565346896648407","0.08565346896648407"
"153824","0.08726297318935394","0.08726297318935394","0.08726297318935394"
"153836","0.09691483527421951","0.09691483527421951","0.09691483527421951"
"153868","0.0738997831940651","0.0738997831940651","0.0738997831940651"
"153874","0.09668036550283432","0.09668036550283432","0.09668036550283432"
"153897","0.06008683890104294","0.06008683890104294","0.06008683890104294"
"153955","0.08821567893028259","0.08821567893028259","0.08821567893028259"
"154005","0.08270484954118729","0.08270484954118729","0.08270484954118729"
"154043","0.08169616013765335","0.08169616013765335","0.08169616013765335"
"154048","0.06133101135492325","0.06133101135492325","0.06133101135492325"
"154102","0.08463549613952637","0.08463549613952637","0.08463549613952637"
"154132","0.06662456691265106","0.06662456691265106","0.06662456691265106"
"154166","0.08354933559894562","0.08354933559894562","0.08354933559894562"
"154170","0.09484438598155975","0.09484438598155975","0.09484438598155975"
"154181","0.1195804700255394","0.1195804700255394","0.1195804700255394"
"154192","0.08150170743465424","0.08150170743465424","0.08150170743465424"
"154239","0.09056621044874191","0.09056621044874191","0.09056621044874191"
"154244","0.08723814785480499","0.08723814785480499","0.08723814785480499"
"154278","0.09005235135555267","0.09005235135555267","0.09005235135555267"
"154279","0.10157060623168945","0.10157060623168945","0.10157060623168945"
"154295","0.08603663742542267","0.08603663742542267","0.08603663742542267"
"154299","0.08415760844945908","0.08415760844945908","0.08415760844945908"
"154373","0.11004605889320374","0.11004605889320374","0.11004605889320374"
"154374","0.09999838471412659","0.09999838471412659","0.09999838471412659"
"154411","0.09547697007656097","0.09547697007656097","0.09547697007656097"
"154412","0.0716552883386612","0.0716552883386612","0.0716552883386612"
"154424","0.08377617597579956","0.08377617597579956","0.08377617597579956"
"154441","0.0909438207745552","0.0909438207745552","0.0909438207745552"
"154445","0.10493457317352295","0.10493457317352295","0.10493457317352295"
"154458","0.0935361236333847","0.0935361236333847","0.0935361236333847"
"154497","0.07933729887008667","0.07933729887008667","0.07933729887008667"
"154542","0.08856351673603058","0.08856351673603058","0.08856351673603058"
"154551","0.08151040226221085","0.08151040226221085","0.08151040226221085"
"154557","0.08728368580341339","0.08728368580341339","0.08728368580341339"
"154570","0.08189178258180618","0.08189178258180618","0.08189178258180618"
"154610","0.09382160007953644","0.09382160007953644","0.09382160007953644"
"154631","0.08962084352970123","0.08962084352970123","0.08962084352970123"
"154658","0.08614860475063324","0.08614860475063324","0.08614860475063324"
"154683","0.1013767272233963","0.1013767272233963","0.1013767272233963"
"154711","0.09631028771400452","0.09631028771400452","0.09631028771400452"
"154721","0.07963426411151886","0.07963426411151886","0.07963426411151886"
"154726","0.11520600318908691","0.11520600318908691","0.11520600318908691"
"154747","0.09142425656318665","0.09142425656318665","0.09142425656318665"
"154799","0.08884713053703308","0.08884713053703308","0.08884713053703308"
"154800","0.0913938507437706","0.0913938507437706","0.0913938507437706"
"154837","0.08031466603279114","0.08031466603279114","0.08031466603279114"
"154865","0.10516836494207382","0.10516836494207382","0.10516836494207382"
"154878","0.09031751751899719","0.09031751751899719","0.09031751751899719"
"154919","0.0806955024600029","0.0806955024600029","0.0806955024600029"
"154925","0.11039398610591888","0.11039398610591888","0.11039398610591888"
"154969","0.0824635922908783","0.0824635922908783","0.0824635922908783"
"154987","0.11250556260347366","0.11250556260347366","0.11250556260347366"
"155043","0.11168652772903442","0.11168652772903442","0.11168652772903442"
"155091","0.08453422039747238","0.08453422039747238","0.08453422039747238"
"155130","0.10680914670228958","0.10680914670228958","0.10680914670228958"
"155141","0.0789853185415268","0.0789853185415268","0.0789853185415268"
"155225","0.08933277428150177","0.08933277428150177","0.08933277428150177"
"155240","0.08290846645832062","0.08290846645832062","0.08290846645832062"
"155262","0.08596958220005035","0.08596958220005035","0.08596958220005035"
"155281","0.09601850062608719","0.09601850062608719","0.09601850062608719"
"155296","0.10457098484039307","0.10457098484039307","0.10457098484039307"
"155297","0.0789341926574707","0.0789341926574707","0.0789341926574707"
"155321","0.09240671992301941","0.09240671992301941","0.09240671992301941"
"155329","0.08200682699680328","0.08200682699680328","0.08200682699680328"
"155334","0.08464191854000092","0.08464191854000092","0.08464191854000092"
"155345","0.08806866407394409","0.08806866407394409","0.08806866407394409"
"155404","0.09282109141349792","0.09282109141349792","0.09282109141349792"
"155443","0.098456010222435","0.098456010222435","0.098456010222435"
"155466","0.09446220099925995","0.09446220099925995","0.09446220099925995"
"155480","0.07988514006137848","0.07988514006137848","0.07988514006137848"
"155505","0.10116095840930939","0.10116095840930939","0.10116095840930939"
"155513","0.07482665777206421","0.07482665777206421","0.07482665777206421"
"155610","0.09301736950874329","0.09301736950874329","0.09301736950874329"
"155621","0.10940554738044739","0.10940554738044739","0.10940554738044739"
"155653","0.10593661665916443","0.10593661665916443","0.10593661665916443"
"155678","0.10737259685993195","0.10737259685993195","0.10737259685993195"
"155734","0.08962143957614899","0.08962143957614899","0.08962143957614899"
"155739","0.0897197425365448","0.0897197425365448","0.0897197425365448"
"155754","0.08061036467552185","0.08061036467552185","0.08061036467552185"
"155841","0.10272181034088135","0.10272181034088135","0.10272181034088135"
"155843","0.10902850329875946","0.10902850329875946","0.10902850329875946"
"155875","0.09333240240812302","0.09333240240812302","0.09333240240812302"
"155914","0.10631687939167023","0.10631687939167023","0.10631687939167023"
"155938","0.09944809973239899","0.09944809973239899","0.09944809973239899"
"155961","0.08679907023906708","0.08679907023906708","0.08679907023906708"
"155992","0.10657405853271484","0.10657405853271484","0.10657405853271484"
"156012","0.09534987807273865","0.09534987807273865","0.09534987807273865"
"156050","0.09910967946052551","0.09910967946052551","0.09910967946052551"
"156057","0.0843767374753952","0.0843767374753952","0.0843767374753952"
"156082","0.07710295915603638","0.07710295915603638","0.07710295915603638"
"156101","0.09409421682357788","0.09409421682357788","0.09409421682357788"
"156119","0.10273340344429016","0.10273340344429016","0.10273340344429016"
"156170","0.07307393103837967","0.07307393103837967","0.07307393103837967"
"156177","0.10107723623514175","0.10107723623514175","0.10107723623514175"
"156192","0.07326585054397583","0.07326585054397583","0.07326585054397583"
"156208","0.09151504933834076","0.09151504933834076","0.09151504933834076"
"156216","0.09707826375961304","0.09707826375961304","0.09707826375961304"
"156259","0.10602377355098724","0.10602377355098724","0.10602377355098724"
"156284","0.07676173746585846","0.07676173746585846","0.07676173746585846"
"156287","0.08704018592834473","0.08704018592834473","0.08704018592834473"
"156313","0.08549478650093079","0.08549478650093079","0.08549478650093079"
"156329","0.08045502007007599","0.08045502007007599","0.08045502007007599"
"156348","0.09973177313804626","0.09973177313804626","0.09973177313804626"
"156365","0.10168349742889404","0.10168349742889404","0.10168349742889404"
"156377","0.0880211889743805","0.0880211889743805","0.0880211889743805"
"156413","0.09307591617107391","0.09307591617107391","0.09307591617107391"
"156434","0.09866055846214294","0.09866055846214294","0.09866055846214294"
"156460","0.0926278680562973","0.0926278680562973","0.0926278680562973"
"156469","0.08985446393489838","0.08985446393489838","0.08985446393489838"
"156493","0.0843731164932251","0.0843731164932251","0.0843731164932251"
"156495","0.08977555483579636","0.08977555483579636","0.08977555483579636"
"156497","0.07133495807647705","0.07133495807647705","0.07133495807647705"
"156499","0.11153420060873032","0.11153420060873032","0.11153420060873032"
"156526","0.08668996393680573","0.08668996393680573","0.08668996393680573"
"156543","0.07507702708244324","0.07507702708244324","0.07507702708244324"
"156566","0.0674210637807846","0.0674210637807846","0.0674210637807846"
"156571","0.09382615983486176","0.09382615983486176","0.09382615983486176"
"156630","0.07322054356336594","0.07322054356336594","0.07322054356336594"
"156679","0.08344513922929764","0.08344513922929764","0.08344513922929764"
"156693","0.06843656301498413","0.06843656301498413","0.06843656301498413"
"156697","0.09357576072216034","0.09357576072216034","0.09357576072216034"
"156703","0.08532068878412247","0.08532068878412247","0.08532068878412247"
"156704","0.11967626959085464","0.11967626959085464","0.11967626959085464"
"156793","0.06788065284490585","0.06788065284490585","0.06788065284490585"
"156804","0.08753307163715363","0.08753307163715363","0.08753307163715363"
"156819","0.10942311584949493","0.10942311584949493","0.10942311584949493"
"156832","0.08133765310049057","0.08133765310049057","0.08133765310049057"
"156839","0.08487994968891144","0.08487994968891144","0.08487994968891144"
"156876","0.08931033313274384","0.08931033313274384","0.08931033313274384"
"156891","0.10437971353530884","0.10437971353530884","0.10437971353530884"
"156907","0.10255233943462372","0.10255233943462372","0.10255233943462372"
"156912","0.09646306931972504","0.09646306931972504","0.09646306931972504"
"156934","0.07639799267053604","0.07639799267053604","0.07639799267053604"
"156938","0.090908482670784","0.090908482670784","0.090908482670784"
"156951","0.09223348647356033","0.09223348647356033","0.09223348647356033"
"156954","0.09187331795692444","0.09187331795692444","0.09187331795692444"
"157020","0.089830681681633","0.089830681681633","0.089830681681633"
"157041","0.10019674897193909","0.10019674897193909","0.10019674897193909"
"157086","0.08100677281618118","0.08100677281618118","0.08100677281618118"
"157091","0.07356418669223785","0.07356418669223785","0.07356418669223785"
"157122","0.08354522287845612","0.08354522287845612","0.08354522287845612"
"157243","0.09268209338188171","0.09268209338188171","0.09268209338188171"
"157322","0.1123754009604454","0.1123754009604454","0.1123754009604454"
"157372","0.0929156094789505","0.0929156094789505","0.0929156094789505"
"157403","0.08149777352809906","0.08149777352809906","0.08149777352809906"
"157406","0.08858022093772888","0.08858022093772888","0.08858022093772888"
"157443","0.07761634141206741","0.07761634141206741","0.07761634141206741"
"157459","0.07912544906139374","0.07912544906139374","0.07912544906139374"
"157501","0.0855705738067627","0.0855705738067627","0.0855705738067627"
"157533","0.07961238920688629","0.07961238920688629","0.07961238920688629"
"157543","0.07209150493144989","0.07209150493144989","0.07209150493144989"
"157554","0.08332749456167221","0.08332749456167221","0.08332749456167221"
"157632","0.10114862024784088","0.10114862024784088","0.10114862024784088"
"157658","0.08843517303466797","0.08843517303466797","0.08843517303466797"
"157661","0.08471377193927765","0.08471377193927765","0.08471377193927765"
"157702","0.08892211318016052","0.08892211318016052","0.08892211318016052"
"157723","0.08071021735668182","0.08071021735668182","0.08071021735668182"
"157734","0.09856463968753815","0.09856463968753815","0.09856463968753815"
"157741","0.08340185135602951","0.08340185135602951","0.08340185135602951"
"157763","0.09960018843412399","0.09960018843412399","0.09960018843412399"
"157800","0.07269389927387238","0.07269389927387238","0.07269389927387238"
"157817","0.09740683436393738","0.09740683436393738","0.09740683436393738"
"157819","0.10414795577526093","0.10414795577526093","0.10414795577526093"
"157900","0.10506721585988998","0.10506721585988998","0.10506721585988998"
"157912","0.11235759407281876","0.11235759407281876","0.11235759407281876"
"157934","0.0810549408197403","0.0810549408197403","0.0810549408197403"
"157940","0.06602118909358978","0.06602118909358978","0.06602118909358978"
"157942","0.10137113183736801","0.10137113183736801","0.10137113183736801"
"157964","0.08846068382263184","0.08846068382263184","0.08846068382263184"
"157986","0.09929464012384415","0.09929464012384415","0.09929464012384415"
"157996","0.09320077300071716","0.09320077300071716","0.09320077300071716"
"158002","0.08466601371765137","0.08466601371765137","0.08466601371765137"
"158026","0.0847591906785965","0.0847591906785965","0.0847591906785965"
"158096","0.09624308347702026","0.09624308347702026","0.09624308347702026"
"158141","0.08125609159469604","0.08125609159469604","0.08125609159469604"
"158188","0.09064142405986786","0.09064142405986786","0.09064142405986786"
"158189","0.11512850970029831","0.11512850970029831","0.11512850970029831"
"158190","0.0909702405333519","0.0909702405333519","0.0909702405333519"
"158193","0.08656034618616104","0.08656034618616104","0.08656034618616104"
"158227","0.0934922844171524","0.0934922844171524","0.0934922844171524"
"158249","0.09465143084526062","0.09465143084526062","0.09465143084526062"
"158258","0.08988536149263382","0.08988536149263382","0.08988536149263382"
"158279","0.09892137348651886","0.09892137348651886","0.09892137348651886"
"158284","0.09441010653972626","0.09441010653972626","0.09441010653972626"
"158336","0.10093321651220322","0.10093321651220322","0.10093321651220322"
"158368","0.08308784663677216","0.08308784663677216","0.08308784663677216"
"158388","0.08628278970718384","0.08628278970718384","0.08628278970718384"
"158424","0.09094555675983429","0.09094555675983429","0.09094555675983429"
"158429","0.08121547102928162","0.08121547102928162","0.08121547102928162"
"158495","0.07314316928386688","0.07314316928386688","0.07314316928386688"
"158501","0.09152540564537048","0.09152540564537048","0.09152540564537048"
"158529","0.0903550535440445","0.0903550535440445","0.0903550535440445"
"158553","0.08796775341033936","0.08796775341033936","0.08796775341033936"
"158574","0.08727553486824036","0.08727553486824036","0.08727553486824036"
"158610","0.08838076889514923","0.08838076889514923","0.08838076889514923"
"158624","0.08768503367900848","0.08768503367900848","0.08768503367900848"
"158647","0.09705212712287903","0.09705212712287903","0.09705212712287903"
"158681","0.10128811001777649","0.10128811001777649","0.10128811001777649"
"158714","0.08207620680332184","0.08207620680332184","0.08207620680332184"
"158828","0.07927066087722778","0.07927066087722778","0.07927066087722778"
"158860","0.08810459077358246","0.08810459077358246","0.08810459077358246"
"158889","0.10693401098251343","0.10693401098251343","0.10693401098251343"
"158933","0.10381900519132614","0.10381900519132614","0.10381900519132614"
"158939","0.0975404754281044","0.0975404754281044","0.0975404754281044"
"158965","0.07004711776971817","0.07004711776971817","0.07004711776971817"
"158989","0.07507028430700302","0.07507028430700302","0.07507028430700302"
"158994","0.08253858983516693","0.08253858983516693","0.08253858983516693"
"159034","0.08743061125278473","0.08743061125278473","0.08743061125278473"
"159073","0.10237424075603485","0.10237424075603485","0.10237424075603485"
"159088","0.08747775852680206","0.08747775852680206","0.08747775852680206"
"159101","0.12189673632383347","0.12189673632383347","0.12189673632383347"
"159128","0.07710561901330948","0.07710561901330948","0.07710561901330948"
"159157","0.0767023116350174","0.0767023116350174","0.0767023116350174"
"159166","0.10213281214237213","0.10213281214237213","0.10213281214237213"
"159197","0.08331422507762909","0.08331422507762909","0.08331422507762909"
"159217","0.08800038695335388","0.08800038695335388","0.08800038695335388"
"159226","0.10024438798427582","0.10024438798427582","0.10024438798427582"
"159231","0.08350805193185806","0.08350805193185806","0.08350805193185806"
"159283","0.07962267100811005","0.07962267100811005","0.07962267100811005"
"159285","0.08022154867649078","0.08022154867649078","0.08022154867649078"
"159288","0.10594144463539124","0.10594144463539124","0.10594144463539124"
"159298","0.09179456532001495","0.09179456532001495","0.09179456532001495"
"159311","0.07900118827819824","0.07900118827819824","0.07900118827819824"
"159331","0.08434236794710159","0.08434236794710159","0.08434236794710159"
"159377","0.07500671595335007","0.07500671595335007","0.07500671595335007"
"159382","0.09661924839019775","0.09661924839019775","0.09661924839019775"
"159395","0.09062041342258453","0.09062041342258453","0.09062041342258453"
"159403","0.09561476111412048","0.09561476111412048","0.09561476111412048"
"159455","0.0928080677986145","0.0928080677986145","0.0928080677986145"
"159554","0.08862210810184479","0.08862210810184479","0.08862210810184479"
"159583","0.08186313509941101","0.08186313509941101","0.08186313509941101"
"159593","0.10676854103803635","0.10676854103803635","0.10676854103803635"
"159608","0.09040404856204987","0.09040404856204987","0.09040404856204987"
"159670","0.08748115599155426","0.08748115599155426","0.08748115599155426"
"159676","0.10024747252464294","0.10024747252464294","0.10024747252464294"
"159697","0.09245407581329346","0.09245407581329346","0.09245407581329346"
"159780","0.09974302351474762","0.09974302351474762","0.09974302351474762"
"159781","0.10697872936725616","0.10697872936725616","0.10697872936725616"
"159800","0.09396620094776154","0.09396620094776154","0.09396620094776154"
"159805","0.06468050926923752","0.06468050926923752","0.06468050926923752"
"159878","0.09652683138847351","0.09652683138847351","0.09652683138847351"
"159923","0.09536115825176239","0.09536115825176239","0.09536115825176239"
"159950","0.09409216046333313","0.09409216046333313","0.09409216046333313"
"160017","0.09563243389129639","0.09563243389129639","0.09563243389129639"
"160032","0.11954030394554138","0.11954030394554138","0.11954030394554138"
"160065","0.06907585263252258","0.06907585263252258","0.06907585263252258"
"160086","0.09488473832607269","0.09488473832607269","0.09488473832607269"
"160132","0.09686808288097382","0.09686808288097382","0.09686808288097382"
"160139","0.09096354991197586","0.09096354991197586","0.09096354991197586"
"160156","0.094082310795784","0.094082310795784","0.094082310795784"
"160177","0.09740766137838364","0.09740766137838364","0.09740766137838364"
"160182","0.0856437161564827","0.0856437161564827","0.0856437161564827"
"160198","0.10023242235183716","0.10023242235183716","0.10023242235183716"
"160217","0.09858284890651703","0.09858284890651703","0.09858284890651703"
"160229","0.08947308361530304","0.08947308361530304","0.08947308361530304"
"160244","0.09343189746141434","0.09343189746141434","0.09343189746141434"
"160246","0.08482909202575684","0.08482909202575684","0.08482909202575684"
"160255","0.09027639031410217","0.09027639031410217","0.09027639031410217"
"160256","0.08783763647079468","0.08783763647079468","0.08783763647079468"
"160332","0.09856192767620087","0.09856192767620087","0.09856192767620087"
"160417","0.07622997462749481","0.07622997462749481","0.07622997462749481"
"160446","0.09316710382699966","0.09316710382699966","0.09316710382699966"
"160515","0.09170521795749664","0.09170521795749664","0.09170521795749664"
"160540","0.08319991827011108","0.08319991827011108","0.08319991827011108"
"160605","0.09503915905952454","0.09503915905952454","0.09503915905952454"
"160617","0.08758671581745148","0.08758671581745148","0.08758671581745148"
"160642","0.0807102620601654","0.0807102620601654","0.0807102620601654"
"160670","0.07571057975292206","0.07571057975292206","0.07571057975292206"
"160675","0.09117772430181503","0.09117772430181503","0.09117772430181503"
"160687","0.0805608332157135","0.0805608332157135","0.0805608332157135"
"160754","0.08315739780664444","0.08315739780664444","0.08315739780664444"
"160755","0.09625193476676941","0.09625193476676941","0.09625193476676941"
"160765","0.08979356288909912","0.08979356288909912","0.08979356288909912"
"160774","0.10436422377824783","0.10436422377824783","0.10436422377824783"
"160798","0.08382980525493622","0.08382980525493622","0.08382980525493622"
"160826","0.11666947603225708","0.11666947603225708","0.11666947603225708"
"160858","0.09817677736282349","0.09817677736282349","0.09817677736282349"
"160875","0.08618002384901047","0.08618002384901047","0.08618002384901047"
"160896","0.0889148935675621","0.0889148935675621","0.0889148935675621"
"160897","0.0792120099067688","0.0792120099067688","0.0792120099067688"
"160920","0.08233383297920227","0.08233383297920227","0.08233383297920227"
"160987","0.09194304049015045","0.09194304049015045","0.09194304049015045"
"160988","0.09515225142240524","0.09515225142240524","0.09515225142240524"
"161000","0.1046825647354126","0.1046825647354126","0.1046825647354126"
"161009","0.08024463057518005","0.08024463057518005","0.08024463057518005"
"161018","0.0807272344827652","0.0807272344827652","0.0807272344827652"
"161045","0.10348378121852875","0.10348378121852875","0.10348378121852875"
"161089","0.09605759382247925","0.09605759382247925","0.09605759382247925"
"161094","0.0982961505651474","0.0982961505651474","0.0982961505651474"
"161109","0.11357323080301285","0.11357323080301285","0.11357323080301285"
"161159","0.08674582839012146","0.08674582839012146","0.08674582839012146"
"161173","0.08786654472351074","0.08786654472351074","0.08786654472351074"
"161191","0.0824434906244278","0.0824434906244278","0.0824434906244278"
"161194","0.09247409552335739","0.09247409552335739","0.09247409552335739"
"161227","0.09810926020145416","0.09810926020145416","0.09810926020145416"
"161250","0.0898641049861908","0.0898641049861908","0.0898641049861908"
"161283","0.07807515561580658","0.07807515561580658","0.07807515561580658"
"161297","0.10118013620376587","0.10118013620376587","0.10118013620376587"
"161304","0.08739420771598816","0.08739420771598816","0.08739420771598816"
"161322","0.09822238981723785","0.09822238981723785","0.09822238981723785"
"161344","0.0909975990653038","0.0909975990653038","0.0909975990653038"
"161395","0.09341774135828018","0.09341774135828018","0.09341774135828018"
"161406","0.1135350838303566","0.1135350838303566","0.1135350838303566"
"161413","0.0712277889251709","0.0712277889251709","0.0712277889251709"
"161481","0.09206890314817429","0.09206890314817429","0.09206890314817429"
"161540","0.09836581349372864","0.09836581349372864","0.09836581349372864"
"161567","0.09406808018684387","0.09406808018684387","0.09406808018684387"
"161569","0.0791667103767395","0.0791667103767395","0.0791667103767395"
"161597","0.0939026027917862","0.0939026027917862","0.0939026027917862"
"161629","0.09401389956474304","0.09401389956474304","0.09401389956474304"
"161641","0.08826135098934174","0.08826135098934174","0.08826135098934174"
"161665","0.10103456676006317","0.10103456676006317","0.10103456676006317"
"161671","0.10504605621099472","0.10504605621099472","0.10504605621099472"
"161677","0.0791638195514679","0.0791638195514679","0.0791638195514679"
"161722","0.0944390594959259","0.0944390594959259","0.0944390594959259"
"161726","0.07587013393640518","0.07587013393640518","0.07587013393640518"
"161732","0.09328950941562653","0.09328950941562653","0.09328950941562653"
"161777","0.09710153937339783","0.09710153937339783","0.09710153937339783"
"161803","0.1034509539604187","0.1034509539604187","0.1034509539604187"
"161806","0.08095397055149078","0.08095397055149078","0.08095397055149078"
"161824","0.07821577042341232","0.07821577042341232","0.07821577042341232"
"161825","0.09734982997179031","0.09734982997179031","0.09734982997179031"
"161838","0.06913629174232483","0.06913629174232483","0.06913629174232483"
"161848","0.08749234676361084","0.08749234676361084","0.08749234676361084"
"161869","0.08239270746707916","0.08239270746707916","0.08239270746707916"
"161931","0.09703855961561203","0.09703855961561203","0.09703855961561203"
"161940","0.07589617371559143","0.07589617371559143","0.07589617371559143"
"161943","0.10248346626758575","0.10248346626758575","0.10248346626758575"
"161950","0.10097689926624298","0.10097689926624298","0.10097689926624298"
"161951","0.09642388671636581","0.09642388671636581","0.09642388671636581"
"161986","0.08831878006458282","0.08831878006458282","0.08831878006458282"
"161994","0.1074773296713829","0.1074773296713829","0.1074773296713829"
"161998","0.09735900908708572","0.09735900908708572","0.09735900908708572"
"162081","0.09674722701311111","0.09674722701311111","0.09674722701311111"
"162095","0.09125824272632599","0.09125824272632599","0.09125824272632599"
"162104","0.08058051764965057","0.08058051764965057","0.08058051764965057"
"162131","0.08295994997024536","0.08295994997024536","0.08295994997024536"
"162150","0.11124952137470245","0.11124952137470245","0.11124952137470245"
"162163","0.09867457300424576","0.09867457300424576","0.09867457300424576"
"162191","0.08468949794769287","0.08468949794769287","0.08468949794769287"
"162213","0.0903857946395874","0.0903857946395874","0.0903857946395874"
"162225","0.10451090335845947","0.10451090335845947","0.10451090335845947"
"162238","0.07753193378448486","0.07753193378448486","0.07753193378448486"
"162264","0.09775178134441376","0.09775178134441376","0.09775178134441376"
"162265","0.07617819309234619","0.07617819309234619","0.07617819309234619"
"162275","0.08925970643758774","0.08925970643758774","0.08925970643758774"
"162282","0.09800949692726135","0.09800949692726135","0.09800949692726135"
"162293","0.09245477616786957","0.09245477616786957","0.09245477616786957"
"162359","0.07840874791145325","0.07840874791145325","0.07840874791145325"
"162369","0.09638172388076782","0.09638172388076782","0.09638172388076782"
"162423","0.08859950304031372","0.08859950304031372","0.08859950304031372"
"162449","0.07372811436653137","0.07372811436653137","0.07372811436653137"
"162463","0.09788671880960464","0.09788671880960464","0.09788671880960464"
"162464","0.0860251635313034","0.0860251635313034","0.0860251635313034"
"162470","0.0988665372133255","0.0988665372133255","0.0988665372133255"
"162473","0.09261459112167358","0.09261459112167358","0.09261459112167358"
"162479","0.09061534702777863","0.09061534702777863","0.09061534702777863"
"162520","0.10062690079212189","0.10062690079212189","0.10062690079212189"
"162522","0.0944514125585556","0.0944514125585556","0.0944514125585556"
"162596","0.09900104254484177","0.09900104254484177","0.09900104254484177"
"162610","0.11548902839422226","0.11548902839422226","0.11548902839422226"
"162615","0.08833838999271393","0.08833838999271393","0.08833838999271393"
"162632","0.0923159122467041","0.0923159122467041","0.0923159122467041"
"162678","0.0870877057313919","0.0870877057313919","0.0870877057313919"
"162697","0.09640343487262726","0.09640343487262726","0.09640343487262726"
"162729","0.07738672941923141","0.07738672941923141","0.07738672941923141"
"162749","0.09724168479442596","0.09724168479442596","0.09724168479442596"
"162759","0.08275086432695389","0.08275086432695389","0.08275086432695389"
"162827","0.10246217250823975","0.10246217250823975","0.10246217250823975"
"162885","0.10102105140686035","0.10102105140686035","0.10102105140686035"
"162899","0.07047341763973236","0.07047341763973236","0.07047341763973236"
"162900","0.08114852011203766","0.08114852011203766","0.08114852011203766"
"162904","0.09826338291168213","0.09826338291168213","0.09826338291168213"
"162915","0.10457631945610046","0.10457631945610046","0.10457631945610046"
"162939","0.09299401938915253","0.09299401938915253","0.09299401938915253"
"162948","0.09466559439897537","0.09466559439897537","0.09466559439897537"
"162985","0.07484394311904907","0.07484394311904907","0.07484394311904907"
"162991","0.0936133861541748","0.0936133861541748","0.0936133861541748"
"163008","0.08480276167392731","0.08480276167392731","0.08480276167392731"
"163029","0.09458605945110321","0.09458605945110321","0.09458605945110321"
"163077","0.099598728120327","0.099598728120327","0.099598728120327"
"163083","0.08847830444574356","0.08847830444574356","0.08847830444574356"
"163096","0.08145485818386078","0.08145485818386078","0.08145485818386078"
"163129","0.10272695124149323","0.10272695124149323","0.10272695124149323"
"163201","0.09538411349058151","0.09538411349058151","0.09538411349058151"
"163209","0.10845872014760971","0.10845872014760971","0.10845872014760971"
"163233","0.08560250699520111","0.08560250699520111","0.08560250699520111"
"163279","0.1063510924577713","0.1063510924577713","0.1063510924577713"
"163291","0.09404072165489197","0.09404072165489197","0.09404072165489197"
"163297","0.09653636068105698","0.09653636068105698","0.09653636068105698"
"163298","0.10673912614583969","0.10673912614583969","0.10673912614583969"
"163353","0.07760728895664215","0.07760728895664215","0.07760728895664215"
"163355","0.07908888161182404","0.07908888161182404","0.07908888161182404"
"163373","0.08489496260881424","0.08489496260881424","0.08489496260881424"
"163377","0.11047232896089554","0.11047232896089554","0.11047232896089554"
"163385","0.07146985083818436","0.07146985083818436","0.07146985083818436"
"163386","0.10179881751537323","0.10179881751537323","0.10179881751537323"
"163390","0.08733260631561279","0.08733260631561279","0.08733260631561279"
"163406","0.09001143276691437","0.09001143276691437","0.09001143276691437"
"163433","0.09134285897016525","0.09134285897016525","0.09134285897016525"
"163518","0.08644355833530426","0.08644355833530426","0.08644355833530426"
"163538","0.11793076246976852","0.11793076246976852","0.11793076246976852"
"163583","0.0762767344713211","0.0762767344713211","0.0762767344713211"
"163587","0.07344825565814972","0.07344825565814972","0.07344825565814972"
"163591","0.07713132351636887","0.07713132351636887","0.07713132351636887"
"163606","0.10379614681005478","0.10379614681005478","0.10379614681005478"
"163624","0.08523682504892349","0.08523682504892349","0.08523682504892349"
"163653","0.09045423567295074","0.09045423567295074","0.09045423567295074"
"163678","0.09954728186130524","0.09954728186130524","0.09954728186130524"
"163711","0.10128498077392578","0.10128498077392578","0.10128498077392578"
"163713","0.07376347482204437","0.07376347482204437","0.07376347482204437"
"163717","0.09319169819355011","0.09319169819355011","0.09319169819355011"
"163724","0.08925327658653259","0.08925327658653259","0.08925327658653259"
"163735","0.08555901050567627","0.08555901050567627","0.08555901050567627"
"163758","0.13086718320846558","0.13086718320846558","0.13086718320846558"
"163836","0.0979648232460022","0.0979648232460022","0.0979648232460022"
"163852","0.09218566119670868","0.09218566119670868","0.09218566119670868"
"163913","0.11976300925016403","0.11976300925016403","0.11976300925016403"
"163938","0.08514465391635895","0.08514465391635895","0.08514465391635895"
"163940","0.08212049305438995","0.08212049305438995","0.08212049305438995"
"163958","0.0848783552646637","0.0848783552646637","0.0848783552646637"
"163968","0.08659251034259796","0.08659251034259796","0.08659251034259796"
"163998","0.07571589946746826","0.07571589946746826","0.07571589946746826"
"164003","0.07989358901977539","0.07989358901977539","0.07989358901977539"
"164094","0.08795015513896942","0.08795015513896942","0.08795015513896942"
"164105","0.0814049169421196","0.0814049169421196","0.0814049169421196"
"164128","0.08957333862781525","0.08957333862781525","0.08957333862781525"
"164150","0.07814465463161469","0.07814465463161469","0.07814465463161469"
"164161","0.06772591173648834","0.06772591173648834","0.06772591173648834"
"164178","0.09946601092815399","0.09946601092815399","0.09946601092815399"
"164182","0.09286309778690338","0.09286309778690338","0.09286309778690338"
"164214","0.08037394285202026","0.08037394285202026","0.08037394285202026"
"164224","0.0915154442191124","0.0915154442191124","0.0915154442191124"
"164228","0.07800056040287018","0.07800056040287018","0.07800056040287018"
"164232","0.0836455225944519","0.0836455225944519","0.0836455225944519"
"164270","0.07611694931983948","0.07611694931983948","0.07611694931983948"
"164281","0.06974933296442032","0.06974933296442032","0.06974933296442032"
"164309","0.08921927213668823","0.08921927213668823","0.08921927213668823"
"164316","0.09328572452068329","0.09328572452068329","0.09328572452068329"
"164374","0.08999146521091461","0.08999146521091461","0.08999146521091461"
"164431","0.07132824510335922","0.07132824510335922","0.07132824510335922"
"164435","0.08052554726600647","0.08052554726600647","0.08052554726600647"
"164444","0.08181053400039673","0.08181053400039673","0.08181053400039673"
"164454","0.08810001611709595","0.08810001611709595","0.08810001611709595"
"164456","0.08094659447669983","0.08094659447669983","0.08094659447669983"
"164528","0.09119395911693573","0.09119395911693573","0.09119395911693573"
"164613","0.09585520625114441","0.09585520625114441","0.09585520625114441"
"164704","0.08075763285160065","0.08075763285160065","0.08075763285160065"
"164711","0.09210370481014252","0.09210370481014252","0.09210370481014252"
"164723","0.09619757533073425","0.09619757533073425","0.09619757533073425"
"164765","0.0957973301410675","0.0957973301410675","0.0957973301410675"
"164781","0.08120888471603394","0.08120888471603394","0.08120888471603394"
"164796","0.08003650605678558","0.08003650605678558","0.08003650605678558"
"164800","0.10180097818374634","0.10180097818374634","0.10180097818374634"
"164858","0.09660209715366364","0.09660209715366364","0.09660209715366364"
"164889","0.0895426869392395","0.0895426869392395","0.0895426869392395"
"164931","0.0726761668920517","0.0726761668920517","0.0726761668920517"
"164933","0.09533509612083435","0.09533509612083435","0.09533509612083435"
"164934","0.0709703117609024","0.0709703117609024","0.0709703117609024"
"164935","0.10765641182661057","0.10765641182661057","0.10765641182661057"
"165009","0.08125409483909607","0.08125409483909607","0.08125409483909607"
"165025","0.07632778584957123","0.07632778584957123","0.07632778584957123"
"165040","0.08682074397802353","0.08682074397802353","0.08682074397802353"
"165080","0.10105104744434357","0.10105104744434357","0.10105104744434357"
"165100","0.08808622509241104","0.08808622509241104","0.08808622509241104"
"165106","0.09661965072154999","0.09661965072154999","0.09661965072154999"
"165117","0.08589968085289001","0.08589968085289001","0.08589968085289001"
"165150","0.09580041468143463","0.09580041468143463","0.09580041468143463"
"165203","0.09643499553203583","0.09643499553203583","0.09643499553203583"
"165231","0.10208362340927124","0.10208362340927124","0.10208362340927124"
"165280","0.08720450103282928","0.08720450103282928","0.08720450103282928"
"165290","0.08730488270521164","0.08730488270521164","0.08730488270521164"
"165306","0.09974750876426697","0.09974750876426697","0.09974750876426697"
"165315","0.07188984751701355","0.07188984751701355","0.07188984751701355"
"165352","0.10619215667247772","0.10619215667247772","0.10619215667247772"
"165360","0.11091946065425873","0.11091946065425873","0.11091946065425873"
"165372","0.10103496164083481","0.10103496164083481","0.10103496164083481"
"165405","0.07955338060855865","0.07955338060855865","0.07955338060855865"
"165438","0.09692482650279999","0.09692482650279999","0.09692482650279999"
"165455","0.08340497314929962","0.08340497314929962","0.08340497314929962"
"165505","0.07978484779596329","0.07978484779596329","0.07978484779596329"
"165524","0.08635307848453522","0.08635307848453522","0.08635307848453522"
"165531","0.09766975045204163","0.09766975045204163","0.09766975045204163"
"165549","0.0851469561457634","0.0851469561457634","0.0851469561457634"
"165562","0.091465525329113","0.091465525329113","0.091465525329113"
"165586","0.08641012012958527","0.08641012012958527","0.08641012012958527"
"165626","0.091521717607975","0.091521717607975","0.091521717607975"
"165629","0.10266618430614471","0.10266618430614471","0.10266618430614471"
"165641","0.11838807910680771","0.11838807910680771","0.11838807910680771"
"165672","0.0995539128780365","0.0995539128780365","0.0995539128780365"
"165683","0.07226109504699707","0.07226109504699707","0.07226109504699707"
"165692","0.08681830763816833","0.08681830763816833","0.08681830763816833"
"165706","0.10101573169231415","0.10101573169231415","0.10101573169231415"
"165716","0.10231537371873856","0.10231537371873856","0.10231537371873856"
"165717","0.09921741485595703","0.09921741485595703","0.09921741485595703"
"165803","0.08592838048934937","0.08592838048934937","0.08592838048934937"
"165806","0.10559810698032379","0.10559810698032379","0.10559810698032379"
"165940","0.0986337661743164","0.0986337661743164","0.0986337661743164"
"165944","0.08735343813896179","0.08735343813896179","0.08735343813896179"
"165950","0.0926721841096878","0.0926721841096878","0.0926721841096878"
"165959","0.09978373348712921","0.09978373348712921","0.09978373348712921"
"165974","0.07308220863342285","0.07308220863342285","0.07308220863342285"
"165976","0.104742132127285","0.104742132127285","0.104742132127285"
"165981","0.09725047647953033","0.09725047647953033","0.09725047647953033"
"165989","0.09837986528873444","0.09837986528873444","0.09837986528873444"
"166029","0.09544068574905396","0.09544068574905396","0.09544068574905396"
"166053","0.08076850324869156","0.08076850324869156","0.08076850324869156"
"166066","0.10208214819431305","0.10208214819431305","0.10208214819431305"
"166072","0.09666817635297775","0.09666817635297775","0.09666817635297775"
"166103","0.0834609642624855","0.0834609642624855","0.0834609642624855"
"166128","0.1108490526676178","0.1108490526676178","0.1108490526676178"
"166158","0.09301099181175232","0.09301099181175232","0.09301099181175232"
"166165","0.0839129239320755","0.0839129239320755","0.0839129239320755"
"166194","0.09649155288934708","0.09649155288934708","0.09649155288934708"
"166197","0.08995644748210907","0.08995644748210907","0.08995644748210907"
"166203","0.10240285098552704","0.10240285098552704","0.10240285098552704"
"166214","0.10529150068759918","0.10529150068759918","0.10529150068759918"
"166215","0.10024987906217575","0.10024987906217575","0.10024987906217575"
"166239","0.10220900177955627","0.10220900177955627","0.10220900177955627"
"166243","0.09794208407402039","0.09794208407402039","0.09794208407402039"
"166247","0.09751343727111816","0.09751343727111816","0.09751343727111816"
"166276","0.08826428651809692","0.08826428651809692","0.08826428651809692"
"166296","0.0839785635471344","0.0839785635471344","0.0839785635471344"
"166308","0.08567820489406586","0.08567820489406586","0.08567820489406586"
"166315","0.09550116211175919","0.09550116211175919","0.09550116211175919"
"166348","0.08459842205047607","0.08459842205047607","0.08459842205047607"
"166385","0.07028135657310486","0.07028135657310486","0.07028135657310486"
"166393","0.09977987408638","0.09977987408638","0.09977987408638"
"166416","0.11585277318954468","0.11585277318954468","0.11585277318954468"
"166428","0.0910288393497467","0.0910288393497467","0.0910288393497467"
"166445","0.08073022961616516","0.08073022961616516","0.08073022961616516"
"166504","0.09874933958053589","0.09874933958053589","0.09874933958053589"
"166521","0.11413157731294632","0.11413157731294632","0.11413157731294632"
"166524","0.11060180515050888","0.11060180515050888","0.11060180515050888"
"166546","0.09300035238265991","0.09300035238265991","0.09300035238265991"
"166561","0.09958571195602417","0.09958571195602417","0.09958571195602417"
"166612","0.09566336870193481","0.09566336870193481","0.09566336870193481"
"166626","0.09265567362308502","0.09265567362308502","0.09265567362308502"
"166644","0.09763869643211365","0.09763869643211365","0.09763869643211365"
"166670","0.10057179629802704","0.10057179629802704","0.10057179629802704"
"166676","0.08868280053138733","0.08868280053138733","0.08868280053138733"
"166711","0.0851883739233017","0.0851883739233017","0.0851883739233017"
"166716","0.0771050751209259","0.0771050751209259","0.0771050751209259"
"166760","0.0721677839756012","0.0721677839756012","0.0721677839756012"
"166776","0.08536028861999512","0.08536028861999512","0.08536028861999512"
"166779","0.08700816333293915","0.08700816333293915","0.08700816333293915"
"166883","0.07763195782899857","0.07763195782899857","0.07763195782899857"
"166896","0.08470658212900162","0.08470658212900162","0.08470658212900162"
"166904","0.08006326109170914","0.08006326109170914","0.08006326109170914"
"166931","0.0985938310623169","0.0985938310623169","0.0985938310623169"
"166950","0.07688556611537933","0.07688556611537933","0.07688556611537933"
"166994","0.09155827015638351","0.09155827015638351","0.09155827015638351"
"167021","0.11297225207090378","0.11297225207090378","0.11297225207090378"
"167035","0.09914615005254745","0.09914615005254745","0.09914615005254745"
"167042","0.09470866620540619","0.09470866620540619","0.09470866620540619"
"167052","0.08747632801532745","0.08747632801532745","0.08747632801532745"
"167072","0.09291604161262512","0.09291604161262512","0.09291604161262512"
"167073","0.09831960499286652","0.09831960499286652","0.09831960499286652"
"167097","0.08710189163684845","0.08710189163684845","0.08710189163684845"
"167130","0.08895403146743774","0.08895403146743774","0.08895403146743774"
"167133","0.0871410220861435","0.0871410220861435","0.0871410220861435"
"167186","0.09168532490730286","0.09168532490730286","0.09168532490730286"
"167244","0.0993572473526001","0.0993572473526001","0.0993572473526001"
"167245","0.09289461374282837","0.09289461374282837","0.09289461374282837"
"167262","0.09063351154327393","0.09063351154327393","0.09063351154327393"
"167280","0.09813642501831055","0.09813642501831055","0.09813642501831055"
"167285","0.09624460339546204","0.09624460339546204","0.09624460339546204"
"167306","0.097052663564682","0.097052663564682","0.097052663564682"
"167311","0.0882367268204689","0.0882367268204689","0.0882367268204689"
"167320","0.08149054646492004","0.08149054646492004","0.08149054646492004"
"167324","0.10630372911691666","0.10630372911691666","0.10630372911691666"
"167331","0.07825040817260742","0.07825040817260742","0.07825040817260742"
"167335","0.07300704717636108","0.07300704717636108","0.07300704717636108"
"167338","0.10074376314878464","0.10074376314878464","0.10074376314878464"
"167351","0.09323747456073761","0.09323747456073761","0.09323747456073761"
"167363","0.09501130878925323","0.09501130878925323","0.09501130878925323"
"167370","0.09253247082233429","0.09253247082233429","0.09253247082233429"
"167410","0.09064117819070816","0.09064117819070816","0.09064117819070816"
"167451","0.10598696768283844","0.10598696768283844","0.10598696768283844"
"167470","0.09757377207279205","0.09757377207279205","0.09757377207279205"
"167474","0.104404516518116","0.104404516518116","0.104404516518116"
"167498","0.10434724390506744","0.10434724390506744","0.10434724390506744"
"167505","0.10325053334236145","0.10325053334236145","0.10325053334236145"
"167507","0.08503733575344086","0.08503733575344086","0.08503733575344086"
"167515","0.07943923771381378","0.07943923771381378","0.07943923771381378"
"167536","0.09700001776218414","0.09700001776218414","0.09700001776218414"
"167537","0.08346797525882721","0.08346797525882721","0.08346797525882721"
"167634","0.08142125606536865","0.08142125606536865","0.08142125606536865"
"167664","0.0829191580414772","0.0829191580414772","0.0829191580414772"
"167688","0.0752551257610321","0.0752551257610321","0.0752551257610321"
"167696","0.10543520748615265","0.10543520748615265","0.10543520748615265"
"167773","0.09713812172412872","0.09713812172412872","0.09713812172412872"
"167780","0.08713938295841217","0.08713938295841217","0.08713938295841217"
"167781","0.09892295300960541","0.09892295300960541","0.09892295300960541"
"167789","0.08514136075973511","0.08514136075973511","0.08514136075973511"
"167931","0.09989651292562485","0.09989651292562485","0.09989651292562485"
"167944","0.09316317737102509","0.09316317737102509","0.09316317737102509"
"167959","0.08428077399730682","0.08428077399730682","0.08428077399730682"
"167991","0.08582475781440735","0.08582475781440735","0.08582475781440735"
"168022","0.08765377849340439","0.08765377849340439","0.08765377849340439"
"168105","0.07496099919080734","0.07496099919080734","0.07496099919080734"
"168136","0.08066336810588837","0.08066336810588837","0.08066336810588837"
"168141","0.08923682570457458","0.08923682570457458","0.08923682570457458"
"168172","0.09188703447580338","0.09188703447580338","0.09188703447580338"
"168207","0.08218863606452942","0.08218863606452942","0.08218863606452942"
"168267","0.08933064341545105","0.08933064341545105","0.08933064341545105"
"168269","0.0734541118144989","0.0734541118144989","0.0734541118144989"
"168295","0.08403562009334564","0.08403562009334564","0.08403562009334564"
"168309","0.10641920566558838","0.10641920566558838","0.10641920566558838"
"168446","0.10649979114532471","0.10649979114532471","0.10649979114532471"
"168466","0.08590009808540344","0.08590009808540344","0.08590009808540344"
"168473","0.11965687572956085","0.11965687572956085","0.11965687572956085"
"168489","0.086579829454422","0.086579829454422","0.086579829454422"
"168548","0.10769921541213989","0.10769921541213989","0.10769921541213989"
"168559","0.09669356048107147","0.09669356048107147","0.09669356048107147"
"168562","0.10379157960414886","0.10379157960414886","0.10379157960414886"
"168614","0.08523975312709808","0.08523975312709808","0.08523975312709808"
"168642","0.08284483850002289","0.08284483850002289","0.08284483850002289"
"168646","0.08962486684322357","0.08962486684322357","0.08962486684322357"
"168678","0.0824616551399231","0.0824616551399231","0.0824616551399231"
"168727","0.08278948068618774","0.08278948068618774","0.08278948068618774"
"168747","0.09975656867027283","0.09975656867027283","0.09975656867027283"
"168759","0.10898932069540024","0.10898932069540024","0.10898932069540024"
"168803","0.08977429568767548","0.08977429568767548","0.08977429568767548"
"168815","0.10970861464738846","0.10970861464738846","0.10970861464738846"
"168826","0.10103854537010193","0.10103854537010193","0.10103854537010193"
"168827","0.09353755414485931","0.09353755414485931","0.09353755414485931"
"168844","0.0790189802646637","0.0790189802646637","0.0790189802646637"
"168847","0.09097433090209961","0.09097433090209961","0.09097433090209961"
"168854","0.1040629893541336","0.1040629893541336","0.1040629893541336"
"168859","0.08687429875135422","0.08687429875135422","0.08687429875135422"
"168863","0.0973825752735138","0.0973825752735138","0.0973825752735138"
"168886","0.08882123976945877","0.08882123976945877","0.08882123976945877"
"168889","0.07454197108745575","0.07454197108745575","0.07454197108745575"
"168899","0.10966375470161438","0.10966375470161438","0.10966375470161438"
"168940","0.10828554630279541","0.10828554630279541","0.10828554630279541"
"168989","0.07861301302909851","0.07861301302909851","0.07861301302909851"
"168995","0.1096806600689888","0.1096806600689888","0.1096806600689888"
"169022","0.10327097028493881","0.10327097028493881","0.10327097028493881"
"169081","0.07063782215118408","0.07063782215118408","0.07063782215118408"
"169102","0.09615546464920044","0.09615546464920044","0.09615546464920044"
"169131","0.08059418201446533","0.08059418201446533","0.08059418201446533"
"169137","0.08251772820949554","0.08251772820949554","0.08251772820949554"
"169153","0.09507546573877335","0.09507546573877335","0.09507546573877335"
"169169","0.0862920880317688","0.0862920880317688","0.0862920880317688"
"169172","0.11477762460708618","0.11477762460708618","0.11477762460708618"
"169173","0.08442226052284241","0.08442226052284241","0.08442226052284241"
"169180","0.0943777933716774","0.0943777933716774","0.0943777933716774"
"169192","0.08583253622055054","0.08583253622055054","0.08583253622055054"
"169201","0.09883882105350494","0.09883882105350494","0.09883882105350494"
"169234","0.07449428737163544","0.07449428737163544","0.07449428737163544"
"169251","0.0919826477766037","0.0919826477766037","0.0919826477766037"
"169254","0.07972763478755951","0.07972763478755951","0.07972763478755951"
"169259","0.09648387134075165","0.09648387134075165","0.09648387134075165"
"169261","0.08981510996818542","0.08981510996818542","0.08981510996818542"
"169276","0.11553800851106644","0.11553800851106644","0.11553800851106644"
"169289","0.09934324026107788","0.09934324026107788","0.09934324026107788"
"169297","0.08037067949771881","0.08037067949771881","0.08037067949771881"
"169306","0.07930722832679749","0.07930722832679749","0.07930722832679749"
"169327","0.08365045487880707","0.08365045487880707","0.08365045487880707"
"169376","0.10323727130889893","0.10323727130889893","0.10323727130889893"
"169417","0.07624170184135437","0.07624170184135437","0.07624170184135437"
"169456","0.07798580825328827","0.07798580825328827","0.07798580825328827"
"169517","0.08973968029022217","0.08973968029022217","0.08973968029022217"
"169548","0.08656235039234161","0.08656235039234161","0.08656235039234161"
"169572","0.0664668083190918","0.0664668083190918","0.0664668083190918"
"169584","0.09552457183599472","0.09552457183599472","0.09552457183599472"
"169635","0.09294948726892471","0.09294948726892471","0.09294948726892471"
"169675","0.07073093950748444","0.07073093950748444","0.07073093950748444"
"169677","0.0919993594288826","0.0919993594288826","0.0919993594288826"
"169695","0.09760849177837372","0.09760849177837372","0.09760849177837372"
"169707","0.07826071977615356","0.07826071977615356","0.07826071977615356"
"169731","0.08971398323774338","0.08971398323774338","0.08971398323774338"
"169745","0.08745032548904419","0.08745032548904419","0.08745032548904419"
"169747","0.09273947775363922","0.09273947775363922","0.09273947775363922"
"169757","0.09645429253578186","0.09645429253578186","0.09645429253578186"
"169768","0.0882452055811882","0.0882452055811882","0.0882452055811882"
"169780","0.08077384531497955","0.08077384531497955","0.08077384531497955"
"169796","0.08352714776992798","0.08352714776992798","0.08352714776992798"
"169817","0.08526480942964554","0.08526480942964554","0.08526480942964554"
"169845","0.08361443877220154","0.08361443877220154","0.08361443877220154"
"169922","0.09393884241580963","0.09393884241580963","0.09393884241580963"
"169937","0.10217853635549545","0.10217853635549545","0.10217853635549545"
"169969","0.08967189490795135","0.08967189490795135","0.08967189490795135"
"169978","0.09343990683555603","0.09343990683555603","0.09343990683555603"
"170002","0.10293053090572357","0.10293053090572357","0.10293053090572357"
"170034","0.07817995548248291","0.07817995548248291","0.07817995548248291"
"170087","0.08678144216537476","0.08678144216537476","0.08678144216537476"
"170110","0.08817511051893234","0.08817511051893234","0.08817511051893234"
"170122","0.11394359916448593","0.11394359916448593","0.11394359916448593"
"170134","0.09877195954322815","0.09877195954322815","0.09877195954322815"
"170154","0.10189364105463028","0.10189364105463028","0.10189364105463028"
"170157","0.07368199527263641","0.07368199527263641","0.07368199527263641"
"170163","0.08175595104694366","0.08175595104694366","0.08175595104694366"
"170199","0.1091485470533371","0.1091485470533371","0.1091485470533371"
"170207","0.08447648584842682","0.08447648584842682","0.08447648584842682"
"170215","0.10650801658630371","0.10650801658630371","0.10650801658630371"
"170232","0.09633256494998932","0.09633256494998932","0.09633256494998932"
"170237","0.10228084027767181","0.10228084027767181","0.10228084027767181"
"170241","0.06875723600387573","0.06875723600387573","0.06875723600387573"
"170251","0.09400439262390137","0.09400439262390137","0.09400439262390137"
"170261","0.09304852038621902","0.09304852038621902","0.09304852038621902"
"170270","0.09392021596431732","0.09392021596431732","0.09392021596431732"
"170305","0.08940216153860092","0.08940216153860092","0.08940216153860092"
"170321","0.08503568917512894","0.08503568917512894","0.08503568917512894"
"170341","0.08751178532838821","0.08751178532838821","0.08751178532838821"
"170406","0.10255999863147736","0.10255999863147736","0.10255999863147736"
"170438","0.08735062181949615","0.08735062181949615","0.08735062181949615"
"170452","0.0736936703324318","0.0736936703324318","0.0736936703324318"
"170464","0.08209796249866486","0.08209796249866486","0.08209796249866486"
"170471","0.08036846667528152","0.08036846667528152","0.08036846667528152"
"170509","0.06845144182443619","0.06845144182443619","0.06845144182443619"
"170530","0.09868183732032776","0.09868183732032776","0.09868183732032776"
"170562","0.08591459691524506","0.08591459691524506","0.08591459691524506"
"170629","0.0774056613445282","0.0774056613445282","0.0774056613445282"
"170653","0.08662819862365723","0.08662819862365723","0.08662819862365723"
"170662","0.07937295734882355","0.07937295734882355","0.07937295734882355"
"170671","0.07216966897249222","0.07216966897249222","0.07216966897249222"
"170716","0.11591187119483948","0.11591187119483948","0.11591187119483948"
"170759","0.07770559191703796","0.07770559191703796","0.07770559191703796"
"170762","0.07596512138843536","0.07596512138843536","0.07596512138843536"
"170803","0.07967201620340347","0.07967201620340347","0.07967201620340347"
"170815","0.08789309114217758","0.08789309114217758","0.08789309114217758"
"170821","0.10290487110614777","0.10290487110614777","0.10290487110614777"
"170829","0.08484247326850891","0.08484247326850891","0.08484247326850891"
"170839","0.0793972760438919","0.0793972760438919","0.0793972760438919"
"170849","0.08816124498844147","0.08816124498844147","0.08816124498844147"
"170854","0.09804771095514297","0.09804771095514297","0.09804771095514297"
"170855","0.09888969361782074","0.09888969361782074","0.09888969361782074"
"170862","0.08270880579948425","0.08270880579948425","0.08270880579948425"
"170922","0.10542882233858109","0.10542882233858109","0.10542882233858109"
"170935","0.08769199252128601","0.08769199252128601","0.08769199252128601"
"170948","0.10453145951032639","0.10453145951032639","0.10453145951032639"
"170981","0.11297818273305893","0.11297818273305893","0.11297818273305893"
"171044","0.08967074006795883","0.08967074006795883","0.08967074006795883"
"171144","0.08005215227603912","0.08005215227603912","0.08005215227603912"
"171210","0.09109388291835785","0.09109388291835785","0.09109388291835785"
"171239","0.09820862114429474","0.09820862114429474","0.09820862114429474"
"171247","0.09144479036331177","0.09144479036331177","0.09144479036331177"
"171251","0.08965963125228882","0.08965963125228882","0.08965963125228882"
"171272","0.09505078196525574","0.09505078196525574","0.09505078196525574"
"171304","0.0885111540555954","0.0885111540555954","0.0885111540555954"
"171408","0.07934202253818512","0.07934202253818512","0.07934202253818512"
"171481","0.07032739371061325","0.07032739371061325","0.07032739371061325"
"171508","0.08711086213588715","0.08711086213588715","0.08711086213588715"
"171515","0.07646709680557251","0.07646709680557251","0.07646709680557251"
"171527","0.09852144122123718","0.09852144122123718","0.09852144122123718"
"171533","0.08709471672773361","0.08709471672773361","0.08709471672773361"
"171547","0.10011306405067444","0.10011306405067444","0.10011306405067444"
"171617","0.0833885446190834","0.0833885446190834","0.0833885446190834"
"171670","0.08139623701572418","0.08139623701572418","0.08139623701572418"
"171685","0.06916238367557526","0.06916238367557526","0.06916238367557526"
"171704","0.09246887266635895","0.09246887266635895","0.09246887266635895"
"171710","0.08181727677583694","0.08181727677583694","0.08181727677583694"
"171718","0.0960531085729599","0.0960531085729599","0.0960531085729599"
"171719","0.09360362589359283","0.09360362589359283","0.09360362589359283"
"171762","0.0927734375","0.0927734375","0.0927734375"
"171795","0.08877812325954437","0.08877812325954437","0.08877812325954437"
"171818","0.07727724313735962","0.07727724313735962","0.07727724313735962"
"171839","0.08312056958675385","0.08312056958675385","0.08312056958675385"
"171850","0.08626450598239899","0.08626450598239899","0.08626450598239899"
"171891","0.08246593922376633","0.08246593922376633","0.08246593922376633"
"171939","0.07291701436042786","0.07291701436042786","0.07291701436042786"
"171968","0.0852913036942482","0.0852913036942482","0.0852913036942482"
"171990","0.10486165434122086","0.10486165434122086","0.10486165434122086"
"172008","0.08256665617227554","0.08256665617227554","0.08256665617227554"
"172015","0.09847456216812134","0.09847456216812134","0.09847456216812134"
"172017","0.09515593945980072","0.09515593945980072","0.09515593945980072"
"172042","0.08087939769029617","0.08087939769029617","0.08087939769029617"
"172057","0.0967080295085907","0.0967080295085907","0.0967080295085907"
"172102","0.09094060212373734","0.09094060212373734","0.09094060212373734"
"172123","0.08427343517541885","0.08427343517541885","0.08427343517541885"
"172145","0.07850883156061172","0.07850883156061172","0.07850883156061172"
"172150","0.076441690325737","0.076441690325737","0.076441690325737"
"172159","0.09263943880796432","0.09263943880796432","0.09263943880796432"
"172173","0.10410794615745544","0.10410794615745544","0.10410794615745544"
"172193","0.09807384014129639","0.09807384014129639","0.09807384014129639"
"172209","0.07193785905838013","0.07193785905838013","0.07193785905838013"
"172214","0.10000409185886383","0.10000409185886383","0.10000409185886383"
"172265","0.10237833857536316","0.10237833857536316","0.10237833857536316"
"172267","0.11000169068574905","0.11000169068574905","0.11000169068574905"
"172294","0.10590959340333939","0.10590959340333939","0.10590959340333939"
"172302","0.08250154554843903","0.08250154554843903","0.08250154554843903"
"172394","0.08587765693664551","0.08587765693664551","0.08587765693664551"
"172396","0.091636061668396","0.091636061668396","0.091636061668396"
"172397","0.07840100675821304","0.07840100675821304","0.07840100675821304"
"172408","0.08672825992107391","0.08672825992107391","0.08672825992107391"
"172437","0.1265992969274521","0.1265992969274521","0.1265992969274521"
"172438","0.08030226826667786","0.08030226826667786","0.08030226826667786"
"172477","0.09881683439016342","0.09881683439016342","0.09881683439016342"
"172484","0.08684420585632324","0.08684420585632324","0.08684420585632324"
"172516","0.09516367316246033","0.09516367316246033","0.09516367316246033"
"172529","0.09497402608394623","0.09497402608394623","0.09497402608394623"
"172533","0.08264321833848953","0.08264321833848953","0.08264321833848953"
"172557","0.10188713669776917","0.10188713669776917","0.10188713669776917"
"172569","0.07290370762348175","0.07290370762348175","0.07290370762348175"
"172571","0.07473635673522949","0.07473635673522949","0.07473635673522949"
"172574","0.11531700938940048","0.11531700938940048","0.11531700938940048"
"172583","0.10264858603477478","0.10264858603477478","0.10264858603477478"
"172610","0.08994470536708832","0.08994470536708832","0.08994470536708832"
"172669","0.08897610008716583","0.08897610008716583","0.08897610008716583"
"172690","0.07964339852333069","0.07964339852333069","0.07964339852333069"
"172750","0.10614024847745895","0.10614024847745895","0.10614024847745895"
"172763","0.09780602157115936","0.09780602157115936","0.09780602157115936"
"172770","0.0731874629855156","0.0731874629855156","0.0731874629855156"
"172775","0.07543834298849106","0.07543834298849106","0.07543834298849106"
"172794","0.06805208325386047","0.06805208325386047","0.06805208325386047"
"172798","0.09037729352712631","0.09037729352712631","0.09037729352712631"
"172812","0.11114528030157089","0.11114528030157089","0.11114528030157089"
"172822","0.06823543459177017","0.06823543459177017","0.06823543459177017"
"172829","0.09747487306594849","0.09747487306594849","0.09747487306594849"
"172850","0.0988660678267479","0.0988660678267479","0.0988660678267479"
"172852","0.0949179157614708","0.0949179157614708","0.0949179157614708"
"172864","0.09506477415561676","0.09506477415561676","0.09506477415561676"
"172943","0.09152103960514069","0.09152103960514069","0.09152103960514069"
"172944","0.09289073944091797","0.09289073944091797","0.09289073944091797"
"172951","0.1083730012178421","0.1083730012178421","0.1083730012178421"
"172985","0.08954165875911713","0.08954165875911713","0.08954165875911713"
"173028","0.09379757940769196","0.09379757940769196","0.09379757940769196"
"173029","0.07636930048465729","0.07636930048465729","0.07636930048465729"
"173034","0.08494169265031815","0.08494169265031815","0.08494169265031815"
"173036","0.09844600409269333","0.09844600409269333","0.09844600409269333"
"173049","0.09745516628026962","0.09745516628026962","0.09745516628026962"
"173051","0.08512075245380402","0.08512075245380402","0.08512075245380402"
"173068","0.09464487433433533","0.09464487433433533","0.09464487433433533"
"173077","0.0800677090883255","0.0800677090883255","0.0800677090883255"
"173084","0.0841006487607956","0.0841006487607956","0.0841006487607956"
"173136","0.09410318732261658","0.09410318732261658","0.09410318732261658"
"173165","0.09989647567272186","0.09989647567272186","0.09989647567272186"
"173182","0.1145927757024765","0.1145927757024765","0.1145927757024765"
"173276","0.09892544150352478","0.09892544150352478","0.09892544150352478"
"173335","0.09246990084648132","0.09246990084648132","0.09246990084648132"
"173347","0.08691059052944183","0.08691059052944183","0.08691059052944183"
"173352","0.12083538621664047","0.12083538621664047","0.12083538621664047"
"173404","0.09173554927110672","0.09173554927110672","0.09173554927110672"
"173450","0.09151165187358856","0.09151165187358856","0.09151165187358856"
"173457","0.09707406163215637","0.09707406163215637","0.09707406163215637"
"173476","0.09417006373405457","0.09417006373405457","0.09417006373405457"
"173495","0.08776922523975372","0.08776922523975372","0.08776922523975372"
"173549","0.08088523149490356","0.08088523149490356","0.08088523149490356"
"173558","0.08875086903572083","0.08875086903572083","0.08875086903572083"
"173581","0.07387936115264893","0.07387936115264893","0.07387936115264893"
"173599","0.10122374445199966","0.10122374445199966","0.10122374445199966"
"173665","0.08274965733289719","0.08274965733289719","0.08274965733289719"
"173674","0.09442149847745895","0.09442149847745895","0.09442149847745895"
"173679","0.06928054988384247","0.06928054988384247","0.06928054988384247"
"173711","0.09749355912208557","0.09749355912208557","0.09749355912208557"
"173847","0.07326966524124146","0.07326966524124146","0.07326966524124146"
"173868","0.08859649300575256","0.08859649300575256","0.08859649300575256"
"173882","0.08462503552436829","0.08462503552436829","0.08462503552436829"
"173887","0.0662524551153183","0.0662524551153183","0.0662524551153183"
"173900","0.1051546037197113","0.1051546037197113","0.1051546037197113"
"173923","0.07564570009708405","0.07564570009708405","0.07564570009708405"
"173924","0.07128988206386566","0.07128988206386566","0.07128988206386566"
"173944","0.09353375434875488","0.09353375434875488","0.09353375434875488"
"173957","0.10997684299945831","0.10997684299945831","0.10997684299945831"
"173982","0.10227075964212418","0.10227075964212418","0.10227075964212418"
"173990","0.07683537900447845","0.07683537900447845","0.07683537900447845"
"174004","0.09387964010238647","0.09387964010238647","0.09387964010238647"
"174037","0.09584039449691772","0.09584039449691772","0.09584039449691772"
"174053","0.08780686557292938","0.08780686557292938","0.08780686557292938"
"174122","0.08238741755485535","0.08238741755485535","0.08238741755485535"
"174124","0.09508748352527618","0.09508748352527618","0.09508748352527618"
"174145","0.08632617443799973","0.08632617443799973","0.08632617443799973"
"174185","0.08585523068904877","0.08585523068904877","0.08585523068904877"
"174196","0.07499200105667114","0.07499200105667114","0.07499200105667114"
"174209","0.07867315411567688","0.07867315411567688","0.07867315411567688"
"174210","0.07969196140766144","0.07969196140766144","0.07969196140766144"
"174242","0.08745688199996948","0.08745688199996948","0.08745688199996948"
"174257","0.0808146595954895","0.0808146595954895","0.0808146595954895"
"174278","0.09029288589954376","0.09029288589954376","0.09029288589954376"
"174339","0.09625240415334702","0.09625240415334702","0.09625240415334702"
"174368","0.09294457733631134","0.09294457733631134","0.09294457733631134"
"174442","0.0894809141755104","0.0894809141755104","0.0894809141755104"
"174444","0.09361691772937775","0.09361691772937775","0.09361691772937775"
"174466","0.08970554172992706","0.08970554172992706","0.08970554172992706"
"174551","0.0891418308019638","0.0891418308019638","0.0891418308019638"
"174553","0.06893976777791977","0.06893976777791977","0.06893976777791977"
"174561","0.0841868594288826","0.0841868594288826","0.0841868594288826"
"174580","0.09004354476928711","0.09004354476928711","0.09004354476928711"
"174635","0.08051064610481262","0.08051064610481262","0.08051064610481262"
"174655","0.08163081109523773","0.08163081109523773","0.08163081109523773"
"174661","0.08140234649181366","0.08140234649181366","0.08140234649181366"
"174679","0.07653294503688812","0.07653294503688812","0.07653294503688812"
"174701","0.09994596242904663","0.09994596242904663","0.09994596242904663"
"174752","0.06513357162475586","0.06513357162475586","0.06513357162475586"
"174782","0.10231807827949524","0.10231807827949524","0.10231807827949524"
"174784","0.08735407888889313","0.08735407888889313","0.08735407888889313"
"174786","0.08982104808092117","0.08982104808092117","0.08982104808092117"
"174801","0.09712180495262146","0.09712180495262146","0.09712180495262146"
"174807","0.09661485254764557","0.09661485254764557","0.09661485254764557"
"174815","0.09342135488986969","0.09342135488986969","0.09342135488986969"
"174855","0.10157936811447144","0.10157936811447144","0.10157936811447144"
"174882","0.10186663269996643","0.10186663269996643","0.10186663269996643"
"174915","0.09308220446109772","0.09308220446109772","0.09308220446109772"
"175014","0.08420820534229279","0.08420820534229279","0.08420820534229279"
"175018","0.08167818933725357","0.08167818933725357","0.08167818933725357"
"175019","0.11660969257354736","0.11660969257354736","0.11660969257354736"
"175032","0.09261009097099304","0.09261009097099304","0.09261009097099304"
"175035","0.08388388156890869","0.08388388156890869","0.08388388156890869"
"175062","0.07661172747612","0.07661172747612","0.07661172747612"
"175105","0.08915017545223236","0.08915017545223236","0.08915017545223236"
"175111","0.08224758505821228","0.08224758505821228","0.08224758505821228"
"175177","0.07984472811222076","0.07984472811222076","0.07984472811222076"
"175182","0.09343396127223969","0.09343396127223969","0.09343396127223969"
"175278","0.10495837032794952","0.10495837032794952","0.10495837032794952"
"175325","0.08179721236228943","0.08179721236228943","0.08179721236228943"
"175372","0.07837414741516113","0.07837414741516113","0.07837414741516113"
"175417","0.09102699160575867","0.09102699160575867","0.09102699160575867"
"175422","0.10056143999099731","0.10056143999099731","0.10056143999099731"
"175433","0.1126902848482132","0.1126902848482132","0.1126902848482132"
"175439","0.08920124173164368","0.08920124173164368","0.08920124173164368"
"175447","0.08469417691230774","0.08469417691230774","0.08469417691230774"
"175457","0.1100638210773468","0.1100638210773468","0.1100638210773468"
"175459","0.1102936714887619","0.1102936714887619","0.1102936714887619"
"175465","0.10578280687332153","0.10578280687332153","0.10578280687332153"
"175503","0.08190082758665085","0.08190082758665085","0.08190082758665085"
"175603","0.08041052520275116","0.08041052520275116","0.08041052520275116"
"175614","0.09244745969772339","0.09244745969772339","0.09244745969772339"
"175678","0.09726038575172424","0.09726038575172424","0.09726038575172424"
"175679","0.09279386699199677","0.09279386699199677","0.09279386699199677"
"175716","0.08029298484325409","0.08029298484325409","0.08029298484325409"
"175754","0.09923291206359863","0.09923291206359863","0.09923291206359863"
"175771","0.07551911473274231","0.07551911473274231","0.07551911473274231"
"175782","0.10343137383460999","0.10343137383460999","0.10343137383460999"
"175806","0.09293106198310852","0.09293106198310852","0.09293106198310852"
"175829","0.09093265980482101","0.09093265980482101","0.09093265980482101"
"175832","0.11159998178482056","0.11159998178482056","0.11159998178482056"
"175845","0.11678533256053925","0.11678533256053925","0.11678533256053925"
"175847","0.08633539080619812","0.08633539080619812","0.08633539080619812"
"175875","0.09219196438789368","0.09219196438789368","0.09219196438789368"
"175916","0.10443472862243652","0.10443472862243652","0.10443472862243652"
"175918","0.11043787747621536","0.11043787747621536","0.11043787747621536"
"175958","0.10001693665981293","0.10001693665981293","0.10001693665981293"
"176042","0.08418766409158707","0.08418766409158707","0.08418766409158707"
"176056","0.12167169153690338","0.12167169153690338","0.12167169153690338"
"176076","0.08103027939796448","0.08103027939796448","0.08103027939796448"
"176087","0.07559157907962799","0.07559157907962799","0.07559157907962799"
"176090","0.07492223381996155","0.07492223381996155","0.07492223381996155"
"176106","0.09054958820343018","0.09054958820343018","0.09054958820343018"
"176129","0.09841732680797577","0.09841732680797577","0.09841732680797577"
"176166","0.0896041989326477","0.0896041989326477","0.0896041989326477"
"176192","0.07663172483444214","0.07663172483444214","0.07663172483444214"
"176198","0.08359931409358978","0.08359931409358978","0.08359931409358978"
"176201","0.09297683835029602","0.09297683835029602","0.09297683835029602"
"176216","0.08932700753211975","0.08932700753211975","0.08932700753211975"
"176231","0.07883451879024506","0.07883451879024506","0.07883451879024506"
"176246","0.08001144230365753","0.08001144230365753","0.08001144230365753"
"176263","0.07830756902694702","0.07830756902694702","0.07830756902694702"
"176266","0.09125898778438568","0.09125898778438568","0.09125898778438568"
"176271","0.08882121741771698","0.08882121741771698","0.08882121741771698"
"176285","0.09223030507564545","0.09223030507564545","0.09223030507564545"
"176296","0.10754365473985672","0.10754365473985672","0.10754365473985672"
"176315","0.09224869310855865","0.09224869310855865","0.09224869310855865"
"176373","0.09786207973957062","0.09786207973957062","0.09786207973957062"
"176401","0.09896369278430939","0.09896369278430939","0.09896369278430939"
"176426","0.0766221135854721","0.0766221135854721","0.0766221135854721"
"176437","0.08546092361211777","0.08546092361211777","0.08546092361211777"
"176476","0.09154035896062851","0.09154035896062851","0.09154035896062851"
"176492","0.10950920730829239","0.10950920730829239","0.10950920730829239"
"176534","0.08402218669652939","0.08402218669652939","0.08402218669652939"
"176553","0.08668076992034912","0.08668076992034912","0.08668076992034912"
"176575","0.07355989515781403","0.07355989515781403","0.07355989515781403"
"176601","0.09478921443223953","0.09478921443223953","0.09478921443223953"
"176633","0.09337948262691498","0.09337948262691498","0.09337948262691498"
"176634","0.09953601658344269","0.09953601658344269","0.09953601658344269"
"176641","0.08239272236824036","0.08239272236824036","0.08239272236824036"
"176646","0.1156652495265007","0.1156652495265007","0.1156652495265007"
"176695","0.0875011682510376","0.0875011682510376","0.0875011682510376"
"176708","0.07853041589260101","0.07853041589260101","0.07853041589260101"
"176712","0.1214296743273735","0.1214296743273735","0.1214296743273735"
"176719","0.07198870182037354","0.07198870182037354","0.07198870182037354"
"176733","0.09943123161792755","0.09943123161792755","0.09943123161792755"
"176747","0.08454941213130951","0.08454941213130951","0.08454941213130951"
"176757","0.08873637765645981","0.08873637765645981","0.08873637765645981"
"176768","0.08844125270843506","0.08844125270843506","0.08844125270843506"
"176772","0.12132667005062103","0.12132667005062103","0.12132667005062103"
"176784","0.09428194910287857","0.09428194910287857","0.09428194910287857"
"176798","0.08132055401802063","0.08132055401802063","0.08132055401802063"
"176812","0.08941714465618134","0.08941714465618134","0.08941714465618134"
"176871","0.09300638735294342","0.09300638735294342","0.09300638735294342"
"176952","0.08315418660640717","0.08315418660640717","0.08315418660640717"
"176957","0.07919766008853912","0.07919766008853912","0.07919766008853912"
"177030","0.10275298357009888","0.10275298357009888","0.10275298357009888"
"177082","0.08131881058216095","0.08131881058216095","0.08131881058216095"
"177083","0.08104594051837921","0.08104594051837921","0.08104594051837921"
"177095","0.09529884159564972","0.09529884159564972","0.09529884159564972"
"177113","0.07452905923128128","0.07452905923128128","0.07452905923128128"
"177130","0.07362586259841919","0.07362586259841919","0.07362586259841919"
"177153","0.10208950936794281","0.10208950936794281","0.10208950936794281"
"177162","0.09886755049228668","0.09886755049228668","0.09886755049228668"
"177179","0.09541498124599457","0.09541498124599457","0.09541498124599457"
"177190","0.08032914996147156","0.08032914996147156","0.08032914996147156"
"177199","0.10020740330219269","0.10020740330219269","0.10020740330219269"
"177204","0.08988192677497864","0.08988192677497864","0.08988192677497864"
"177211","0.07047829031944275","0.07047829031944275","0.07047829031944275"
"177273","0.08859619498252869","0.08859619498252869","0.08859619498252869"
"177275","0.08586370199918747","0.08586370199918747","0.08586370199918747"
"177395","0.11145517975091934","0.11145517975091934","0.11145517975091934"
"177448","0.07773531228303909","0.07773531228303909","0.07773531228303909"
"177454","0.08320556581020355","0.08320556581020355","0.08320556581020355"
"177470","0.07309845089912415","0.07309845089912415","0.07309845089912415"
"177488","0.09705328941345215","0.09705328941345215","0.09705328941345215"
"177493","0.08611034601926804","0.08611034601926804","0.08611034601926804"
"177526","0.09285390377044678","0.09285390377044678","0.09285390377044678"
"177546","0.08221877366304398","0.08221877366304398","0.08221877366304398"
"177585","0.09979680180549622","0.09979680180549622","0.09979680180549622"
"177600","0.07972604036331177","0.07972604036331177","0.07972604036331177"
"177636","0.08030393719673157","0.08030393719673157","0.08030393719673157"
"177658","0.10231871902942657","0.10231871902942657","0.10231871902942657"
"177663","0.09544497728347778","0.09544497728347778","0.09544497728347778"
"177665","0.09206356108188629","0.09206356108188629","0.09206356108188629"
"177673","0.08676783740520477","0.08676783740520477","0.08676783740520477"
"177675","0.09081193804740906","0.09081193804740906","0.09081193804740906"
"177688","0.09450538456439972","0.09450538456439972","0.09450538456439972"
"177696","0.0858241617679596","0.0858241617679596","0.0858241617679596"
"177704","0.08412723243236542","0.08412723243236542","0.08412723243236542"
"177707","0.09405356645584106","0.09405356645584106","0.09405356645584106"
"177712","0.0838659405708313","0.0838659405708313","0.0838659405708313"
"177713","0.08713217079639435","0.08713217079639435","0.08713217079639435"
"177758","0.08950556069612503","0.08950556069612503","0.08950556069612503"
"177776","0.09076406061649323","0.09076406061649323","0.09076406061649323"
"177874","0.08047062903642654","0.08047062903642654","0.08047062903642654"
"177877","0.07961367070674896","0.07961367070674896","0.07961367070674896"
"177983","0.10286422818899155","0.10286422818899155","0.10286422818899155"
"177987","0.10117923468351364","0.10117923468351364","0.10117923468351364"
"177993","0.0978495180606842","0.0978495180606842","0.0978495180606842"
"178013","0.08060671389102936","0.08060671389102936","0.08060671389102936"
"178016","0.08034875243902206","0.08034875243902206","0.08034875243902206"
"178050","0.08086541295051575","0.08086541295051575","0.08086541295051575"
"178055","0.09844721853733063","0.09844721853733063","0.09844721853733063"
"178056","0.0865163654088974","0.0865163654088974","0.0865163654088974"
"178067","0.09254203736782074","0.09254203736782074","0.09254203736782074"
"178100","0.09579292684793472","0.09579292684793472","0.09579292684793472"
"178105","0.09887507557868958","0.09887507557868958","0.09887507557868958"
"178113","0.10865729302167892","0.10865729302167892","0.10865729302167892"
"178123","0.08124546706676483","0.08124546706676483","0.08124546706676483"
"178132","0.07588087022304535","0.07588087022304535","0.07588087022304535"
"178134","0.10425764322280884","0.10425764322280884","0.10425764322280884"
"178156","0.11343687772750854","0.11343687772750854","0.11343687772750854"
"178242","0.072837233543396","0.072837233543396","0.072837233543396"
"178284","0.07373139262199402","0.07373139262199402","0.07373139262199402"
"178303","0.07468976080417633","0.07468976080417633","0.07468976080417633"
"178306","0.09210245311260223","0.09210245311260223","0.09210245311260223"
"178341","0.11043725162744522","0.11043725162744522","0.11043725162744522"
"178351","0.08471791446208954","0.08471791446208954","0.08471791446208954"
"178381","0.0896521806716919","0.0896521806716919","0.0896521806716919"
"178407","0.09994334727525711","0.09994334727525711","0.09994334727525711"
"178408","0.08359886705875397","0.08359886705875397","0.08359886705875397"
"178410","0.09552286565303802","0.09552286565303802","0.09552286565303802"
"178412","0.08955217897891998","0.08955217897891998","0.08955217897891998"
"178419","0.09007006138563156","0.09007006138563156","0.09007006138563156"
"178455","0.09391649067401886","0.09391649067401886","0.09391649067401886"
"178485","0.09154634177684784","0.09154634177684784","0.09154634177684784"
"178491","0.0862225890159607","0.0862225890159607","0.0862225890159607"
"178609","0.11676903069019318","0.11676903069019318","0.11676903069019318"
"178627","0.08600497245788574","0.08600497245788574","0.08600497245788574"
"178660","0.10175531357526779","0.10175531357526779","0.10175531357526779"
"178709","0.08711667358875275","0.08711667358875275","0.08711667358875275"
"178755","0.10780411958694458","0.10780411958694458","0.10780411958694458"
"178761","0.08740748465061188","0.08740748465061188","0.08740748465061188"
"178787","0.09712240099906921","0.09712240099906921","0.09712240099906921"
"178793","0.09409293532371521","0.09409293532371521","0.09409293532371521"
"178808","0.09429860860109329","0.09429860860109329","0.09429860860109329"
"178819","0.12269258499145508","0.12269258499145508","0.12269258499145508"
"178823","0.06957283616065979","0.06957283616065979","0.06957283616065979"
"178863","0.0763489305973053","0.0763489305973053","0.0763489305973053"
"178884","0.07967467606067657","0.07967467606067657","0.07967467606067657"
"178900","0.10176898539066315","0.10176898539066315","0.10176898539066315"
"178956","0.07805696129798889","0.07805696129798889","0.07805696129798889"
"178957","0.08510538935661316","0.08510538935661316","0.08510538935661316"
"178970","0.09247858077287674","0.09247858077287674","0.09247858077287674"
"178984","0.09372313320636749","0.09372313320636749","0.09372313320636749"
"178989","0.10742736607789993","0.10742736607789993","0.10742736607789993"
"179001","0.10916868597269058","0.10916868597269058","0.10916868597269058"
"179029","0.08179527521133423","0.08179527521133423","0.08179527521133423"
"179039","0.09090694785118103","0.09090694785118103","0.09090694785118103"
"179042","0.09869740903377533","0.09869740903377533","0.09869740903377533"
"179056","0.11372137069702148","0.11372137069702148","0.11372137069702148"
"179064","0.06956066191196442","0.06956066191196442","0.06956066191196442"
"179101","0.1041262298822403","0.1041262298822403","0.1041262298822403"
"179110","0.08042633533477783","0.08042633533477783","0.08042633533477783"
"179169","0.07949880510568619","0.07949880510568619","0.07949880510568619"
"179175","0.06851252168416977","0.06851252168416977","0.06851252168416977"
"179176","0.06485673785209656","0.06485673785209656","0.06485673785209656"
"179193","0.08838536590337753","0.08838536590337753","0.08838536590337753"
"179195","0.06257924437522888","0.06257924437522888","0.06257924437522888"
"179286","0.10140112787485123","0.10140112787485123","0.10140112787485123"
"179296","0.08745947480201721","0.08745947480201721","0.08745947480201721"
"179300","0.07848204672336578","0.07848204672336578","0.07848204672336578"
"179311","0.0827597826719284","0.0827597826719284","0.0827597826719284"
"179354","0.08721061050891876","0.08721061050891876","0.08721061050891876"
"179362","0.08074214309453964","0.08074214309453964","0.08074214309453964"
"179365","0.10485027730464935","0.10485027730464935","0.10485027730464935"
"179370","0.11419866234064102","0.11419866234064102","0.11419866234064102"
"179375","0.07232707738876343","0.07232707738876343","0.07232707738876343"
"179379","0.08456525206565857","0.08456525206565857","0.08456525206565857"
"179383","0.09372763335704803","0.09372763335704803","0.09372763335704803"
"179385","0.09132479131221771","0.09132479131221771","0.09132479131221771"
"179397","0.09287339448928833","0.09287339448928833","0.09287339448928833"
"179398","0.07901543378829956","0.07901543378829956","0.07901543378829956"
"179399","0.08895572274923325","0.08895572274923325","0.08895572274923325"
"179435","0.08295753598213196","0.08295753598213196","0.08295753598213196"
"179456","0.08813916146755219","0.08813916146755219","0.08813916146755219"
"179460","0.08804912865161896","0.08804912865161896","0.08804912865161896"
"179498","0.10082201659679413","0.10082201659679413","0.10082201659679413"
"179510","0.08310086280107498","0.08310086280107498","0.08310086280107498"
"179526","0.08636030554771423","0.08636030554771423","0.08636030554771423"
"179534","0.08225889503955841","0.08225889503955841","0.08225889503955841"
"179587","0.09321130067110062","0.09321130067110062","0.09321130067110062"
"179621","0.09289565682411194","0.09289565682411194","0.09289565682411194"
"179629","0.08978177607059479","0.08978177607059479","0.08978177607059479"
"179632","0.10446155816316605","0.10446155816316605","0.10446155816316605"
"179633","0.0848446637392044","0.0848446637392044","0.0848446637392044"
"179678","0.10105238854885101","0.10105238854885101","0.10105238854885101"
"179687","0.0889764204621315","0.0889764204621315","0.0889764204621315"
"179689","0.10215656459331512","0.10215656459331512","0.10215656459331512"
"179708","0.08979249745607376","0.08979249745607376","0.08979249745607376"
"179745","0.08182033896446228","0.08182033896446228","0.08182033896446228"
"179758","0.08335895836353302","0.08335895836353302","0.08335895836353302"
"179776","0.0825587809085846","0.0825587809085846","0.0825587809085846"
"179794","0.09515199065208435","0.09515199065208435","0.09515199065208435"
"179815","0.08572231978178024","0.08572231978178024","0.08572231978178024"
"179823","0.08553750813007355","0.08553750813007355","0.08553750813007355"
"179831","0.09705744683742523","0.09705744683742523","0.09705744683742523"
"179864","0.09348024427890778","0.09348024427890778","0.09348024427890778"
"179865","0.06806135922670364","0.06806135922670364","0.06806135922670364"
"179899","0.12523768842220306","0.12523768842220306","0.12523768842220306"
"180007","0.07715395838022232","0.07715395838022232","0.07715395838022232"
"180020","0.1081695407629013","0.1081695407629013","0.1081695407629013"
"180044","0.09120941162109375","0.09120941162109375","0.09120941162109375"
"180049","0.09659118950366974","0.09659118950366974","0.09659118950366974"
"180081","0.09451936185359955","0.09451936185359955","0.09451936185359955"
"180171","0.08049333840608597","0.08049333840608597","0.08049333840608597"
"180180","0.09581054747104645","0.09581054747104645","0.09581054747104645"
"180210","0.10326489806175232","0.10326489806175232","0.10326489806175232"
"180286","0.0735943615436554","0.0735943615436554","0.0735943615436554"
"180305","0.08340293169021606","0.08340293169021606","0.08340293169021606"
"180311","0.08262033760547638","0.08262033760547638","0.08262033760547638"
"180343","0.06584446877241135","0.06584446877241135","0.06584446877241135"
"180361","0.10413019359111786","0.10413019359111786","0.10413019359111786"
"180411","0.09089629352092743","0.09089629352092743","0.09089629352092743"
"180419","0.0940304696559906","0.0940304696559906","0.0940304696559906"
"180427","0.08667293936014175","0.08667293936014175","0.08667293936014175"
"180465","0.09192797541618347","0.09192797541618347","0.09192797541618347"
"180486","0.0779561698436737","0.0779561698436737","0.0779561698436737"
"180505","0.10102999210357666","0.10102999210357666","0.10102999210357666"
"180512","0.08258455991744995","0.08258455991744995","0.08258455991744995"
"180519","0.07191634178161621","0.07191634178161621","0.07191634178161621"
"180529","0.07683924585580826","0.07683924585580826","0.07683924585580826"
"180545","0.07809729874134064","0.07809729874134064","0.07809729874134064"
"180576","0.08656339347362518","0.08656339347362518","0.08656339347362518"
"180628","0.09888911247253418","0.09888911247253418","0.09888911247253418"
"180633","0.10294762998819351","0.10294762998819351","0.10294762998819351"
"180637","0.09671372175216675","0.09671372175216675","0.09671372175216675"
"180648","0.08090031147003174","0.08090031147003174","0.08090031147003174"
"180664","0.08301052451133728","0.08301052451133728","0.08301052451133728"
"180667","0.08512768149375916","0.08512768149375916","0.08512768149375916"
"180687","0.08006226271390915","0.08006226271390915","0.08006226271390915"
"180710","0.095518097281456","0.095518097281456","0.095518097281456"
"180719","0.09794256091117859","0.09794256091117859","0.09794256091117859"
"180733","0.08587480336427689","0.08587480336427689","0.08587480336427689"
"180756","0.08567260205745697","0.08567260205745697","0.08567260205745697"
"180788","0.08420319855213165","0.08420319855213165","0.08420319855213165"
"180796","0.09802554547786713","0.09802554547786713","0.09802554547786713"
"180802","0.08963016420602798","0.08963016420602798","0.08963016420602798"
"180814","0.09278072416782379","0.09278072416782379","0.09278072416782379"
"180821","0.09510250389575958","0.09510250389575958","0.09510250389575958"
"180832","0.08661472797393799","0.08661472797393799","0.08661472797393799"
"180846","0.09391503036022186","0.09391503036022186","0.09391503036022186"
"180866","0.08412060141563416","0.08412060141563416","0.08412060141563416"
"180882","0.08224416524171829","0.08224416524171829","0.08224416524171829"
"180888","0.10381084680557251","0.10381084680557251","0.10381084680557251"
"180920","0.0853051245212555","0.0853051245212555","0.0853051245212555"
"180992","0.10246020555496216","0.10246020555496216","0.10246020555496216"
"180994","0.09784646332263947","0.09784646332263947","0.09784646332263947"
"181028","0.08519235253334045","0.08519235253334045","0.08519235253334045"
"181080","0.08788350969552994","0.08788350969552994","0.08788350969552994"
"181100","0.09393106400966644","0.09393106400966644","0.09393106400966644"
"181172","0.09458094835281372","0.09458094835281372","0.09458094835281372"
"181206","0.08608795702457428","0.08608795702457428","0.08608795702457428"
"181240","0.09978190064430237","0.09978190064430237","0.09978190064430237"
"181253","0.07622550427913666","0.07622550427913666","0.07622550427913666"
"181271","0.08989009261131287","0.08989009261131287","0.08989009261131287"
"181302","0.09127798676490784","0.09127798676490784","0.09127798676490784"
"181305","0.0967278853058815","0.0967278853058815","0.0967278853058815"
"181309","0.07833725214004517","0.07833725214004517","0.07833725214004517"
"181315","0.07773935049772263","0.07773935049772263","0.07773935049772263"
"181345","0.09379363059997559","0.09379363059997559","0.09379363059997559"
"181394","0.10131865739822388","0.10131865739822388","0.10131865739822388"
"181476","0.09985607862472534","0.09985607862472534","0.09985607862472534"
"181477","0.06645853817462921","0.06645853817462921","0.06645853817462921"
"181489","0.08274776488542557","0.08274776488542557","0.08274776488542557"
"181533","0.08881998062133789","0.08881998062133789","0.08881998062133789"
"181565","0.09052647650241852","0.09052647650241852","0.09052647650241852"
"181569","0.08036883175373077","0.08036883175373077","0.08036883175373077"
"181570","0.11204946041107178","0.11204946041107178","0.11204946041107178"
"181586","0.09906747937202454","0.09906747937202454","0.09906747937202454"
"181594","0.08205276727676392","0.08205276727676392","0.08205276727676392"
"181664","0.10412426292896271","0.10412426292896271","0.10412426292896271"
"181674","0.07118432223796844","0.07118432223796844","0.07118432223796844"
"181690","0.10243204236030579","0.10243204236030579","0.10243204236030579"
"181717","0.06961322575807571","0.06961322575807571","0.06961322575807571"
"181731","0.07990426570177078","0.07990426570177078","0.07990426570177078"
"181773","0.08573413640260696","0.08573413640260696","0.08573413640260696"
"181803","0.09700874984264374","0.09700874984264374","0.09700874984264374"
"181811","0.10166937857866287","0.10166937857866287","0.10166937857866287"
"181822","0.07948171347379684","0.07948171347379684","0.07948171347379684"
"181850","0.08948101103305817","0.08948101103305817","0.08948101103305817"
"181877","0.1062549576163292","0.1062549576163292","0.1062549576163292"
"181881","0.10781542956829071","0.10781542956829071","0.10781542956829071"
"181898","0.0982385128736496","0.0982385128736496","0.0982385128736496"
"181899","0.08664348721504211","0.08664348721504211","0.08664348721504211"
"181908","0.07578057050704956","0.07578057050704956","0.07578057050704956"
"181937","0.09030173718929291","0.09030173718929291","0.09030173718929291"
"181992","0.10115598142147064","0.10115598142147064","0.10115598142147064"
"182013","0.08855676651000977","0.08855676651000977","0.08855676651000977"
"182026","0.08346737921237946","0.08346737921237946","0.08346737921237946"
"182035","0.08320007473230362","0.08320007473230362","0.08320007473230362"
"182042","0.10879582166671753","0.10879582166671753","0.10879582166671753"
"182043","0.0975823923945427","0.0975823923945427","0.0975823923945427"
"182057","0.09926751255989075","0.09926751255989075","0.09926751255989075"
"182060","0.087987519800663","0.087987519800663","0.087987519800663"
"182081","0.0783790796995163","0.0783790796995163","0.0783790796995163"
"182095","0.08871950954198837","0.08871950954198837","0.08871950954198837"
"182125","0.08820746093988419","0.08820746093988419","0.08820746093988419"
"182185","0.1153334304690361","0.1153334304690361","0.1153334304690361"
"182188","0.09228402376174927","0.09228402376174927","0.09228402376174927"
"182196","0.09228970110416412","0.09228970110416412","0.09228970110416412"
"182204","0.08877894282341003","0.08877894282341003","0.08877894282341003"
"182224","0.10174068808555603","0.10174068808555603","0.10174068808555603"
"182234","0.09688340127468109","0.09688340127468109","0.09688340127468109"
"182246","0.08984933793544769","0.08984933793544769","0.08984933793544769"
"182261","0.11156417429447174","0.11156417429447174","0.11156417429447174"
"182265","0.09728902578353882","0.09728902578353882","0.09728902578353882"
"182300","0.08782680332660675","0.08782680332660675","0.08782680332660675"
"182310","0.07866570353507996","0.07866570353507996","0.07866570353507996"
"182337","0.08685311675071716","0.08685311675071716","0.08685311675071716"
"182355","0.10393964499235153","0.10393964499235153","0.10393964499235153"
"182367","0.10039358586072922","0.10039358586072922","0.10039358586072922"
"182405","0.08862479031085968","0.08862479031085968","0.08862479031085968"
"182502","0.10004878044128418","0.10004878044128418","0.10004878044128418"
"182507","0.08952632546424866","0.08952632546424866","0.08952632546424866"
"182522","0.12060128152370453","0.12060128152370453","0.12060128152370453"
"182536","0.09096817672252655","0.09096817672252655","0.09096817672252655"
"182565","0.09558266401290894","0.09558266401290894","0.09558266401290894"
"182621","0.08394908905029297","0.08394908905029297","0.08394908905029297"
"182623","0.08591262996196747","0.08591262996196747","0.08591262996196747"
"182686","0.09687149524688721","0.09687149524688721","0.09687149524688721"
"182697","0.07867388427257538","0.07867388427257538","0.07867388427257538"
"182712","0.07995104789733887","0.07995104789733887","0.07995104789733887"
"182746","0.07539656013250351","0.07539656013250351","0.07539656013250351"
"182751","0.07851918041706085","0.07851918041706085","0.07851918041706085"
"182770","0.08201688528060913","0.08201688528060913","0.08201688528060913"
"182795","0.09814947098493576","0.09814947098493576","0.09814947098493576"
"182807","0.07681885361671448","0.07681885361671448","0.07681885361671448"
"182811","0.08376051485538483","0.08376051485538483","0.08376051485538483"
"182833","0.09923360496759415","0.09923360496759415","0.09923360496759415"
"182907","0.09593799710273743","0.09593799710273743","0.09593799710273743"
"182949","0.10710416734218597","0.10710416734218597","0.10710416734218597"
"182964","0.09597036987543106","0.09597036987543106","0.09597036987543106"
"183011","0.08169067651033401","0.08169067651033401","0.08169067651033401"
"183032","0.11175307631492615","0.11175307631492615","0.11175307631492615"
"183059","0.10192954540252686","0.10192954540252686","0.10192954540252686"
"183075","0.09404680132865906","0.09404680132865906","0.09404680132865906"
"183089","0.10033266246318817","0.10033266246318817","0.10033266246318817"
"183135","0.09338682889938354","0.09338682889938354","0.09338682889938354"
"183157","0.08420176804065704","0.08420176804065704","0.08420176804065704"
"183175","0.11025342345237732","0.11025342345237732","0.11025342345237732"
"183180","0.10059982538223267","0.10059982538223267","0.10059982538223267"
"183190","0.0788537859916687","0.0788537859916687","0.0788537859916687"
"183212","0.0708390548825264","0.0708390548825264","0.0708390548825264"
"183223","0.09987329691648483","0.09987329691648483","0.09987329691648483"
"183229","0.10878109931945801","0.10878109931945801","0.10878109931945801"
"183245","0.06916577368974686","0.06916577368974686","0.06916577368974686"
"183248","0.08168596029281616","0.08168596029281616","0.08168596029281616"
"183255","0.08670914173126221","0.08670914173126221","0.08670914173126221"
"183299","0.0933636873960495","0.0933636873960495","0.0933636873960495"
"183336","0.08135159313678741","0.08135159313678741","0.08135159313678741"
"183343","0.09607347846031189","0.09607347846031189","0.09607347846031189"
"183360","0.09824475646018982","0.09824475646018982","0.09824475646018982"
"183398","0.07930371165275574","0.07930371165275574","0.07930371165275574"
"183420","0.07835137099027634","0.07835137099027634","0.07835137099027634"
"183448","0.09379725903272629","0.09379725903272629","0.09379725903272629"
"183475","0.08845922350883484","0.08845922350883484","0.08845922350883484"
"183476","0.08592960238456726","0.08592960238456726","0.08592960238456726"
"183513","0.1026105284690857","0.1026105284690857","0.1026105284690857"
"183569","0.08711408078670502","0.08711408078670502","0.08711408078670502"
"183572","0.08049286156892776","0.08049286156892776","0.08049286156892776"
"183628","0.0733291506767273","0.0733291506767273","0.0733291506767273"
"183657","0.12538418173789978","0.12538418173789978","0.12538418173789978"
"183738","0.09647977352142334","0.09647977352142334","0.09647977352142334"
"183770","0.1046743169426918","0.1046743169426918","0.1046743169426918"
"183835","0.08281561732292175","0.08281561732292175","0.08281561732292175"
"183836","0.10520583391189575","0.10520583391189575","0.10520583391189575"
"183840","0.10195557773113251","0.10195557773113251","0.10195557773113251"
"183844","0.0894494578242302","0.0894494578242302","0.0894494578242302"
"183875","0.08760981261730194","0.08760981261730194","0.08760981261730194"
"183921","0.09466533362865448","0.09466533362865448","0.09466533362865448"
"183955","0.08775530010461807","0.08775530010461807","0.08775530010461807"
"183965","0.0878487229347229","0.0878487229347229","0.0878487229347229"
"184010","0.07489189505577087","0.07489189505577087","0.07489189505577087"
"184016","0.0805201381444931","0.0805201381444931","0.0805201381444931"
"184039","0.09753698110580444","0.09753698110580444","0.09753698110580444"
"184137","0.09130562841892242","0.09130562841892242","0.09130562841892242"
"184180","0.09584721177816391","0.09584721177816391","0.09584721177816391"
"184184","0.06866807490587234","0.06866807490587234","0.06866807490587234"
"184198","0.08013422042131424","0.08013422042131424","0.08013422042131424"
"184217","0.08714576065540314","0.08714576065540314","0.08714576065540314"
"184222","0.10453665256500244","0.10453665256500244","0.10453665256500244"
"184244","0.09486127644777298","0.09486127644777298","0.09486127644777298"
"184300","0.07287164777517319","0.07287164777517319","0.07287164777517319"
"184360","0.10699433833360672","0.10699433833360672","0.10699433833360672"
"184364","0.10512517392635345","0.10512517392635345","0.10512517392635345"
"184418","0.10294200479984283","0.10294200479984283","0.10294200479984283"
"184475","0.08877324312925339","0.08877324312925339","0.08877324312925339"
"184534","0.0951409563422203","0.0951409563422203","0.0951409563422203"
"184535","0.0857059434056282","0.0857059434056282","0.0857059434056282"
"184544","0.10862013697624207","0.10862013697624207","0.10862013697624207"
"184570","0.09223495423793793","0.09223495423793793","0.09223495423793793"
"184639","0.09188412874937057","0.09188412874937057","0.09188412874937057"
"184678","0.10302034765481949","0.10302034765481949","0.10302034765481949"
"184697","0.09603182971477509","0.09603182971477509","0.09603182971477509"
"184701","0.08864547312259674","0.08864547312259674","0.08864547312259674"
"184713","0.0866556465625763","0.0866556465625763","0.0866556465625763"
"184724","0.0855809897184372","0.0855809897184372","0.0855809897184372"
"184728","0.08695673942565918","0.08695673942565918","0.08695673942565918"
"184743","0.09687197208404541","0.09687197208404541","0.09687197208404541"
"184758","0.11861743032932281","0.11861743032932281","0.11861743032932281"
"184813","0.07995475828647614","0.07995475828647614","0.07995475828647614"
"184829","0.09226583689451218","0.09226583689451218","0.09226583689451218"
"184866","0.08512894809246063","0.08512894809246063","0.08512894809246063"
"184874","0.1010567843914032","0.1010567843914032","0.1010567843914032"
"184878","0.09072059392929077","0.09072059392929077","0.09072059392929077"
"184918","0.08610931038856506","0.08610931038856506","0.08610931038856506"
"184919","0.09531471133232117","0.09531471133232117","0.09531471133232117"
"184944","0.08115893602371216","0.08115893602371216","0.08115893602371216"
"185033","0.08784647285938263","0.08784647285938263","0.08784647285938263"
"185049","0.0981505736708641","0.0981505736708641","0.0981505736708641"
"185056","0.07063701748847961","0.07063701748847961","0.07063701748847961"
"185061","0.08484338223934174","0.08484338223934174","0.08484338223934174"
"185075","0.08516481518745422","0.08516481518745422","0.08516481518745422"
"185087","0.11110316216945648","0.11110316216945648","0.11110316216945648"
"185148","0.09293057024478912","0.09293057024478912","0.09293057024478912"
"185199","0.0745902955532074","0.0745902955532074","0.0745902955532074"
"185203","0.08967674523591995","0.08967674523591995","0.08967674523591995"
"185218","0.09404271841049194","0.09404271841049194","0.09404271841049194"
"185222","0.09812842309474945","0.09812842309474945","0.09812842309474945"
"185232","0.07885792851448059","0.07885792851448059","0.07885792851448059"
"185233","0.08826874196529388","0.08826874196529388","0.08826874196529388"
"185263","0.10287787765264511","0.10287787765264511","0.10287787765264511"
"185267","0.10690081864595413","0.10690081864595413","0.10690081864595413"
"185281","0.09103957563638687","0.09103957563638687","0.09103957563638687"
"185284","0.09047184884548187","0.09047184884548187","0.09047184884548187"
"185307","0.07075890898704529","0.07075890898704529","0.07075890898704529"
"185314","0.11484365165233612","0.11484365165233612","0.11484365165233612"
"185323","0.08117926120758057","0.08117926120758057","0.08117926120758057"
"185349","0.08374541997909546","0.08374541997909546","0.08374541997909546"
"185412","0.08726748079061508","0.08726748079061508","0.08726748079061508"
"185431","0.08640357851982117","0.08640357851982117","0.08640357851982117"
"185438","0.08055546134710312","0.08055546134710312","0.08055546134710312"
"185449","0.08268873393535614","0.08268873393535614","0.08268873393535614"
"185458","0.0855446457862854","0.0855446457862854","0.0855446457862854"
"185460","0.09618532657623291","0.09618532657623291","0.09618532657623291"
"185461","0.08521668612957001","0.08521668612957001","0.08521668612957001"
"185465","0.08549116551876068","0.08549116551876068","0.08549116551876068"
"185512","0.07301206886768341","0.07301206886768341","0.07301206886768341"
"185526","0.08786312490701675","0.08786312490701675","0.08786312490701675"
"185529","0.08884258568286896","0.08884258568286896","0.08884258568286896"
"185589","0.11480538547039032","0.11480538547039032","0.11480538547039032"
"185595","0.10779108107089996","0.10779108107089996","0.10779108107089996"
"185625","0.08729636669158936","0.08729636669158936","0.08729636669158936"
"185730","0.1085985004901886","0.1085985004901886","0.1085985004901886"
"185760","0.09441175311803818","0.09441175311803818","0.09441175311803818"
"185764","0.0952049046754837","0.0952049046754837","0.0952049046754837"
"185767","0.09499417245388031","0.09499417245388031","0.09499417245388031"
"185773","0.09538978338241577","0.09538978338241577","0.09538978338241577"
"185819","0.0905880481004715","0.0905880481004715","0.0905880481004715"
"185894","0.0915093943476677","0.0915093943476677","0.0915093943476677"
"185913","0.08084127306938171","0.08084127306938171","0.08084127306938171"
"185918","0.08954264223575592","0.08954264223575592","0.08954264223575592"
"185931","0.08875802159309387","0.08875802159309387","0.08875802159309387"
"185964","0.09594279527664185","0.09594279527664185","0.09594279527664185"
"185968","0.09949782490730286","0.09949782490730286","0.09949782490730286"
"186002","0.08935806155204773","0.08935806155204773","0.08935806155204773"
"186007","0.09839800000190735","0.09839800000190735","0.09839800000190735"
"186138","0.08347801864147186","0.08347801864147186","0.08347801864147186"
"186202","0.07360626757144928","0.07360626757144928","0.07360626757144928"
"186229","0.12087612599134445","0.12087612599134445","0.12087612599134445"
"186232","0.08073641359806061","0.08073641359806061","0.08073641359806061"
"186236","0.08589406311511993","0.08589406311511993","0.08589406311511993"
"186328","0.08192633837461472","0.08192633837461472","0.08192633837461472"
"186352","0.10983090847730637","0.10983090847730637","0.10983090847730637"
"186353","0.09046003222465515","0.09046003222465515","0.09046003222465515"
"186387","0.07724039256572723","0.07724039256572723","0.07724039256572723"
"186392","0.08064474910497665","0.08064474910497665","0.08064474910497665"
"186440","0.08186046779155731","0.08186046779155731","0.08186046779155731"
"186459","0.07593700289726257","0.07593700289726257","0.07593700289726257"
"186496","0.08543884009122849","0.08543884009122849","0.08543884009122849"
"186506","0.08498483896255493","0.08498483896255493","0.08498483896255493"
"186517","0.07542569935321808","0.07542569935321808","0.07542569935321808"
"186548","0.09374664723873138","0.09374664723873138","0.09374664723873138"
"186584","0.07455558329820633","0.07455558329820633","0.07455558329820633"
"186598","0.10364051163196564","0.10364051163196564","0.10364051163196564"
"186633","0.09462624043226242","0.09462624043226242","0.09462624043226242"
"186655","0.09875644743442535","0.09875644743442535","0.09875644743442535"
"186676","0.09777818620204926","0.09777818620204926","0.09777818620204926"
"186677","0.07741948962211609","0.07741948962211609","0.07741948962211609"
"186699","0.0823906809091568","0.0823906809091568","0.0823906809091568"
"186718","0.09782052040100098","0.09782052040100098","0.09782052040100098"
"186733","0.11985062062740326","0.11985062062740326","0.11985062062740326"
"186765","0.07770241796970367","0.07770241796970367","0.07770241796970367"
"186766","0.09189555048942566","0.09189555048942566","0.09189555048942566"
"186817","0.08318962156772614","0.08318962156772614","0.08318962156772614"
"186839","0.08792132139205933","0.08792132139205933","0.08792132139205933"
"186890","0.09759801626205444","0.09759801626205444","0.09759801626205444"
"186965","0.10552267730236053","0.10552267730236053","0.10552267730236053"
"186967","0.07976410537958145","0.07976410537958145","0.07976410537958145"
"186968","0.10479959845542908","0.10479959845542908","0.10479959845542908"
"186971","0.11531757563352585","0.11531757563352585","0.11531757563352585"
"186975","0.08957783877849579","0.08957783877849579","0.08957783877849579"
"186997","0.11202995479106903","0.11202995479106903","0.11202995479106903"
"187012","0.08065538108348846","0.08065538108348846","0.08065538108348846"
"187065","0.09098641574382782","0.09098641574382782","0.09098641574382782"
"187091","0.09050992131233215","0.09050992131233215","0.09050992131233215"
"187128","0.11314430087804794","0.11314430087804794","0.11314430087804794"
"187152","0.09133376181125641","0.09133376181125641","0.09133376181125641"
"187166","0.08852945268154144","0.08852945268154144","0.08852945268154144"
"187188","0.08197131752967834","0.08197131752967834","0.08197131752967834"
"187211","0.09657628834247589","0.09657628834247589","0.09657628834247589"
"187229","0.08090594410896301","0.08090594410896301","0.08090594410896301"
"187251","0.09928043931722641","0.09928043931722641","0.09928043931722641"
"187261","0.08884993195533752","0.08884993195533752","0.08884993195533752"
"187263","0.09541572630405426","0.09541572630405426","0.09541572630405426"
"187274","0.0850592628121376","0.0850592628121376","0.0850592628121376"
"187285","0.07017848640680313","0.07017848640680313","0.07017848640680313"
"187317","0.08928801119327545","0.08928801119327545","0.08928801119327545"
"187335","0.09865561872720718","0.09865561872720718","0.09865561872720718"
"187346","0.09335902333259583","0.09335902333259583","0.09335902333259583"
"187394","0.08730154484510422","0.08730154484510422","0.08730154484510422"
"187420","0.08329711854457855","0.08329711854457855","0.08329711854457855"
"187473","0.07810233533382416","0.07810233533382416","0.07810233533382416"
"187495","0.08387305587530136","0.08387305587530136","0.08387305587530136"
"187507","0.09782285988330841","0.09782285988330841","0.09782285988330841"
"187513","0.08683455735445023","0.08683455735445023","0.08683455735445023"
"187531","0.09820625185966492","0.09820625185966492","0.09820625185966492"
"187544","0.09316958487033844","0.09316958487033844","0.09316958487033844"
"187552","0.10084917396306992","0.10084917396306992","0.10084917396306992"
"187553","0.0908607691526413","0.0908607691526413","0.0908607691526413"
"187555","0.0804079920053482","0.0804079920053482","0.0804079920053482"
"187588","0.0845830887556076","0.0845830887556076","0.0845830887556076"
"187619","0.09035036712884903","0.09035036712884903","0.09035036712884903"
"187624","0.09714985638856888","0.09714985638856888","0.09714985638856888"
"187649","0.0885578840970993","0.0885578840970993","0.0885578840970993"
"187652","0.09959132224321365","0.09959132224321365","0.09959132224321365"
"187697","0.08170075714588165","0.08170075714588165","0.08170075714588165"
"187716","0.07467614114284515","0.07467614114284515","0.07467614114284515"
"187758","0.11463622003793716","0.11463622003793716","0.11463622003793716"
"187765","0.08547760546207428","0.08547760546207428","0.08547760546207428"
"187779","0.10136730968952179","0.10136730968952179","0.10136730968952179"
"187810","0.08429405093193054","0.08429405093193054","0.08429405093193054"
"187814","0.0837346762418747","0.0837346762418747","0.0837346762418747"
"187845","0.09019909799098969","0.09019909799098969","0.09019909799098969"
"187861","0.08439740538597107","0.08439740538597107","0.08439740538597107"
"187904","0.0922941118478775","0.0922941118478775","0.0922941118478775"
"187977","0.09803353250026703","0.09803353250026703","0.09803353250026703"
"187979","0.11135441809892654","0.11135441809892654","0.11135441809892654"
"188004","0.10059086978435516","0.10059086978435516","0.10059086978435516"
"188013","0.08288292586803436","0.08288292586803436","0.08288292586803436"
"188017","0.07414305210113525","0.07414305210113525","0.07414305210113525"
"188033","0.07937987148761749","0.07937987148761749","0.07937987148761749"
"188047","0.11435901373624802","0.11435901373624802","0.11435901373624802"
"188052","0.06765061616897583","0.06765061616897583","0.06765061616897583"
"188070","0.09843964874744415","0.09843964874744415","0.09843964874744415"
"188090","0.10096018016338348","0.10096018016338348","0.10096018016338348"
"188093","0.07798345386981964","0.07798345386981964","0.07798345386981964"
"188129","0.09682280570268631","0.09682280570268631","0.09682280570268631"
"188133","0.09676133096218109","0.09676133096218109","0.09676133096218109"
"188164","0.0868445336818695","0.0868445336818695","0.0868445336818695"
"188185","0.09161971509456635","0.09161971509456635","0.09161971509456635"
"188223","0.09120924770832062","0.09120924770832062","0.09120924770832062"
"188248","0.08876055479049683","0.08876055479049683","0.08876055479049683"
"188265","0.08681531250476837","0.08681531250476837","0.08681531250476837"
"188293","0.07566846907138824","0.07566846907138824","0.07566846907138824"
"188301","0.08650551736354828","0.08650551736354828","0.08650551736354828"
"188337","0.09956090152263641","0.09956090152263641","0.09956090152263641"
"188340","0.08954261243343353","0.08954261243343353","0.08954261243343353"
"188379","0.0768238753080368","0.0768238753080368","0.0768238753080368"
"188396","0.09356829524040222","0.09356829524040222","0.09356829524040222"
"188420","0.09870582818984985","0.09870582818984985","0.09870582818984985"
"188423","0.07569862902164459","0.07569862902164459","0.07569862902164459"
"188475","0.10258930921554565","0.10258930921554565","0.10258930921554565"
"188486","0.09147946536540985","0.09147946536540985","0.09147946536540985"
"188517","0.0786551684141159","0.0786551684141159","0.0786551684141159"
"188524","0.09842509031295776","0.09842509031295776","0.09842509031295776"
"188535","0.08761581033468246","0.08761581033468246","0.08761581033468246"
"188551","0.09164094924926758","0.09164094924926758","0.09164094924926758"
"188553","0.07601913809776306","0.07601913809776306","0.07601913809776306"
"188559","0.0939675122499466","0.0939675122499466","0.0939675122499466"
"188635","0.08017892390489578","0.08017892390489578","0.08017892390489578"
"188690","0.07527923583984375","0.07527923583984375","0.07527923583984375"
"188702","0.10356025397777557","0.10356025397777557","0.10356025397777557"
"188713","0.10120578110218048","0.10120578110218048","0.10120578110218048"
"188736","0.09577120840549469","0.09577120840549469","0.09577120840549469"
"188742","0.10292819142341614","0.10292819142341614","0.10292819142341614"
"188806","0.09031923115253448","0.09031923115253448","0.09031923115253448"
"188824","0.10463902354240417","0.10463902354240417","0.10463902354240417"
"188844","0.08799155056476593","0.08799155056476593","0.08799155056476593"
"188852","0.07821766287088394","0.07821766287088394","0.07821766287088394"
"188853","0.07729333639144897","0.07729333639144897","0.07729333639144897"
"188895","0.08065879344940186","0.08065879344940186","0.08065879344940186"
"188898","0.09415131062269211","0.09415131062269211","0.09415131062269211"
"188908","0.07341042160987854","0.07341042160987854","0.07341042160987854"
"188920","0.09728462994098663","0.09728462994098663","0.09728462994098663"
"188947","0.07430963963270187","0.07430963963270187","0.07430963963270187"
"188966","0.11073429137468338","0.11073429137468338","0.11073429137468338"
"189043","0.07920046150684357","0.07920046150684357","0.07920046150684357"
"189069","0.07280971109867096","0.07280971109867096","0.07280971109867096"
"189085","0.10310934484004974","0.10310934484004974","0.10310934484004974"
"189091","0.07744726538658142","0.07744726538658142","0.07744726538658142"
"189105","0.09425429999828339","0.09425429999828339","0.09425429999828339"
"189160","0.08271542191505432","0.08271542191505432","0.08271542191505432"
"189173","0.07576343417167664","0.07576343417167664","0.07576343417167664"
"189237","0.09432058036327362","0.09432058036327362","0.09432058036327362"
"189242","0.08550594002008438","0.08550594002008438","0.08550594002008438"
"189280","0.09556327015161514","0.09556327015161514","0.09556327015161514"
"189305","0.09785778820514679","0.09785778820514679","0.09785778820514679"
"189332","0.07657460868358612","0.07657460868358612","0.07657460868358612"
"189360","0.06929528713226318","0.06929528713226318","0.06929528713226318"
"189390","0.09489293396472931","0.09489293396472931","0.09489293396472931"
"189397","0.10780417174100876","0.10780417174100876","0.10780417174100876"
"189398","0.09249171614646912","0.09249171614646912","0.09249171614646912"
"189400","0.09054185450077057","0.09054185450077057","0.09054185450077057"
"189435","0.08160045742988586","0.08160045742988586","0.08160045742988586"
"189513","0.09310243278741837","0.09310243278741837","0.09310243278741837"
"189556","0.1006571501493454","0.1006571501493454","0.1006571501493454"
"189566","0.08053411543369293","0.08053411543369293","0.08053411543369293"
"189607","0.08018818497657776","0.08018818497657776","0.08018818497657776"
"189625","0.07465974986553192","0.07465974986553192","0.07465974986553192"
"189673","0.08234019577503204","0.08234019577503204","0.08234019577503204"
"189694","0.07556606084108353","0.07556606084108353","0.07556606084108353"
"189723","0.08193579316139221","0.08193579316139221","0.08193579316139221"
"189742","0.08761219680309296","0.08761219680309296","0.08761219680309296"
"189757","0.06991903483867645","0.06991903483867645","0.06991903483867645"
"189782","0.08543437719345093","0.08543437719345093","0.08543437719345093"
"189785","0.08390812575817108","0.08390812575817108","0.08390812575817108"
"189840","0.09546150267124176","0.09546150267124176","0.09546150267124176"
"189850","0.09126478433609009","0.09126478433609009","0.09126478433609009"
"189905","0.06778521090745926","0.06778521090745926","0.06778521090745926"
"189922","0.08966933935880661","0.08966933935880661","0.08966933935880661"
"189927","0.09351092576980591","0.09351092576980591","0.09351092576980591"
"189945","0.09489668905735016","0.09489668905735016","0.09489668905735016"
"189974","0.08899150788784027","0.08899150788784027","0.08899150788784027"
"189982","0.07581035047769547","0.07581035047769547","0.07581035047769547"
"189985","0.08349243551492691","0.08349243551492691","0.08349243551492691"
"190017","0.1165795773267746","0.1165795773267746","0.1165795773267746"
"190035","0.09811022877693176","0.09811022877693176","0.09811022877693176"
"190140","0.0923536866903305","0.0923536866903305","0.0923536866903305"
"190147","0.09935096651315689","0.09935096651315689","0.09935096651315689"
"190162","0.08625070005655289","0.08625070005655289","0.08625070005655289"
"190169","0.07131855189800262","0.07131855189800262","0.07131855189800262"
"190170","0.08635108172893524","0.08635108172893524","0.08635108172893524"
"190228","0.09397733211517334","0.09397733211517334","0.09397733211517334"
"190262","0.09840434789657593","0.09840434789657593","0.09840434789657593"
"190287","0.09476010501384735","0.09476010501384735","0.09476010501384735"
"190408","0.07652880251407623","0.07652880251407623","0.07652880251407623"
"190420","0.09380009770393372","0.09380009770393372","0.09380009770393372"
"190429","0.08588069677352905","0.08588069677352905","0.08588069677352905"
"190433","0.09898591041564941","0.09898591041564941","0.09898591041564941"
"190468","0.0831662118434906","0.0831662118434906","0.0831662118434906"
"190481","0.10223300755023956","0.10223300755023956","0.10223300755023956"
"190490","0.08780020475387573","0.08780020475387573","0.08780020475387573"
"190520","0.09386688470840454","0.09386688470840454","0.09386688470840454"
"190530","0.08907174319028854","0.08907174319028854","0.08907174319028854"
"190601","0.07454559206962585","0.07454559206962585","0.07454559206962585"
"190630","0.08610226213932037","0.08610226213932037","0.08610226213932037"
"190635","0.08792879432439804","0.08792879432439804","0.08792879432439804"
"190675","0.07944639027118683","0.07944639027118683","0.07944639027118683"
"190693","0.08569398522377014","0.08569398522377014","0.08569398522377014"
"190697","0.09614972770214081","0.09614972770214081","0.09614972770214081"
"190730","0.0985669195652008","0.0985669195652008","0.0985669195652008"
"190737","0.09305387735366821","0.09305387735366821","0.09305387735366821"
"190802","0.10918381810188293","0.10918381810188293","0.10918381810188293"
"190818","0.08327115327119827","0.08327115327119827","0.08327115327119827"
"190820","0.10374560952186584","0.10374560952186584","0.10374560952186584"
"190824","0.08941574394702911","0.08941574394702911","0.08941574394702911"
"190838","0.07635867595672607","0.07635867595672607","0.07635867595672607"
"190872","0.07977079600095749","0.07977079600095749","0.07977079600095749"
"190932","0.10038883984088898","0.10038883984088898","0.10038883984088898"
"190954","0.08531972765922546","0.08531972765922546","0.08531972765922546"
"190984","0.077906034886837","0.077906034886837","0.077906034886837"
"190995","0.09084493666887283","0.09084493666887283","0.09084493666887283"
"191145","0.09256172925233841","0.09256172925233841","0.09256172925233841"
"191147","0.11460407823324203","0.11460407823324203","0.11460407823324203"
"191185","0.07509138435125351","0.07509138435125351","0.07509138435125351"
"191209","0.08400170505046844","0.08400170505046844","0.08400170505046844"
"191229","0.10587751865386963","0.10587751865386963","0.10587751865386963"
"191262","0.07307863235473633","0.07307863235473633","0.07307863235473633"
"191280","0.0963813066482544","0.0963813066482544","0.0963813066482544"
"191303","0.098360575735569","0.098360575735569","0.098360575735569"
"191348","0.08537016808986664","0.08537016808986664","0.08537016808986664"
"191384","0.07251555472612381","0.07251555472612381","0.07251555472612381"
"191428","0.07757847011089325","0.07757847011089325","0.07757847011089325"
"191437","0.08767352998256683","0.08767352998256683","0.08767352998256683"
"191482","0.081783227622509","0.081783227622509","0.081783227622509"
"191499","0.09836433827877045","0.09836433827877045","0.09836433827877045"
"191518","0.08155502378940582","0.08155502378940582","0.08155502378940582"
"191532","0.0891965925693512","0.0891965925693512","0.0891965925693512"
"191564","0.0959305688738823","0.0959305688738823","0.0959305688738823"
"191612","0.09555509686470032","0.09555509686470032","0.09555509686470032"
"191633","0.07880693674087524","0.07880693674087524","0.07880693674087524"
"191652","0.11615712195634842","0.11615712195634842","0.11615712195634842"
"191705","0.09304098039865494","0.09304098039865494","0.09304098039865494"
"191707","0.07282135635614395","0.07282135635614395","0.07282135635614395"
"191761","0.10371185839176178","0.10371185839176178","0.10371185839176178"
"191763","0.1118401437997818","0.1118401437997818","0.1118401437997818"
"191776","0.10479621589183807","0.10479621589183807","0.10479621589183807"
"191783","0.07795180380344391","0.07795180380344391","0.07795180380344391"
"191794","0.08830742537975311","0.08830742537975311","0.08830742537975311"
"191795","0.09217576682567596","0.09217576682567596","0.09217576682567596"
"191844","0.08533376455307007","0.08533376455307007","0.08533376455307007"
"191879","0.10876251012086868","0.10876251012086868","0.10876251012086868"
"191904","0.08640672266483307","0.08640672266483307","0.08640672266483307"
"191909","0.10677492618560791","0.10677492618560791","0.10677492618560791"
"191917","0.08018531650304794","0.08018531650304794","0.08018531650304794"
"191989","0.07977022230625153","0.07977022230625153","0.07977022230625153"
"192001","0.09157556295394897","0.09157556295394897","0.09157556295394897"
"192005","0.09549665451049805","0.09549665451049805","0.09549665451049805"
"192026","0.08871115744113922","0.08871115744113922","0.08871115744113922"
"192035","0.06729786098003387","0.06729786098003387","0.06729786098003387"
"192036","0.08756177127361298","0.08756177127361298","0.08756177127361298"
"192062","0.10428369045257568","0.10428369045257568","0.10428369045257568"
"192071","0.0997062548995018","0.0997062548995018","0.0997062548995018"
"192074","0.07852828502655029","0.07852828502655029","0.07852828502655029"
"192094","0.09062103927135468","0.09062103927135468","0.09062103927135468"
"192112","0.0776461809873581","0.0776461809873581","0.0776461809873581"
"192115","0.07704272866249084","0.07704272866249084","0.07704272866249084"
"192127","0.09441617131233215","0.09441617131233215","0.09441617131233215"
"192144","0.08080074191093445","0.08080074191093445","0.08080074191093445"
"192213","0.09117729961872101","0.09117729961872101","0.09117729961872101"
"192222","0.09810198843479156","0.09810198843479156","0.09810198843479156"
"192226","0.11880898475646973","0.11880898475646973","0.11880898475646973"
"192228","0.09072794020175934","0.09072794020175934","0.09072794020175934"
"192247","0.10811537504196167","0.10811537504196167","0.10811537504196167"
"192281","0.09122659265995026","0.09122659265995026","0.09122659265995026"
"192320","0.08943046629428864","0.08943046629428864","0.08943046629428864"
"192342","0.1005919873714447","0.1005919873714447","0.1005919873714447"
"192355","0.07158714532852173","0.07158714532852173","0.07158714532852173"
"192422","0.07503832876682281","0.07503832876682281","0.07503832876682281"
"192432","0.07659335434436798","0.07659335434436798","0.07659335434436798"
"192452","0.1190873384475708","0.1190873384475708","0.1190873384475708"
"192457","0.11522378027439117","0.11522378027439117","0.11522378027439117"
"192468","0.08816307783126831","0.08816307783126831","0.08816307783126831"
"192486","0.11201714724302292","0.11201714724302292","0.11201714724302292"
"192493","0.10107561945915222","0.10107561945915222","0.10107561945915222"
"192513","0.09679489582777023","0.09679489582777023","0.09679489582777023"
"192609","0.10410863161087036","0.10410863161087036","0.10410863161087036"
"192632","0.08582520484924316","0.08582520484924316","0.08582520484924316"
"192682","0.1082463189959526","0.1082463189959526","0.1082463189959526"
"192741","0.08630836009979248","0.08630836009979248","0.08630836009979248"
"192753","0.08505485206842422","0.08505485206842422","0.08505485206842422"
"192759","0.09116202592849731","0.09116202592849731","0.09116202592849731"
"192766","0.08641614764928818","0.08641614764928818","0.08641614764928818"
"192785","0.08308421075344086","0.08308421075344086","0.08308421075344086"
"192805","0.07536910474300385","0.07536910474300385","0.07536910474300385"
"192830","0.09726139903068542","0.09726139903068542","0.09726139903068542"
"192854","0.07356719672679901","0.07356719672679901","0.07356719672679901"
"192858","0.08203350007534027","0.08203350007534027","0.08203350007534027"
"192876","0.07289312779903412","0.07289312779903412","0.07289312779903412"
"192882","0.07009481638669968","0.07009481638669968","0.07009481638669968"
"192935","0.09255663305521011","0.09255663305521011","0.09255663305521011"
"192941","0.07684618979692459","0.07684618979692459","0.07684618979692459"
"192956","0.09661252796649933","0.09661252796649933","0.09661252796649933"
"192973","0.09799614548683167","0.09799614548683167","0.09799614548683167"
"193040","0.11033516377210617","0.11033516377210617","0.11033516377210617"
"193062","0.0980122983455658","0.0980122983455658","0.0980122983455658"
"193078","0.08284877240657806","0.08284877240657806","0.08284877240657806"
"193121","0.08808796107769012","0.08808796107769012","0.08808796107769012"
"193124","0.07665829360485077","0.07665829360485077","0.07665829360485077"
"193177","0.09467129409313202","0.09467129409313202","0.09467129409313202"
"193265","0.10416071116924286","0.10416071116924286","0.10416071116924286"
"193310","0.09842486679553986","0.09842486679553986","0.09842486679553986"
"193388","0.06478331983089447","0.06478331983089447","0.06478331983089447"
"193393","0.07846728712320328","0.07846728712320328","0.07846728712320328"
"193431","0.08875328302383423","0.08875328302383423","0.08875328302383423"
"193435","0.07268791645765305","0.07268791645765305","0.07268791645765305"
"193445","0.09914407134056091","0.09914407134056091","0.09914407134056091"
"193467","0.08925291150808334","0.08925291150808334","0.08925291150808334"
"193523","0.09363213181495667","0.09363213181495667","0.09363213181495667"
"193548","0.10880757868289948","0.10880757868289948","0.10880757868289948"
"193596","0.10823589563369751","0.10823589563369751","0.10823589563369751"
"193623","0.08830235153436661","0.08830235153436661","0.08830235153436661"
"193637","0.10513690114021301","0.10513690114021301","0.10513690114021301"
"193665","0.09032388031482697","0.09032388031482697","0.09032388031482697"
"193685","0.09278406947851181","0.09278406947851181","0.09278406947851181"
"193692","0.08743025362491608","0.08743025362491608","0.08743025362491608"
"193697","0.10694057494401932","0.10694057494401932","0.10694057494401932"
"193724","0.10673755407333374","0.10673755407333374","0.10673755407333374"
"193729","0.09036082029342651","0.09036082029342651","0.09036082029342651"
"193743","0.0794081836938858","0.0794081836938858","0.0794081836938858"
"193768","0.09335127472877502","0.09335127472877502","0.09335127472877502"
"193793","0.11373990029096603","0.11373990029096603","0.11373990029096603"
"193822","0.09130112826824188","0.09130112826824188","0.09130112826824188"
"193836","0.09838277101516724","0.09838277101516724","0.09838277101516724"
"193861","0.09240567684173584","0.09240567684173584","0.09240567684173584"
"193867","0.08989863842725754","0.08989863842725754","0.08989863842725754"
"193868","0.09445767104625702","0.09445767104625702","0.09445767104625702"
"193891","0.09175652265548706","0.09175652265548706","0.09175652265548706"
"193953","0.09466784447431564","0.09466784447431564","0.09466784447431564"
"194011","0.1007954478263855","0.1007954478263855","0.1007954478263855"
"194024","0.08746469020843506","0.08746469020843506","0.08746469020843506"
"194032","0.07969917356967926","0.07969917356967926","0.07969917356967926"
"194068","0.08569800853729248","0.08569800853729248","0.08569800853729248"
"194094","0.08411550521850586","0.08411550521850586","0.08411550521850586"
"194130","0.08247700333595276","0.08247700333595276","0.08247700333595276"
"194161","0.08640524744987488","0.08640524744987488","0.08640524744987488"
"194272","0.0834764838218689","0.0834764838218689","0.0834764838218689"
"194295","0.07601681351661682","0.07601681351661682","0.07601681351661682"
"194301","0.1075143963098526","0.1075143963098526","0.1075143963098526"
"194303","0.09253408014774323","0.09253408014774323","0.09253408014774323"
"194310","0.08474836498498917","0.08474836498498917","0.08474836498498917"
"194321","0.09568803757429123","0.09568803757429123","0.09568803757429123"
"194344","0.10821966081857681","0.10821966081857681","0.10821966081857681"
"194353","0.09578602015972137","0.09578602015972137","0.09578602015972137"
"194357","0.08897712826728821","0.08897712826728821","0.08897712826728821"
"194403","0.08733411878347397","0.08733411878347397","0.08733411878347397"
"194422","0.1107117161154747","0.1107117161154747","0.1107117161154747"
"194465","0.08493825048208237","0.08493825048208237","0.08493825048208237"
"194481","0.08428093045949936","0.08428093045949936","0.08428093045949936"
"194504","0.09616976976394653","0.09616976976394653","0.09616976976394653"
"194531","0.09179764240980148","0.09179764240980148","0.09179764240980148"
"194547","0.08703450858592987","0.08703450858592987","0.08703450858592987"
"194560","0.11031244695186615","0.11031244695186615","0.11031244695186615"
"194591","0.0879545509815216","0.0879545509815216","0.0879545509815216"
"194599","0.08119659125804901","0.08119659125804901","0.08119659125804901"
"194632","0.07968352735042572","0.07968352735042572","0.07968352735042572"
"194652","0.08844098448753357","0.08844098448753357","0.08844098448753357"
"194660","0.10402065515518188","0.10402065515518188","0.10402065515518188"
"194669","0.10279761254787445","0.10279761254787445","0.10279761254787445"
"194692","0.07511197030544281","0.07511197030544281","0.07511197030544281"
"194750","0.09721200168132782","0.09721200168132782","0.09721200168132782"
"194779","0.09621825814247131","0.09621825814247131","0.09621825814247131"
"194791","0.08777667582035065","0.08777667582035065","0.08777667582035065"
"194797","0.09883509576320648","0.09883509576320648","0.09883509576320648"
"194800","0.08281683921813965","0.08281683921813965","0.08281683921813965"
"194805","0.07663623988628387","0.07663623988628387","0.07663623988628387"
"194821","0.1182054728269577","0.1182054728269577","0.1182054728269577"
"194872","0.09610030055046082","0.09610030055046082","0.09610030055046082"
"194945","0.09405558556318283","0.09405558556318283","0.09405558556318283"
"194962","0.1048344075679779","0.1048344075679779","0.1048344075679779"
"194967","0.09408795088529587","0.09408795088529587","0.09408795088529587"
"194982","0.10384580492973328","0.10384580492973328","0.10384580492973328"
"194997","0.08423561602830887","0.08423561602830887","0.08423561602830887"
"194998","0.10378251224756241","0.10378251224756241","0.10378251224756241"
"195001","0.07702042907476425","0.07702042907476425","0.07702042907476425"
"195035","0.10499610751867294","0.10499610751867294","0.10499610751867294"
"195073","0.07555313408374786","0.07555313408374786","0.07555313408374786"
"195080","0.07717859745025635","0.07717859745025635","0.07717859745025635"
"195085","0.07710181176662445","0.07710181176662445","0.07710181176662445"
"195094","0.08306664228439331","0.08306664228439331","0.08306664228439331"
"195184","0.09707590937614441","0.09707590937614441","0.09707590937614441"
"195186","0.08288013935089111","0.08288013935089111","0.08288013935089111"
"195220","0.1058482825756073","0.1058482825756073","0.1058482825756073"
"195238","0.07943692803382874","0.07943692803382874","0.07943692803382874"
"195334","0.08959150314331055","0.08959150314331055","0.08959150314331055"
"195346","0.09080154448747635","0.09080154448747635","0.09080154448747635"
"195359","0.0911860466003418","0.0911860466003418","0.0911860466003418"
"195412","0.0936959832906723","0.0936959832906723","0.0936959832906723"
"195452","0.0850098580121994","0.0850098580121994","0.0850098580121994"
"195453","0.09463806450366974","0.09463806450366974","0.09463806450366974"
"195473","0.08999811112880707","0.08999811112880707","0.08999811112880707"
"195490","0.08566053211688995","0.08566053211688995","0.08566053211688995"
"195504","0.09182129055261612","0.09182129055261612","0.09182129055261612"
"195538","0.10023689270019531","0.10023689270019531","0.10023689270019531"
"195624","0.09616998583078384","0.09616998583078384","0.09616998583078384"
"195627","0.08898362517356873","0.08898362517356873","0.08898362517356873"
"195686","0.06709896773099899","0.06709896773099899","0.06709896773099899"
"195692","0.07167596369981766","0.07167596369981766","0.07167596369981766"
"195695","0.07738390564918518","0.07738390564918518","0.07738390564918518"
"195715","0.10190410912036896","0.10190410912036896","0.10190410912036896"
"195724","0.08578270673751831","0.08578270673751831","0.08578270673751831"
"195755","0.08677524328231812","0.08677524328231812","0.08677524328231812"
"195758","0.09310196340084076","0.09310196340084076","0.09310196340084076"
"195760","0.08571440726518631","0.08571440726518631","0.08571440726518631"
"195761","0.10441531240940094","0.10441531240940094","0.10441531240940094"
"195789","0.09076572954654694","0.09076572954654694","0.09076572954654694"
"195802","0.10078951716423035","0.10078951716423035","0.10078951716423035"
"195833","0.09133359789848328","0.09133359789848328","0.09133359789848328"
"195877","0.09796175360679626","0.09796175360679626","0.09796175360679626"
"195887","0.08319225907325745","0.08319225907325745","0.08319225907325745"
"195908","0.09521540999412537","0.09521540999412537","0.09521540999412537"
"195934","0.08487898856401443","0.08487898856401443","0.08487898856401443"
"195955","0.09680523723363876","0.09680523723363876","0.09680523723363876"
"195957","0.09274862706661224","0.09274862706661224","0.09274862706661224"
"195975","0.10137659311294556","0.10137659311294556","0.10137659311294556"
"196006","0.09003645181655884","0.09003645181655884","0.09003645181655884"
"196039","0.09020445495843887","0.09020445495843887","0.09020445495843887"
"196079","0.07410895824432373","0.07410895824432373","0.07410895824432373"
"196109","0.08688031136989594","0.08688031136989594","0.08688031136989594"
"196125","0.09039491415023804","0.09039491415023804","0.09039491415023804"
"196126","0.08389963209629059","0.08389963209629059","0.08389963209629059"
"196187","0.07754316180944443","0.07754316180944443","0.07754316180944443"
"196194","0.0684572160243988","0.0684572160243988","0.0684572160243988"
"196216","0.10082955658435822","0.10082955658435822","0.10082955658435822"
"196248","0.08784959465265274","0.08784959465265274","0.08784959465265274"
"196296","0.0818137377500534","0.0818137377500534","0.0818137377500534"
"196330","0.08592219650745392","0.08592219650745392","0.08592219650745392"
"196401","0.09172093868255615","0.09172093868255615","0.09172093868255615"
"196423","0.08170868456363678","0.08170868456363678","0.08170868456363678"
"196435","0.08689901232719421","0.08689901232719421","0.08689901232719421"
"196471","0.09732148051261902","0.09732148051261902","0.09732148051261902"
"196517","0.08887550234794617","0.08887550234794617","0.08887550234794617"
"196537","0.07723143696784973","0.07723143696784973","0.07723143696784973"
"196544","0.08771375566720963","0.08771375566720963","0.08771375566720963"
"196547","0.07905334234237671","0.07905334234237671","0.07905334234237671"
"196600","0.08408641815185547","0.08408641815185547","0.08408641815185547"
"196655","0.07723892480134964","0.07723892480134964","0.07723892480134964"
"196666","0.08516083657741547","0.08516083657741547","0.08516083657741547"
"196678","0.11583135277032852","0.11583135277032852","0.11583135277032852"
"196679","0.09360197186470032","0.09360197186470032","0.09360197186470032"
"196699","0.09384630620479584","0.09384630620479584","0.09384630620479584"
"196713","0.10377306491136551","0.10377306491136551","0.10377306491136551"
"196714","0.08032215386629105","0.08032215386629105","0.08032215386629105"
"196733","0.08591632544994354","0.08591632544994354","0.08591632544994354"
"196769","0.07514163851737976","0.07514163851737976","0.07514163851737976"
"196788","0.08638633787631989","0.08638633787631989","0.08638633787631989"
"196791","0.07455716282129288","0.07455716282129288","0.07455716282129288"
"196849","0.08244724571704865","0.08244724571704865","0.08244724571704865"
"196850","0.09580208361148834","0.09580208361148834","0.09580208361148834"
"196861","0.09695648401975632","0.09695648401975632","0.09695648401975632"
"196878","0.09931300580501556","0.09931300580501556","0.09931300580501556"
"196931","0.0862283855676651","0.0862283855676651","0.0862283855676651"
"196937","0.10642770677804947","0.10642770677804947","0.10642770677804947"
"196940","0.07378113269805908","0.07378113269805908","0.07378113269805908"
"196946","0.10369788110256195","0.10369788110256195","0.10369788110256195"
"196951","0.08635547757148743","0.08635547757148743","0.08635547757148743"
"197066","0.07554798573255539","0.07554798573255539","0.07554798573255539"
"197074","0.10078006237745285","0.10078006237745285","0.10078006237745285"
"197111","0.07950660586357117","0.07950660586357117","0.07950660586357117"
"197112","0.0806523784995079","0.0806523784995079","0.0806523784995079"
"197139","0.07916127145290375","0.07916127145290375","0.07916127145290375"
"197192","0.10573888570070267","0.10573888570070267","0.10573888570070267"
"197251","0.09273076802492142","0.09273076802492142","0.09273076802492142"
"197292","0.10922244191169739","0.10922244191169739","0.10922244191169739"
"197307","0.07603756338357925","0.07603756338357925","0.07603756338357925"
"197309","0.10113838315010071","0.10113838315010071","0.10113838315010071"
"197356","0.08832548558712006","0.08832548558712006","0.08832548558712006"
"197375","0.07639794051647186","0.07639794051647186","0.07639794051647186"
"197387","0.10046890377998352","0.10046890377998352","0.10046890377998352"
"197418","0.09711776673793793","0.09711776673793793","0.09711776673793793"
"197473","0.11004915088415146","0.11004915088415146","0.11004915088415146"
"197504","0.09725812077522278","0.09725812077522278","0.09725812077522278"
"197508","0.10180526971817017","0.10180526971817017","0.10180526971817017"
"197511","0.09235087037086487","0.09235087037086487","0.09235087037086487"
"197569","0.081476591527462","0.081476591527462","0.081476591527462"
"197580","0.07804645597934723","0.07804645597934723","0.07804645597934723"
"197599","0.09164708852767944","0.09164708852767944","0.09164708852767944"
"197623","0.08491797745227814","0.08491797745227814","0.08491797745227814"
"197694","0.089876189827919","0.089876189827919","0.089876189827919"
"197712","0.08598032593727112","0.08598032593727112","0.08598032593727112"
"197719","0.1044110506772995","0.1044110506772995","0.1044110506772995"
"197730","0.09432901442050934","0.09432901442050934","0.09432901442050934"
"197811","0.10497946292161942","0.10497946292161942","0.10497946292161942"
"197860","0.0803486704826355","0.0803486704826355","0.0803486704826355"
"197890","0.0826888456940651","0.0826888456940651","0.0826888456940651"
"197898","0.11968815326690674","0.11968815326690674","0.11968815326690674"
"197921","0.08713147789239883","0.08713147789239883","0.08713147789239883"
"197945","0.07148341834545135","0.07148341834545135","0.07148341834545135"
"197967","0.0913473516702652","0.0913473516702652","0.0913473516702652"
"197987","0.11517731100320816","0.11517731100320816","0.11517731100320816"
"198014","0.07462859153747559","0.07462859153747559","0.07462859153747559"
"198016","0.09535811841487885","0.09535811841487885","0.09535811841487885"
"198063","0.08544003963470459","0.08544003963470459","0.08544003963470459"
"198092","0.08474616706371307","0.08474616706371307","0.08474616706371307"
"198112","0.07547134160995483","0.07547134160995483","0.07547134160995483"
"198181","0.08417484909296036","0.08417484909296036","0.08417484909296036"
"198182","0.09622432291507721","0.09622432291507721","0.09622432291507721"
"198202","0.11676415055990219","0.11676415055990219","0.11676415055990219"
"198204","0.09155019372701645","0.09155019372701645","0.09155019372701645"
"198206","0.09309925138950348","0.09309925138950348","0.09309925138950348"
"198211","0.09435125440359116","0.09435125440359116","0.09435125440359116"
"198255","0.09865522384643555","0.09865522384643555","0.09865522384643555"
"198272","0.10858350247144699","0.10858350247144699","0.10858350247144699"
"198277","0.09374313056468964","0.09374313056468964","0.09374313056468964"
"198299","0.10658911615610123","0.10658911615610123","0.10658911615610123"
"198310","0.08833445608615875","0.08833445608615875","0.08833445608615875"
"198351","0.0888938307762146","0.0888938307762146","0.0888938307762146"
"198356","0.08457198739051819","0.08457198739051819","0.08457198739051819"
"198357","0.09095505625009537","0.09095505625009537","0.09095505625009537"
"198378","0.08501071482896805","0.08501071482896805","0.08501071482896805"
"198390","0.09313829243183136","0.09313829243183136","0.09313829243183136"
"198395","0.11450441181659698","0.11450441181659698","0.11450441181659698"
"198398","0.11285733431577682","0.11285733431577682","0.11285733431577682"
"198433","0.07663117349147797","0.07663117349147797","0.07663117349147797"
"198470","0.09775559604167938","0.09775559604167938","0.09775559604167938"
"198490","0.09242387115955353","0.09242387115955353","0.09242387115955353"
"198505","0.08627939224243164","0.08627939224243164","0.08627939224243164"
"198526","0.08003920316696167","0.08003920316696167","0.08003920316696167"
"198536","0.08581764996051788","0.08581764996051788","0.08581764996051788"
"198563","0.08617746829986572","0.08617746829986572","0.08617746829986572"
"198575","0.09037135541439056","0.09037135541439056","0.09037135541439056"
"198600","0.09736688435077667","0.09736688435077667","0.09736688435077667"
"198614","0.11043805629014969","0.11043805629014969","0.11043805629014969"
"198626","0.08427320420742035","0.08427320420742035","0.08427320420742035"
"198645","0.07403134554624557","0.07403134554624557","0.07403134554624557"
"198683","0.10219830274581909","0.10219830274581909","0.10219830274581909"
"198744","0.09573188424110413","0.09573188424110413","0.09573188424110413"
"198755","0.08474739640951157","0.08474739640951157","0.08474739640951157"
"198758","0.07135628908872604","0.07135628908872604","0.07135628908872604"
"198811","0.10023672133684158","0.10023672133684158","0.10023672133684158"
"198825","0.09448936581611633","0.09448936581611633","0.09448936581611633"
"198827","0.10106242448091507","0.10106242448091507","0.10106242448091507"
"198855","0.09099297225475311","0.09099297225475311","0.09099297225475311"
"198892","0.09291627258062363","0.09291627258062363","0.09291627258062363"
"198955","0.08291250467300415","0.08291250467300415","0.08291250467300415"
"198968","0.084279865026474","0.084279865026474","0.084279865026474"
"199063","0.07285308837890625","0.07285308837890625","0.07285308837890625"
"199078","0.10099563002586365","0.10099563002586365","0.10099563002586365"
"199111","0.08605675399303436","0.08605675399303436","0.08605675399303436"
"199145","0.08275304734706879","0.08275304734706879","0.08275304734706879"
"199235","0.09910134226083755","0.09910134226083755","0.09910134226083755"
"199237","0.10322204232215881","0.10322204232215881","0.10322204232215881"
"199258","0.11152826249599457","0.11152826249599457","0.11152826249599457"
"199269","0.10577534884214401","0.10577534884214401","0.10577534884214401"
"199327","0.08578155934810638","0.08578155934810638","0.08578155934810638"
"199369","0.08984731882810593","0.08984731882810593","0.08984731882810593"
"199436","0.10512638092041016","0.10512638092041016","0.10512638092041016"
"199467","0.07180523872375488","0.07180523872375488","0.07180523872375488"
"199515","0.07939866185188293","0.07939866185188293","0.07939866185188293"
"199545","0.08509030938148499","0.08509030938148499","0.08509030938148499"
"199549","0.07903827726840973","0.07903827726840973","0.07903827726840973"
"199562","0.08473387360572815","0.08473387360572815","0.08473387360572815"
"199566","0.08391555398702621","0.08391555398702621","0.08391555398702621"
"199568","0.09323202073574066","0.09323202073574066","0.09323202073574066"
"199586","0.08039464056491852","0.08039464056491852","0.08039464056491852"
"199602","0.07392777502536774","0.07392777502536774","0.07392777502536774"
"199604","0.07402215152978897","0.07402215152978897","0.07402215152978897"
"199619","0.06595864146947861","0.06595864146947861","0.06595864146947861"
"199621","0.10336042195558548","0.10336042195558548","0.10336042195558548"
"199644","0.08479903638362885","0.08479903638362885","0.08479903638362885"
"199645","0.10964793711900711","0.10964793711900711","0.10964793711900711"
"199661","0.07439525425434113","0.07439525425434113","0.07439525425434113"
"199673","0.07717262208461761","0.07717262208461761","0.07717262208461761"
"199674","0.0946558266878128","0.0946558266878128","0.0946558266878128"
"199685","0.07964581251144409","0.07964581251144409","0.07964581251144409"
"199718","0.10823660343885422","0.10823660343885422","0.10823660343885422"
"199758","0.059306442737579346","0.059306442737579346","0.059306442737579346"
"199804","0.09906534850597382","0.09906534850597382","0.09906534850597382"
"199827","0.09108847379684448","0.09108847379684448","0.09108847379684448"
"199828","0.09824241697788239","0.09824241697788239","0.09824241697788239"
"199853","0.09131287038326263","0.09131287038326263","0.09131287038326263"
"199873","0.07865321636199951","0.07865321636199951","0.07865321636199951"
"199911","0.08933930099010468","0.08933930099010468","0.08933930099010468"
"199928","0.0849151760339737","0.0849151760339737","0.0849151760339737"
"199939","0.0748552531003952","0.0748552531003952","0.0748552531003952"
"199963","0.10176090151071548","0.10176090151071548","0.10176090151071548"
"199970","0.07751423120498657","0.07751423120498657","0.07751423120498657"
"199986","0.08726191520690918","0.08726191520690918","0.08726191520690918"
"199995","0.10055078566074371","0.10055078566074371","0.10055078566074371"
"200039","0.11496732383966446","0.11496732383966446","0.11496732383966446"
"200051","0.08641763776540756","0.08641763776540756","0.08641763776540756"
"200058","0.07452476024627686","0.07452476024627686","0.07452476024627686"
"200125","0.06609523296356201","0.06609523296356201","0.06609523296356201"
"200154","0.07051801681518555","0.07051801681518555","0.07051801681518555"
"200197","0.10310032963752747","0.10310032963752747","0.10310032963752747"
"200208","0.10929077118635178","0.10929077118635178","0.10929077118635178"
"200234","0.0884041041135788","0.0884041041135788","0.0884041041135788"
"200248","0.09086741507053375","0.09086741507053375","0.09086741507053375"
"200259","0.08053221553564072","0.08053221553564072","0.08053221553564072"
"200311","0.08699283748865128","0.08699283748865128","0.08699283748865128"
"200313","0.0920196920633316","0.0920196920633316","0.0920196920633316"
"200331","0.07825922966003418","0.07825922966003418","0.07825922966003418"
"200335","0.08816488087177277","0.08816488087177277","0.08816488087177277"
"200355","0.09885338693857193","0.09885338693857193","0.09885338693857193"
"200357","0.0758928656578064","0.0758928656578064","0.0758928656578064"
"200367","0.08883439004421234","0.08883439004421234","0.08883439004421234"
"200391","0.09326151013374329","0.09326151013374329","0.09326151013374329"
"200394","0.07350832223892212","0.07350832223892212","0.07350832223892212"
"200406","0.08740726113319397","0.08740726113319397","0.08740726113319397"
"200438","0.08883929252624512","0.08883929252624512","0.08883929252624512"
"200447","0.07147026062011719","0.07147026062011719","0.07147026062011719"
"200456","0.09862122684717178","0.09862122684717178","0.09862122684717178"
"200460","0.09386758506298065","0.09386758506298065","0.09386758506298065"
"200479","0.09962096810340881","0.09962096810340881","0.09962096810340881"
"200481","0.08722752332687378","0.08722752332687378","0.08722752332687378"
"200486","0.09758944809436798","0.09758944809436798","0.09758944809436798"
"200500","0.0905832052230835","0.0905832052230835","0.0905832052230835"
"200551","0.07753252238035202","0.07753252238035202","0.07753252238035202"
"200552","0.08377721160650253","0.08377721160650253","0.08377721160650253"
"200558","0.08696036040782928","0.08696036040782928","0.08696036040782928"
"200563","0.10700239986181259","0.10700239986181259","0.10700239986181259"
"200680","0.08709870278835297","0.08709870278835297","0.08709870278835297"
"200706","0.0935182273387909","0.0935182273387909","0.0935182273387909"
"200783","0.09865453839302063","0.09865453839302063","0.09865453839302063"
"200942","0.10092569887638092","0.10092569887638092","0.10092569887638092"
"200943","0.08816765248775482","0.08816765248775482","0.08816765248775482"
"200945","0.09446694701910019","0.09446694701910019","0.09446694701910019"
"200987","0.10038230568170547","0.10038230568170547","0.10038230568170547"
"201022","0.11483097821474075","0.11483097821474075","0.11483097821474075"
"201030","0.10539765655994415","0.10539765655994415","0.10539765655994415"
"201062","0.09035132825374603","0.09035132825374603","0.09035132825374603"
"201119","0.09724399447441101","0.09724399447441101","0.09724399447441101"
"201124","0.08588434755802155","0.08588434755802155","0.08588434755802155"
"201169","0.0921611487865448","0.0921611487865448","0.0921611487865448"
"201183","0.0887579619884491","0.0887579619884491","0.0887579619884491"
"201191","0.10600312054157257","0.10600312054157257","0.10600312054157257"
"201202","0.08924417197704315","0.08924417197704315","0.08924417197704315"
"201215","0.08649598807096481","0.08649598807096481","0.08649598807096481"
"201225","0.11743772774934769","0.11743772774934769","0.11743772774934769"
"201230","0.084818996489048","0.084818996489048","0.084818996489048"
"201241","0.10075464844703674","0.10075464844703674","0.10075464844703674"
"201252","0.09096377342939377","0.09096377342939377","0.09096377342939377"
"201258","0.07834526896476746","0.07834526896476746","0.07834526896476746"
"201279","0.0787624716758728","0.0787624716758728","0.0787624716758728"
"201284","0.0815715491771698","0.0815715491771698","0.0815715491771698"
"201291","0.1042661964893341","0.1042661964893341","0.1042661964893341"
"201295","0.06786660104990005","0.06786660104990005","0.06786660104990005"
"201299","0.08317527174949646","0.08317527174949646","0.08317527174949646"
"201336","0.08124731481075287","0.08124731481075287","0.08124731481075287"
"201371","0.07675448060035706","0.07675448060035706","0.07675448060035706"
"201418","0.07984453439712524","0.07984453439712524","0.07984453439712524"
"201421","0.08432317525148392","0.08432317525148392","0.08432317525148392"
"201429","0.08273090422153473","0.08273090422153473","0.08273090422153473"
"201458","0.07137507200241089","0.07137507200241089","0.07137507200241089"
"201467","0.08684748411178589","0.08684748411178589","0.08684748411178589"
"201469","0.08847802877426147","0.08847802877426147","0.08847802877426147"
"201504","0.0864899605512619","0.0864899605512619","0.0864899605512619"
"201553","0.11728327721357346","0.11728327721357346","0.11728327721357346"
"201560","0.09836737811565399","0.09836737811565399","0.09836737811565399"
"201565","0.0997718870639801","0.0997718870639801","0.0997718870639801"
"201611","0.08488667011260986","0.08488667011260986","0.08488667011260986"
"201648","0.09728740155696869","0.09728740155696869","0.09728740155696869"
"201657","0.07757681608200073","0.07757681608200073","0.07757681608200073"
"201658","0.09161548316478729","0.09161548316478729","0.09161548316478729"
"201692","0.07284436374902725","0.07284436374902725","0.07284436374902725"
"201698","0.09690026193857193","0.09690026193857193","0.09690026193857193"
"201737","0.0999380499124527","0.0999380499124527","0.0999380499124527"
"201746","0.08787961304187775","0.08787961304187775","0.08787961304187775"
"201784","0.09088427573442459","0.09088427573442459","0.09088427573442459"
"201788","0.09240813553333282","0.09240813553333282","0.09240813553333282"
"201806","0.07287643104791641","0.07287643104791641","0.07287643104791641"
"201885","0.10866813361644745","0.10866813361644745","0.10866813361644745"
"201920","0.09108942747116089","0.09108942747116089","0.09108942747116089"
"201947","0.09407579898834229","0.09407579898834229","0.09407579898834229"
"201963","0.10078072547912598","0.10078072547912598","0.10078072547912598"
"201981","0.06191054359078407","0.06191054359078407","0.06191054359078407"
"201984","0.08772199600934982","0.08772199600934982","0.08772199600934982"
"201990","0.09575606882572174","0.09575606882572174","0.09575606882572174"
"201997","0.08869095891714096","0.08869095891714096","0.08869095891714096"
"202058","0.1113797202706337","0.1113797202706337","0.1113797202706337"
"202077","0.09674622863531113","0.09674622863531113","0.09674622863531113"
"202112","0.10070747882127762","0.10070747882127762","0.10070747882127762"
"202145","0.09146687388420105","0.09146687388420105","0.09146687388420105"
"202325","0.10184144973754883","0.10184144973754883","0.10184144973754883"
"202382","0.08632452040910721","0.08632452040910721","0.08632452040910721"
"202386","0.09033907949924469","0.09033907949924469","0.09033907949924469"
"202420","0.11331721395254135","0.11331721395254135","0.11331721395254135"
"202423","0.08764859288930893","0.08764859288930893","0.08764859288930893"
"202426","0.08820727467536926","0.08820727467536926","0.08820727467536926"
"202440","0.10685081779956818","0.10685081779956818","0.10685081779956818"
"202463","0.07094978541135788","0.07094978541135788","0.07094978541135788"
"202471","0.09062926471233368","0.09062926471233368","0.09062926471233368"
"202487","0.09740744531154633","0.09740744531154633","0.09740744531154633"
"202494","0.08420597016811371","0.08420597016811371","0.08420597016811371"
"202498","0.10679256916046143","0.10679256916046143","0.10679256916046143"
"202543","0.08996917307376862","0.08996917307376862","0.08996917307376862"
"202551","0.07905861735343933","0.07905861735343933","0.07905861735343933"
"202557","0.09268848598003387","0.09268848598003387","0.09268848598003387"
"202629","0.09603802859783173","0.09603802859783173","0.09603802859783173"
"202639","0.10914488881826401","0.10914488881826401","0.10914488881826401"
"202666","0.07893961668014526","0.07893961668014526","0.07893961668014526"
"202701","0.08430192619562149","0.08430192619562149","0.08430192619562149"
"202711","0.0946422666311264","0.0946422666311264","0.0946422666311264"
"202715","0.09010277688503265","0.09010277688503265","0.09010277688503265"
"202718","0.09348227083683014","0.09348227083683014","0.09348227083683014"
"202725","0.09844209253787994","0.09844209253787994","0.09844209253787994"
"202762","0.08156093955039978","0.08156093955039978","0.08156093955039978"
"202772","0.08033999800682068","0.08033999800682068","0.08033999800682068"
"202778","0.09413358569145203","0.09413358569145203","0.09413358569145203"
"202780","0.08573426306247711","0.08573426306247711","0.08573426306247711"
"202788","0.09363235533237457","0.09363235533237457","0.09363235533237457"
"202818","0.08586163818836212","0.08586163818836212","0.08586163818836212"
"202827","0.12002133578062057","0.12002133578062057","0.12002133578062057"
"202846","0.09375768899917603","0.09375768899917603","0.09375768899917603"
"202893","0.0804971233010292","0.0804971233010292","0.0804971233010292"
"202898","0.08196701109409332","0.08196701109409332","0.08196701109409332"
"202913","0.08603402227163315","0.08603402227163315","0.08603402227163315"
"202917","0.0859743282198906","0.0859743282198906","0.0859743282198906"
"202956","0.10486683249473572","0.10486683249473572","0.10486683249473572"
"202958","0.08236882090568542","0.08236882090568542","0.08236882090568542"
"202965","0.08341068029403687","0.08341068029403687","0.08341068029403687"
"202979","0.10592614114284515","0.10592614114284515","0.10592614114284515"
"202998","0.10401971638202667","0.10401971638202667","0.10401971638202667"
"203012","0.09333610534667969","0.09333610534667969","0.09333610534667969"
"203030","0.1042381301522255","0.1042381301522255","0.1042381301522255"
"203096","0.08669248223304749","0.08669248223304749","0.08669248223304749"
"203124","0.1119716688990593","0.1119716688990593","0.1119716688990593"
"203125","0.09840082377195358","0.09840082377195358","0.09840082377195358"
"203165","0.07980536669492722","0.07980536669492722","0.07980536669492722"
"203208","0.08163748681545258","0.08163748681545258","0.08163748681545258"
"203214","0.08037292957305908","0.08037292957305908","0.08037292957305908"
"203267","0.07933731377124786","0.07933731377124786","0.07933731377124786"
"203271","0.07581725716590881","0.07581725716590881","0.07581725716590881"
"203313","0.08966384828090668","0.08966384828090668","0.08966384828090668"
"203331","0.08281515538692474","0.08281515538692474","0.08281515538692474"
"203340","0.10159450024366379","0.10159450024366379","0.10159450024366379"
"203380","0.07297413051128387","0.07297413051128387","0.07297413051128387"
"203431","0.08246330916881561","0.08246330916881561","0.08246330916881561"
"203442","0.08226922899484634","0.08226922899484634","0.08226922899484634"
"203448","0.08229464292526245","0.08229464292526245","0.08229464292526245"
"203459","0.09351608157157898","0.09351608157157898","0.09351608157157898"
"203468","0.08767831325531006","0.08767831325531006","0.08767831325531006"
"203482","0.09334821999073029","0.09334821999073029","0.09334821999073029"
"203559","0.09112035483121872","0.09112035483121872","0.09112035483121872"
"203576","0.08045774698257446","0.08045774698257446","0.08045774698257446"
"203603","0.08967120200395584","0.08967120200395584","0.08967120200395584"
"203616","0.10224425047636032","0.10224425047636032","0.10224425047636032"
"203622","0.10410574078559875","0.10410574078559875","0.10410574078559875"
"203689","0.08203007280826569","0.08203007280826569","0.08203007280826569"
"203690","0.0912175178527832","0.0912175178527832","0.0912175178527832"
"203719","0.07766234129667282","0.07766234129667282","0.07766234129667282"
"203738","0.08743320405483246","0.08743320405483246","0.08743320405483246"
"203746","0.08486975729465485","0.08486975729465485","0.08486975729465485"
"203797","0.09862184524536133","0.09862184524536133","0.09862184524536133"
"203812","0.08429110050201416","0.08429110050201416","0.08429110050201416"
"203840","0.07833428680896759","0.07833428680896759","0.07833428680896759"
"203859","0.09713058173656464","0.09713058173656464","0.09713058173656464"
"203924","0.10143940150737762","0.10143940150737762","0.10143940150737762"
"203955","0.091791070997715","0.091791070997715","0.091791070997715"
"203956","0.10528620332479477","0.10528620332479477","0.10528620332479477"
"203957","0.08911202847957611","0.08911202847957611","0.08911202847957611"
"203965","0.1177063137292862","0.1177063137292862","0.1177063137292862"
"203967","0.07905176281929016","0.07905176281929016","0.07905176281929016"
"203980","0.09815751016139984","0.09815751016139984","0.09815751016139984"
"203987","0.10434276610612869","0.10434276610612869","0.10434276610612869"
"203990","0.07976669818162918","0.07976669818162918","0.07976669818162918"
"204011","0.0829877182841301","0.0829877182841301","0.0829877182841301"
"204049","0.1073804646730423","0.1073804646730423","0.1073804646730423"
"204188","0.06800056993961334","0.06800056993961334","0.06800056993961334"
"204190","0.06551820039749146","0.06551820039749146","0.06551820039749146"
"204195","0.10264551639556885","0.10264551639556885","0.10264551639556885"
"204215","0.0901527851819992","0.0901527851819992","0.0901527851819992"
"204220","0.06974780559539795","0.06974780559539795","0.06974780559539795"
"204222","0.118113674223423","0.118113674223423","0.118113674223423"
"204236","0.08155953139066696","0.08155953139066696","0.08155953139066696"
"204268","0.08781372010707855","0.08781372010707855","0.08781372010707855"
"204304","0.08922606706619263","0.08922606706619263","0.08922606706619263"
"204347","0.09192265570163727","0.09192265570163727","0.09192265570163727"
"204369","0.0939677357673645","0.0939677357673645","0.0939677357673645"
"204374","0.08004847913980484","0.08004847913980484","0.08004847913980484"
"204399","0.08608633279800415","0.08608633279800415","0.08608633279800415"
"204415","0.09486015141010284","0.09486015141010284","0.09486015141010284"
"204437","0.08822338283061981","0.08822338283061981","0.08822338283061981"
"204458","0.08446977287530899","0.08446977287530899","0.08446977287530899"
"204472","0.08873610198497772","0.08873610198497772","0.08873610198497772"
"204475","0.07941175997257233","0.07941175997257233","0.07941175997257233"
"204506","0.08216296881437302","0.08216296881437302","0.08216296881437302"
"204509","0.0856485515832901","0.0856485515832901","0.0856485515832901"
"204535","0.07845970243215561","0.07845970243215561","0.07845970243215561"
"204543","0.08808289468288422","0.08808289468288422","0.08808289468288422"
"204544","0.08823961019515991","0.08823961019515991","0.08823961019515991"
"204572","0.08047255128622055","0.08047255128622055","0.08047255128622055"
"204615","0.07752063870429993","0.07752063870429993","0.07752063870429993"
"204616","0.09608858078718185","0.09608858078718185","0.09608858078718185"
"204634","0.08178085088729858","0.08178085088729858","0.08178085088729858"
"204677","0.09848849475383759","0.09848849475383759","0.09848849475383759"
"204758","0.09152249246835709","0.09152249246835709","0.09152249246835709"
"204782","0.08383951336145401","0.08383951336145401","0.08383951336145401"
"204794","0.08110097050666809","0.08110097050666809","0.08110097050666809"
"204807","0.09794498980045319","0.09794498980045319","0.09794498980045319"
"204823","0.06953629851341248","0.06953629851341248","0.06953629851341248"
"204827","0.09058303385972977","0.09058303385972977","0.09058303385972977"
"204832","0.08906011283397675","0.08906011283397675","0.08906011283397675"
"204888","0.09604077786207199","0.09604077786207199","0.09604077786207199"
"204911","0.09959939122200012","0.09959939122200012","0.09959939122200012"
"204922","0.08150080591440201","0.08150080591440201","0.08150080591440201"
"204939","0.08085480332374573","0.08085480332374573","0.08085480332374573"
"204999","0.08220405131578445","0.08220405131578445","0.08220405131578445"
"205012","0.09829269349575043","0.09829269349575043","0.09829269349575043"
"205026","0.0956345722079277","0.0956345722079277","0.0956345722079277"
"205144","0.08454123139381409","0.08454123139381409","0.08454123139381409"
"205149","0.09330293536186218","0.09330293536186218","0.09330293536186218"
"205164","0.08211946487426758","0.08211946487426758","0.08211946487426758"
"205169","0.0856105238199234","0.0856105238199234","0.0856105238199234"
"205192","0.09272903949022293","0.09272903949022293","0.09272903949022293"
"205204","0.0933973491191864","0.0933973491191864","0.0933973491191864"
"205214","0.0761619508266449","0.0761619508266449","0.0761619508266449"
"205217","0.09515047073364258","0.09515047073364258","0.09515047073364258"
"205222","0.0923444926738739","0.0923444926738739","0.0923444926738739"
"205230","0.09436096251010895","0.09436096251010895","0.09436096251010895"
"205239","0.10463233292102814","0.10463233292102814","0.10463233292102814"
"205318","0.07418721169233322","0.07418721169233322","0.07418721169233322"
"205329","0.11279302090406418","0.11279302090406418","0.11279302090406418"
"205348","0.11741384118795395","0.11741384118795395","0.11741384118795395"
"205350","0.09300325810909271","0.09300325810909271","0.09300325810909271"
"205354","0.09228432178497314","0.09228432178497314","0.09228432178497314"
"205356","0.08791718631982803","0.08791718631982803","0.08791718631982803"
"205376","0.080995574593544","0.080995574593544","0.080995574593544"
"205392","0.08048956841230392","0.08048956841230392","0.08048956841230392"
"205395","0.0846678763628006","0.0846678763628006","0.0846678763628006"
"205396","0.088387131690979","0.088387131690979","0.088387131690979"
"205413","0.09512941539287567","0.09512941539287567","0.09512941539287567"
"205427","0.08242259174585342","0.08242259174585342","0.08242259174585342"
"205444","0.08720450103282928","0.08720450103282928","0.08720450103282928"
"205455","0.10679014772176743","0.10679014772176743","0.10679014772176743"
"205460","0.09308460354804993","0.09308460354804993","0.09308460354804993"
"205466","0.09056034684181213","0.09056034684181213","0.09056034684181213"
"205518","0.07176893949508667","0.07176893949508667","0.07176893949508667"
"205537","0.0721091777086258","0.0721091777086258","0.0721091777086258"
"205552","0.08906298875808716","0.08906298875808716","0.08906298875808716"
"205566","0.06661050021648407","0.06661050021648407","0.06661050021648407"
"205593","0.115178182721138","0.115178182721138","0.115178182721138"
"205640","0.09755491465330124","0.09755491465330124","0.09755491465330124"
"205643","0.0920523852109909","0.0920523852109909","0.0920523852109909"
"205661","0.07941395789384842","0.07941395789384842","0.07941395789384842"
"205688","0.09688130021095276","0.09688130021095276","0.09688130021095276"
"205716","0.11017192900180817","0.11017192900180817","0.11017192900180817"
"205718","0.07459086179733276","0.07459086179733276","0.07459086179733276"
"205727","0.08241686224937439","0.08241686224937439","0.08241686224937439"
"205730","0.08468244224786758","0.08468244224786758","0.08468244224786758"
"205759","0.08706739544868469","0.08706739544868469","0.08706739544868469"
"205876","0.0999256819486618","0.0999256819486618","0.0999256819486618"
"205914","0.0967613086104393","0.0967613086104393","0.0967613086104393"
"205934","0.08755958080291748","0.08755958080291748","0.08755958080291748"
"205942","0.08574484288692474","0.08574484288692474","0.08574484288692474"
"205954","0.09446562826633453","0.09446562826633453","0.09446562826633453"
"206007","0.07332605123519897","0.07332605123519897","0.07332605123519897"
"206009","0.1056894063949585","0.1056894063949585","0.1056894063949585"
"206041","0.08438941091299057","0.08438941091299057","0.08438941091299057"
"206050","0.08624610304832458","0.08624610304832458","0.08624610304832458"
"206076","0.09659399092197418","0.09659399092197418","0.09659399092197418"
"206122","0.0864110141992569","0.0864110141992569","0.0864110141992569"
"206157","0.09809765219688416","0.09809765219688416","0.09809765219688416"
"206178","0.07093653082847595","0.07093653082847595","0.07093653082847595"
"206273","0.07678177207708359","0.07678177207708359","0.07678177207708359"
"206318","0.10142498463392258","0.10142498463392258","0.10142498463392258"
"206356","0.0739995539188385","0.0739995539188385","0.0739995539188385"
"206366","0.0917578935623169","0.0917578935623169","0.0917578935623169"
"206374","0.09024018794298172","0.09024018794298172","0.09024018794298172"
"206382","0.08727219700813293","0.08727219700813293","0.08727219700813293"
"206407","0.08997952938079834","0.08997952938079834","0.08997952938079834"
"206420","0.07455327361822128","0.07455327361822128","0.07455327361822128"
"206443","0.07934209704399109","0.07934209704399109","0.07934209704399109"
"206451","0.11358954757452011","0.11358954757452011","0.11358954757452011"
"206468","0.08580823242664337","0.08580823242664337","0.08580823242664337"
"206500","0.08382772654294968","0.08382772654294968","0.08382772654294968"
"206549","0.1021798700094223","0.1021798700094223","0.1021798700094223"
"206583","0.09429390728473663","0.09429390728473663","0.09429390728473663"
"206600","0.08779668062925339","0.08779668062925339","0.08779668062925339"
"206615","0.09257224202156067","0.09257224202156067","0.09257224202156067"
"206676","0.0689331591129303","0.0689331591129303","0.0689331591129303"
"206714","0.07851351797580719","0.07851351797580719","0.07851351797580719"
"206721","0.08776877820491791","0.08776877820491791","0.08776877820491791"
"206733","0.10671421140432358","0.10671421140432358","0.10671421140432358"
"206752","0.07883654534816742","0.07883654534816742","0.07883654534816742"
"206801","0.088112473487854","0.088112473487854","0.088112473487854"
"206802","0.10845839232206345","0.10845839232206345","0.10845839232206345"
"206859","0.10826069116592407","0.10826069116592407","0.10826069116592407"
"206869","0.08384566754102707","0.08384566754102707","0.08384566754102707"
"206874","0.08676640689373016","0.08676640689373016","0.08676640689373016"
"206879","0.09200073778629303","0.09200073778629303","0.09200073778629303"
"206924","0.09307561069726944","0.09307561069726944","0.09307561069726944"
"206941","0.10240188241004944","0.10240188241004944","0.10240188241004944"
"206962","0.09425391256809235","0.09425391256809235","0.09425391256809235"
"207086","0.0918319970369339","0.0918319970369339","0.0918319970369339"
"207107","0.10870784521102905","0.10870784521102905","0.10870784521102905"
"207172","0.10652570426464081","0.10652570426464081","0.10652570426464081"
"207207","0.07449285686016083","0.07449285686016083","0.07449285686016083"
"207216","0.09994807839393616","0.09994807839393616","0.09994807839393616"
"207244","0.10261378437280655","0.10261378437280655","0.10261378437280655"
"207255","0.09702140092849731","0.09702140092849731","0.09702140092849731"
"207259","0.10349126160144806","0.10349126160144806","0.10349126160144806"
"207277","0.08439479023218155","0.08439479023218155","0.08439479023218155"
"207289","0.07481790333986282","0.07481790333986282","0.07481790333986282"
"207292","0.07212299108505249","0.07212299108505249","0.07212299108505249"
"207305","0.09950357675552368","0.09950357675552368","0.09950357675552368"
"207311","0.07366339862346649","0.07366339862346649","0.07366339862346649"
"207315","0.10969015955924988","0.10969015955924988","0.10969015955924988"
"207317","0.0833161324262619","0.0833161324262619","0.0833161324262619"
"207318","0.09460565447807312","0.09460565447807312","0.09460565447807312"
"207327","0.08540581166744232","0.08540581166744232","0.08540581166744232"
"207338","0.0878928005695343","0.0878928005695343","0.0878928005695343"
"207343","0.08622667193412781","0.08622667193412781","0.08622667193412781"
"207352","0.08830608427524567","0.08830608427524567","0.08830608427524567"
"207374","0.07686876505613327","0.07686876505613327","0.07686876505613327"
"207384","0.08672690391540527","0.08672690391540527","0.08672690391540527"
"207391","0.08264193683862686","0.08264193683862686","0.08264193683862686"
"207474","0.09414488077163696","0.09414488077163696","0.09414488077163696"
"207475","0.11422576010227203","0.11422576010227203","0.11422576010227203"
"207476","0.08981650322675705","0.08981650322675705","0.08981650322675705"
"207504","0.08125637471675873","0.08125637471675873","0.08125637471675873"
"207557","0.09380252659320831","0.09380252659320831","0.09380252659320831"
"207561","0.11137058585882187","0.11137058585882187","0.11137058585882187"
"207569","0.10250373184680939","0.10250373184680939","0.10250373184680939"
"207587","0.11884503066539764","0.11884503066539764","0.11884503066539764"
"207593","0.07943440973758698","0.07943440973758698","0.07943440973758698"
"207606","0.08329780399799347","0.08329780399799347","0.08329780399799347"
"207607","0.07969547063112259","0.07969547063112259","0.07969547063112259"
"207631","0.10671055316925049","0.10671055316925049","0.10671055316925049"
"207635","0.07569901645183563","0.07569901645183563","0.07569901645183563"
"207680","0.0860389694571495","0.0860389694571495","0.0860389694571495"
"207728","0.10622095316648483","0.10622095316648483","0.10622095316648483"
"207784","0.10442481935024261","0.10442481935024261","0.10442481935024261"
"207821","0.10866585373878479","0.10866585373878479","0.10866585373878479"
"207887","0.08831408619880676","0.08831408619880676","0.08831408619880676"
"207906","0.07771739363670349","0.07771739363670349","0.07771739363670349"
"207925","0.09625905752182007","0.09625905752182007","0.09625905752182007"
"207929","0.07248127460479736","0.07248127460479736","0.07248127460479736"
"207943","0.09255953133106232","0.09255953133106232","0.09255953133106232"
"207945","0.08370238542556763","0.08370238542556763","0.08370238542556763"
"207984","0.0771142765879631","0.0771142765879631","0.0771142765879631"
"207988","0.09919793158769608","0.09919793158769608","0.09919793158769608"
"207994","0.07560717314481735","0.07560717314481735","0.07560717314481735"
"207999","0.08402945101261139","0.08402945101261139","0.08402945101261139"
"208054","0.10496105253696442","0.10496105253696442","0.10496105253696442"
"208075","0.09078755974769592","0.09078755974769592","0.09078755974769592"
"208080","0.10506349056959152","0.10506349056959152","0.10506349056959152"
"208127","0.09040647745132446","0.09040647745132446","0.09040647745132446"
"208219","0.07721759378910065","0.07721759378910065","0.07721759378910065"
"208220","0.1170014888048172","0.1170014888048172","0.1170014888048172"
"208252","0.09606073051691055","0.09606073051691055","0.09606073051691055"
"208286","0.11205943673849106","0.11205943673849106","0.11205943673849106"
"208321","0.08415763080120087","0.08415763080120087","0.08415763080120087"
"208327","0.10234082490205765","0.10234082490205765","0.10234082490205765"
"208329","0.09690971672534943","0.09690971672534943","0.09690971672534943"
"208334","0.0796794444322586","0.0796794444322586","0.0796794444322586"
"208338","0.09360192716121674","0.09360192716121674","0.09360192716121674"
"208354","0.09961363673210144","0.09961363673210144","0.09961363673210144"
"208361","0.08239869773387909","0.08239869773387909","0.08239869773387909"
"208394","0.07398379594087601","0.07398379594087601","0.07398379594087601"
"208396","0.09875671565532684","0.09875671565532684","0.09875671565532684"
"208415","0.0995464026927948","0.0995464026927948","0.0995464026927948"
"208421","0.116327665746212","0.116327665746212","0.116327665746212"
"208478","0.09198018908500671","0.09198018908500671","0.09198018908500671"
"208535","0.06896568834781647","0.06896568834781647","0.06896568834781647"
"208540","0.10914406180381775","0.10914406180381775","0.10914406180381775"
"208553","0.0970795601606369","0.0970795601606369","0.0970795601606369"
"208556","0.08887497335672379","0.08887497335672379","0.08887497335672379"
"208572","0.11163969337940216","0.11163969337940216","0.11163969337940216"
"208587","0.09262227267026901","0.09262227267026901","0.09262227267026901"
"208596","0.07583688199520111","0.07583688199520111","0.07583688199520111"
"208601","0.0855473130941391","0.0855473130941391","0.0855473130941391"
"208625","0.08374807983636856","0.08374807983636856","0.08374807983636856"
"208659","0.07061745971441269","0.07061745971441269","0.07061745971441269"
"208696","0.07609368860721588","0.07609368860721588","0.07609368860721588"
"208726","0.0734611451625824","0.0734611451625824","0.0734611451625824"
"208735","0.08611216396093369","0.08611216396093369","0.08611216396093369"
"208784","0.08253149688243866","0.08253149688243866","0.08253149688243866"
"208791","0.0774882584810257","0.0774882584810257","0.0774882584810257"
"208811","0.07115624845027924","0.07115624845027924","0.07115624845027924"
"208817","0.09522734582424164","0.09522734582424164","0.09522734582424164"
"208861","0.07844674587249756","0.07844674587249756","0.07844674587249756"
"208879","0.07924199104309082","0.07924199104309082","0.07924199104309082"
"208892","0.08333897590637207","0.08333897590637207","0.08333897590637207"
"208918","0.10065150260925293","0.10065150260925293","0.10065150260925293"
"208926","0.09128661453723907","0.09128661453723907","0.09128661453723907"
"208964","0.0767032653093338","0.0767032653093338","0.0767032653093338"
"208974","0.0882430449128151","0.0882430449128151","0.0882430449128151"
"208983","0.07873500138521194","0.07873500138521194","0.07873500138521194"
"209187","0.09672266989946365","0.09672266989946365","0.09672266989946365"
"209204","0.11281435191631317","0.11281435191631317","0.11281435191631317"
"209221","0.08933959901332855","0.08933959901332855","0.08933959901332855"
"209227","0.10089853405952454","0.10089853405952454","0.10089853405952454"
"209234","0.08530749380588531","0.08530749380588531","0.08530749380588531"
"209286","0.09433700144290924","0.09433700144290924","0.09433700144290924"
"209334","0.07071160525083542","0.07071160525083542","0.07071160525083542"
"209337","0.09064355492591858","0.09064355492591858","0.09064355492591858"
"209349","0.07845817506313324","0.07845817506313324","0.07845817506313324"
"209527","0.11203120648860931","0.11203120648860931","0.11203120648860931"
"209535","0.08892210572957993","0.08892210572957993","0.08892210572957993"
"209548","0.08976691216230392","0.08976691216230392","0.08976691216230392"
"209558","0.09247303754091263","0.09247303754091263","0.09247303754091263"
"209560","0.08683811128139496","0.08683811128139496","0.08683811128139496"
"209570","0.07529695332050323","0.07529695332050323","0.07529695332050323"
"209582","0.07923631370067596","0.07923631370067596","0.07923631370067596"
"209623","0.10364897549152374","0.10364897549152374","0.10364897549152374"
"209626","0.08085110783576965","0.08085110783576965","0.08085110783576965"
"209641","0.09935703873634338","0.09935703873634338","0.09935703873634338"
"209679","0.0848284661769867","0.0848284661769867","0.0848284661769867"
"209719","0.10822434723377228","0.10822434723377228","0.10822434723377228"
"209727","0.08997899293899536","0.08997899293899536","0.08997899293899536"
"209739","0.09875145554542542","0.09875145554542542","0.09875145554542542"
"209752","0.1000051498413086","0.1000051498413086","0.1000051498413086"
"209788","0.07637503743171692","0.07637503743171692","0.07637503743171692"
"209884","0.10327807068824768","0.10327807068824768","0.10327807068824768"
"209898","0.08493895828723907","0.08493895828723907","0.08493895828723907"
"209917","0.07209807634353638","0.07209807634353638","0.07209807634353638"
"209918","0.10100205987691879","0.10100205987691879","0.10100205987691879"
"209943","0.11083336174488068","0.11083336174488068","0.11083336174488068"
"209952","0.08064299076795578","0.08064299076795578","0.08064299076795578"
"209955","0.08357851207256317","0.08357851207256317","0.08357851207256317"
"209983","0.06492429971694946","0.06492429971694946","0.06492429971694946"
"209991","0.09475714713335037","0.09475714713335037","0.09475714713335037"
"210002","0.08860215544700623","0.08860215544700623","0.08860215544700623"
"210047","0.09786008298397064","0.09786008298397064","0.09786008298397064"
"210054","0.09025250375270844","0.09025250375270844","0.09025250375270844"
"210081","0.08062753081321716","0.08062753081321716","0.08062753081321716"
"210087","0.07884301990270615","0.07884301990270615","0.07884301990270615"
"210105","0.09431718289852142","0.09431718289852142","0.09431718289852142"
"210138","0.1004452109336853","0.1004452109336853","0.1004452109336853"
"210163","0.09453434497117996","0.09453434497117996","0.09453434497117996"
"210172","0.0904114618897438","0.0904114618897438","0.0904114618897438"
"210191","0.08740827441215515","0.08740827441215515","0.08740827441215515"
"210200","0.10210393369197845","0.10210393369197845","0.10210393369197845"
"210215","0.09136278927326202","0.09136278927326202","0.09136278927326202"
"210225","0.07370670139789581","0.07370670139789581","0.07370670139789581"
"210228","0.11565667390823364","0.11565667390823364","0.11565667390823364"
"210296","0.08948767185211182","0.08948767185211182","0.08948767185211182"
"210332","0.09197889268398285","0.09197889268398285","0.09197889268398285"
"210344","0.09180561453104019","0.09180561453104019","0.09180561453104019"
"210376","0.09295633435249329","0.09295633435249329","0.09295633435249329"
"210377","0.09061428904533386","0.09061428904533386","0.09061428904533386"
"210392","0.08948926627635956","0.08948926627635956","0.08948926627635956"
"210399","0.10992337018251419","0.10992337018251419","0.10992337018251419"
"210406","0.08984257280826569","0.08984257280826569","0.08984257280826569"
"210427","0.09340716898441315","0.09340716898441315","0.09340716898441315"
"210450","0.10046602040529251","0.10046602040529251","0.10046602040529251"
"210455","0.09140361845493317","0.09140361845493317","0.09140361845493317"
"210465","0.07021276652812958","0.07021276652812958","0.07021276652812958"
"210486","0.09115289151668549","0.09115289151668549","0.09115289151668549"
"210507","0.10013846307992935","0.10013846307992935","0.10013846307992935"
"210564","0.08070042729377747","0.08070042729377747","0.08070042729377747"
"210577","0.0944109857082367","0.0944109857082367","0.0944109857082367"
"210581","0.09322509914636612","0.09322509914636612","0.09322509914636612"
"210601","0.07059209048748016","0.07059209048748016","0.07059209048748016"
"210603","0.10027916729450226","0.10027916729450226","0.10027916729450226"
"210607","0.07951134443283081","0.07951134443283081","0.07951134443283081"
"210619","0.09742267429828644","0.09742267429828644","0.09742267429828644"
"210622","0.07606643438339233","0.07606643438339233","0.07606643438339233"
"210634","0.08459600061178207","0.08459600061178207","0.08459600061178207"
"210659","0.0881059467792511","0.0881059467792511","0.0881059467792511"
"210677","0.09825516492128372","0.09825516492128372","0.09825516492128372"
"210682","0.0803387463092804","0.0803387463092804","0.0803387463092804"
"210713","0.08562743663787842","0.08562743663787842","0.08562743663787842"
"210734","0.08946198225021362","0.08946198225021362","0.08946198225021362"
"210740","0.08397625386714935","0.08397625386714935","0.08397625386714935"
"210754","0.09410938620567322","0.09410938620567322","0.09410938620567322"
"210814","0.1264493763446808","0.1264493763446808","0.1264493763446808"
"210825","0.12277209758758545","0.12277209758758545","0.12277209758758545"
"210831","0.08803006261587143","0.08803006261587143","0.08803006261587143"
"210864","0.08613331615924835","0.08613331615924835","0.08613331615924835"
"210875","0.08747081458568573","0.08747081458568573","0.08747081458568573"
"210900","0.1261896789073944","0.1261896789073944","0.1261896789073944"
"210925","0.0938081294298172","0.0938081294298172","0.0938081294298172"
"210948","0.09552430361509323","0.09552430361509323","0.09552430361509323"
"211033","0.07612262666225433","0.07612262666225433","0.07612262666225433"
"211036","0.07783153653144836","0.07783153653144836","0.07783153653144836"
"211041","0.09760349988937378","0.09760349988937378","0.09760349988937378"
"211120","0.07550705969333649","0.07550705969333649","0.07550705969333649"
"211161","0.08340802788734436","0.08340802788734436","0.08340802788734436"
"211180","0.0925866961479187","0.0925866961479187","0.0925866961479187"
"211202","0.07970235496759415","0.07970235496759415","0.07970235496759415"
"211226","0.09391985833644867","0.09391985833644867","0.09391985833644867"
"211227","0.10475115478038788","0.10475115478038788","0.10475115478038788"
"211284","0.08528298139572144","0.08528298139572144","0.08528298139572144"
"211296","0.09252989292144775","0.09252989292144775","0.09252989292144775"
"211307","0.06904619932174683","0.06904619932174683","0.06904619932174683"
"211311","0.0951511561870575","0.0951511561870575","0.0951511561870575"
"211320","0.08489228785037994","0.08489228785037994","0.08489228785037994"
"211342","0.09949740767478943","0.09949740767478943","0.09949740767478943"
"211388","0.09872980415821075","0.09872980415821075","0.09872980415821075"
"211391","0.0931951105594635","0.0931951105594635","0.0931951105594635"
"211417","0.08623524755239487","0.08623524755239487","0.08623524755239487"
"211431","0.09116743505001068","0.09116743505001068","0.09116743505001068"
"211453","0.08586166799068451","0.08586166799068451","0.08586166799068451"
"211461","0.08587944507598877","0.08587944507598877","0.08587944507598877"
"211466","0.07354585081338882","0.07354585081338882","0.07354585081338882"
"211469","0.0929311141371727","0.0929311141371727","0.0929311141371727"
"211485","0.07109710574150085","0.07109710574150085","0.07109710574150085"
"211488","0.09338366240262985","0.09338366240262985","0.09338366240262985"
"211509","0.08037430047988892","0.08037430047988892","0.08037430047988892"
"211518","0.0817718356847763","0.0817718356847763","0.0817718356847763"
"211538","0.07609632611274719","0.07609632611274719","0.07609632611274719"
"211630","0.09706737101078033","0.09706737101078033","0.09706737101078033"
"211638","0.09663881361484528","0.09663881361484528","0.09663881361484528"
"211676","0.07216586172580719","0.07216586172580719","0.07216586172580719"
"211708","0.09932051599025726","0.09932051599025726","0.09932051599025726"
"211775","0.07692261040210724","0.07692261040210724","0.07692261040210724"
"211789","0.08352495729923248","0.08352495729923248","0.08352495729923248"
"211800","0.0838841050863266","0.0838841050863266","0.0838841050863266"
"211810","0.08767621219158173","0.08767621219158173","0.08767621219158173"
"211876","0.09978556632995605","0.09978556632995605","0.09978556632995605"
"211881","0.10079377889633179","0.10079377889633179","0.10079377889633179"
"211891","0.1104339063167572","0.1104339063167572","0.1104339063167572"
"211954","0.07847654819488525","0.07847654819488525","0.07847654819488525"
"211965","0.10614638030529022","0.10614638030529022","0.10614638030529022"
"212024","0.11709877103567123","0.11709877103567123","0.11709877103567123"
"212025","0.08226177096366882","0.08226177096366882","0.08226177096366882"
"212026","0.10080011188983917","0.10080011188983917","0.10080011188983917"
"212100","0.09235484153032303","0.09235484153032303","0.09235484153032303"
"212133","0.10937129706144333","0.10937129706144333","0.10937129706144333"
"212140","0.08443926274776459","0.08443926274776459","0.08443926274776459"
"212166","0.09005061537027359","0.09005061537027359","0.09005061537027359"
"212178","0.06445097923278809","0.06445097923278809","0.06445097923278809"
"212236","0.08241432905197144","0.08241432905197144","0.08241432905197144"
"212253","0.10628831386566162","0.10628831386566162","0.10628831386566162"
"212291","0.07068429887294769","0.07068429887294769","0.07068429887294769"
"212297","0.10768956691026688","0.10768956691026688","0.10768956691026688"
"212298","0.09765931963920593","0.09765931963920593","0.09765931963920593"
"212326","0.09550648927688599","0.09550648927688599","0.09550648927688599"
"212331","0.0718119889497757","0.0718119889497757","0.0718119889497757"
"212334","0.08838461339473724","0.08838461339473724","0.08838461339473724"
"212354","0.10806560516357422","0.10806560516357422","0.10806560516357422"
"212367","0.06962881982326508","0.06962881982326508","0.06962881982326508"
"212373","0.10669341683387756","0.10669341683387756","0.10669341683387756"
"212421","0.0894390195608139","0.0894390195608139","0.0894390195608139"
"212472","0.07479704916477203","0.07479704916477203","0.07479704916477203"
"212489","0.09578876197338104","0.09578876197338104","0.09578876197338104"
"212517","0.10223085433244705","0.10223085433244705","0.10223085433244705"
"212531","0.100349560379982","0.100349560379982","0.100349560379982"
"212539","0.09477396309375763","0.09477396309375763","0.09477396309375763"
"212568","0.08688606321811676","0.08688606321811676","0.08688606321811676"
"212575","0.09395100921392441","0.09395100921392441","0.09395100921392441"
"212581","0.07184038311243057","0.07184038311243057","0.07184038311243057"
"212591","0.11575636267662048","0.11575636267662048","0.11575636267662048"
"212609","0.09379750490188599","0.09379750490188599","0.09379750490188599"
"212614","0.08675920218229294","0.08675920218229294","0.08675920218229294"
"212622","0.0713808536529541","0.0713808536529541","0.0713808536529541"
"212623","0.07657153904438019","0.07657153904438019","0.07657153904438019"
"212626","0.0714295282959938","0.0714295282959938","0.0714295282959938"
"212630","0.07828903198242188","0.07828903198242188","0.07828903198242188"
"212697","0.08060109615325928","0.08060109615325928","0.08060109615325928"
"212735","0.07701683044433594","0.07701683044433594","0.07701683044433594"
"212736","0.07746054232120514","0.07746054232120514","0.07746054232120514"
"212740","0.07253370434045792","0.07253370434045792","0.07253370434045792"
"212743","0.09230384230613708","0.09230384230613708","0.09230384230613708"
"212748","0.11634080111980438","0.11634080111980438","0.11634080111980438"
"212750","0.075498566031456","0.075498566031456","0.075498566031456"
"212770","0.09474988281726837","0.09474988281726837","0.09474988281726837"
"212778","0.09733311086893082","0.09733311086893082","0.09733311086893082"
"212824","0.07243359088897705","0.07243359088897705","0.07243359088897705"
"212831","0.10050711780786514","0.10050711780786514","0.10050711780786514"
"212838","0.10028655081987381","0.10028655081987381","0.10028655081987381"
"212860","0.09491070359945297","0.09491070359945297","0.09491070359945297"
"212887","0.0776563286781311","0.0776563286781311","0.0776563286781311"
"212891","0.10018998384475708","0.10018998384475708","0.10018998384475708"
"212892","0.10433489829301834","0.10433489829301834","0.10433489829301834"
"212947","0.09138981252908707","0.09138981252908707","0.09138981252908707"
"212954","0.0871618315577507","0.0871618315577507","0.0871618315577507"
"212978","0.08804014325141907","0.08804014325141907","0.08804014325141907"
"212980","0.09676980972290039","0.09676980972290039","0.09676980972290039"
"212992","0.07217547297477722","0.07217547297477722","0.07217547297477722"
"212998","0.09113475680351257","0.09113475680351257","0.09113475680351257"
"213014","0.09932269155979156","0.09932269155979156","0.09932269155979156"
"213041","0.08401298522949219","0.08401298522949219","0.08401298522949219"
"213069","0.08546626567840576","0.08546626567840576","0.08546626567840576"
"213071","0.08455745875835419","0.08455745875835419","0.08455745875835419"
"213102","0.07650002092123032","0.07650002092123032","0.07650002092123032"
"213118","0.06833957135677338","0.06833957135677338","0.06833957135677338"
"213136","0.09111328423023224","0.09111328423023224","0.09111328423023224"
"213142","0.07686029374599457","0.07686029374599457","0.07686029374599457"
"213151","0.08623696118593216","0.08623696118593216","0.08623696118593216"
"213239","0.07583299279212952","0.07583299279212952","0.07583299279212952"
"213274","0.11571066826581955","0.11571066826581955","0.11571066826581955"
"213304","0.08137457072734833","0.08137457072734833","0.08137457072734833"
"213356","0.11816594749689102","0.11816594749689102","0.11816594749689102"
"213365","0.08044090867042542","0.08044090867042542","0.08044090867042542"
"213375","0.10783553123474121","0.10783553123474121","0.10783553123474121"
"213396","0.08012016117572784","0.08012016117572784","0.08012016117572784"
"213408","0.08996059745550156","0.08996059745550156","0.08996059745550156"
"213429","0.08065755665302277","0.08065755665302277","0.08065755665302277"
"213441","0.07704998552799225","0.07704998552799225","0.07704998552799225"
"213480","0.0780676081776619","0.0780676081776619","0.0780676081776619"
"213562","0.10991111397743225","0.10991111397743225","0.10991111397743225"
"213592","0.07657241821289062","0.07657241821289062","0.07657241821289062"
"213601","0.10926966369152069","0.10926966369152069","0.10926966369152069"
"213618","0.0899747684597969","0.0899747684597969","0.0899747684597969"
"213627","0.09913862496614456","0.09913862496614456","0.09913862496614456"
"213640","0.09310843050479889","0.09310843050479889","0.09310843050479889"
"213646","0.07113251090049744","0.07113251090049744","0.07113251090049744"
"213661","0.08952216804027557","0.08952216804027557","0.08952216804027557"
"213673","0.08546420931816101","0.08546420931816101","0.08546420931816101"
"213678","0.08922684192657471","0.08922684192657471","0.08922684192657471"
"213713","0.09746551513671875","0.09746551513671875","0.09746551513671875"
"213742","0.09417971223592758","0.09417971223592758","0.09417971223592758"
"213797","0.09790659695863724","0.09790659695863724","0.09790659695863724"
"213891","0.07832463830709457","0.07832463830709457","0.07832463830709457"
"213895","0.10088548809289932","0.10088548809289932","0.10088548809289932"
"213928","0.0990615263581276","0.0990615263581276","0.0990615263581276"
"213948","0.07927677035331726","0.07927677035331726","0.07927677035331726"
"214017","0.09680774062871933","0.09680774062871933","0.09680774062871933"
"214043","0.08476296067237854","0.08476296067237854","0.08476296067237854"
"214060","0.09928903728723526","0.09928903728723526","0.09928903728723526"
"214068","0.08846068382263184","0.08846068382263184","0.08846068382263184"
"214084","0.0920344814658165","0.0920344814658165","0.0920344814658165"
"214094","0.11422551423311234","0.11422551423311234","0.11422551423311234"
"214100","0.11143418401479721","0.11143418401479721","0.11143418401479721"
"214107","0.09781413525342941","0.09781413525342941","0.09781413525342941"
"214128","0.10540401190519333","0.10540401190519333","0.10540401190519333"
"214131","0.07522305846214294","0.07522305846214294","0.07522305846214294"
"214132","0.0758650004863739","0.0758650004863739","0.0758650004863739"
"214137","0.0941711962223053","0.0941711962223053","0.0941711962223053"
"214178","0.08089393377304077","0.08089393377304077","0.08089393377304077"
"214186","0.08804544806480408","0.08804544806480408","0.08804544806480408"
"214217","0.09265556931495667","0.09265556931495667","0.09265556931495667"
"214282","0.09521318972110748","0.09521318972110748","0.09521318972110748"
"214294","0.0990716740489006","0.0990716740489006","0.0990716740489006"
"214405","0.08858772367238998","0.08858772367238998","0.08858772367238998"
"214408","0.09165620803833008","0.09165620803833008","0.09165620803833008"
"214440","0.09398216009140015","0.09398216009140015","0.09398216009140015"
"214444","0.09133217483758926","0.09133217483758926","0.09133217483758926"
"214456","0.08081567287445068","0.08081567287445068","0.08081567287445068"
"214487","0.08251193165779114","0.08251193165779114","0.08251193165779114"
"214496","0.09731203317642212","0.09731203317642212","0.09731203317642212"
"214505","0.09398175030946732","0.09398175030946732","0.09398175030946732"
"214551","0.10026423633098602","0.10026423633098602","0.10026423633098602"
"214562","0.09594705700874329","0.09594705700874329","0.09594705700874329"
"214575","0.10809875279664993","0.10809875279664993","0.10809875279664993"
"214582","0.08197884261608124","0.08197884261608124","0.08197884261608124"
"214631","0.08978390693664551","0.08978390693664551","0.08978390693664551"
"214654","0.07506980746984482","0.07506980746984482","0.07506980746984482"
"214720","0.0901622399687767","0.0901622399687767","0.0901622399687767"
"214746","0.08517945557832718","0.08517945557832718","0.08517945557832718"
"214750","0.09811031818389893","0.09811031818389893","0.09811031818389893"
"214783","0.10325486958026886","0.10325486958026886","0.10325486958026886"
"214845","0.0731426253914833","0.0731426253914833","0.0731426253914833"
"214853","0.07936777919530869","0.07936777919530869","0.07936777919530869"
"214879","0.08646109700202942","0.08646109700202942","0.08646109700202942"
"214880","0.0999392420053482","0.0999392420053482","0.0999392420053482"
"214914","0.09444155544042587","0.09444155544042587","0.09444155544042587"
"214920","0.09040474891662598","0.09040474891662598","0.09040474891662598"
"214949","0.09729394316673279","0.09729394316673279","0.09729394316673279"
"214980","0.08507683128118515","0.08507683128118515","0.08507683128118515"
"214993","0.09391757845878601","0.09391757845878601","0.09391757845878601"
"215002","0.0817527323961258","0.0817527323961258","0.0817527323961258"
"215023","0.08319749683141708","0.08319749683141708","0.08319749683141708"
"215030","0.07726700603961945","0.07726700603961945","0.07726700603961945"
"215057","0.0839461237192154","0.0839461237192154","0.0839461237192154"
"215098","0.10847142338752747","0.10847142338752747","0.10847142338752747"
"215104","0.11193367093801498","0.11193367093801498","0.11193367093801498"
"215131","0.07510392367839813","0.07510392367839813","0.07510392367839813"
"215137","0.09164614975452423","0.09164614975452423","0.09164614975452423"
"215200","0.09771130979061127","0.09771130979061127","0.09771130979061127"
"215217","0.09420904517173767","0.09420904517173767","0.09420904517173767"
"215219","0.08940663188695908","0.08940663188695908","0.08940663188695908"
"215262","0.08186136931180954","0.08186136931180954","0.08186136931180954"
"215310","0.08091574907302856","0.08091574907302856","0.08091574907302856"
"215312","0.09732834994792938","0.09732834994792938","0.09732834994792938"
"215343","0.07991054654121399","0.07991054654121399","0.07991054654121399"
"215346","0.07860276103019714","0.07860276103019714","0.07860276103019714"
"215354","0.0847964957356453","0.0847964957356453","0.0847964957356453"
"215399","0.08457987010478973","0.08457987010478973","0.08457987010478973"
"215405","0.1022072434425354","0.1022072434425354","0.1022072434425354"
"215436","0.08956311643123627","0.08956311643123627","0.08956311643123627"
"215440","0.0863613411784172","0.0863613411784172","0.0863613411784172"
"215473","0.09673959761857986","0.09673959761857986","0.09673959761857986"
"215501","0.0820857584476471","0.0820857584476471","0.0820857584476471"
"215527","0.07221558690071106","0.07221558690071106","0.07221558690071106"
"215576","0.08556877076625824","0.08556877076625824","0.08556877076625824"
"215588","0.08500391244888306","0.08500391244888306","0.08500391244888306"
"215600","0.09575552493333817","0.09575552493333817","0.09575552493333817"
"215603","0.0825900286436081","0.0825900286436081","0.0825900286436081"
"215624","0.10737701505422592","0.10737701505422592","0.10737701505422592"
"215646","0.0905349850654602","0.0905349850654602","0.0905349850654602"
"215650","0.08654427528381348","0.08654427528381348","0.08654427528381348"
"215693","0.09481498599052429","0.09481498599052429","0.09481498599052429"
"215699","0.08803979307413101","0.08803979307413101","0.08803979307413101"
"215712","0.10115152597427368","0.10115152597427368","0.10115152597427368"
"215721","0.08308058977127075","0.08308058977127075","0.08308058977127075"
"215725","0.07024285197257996","0.07024285197257996","0.07024285197257996"
"215731","0.07783515751361847","0.07783515751361847","0.07783515751361847"
"215747","0.09905992448329926","0.09905992448329926","0.09905992448329926"
"215761","0.08500736206769943","0.08500736206769943","0.08500736206769943"
"215796","0.07315227389335632","0.07315227389335632","0.07315227389335632"
"215805","0.08245393633842468","0.08245393633842468","0.08245393633842468"
"215808","0.08293624967336655","0.08293624967336655","0.08293624967336655"
"215830","0.09488242864608765","0.09488242864608765","0.09488242864608765"
"215847","0.09752146899700165","0.09752146899700165","0.09752146899700165"
"215855","0.07956817746162415","0.07956817746162415","0.07956817746162415"
"215869","0.09388361871242523","0.09388361871242523","0.09388361871242523"
"215883","0.09800106287002563","0.09800106287002563","0.09800106287002563"
"215937","0.08075587451457977","0.08075587451457977","0.08075587451457977"
"215997","0.11135192215442657","0.11135192215442657","0.11135192215442657"
"216025","0.07624071836471558","0.07624071836471558","0.07624071836471558"
"216046","0.0809856653213501","0.0809856653213501","0.0809856653213501"
"216066","0.07855202257633209","0.07855202257633209","0.07855202257633209"
"216098","0.09691332280635834","0.09691332280635834","0.09691332280635834"
"216137","0.08005522191524506","0.08005522191524506","0.08005522191524506"
"216148","0.08144909143447876","0.08144909143447876","0.08144909143447876"
"216193","0.09664897620677948","0.09664897620677948","0.09664897620677948"
"216204","0.10519398003816605","0.10519398003816605","0.10519398003816605"
"216239","0.08131477981805801","0.08131477981805801","0.08131477981805801"
"216302","0.07863493263721466","0.07863493263721466","0.07863493263721466"
"216387","0.08821812272071838","0.08821812272071838","0.08821812272071838"
"216396","0.08704698085784912","0.08704698085784912","0.08704698085784912"
"216397","0.0882582888007164","0.0882582888007164","0.0882582888007164"
"216401","0.07674863934516907","0.07674863934516907","0.07674863934516907"
"216420","0.09166346490383148","0.09166346490383148","0.09166346490383148"
"216425","0.10780519992113113","0.10780519992113113","0.10780519992113113"
"216464","0.09092453867197037","0.09092453867197037","0.09092453867197037"
"216501","0.081886425614357","0.081886425614357","0.081886425614357"
"216523","0.10112357139587402","0.10112357139587402","0.10112357139587402"
"216530","0.08956995606422424","0.08956995606422424","0.08956995606422424"
"216543","0.09424397349357605","0.09424397349357605","0.09424397349357605"
"216555","0.07400384545326233","0.07400384545326233","0.07400384545326233"
"216592","0.11480249464511871","0.11480249464511871","0.11480249464511871"
"216603","0.10284074395895004","0.10284074395895004","0.10284074395895004"
"216616","0.08827203512191772","0.08827203512191772","0.08827203512191772"
"216644","0.0883188247680664","0.0883188247680664","0.0883188247680664"
"216665","0.07061848789453506","0.07061848789453506","0.07061848789453506"
"216671","0.10411518067121506","0.10411518067121506","0.10411518067121506"
"216770","0.07729369401931763","0.07729369401931763","0.07729369401931763"
"216792","0.0957101359963417","0.0957101359963417","0.0957101359963417"
"216810","0.09465543925762177","0.09465543925762177","0.09465543925762177"
"216821","0.1052471250295639","0.1052471250295639","0.1052471250295639"
"216876","0.08690757304430008","0.08690757304430008","0.08690757304430008"
"216879","0.07664209604263306","0.07664209604263306","0.07664209604263306"
"216912","0.06853072345256805","0.06853072345256805","0.06853072345256805"
"216934","0.10251407325267792","0.10251407325267792","0.10251407325267792"
"216953","0.06754127144813538","0.06754127144813538","0.06754127144813538"
"217034","0.096596859395504","0.096596859395504","0.096596859395504"
"217057","0.08201633393764496","0.08201633393764496","0.08201633393764496"
"217091","0.0952431708574295","0.0952431708574295","0.0952431708574295"
"217125","0.08401627093553543","0.08401627093553543","0.08401627093553543"
"217147","0.08182386308908463","0.08182386308908463","0.08182386308908463"
"217166","0.09569021314382553","0.09569021314382553","0.09569021314382553"
"217181","0.08798311650753021","0.08798311650753021","0.08798311650753021"
"217196","0.1015002578496933","0.1015002578496933","0.1015002578496933"
"217218","0.08046245574951172","0.08046245574951172","0.08046245574951172"
"217225","0.09620188176631927","0.09620188176631927","0.09620188176631927"
"217278","0.09145262837409973","0.09145262837409973","0.09145262837409973"
"217281","0.08599148690700531","0.08599148690700531","0.08599148690700531"
"217286","0.08929125219583511","0.08929125219583511","0.08929125219583511"
"217343","0.08001314848661423","0.08001314848661423","0.08001314848661423"
"217344","0.07122792303562164","0.07122792303562164","0.07122792303562164"
"217352","0.09435031563043594","0.09435031563043594","0.09435031563043594"
"217358","0.09510905295610428","0.09510905295610428","0.09510905295610428"
"217409","0.09009276330471039","0.09009276330471039","0.09009276330471039"
"217423","0.08237099647521973","0.08237099647521973","0.08237099647521973"
"217493","0.09079056978225708","0.09079056978225708","0.09079056978225708"
"217494","0.07115642726421356","0.07115642726421356","0.07115642726421356"
"217561","0.07373155653476715","0.07373155653476715","0.07373155653476715"
"217570","0.1065978854894638","0.1065978854894638","0.1065978854894638"
"217585","0.08749854564666748","0.08749854564666748","0.08749854564666748"
"217644","0.09306737780570984","0.09306737780570984","0.09306737780570984"
"217667","0.09035734832286835","0.09035734832286835","0.09035734832286835"
"217774","0.10855632275342941","0.10855632275342941","0.10855632275342941"
"217780","0.08922459185123444","0.08922459185123444","0.08922459185123444"
"217787","0.09110555052757263","0.09110555052757263","0.09110555052757263"
"217792","0.08796095848083496","0.08796095848083496","0.08796095848083496"
"217816","0.09510527551174164","0.09510527551174164","0.09510527551174164"
"217817","0.11006329953670502","0.11006329953670502","0.11006329953670502"
"217862","0.11480444669723511","0.11480444669723511","0.11480444669723511"
"217889","0.1015520691871643","0.1015520691871643","0.1015520691871643"
"217893","0.07999450713396072","0.07999450713396072","0.07999450713396072"
"217903","0.0936950147151947","0.0936950147151947","0.0936950147151947"
"217920","0.09885120391845703","0.09885120391845703","0.09885120391845703"
"217992","0.10514431446790695","0.10514431446790695","0.10514431446790695"
"218007","0.09737717360258102","0.09737717360258102","0.09737717360258102"
"218108","0.0911373496055603","0.0911373496055603","0.0911373496055603"
"218137","0.09015196561813354","0.09015196561813354","0.09015196561813354"
"218148","0.09016816318035126","0.09016816318035126","0.09016816318035126"
"218163","0.08576804399490356","0.08576804399490356","0.08576804399490356"
"218192","0.08978322148323059","0.08978322148323059","0.08978322148323059"
"218193","0.10837169736623764","0.10837169736623764","0.10837169736623764"
"218221","0.10274028778076172","0.10274028778076172","0.10274028778076172"
"218279","0.08434206247329712","0.08434206247329712","0.08434206247329712"
"218323","0.09267367422580719","0.09267367422580719","0.09267367422580719"
"218337","0.09655457735061646","0.09655457735061646","0.09655457735061646"
"218345","0.09541291743516922","0.09541291743516922","0.09541291743516922"
"218360","0.0944543182849884","0.0944543182849884","0.0944543182849884"
"218452","0.10053970664739609","0.10053970664739609","0.10053970664739609"
"218470","0.08374083042144775","0.08374083042144775","0.08374083042144775"
"218497","0.10195744782686234","0.10195744782686234","0.10195744782686234"
"218505","0.08093328028917313","0.08093328028917313","0.08093328028917313"
"218558","0.07973932474851608","0.07973932474851608","0.07973932474851608"
"218565","0.10100388526916504","0.10100388526916504","0.10100388526916504"
"218575","0.07429338991641998","0.07429338991641998","0.07429338991641998"
"218587","0.10880942642688751","0.10880942642688751","0.10880942642688751"
"218636","0.08758382499217987","0.08758382499217987","0.08758382499217987"
"218643","0.08023621141910553","0.08023621141910553","0.08023621141910553"
"218669","0.10369919240474701","0.10369919240474701","0.10369919240474701"
"218687","0.09696657955646515","0.09696657955646515","0.09696657955646515"
"218707","0.08959701657295227","0.08959701657295227","0.08959701657295227"
"218708","0.08315204083919525","0.08315204083919525","0.08315204083919525"
"218710","0.07473227381706238","0.07473227381706238","0.07473227381706238"
"218773","0.08068877458572388","0.08068877458572388","0.08068877458572388"
"218798","0.07669760286808014","0.07669760286808014","0.07669760286808014"
"218799","0.07370641082525253","0.07370641082525253","0.07370641082525253"
"218807","0.08155866712331772","0.08155866712331772","0.08155866712331772"
"218850","0.07721066474914551","0.07721066474914551","0.07721066474914551"
"218892","0.08793476223945618","0.08793476223945618","0.08793476223945618"
"218898","0.07072701305150986","0.07072701305150986","0.07072701305150986"
"218952","0.07900442183017731","0.07900442183017731","0.07900442183017731"
"218978","0.07977574318647385","0.07977574318647385","0.07977574318647385"
"218991","0.1098126769065857","0.1098126769065857","0.1098126769065857"
"219020","0.08155421912670135","0.08155421912670135","0.08155421912670135"
"219030","0.08811211585998535","0.08811211585998535","0.08811211585998535"
"219034","0.08799099922180176","0.08799099922180176","0.08799099922180176"
"219048","0.09837721288204193","0.09837721288204193","0.09837721288204193"
"219134","0.07049629092216492","0.07049629092216492","0.07049629092216492"
"219147","0.09627433121204376","0.09627433121204376","0.09627433121204376"
"219153","0.10175785422325134","0.10175785422325134","0.10175785422325134"
"219166","0.08276569843292236","0.08276569843292236","0.08276569843292236"
"219170","0.10493501275777817","0.10493501275777817","0.10493501275777817"
"219186","0.09086236357688904","0.09086236357688904","0.09086236357688904"
"219196","0.07670572400093079","0.07670572400093079","0.07670572400093079"
"219200","0.08197827637195587","0.08197827637195587","0.08197827637195587"
"219238","0.07511112838983536","0.07511112838983536","0.07511112838983536"
"219260","0.08512729406356812","0.08512729406356812","0.08512729406356812"
"219268","0.09994947910308838","0.09994947910308838","0.09994947910308838"
"219276","0.0917036235332489","0.0917036235332489","0.0917036235332489"
"219373","0.0814208835363388","0.0814208835363388","0.0814208835363388"
"219375","0.07198721915483475","0.07198721915483475","0.07198721915483475"
"219422","0.07220998406410217","0.07220998406410217","0.07220998406410217"
"219449","0.0805467963218689","0.0805467963218689","0.0805467963218689"
"219460","0.0974813923239708","0.0974813923239708","0.0974813923239708"
"219464","0.0841708704829216","0.0841708704829216","0.0841708704829216"
"219473","0.10223239660263062","0.10223239660263062","0.10223239660263062"
"219485","0.07787510007619858","0.07787510007619858","0.07787510007619858"
"219504","0.09077531099319458","0.09077531099319458","0.09077531099319458"
"219569","0.08303549140691757","0.08303549140691757","0.08303549140691757"
"219628","0.08456505835056305","0.08456505835056305","0.08456505835056305"
"219631","0.08383861184120178","0.08383861184120178","0.08383861184120178"
"219654","0.08553113043308258","0.08553113043308258","0.08553113043308258"
"219736","0.08410176634788513","0.08410176634788513","0.08410176634788513"
"219801","0.07557839155197144","0.07557839155197144","0.07557839155197144"
"219806","0.07636412978172302","0.07636412978172302","0.07636412978172302"
"219828","0.08864206075668335","0.08864206075668335","0.08864206075668335"
"219840","0.08339229226112366","0.08339229226112366","0.08339229226112366"
"219865","0.09082692861557007","0.09082692861557007","0.09082692861557007"
"219867","0.09192293882369995","0.09192293882369995","0.09192293882369995"
"219869","0.08383823186159134","0.08383823186159134","0.08383823186159134"
"219876","0.09689860045909882","0.09689860045909882","0.09689860045909882"
"219903","0.08524218201637268","0.08524218201637268","0.08524218201637268"
"219913","0.10355274379253387","0.10355274379253387","0.10355274379253387"
"219936","0.08968120813369751","0.08968120813369751","0.08968120813369751"
"219998","0.08894819766283035","0.08894819766283035","0.08894819766283035"
"220024","0.09306611865758896","0.09306611865758896","0.09306611865758896"
"220039","0.08100025355815887","0.08100025355815887","0.08100025355815887"
"220065","0.11195242404937744","0.11195242404937744","0.11195242404937744"
"220139","0.07959611713886261","0.07959611713886261","0.07959611713886261"
"220173","0.08775036036968231","0.08775036036968231","0.08775036036968231"
"220174","0.1053827553987503","0.1053827553987503","0.1053827553987503"
"220230","0.08628322184085846","0.08628322184085846","0.08628322184085846"
"220231","0.08863651752471924","0.08863651752471924","0.08863651752471924"
"220237","0.08164474368095398","0.08164474368095398","0.08164474368095398"
"220242","0.09538882970809937","0.09538882970809937","0.09538882970809937"
"220267","0.0910768210887909","0.0910768210887909","0.0910768210887909"
"220300","0.09510231018066406","0.09510231018066406","0.09510231018066406"
"220313","0.0829901173710823","0.0829901173710823","0.0829901173710823"
"220319","0.09219764173030853","0.09219764173030853","0.09219764173030853"
"220371","0.10686933994293213","0.10686933994293213","0.10686933994293213"
"220380","0.08229413628578186","0.08229413628578186","0.08229413628578186"
"220468","0.07096269726753235","0.07096269726753235","0.07096269726753235"
"220482","0.07739831507205963","0.07739831507205963","0.07739831507205963"
"220496","0.06725847721099854","0.06725847721099854","0.06725847721099854"
"220501","0.1078796237707138","0.1078796237707138","0.1078796237707138"
"220520","0.09574966132640839","0.09574966132640839","0.09574966132640839"
"220535","0.08392277359962463","0.08392277359962463","0.08392277359962463"
"220545","0.09912202507257462","0.09912202507257462","0.09912202507257462"
"220552","0.08454068005084991","0.08454068005084991","0.08454068005084991"
"220599","0.10161878168582916","0.10161878168582916","0.10161878168582916"
"220616","0.08166846632957458","0.08166846632957458","0.08166846632957458"
"220662","0.09800546616315842","0.09800546616315842","0.09800546616315842"
"220675","0.1232716292142868","0.1232716292142868","0.1232716292142868"
"220681","0.07551521062850952","0.07551521062850952","0.07551521062850952"
"220685","0.0825764462351799","0.0825764462351799","0.0825764462351799"
"220711","0.094015933573246","0.094015933573246","0.094015933573246"
"220765","0.10702919960021973","0.10702919960021973","0.10702919960021973"
"220814","0.11070653796195984","0.11070653796195984","0.11070653796195984"
"220815","0.10846441984176636","0.10846441984176636","0.10846441984176636"
"220846","0.08048027753829956","0.08048027753829956","0.08048027753829956"
"220847","0.0846872627735138","0.0846872627735138","0.0846872627735138"
"220858","0.08509394526481628","0.08509394526481628","0.08509394526481628"
"220860","0.0985170379281044","0.0985170379281044","0.0985170379281044"
"220871","0.08862438797950745","0.08862438797950745","0.08862438797950745"
"220874","0.09537050127983093","0.09537050127983093","0.09537050127983093"
"220957","0.07307550311088562","0.07307550311088562","0.07307550311088562"
"220969","0.09548340737819672","0.09548340737819672","0.09548340737819672"
"221066","0.08211842179298401","0.08211842179298401","0.08211842179298401"
"221091","0.07767300307750702","0.07767300307750702","0.07767300307750702"
"221129","0.08804988861083984","0.08804988861083984","0.08804988861083984"
"221170","0.1104385256767273","0.1104385256767273","0.1104385256767273"
"221204","0.08967071771621704","0.08967071771621704","0.08967071771621704"
"221250","0.09246359765529633","0.09246359765529633","0.09246359765529633"
"221293","0.07678784430027008","0.07678784430027008","0.07678784430027008"
"221311","0.08407209813594818","0.08407209813594818","0.08407209813594818"
"221318","0.07845845818519592","0.07845845818519592","0.07845845818519592"
"221339","0.08031672239303589","0.08031672239303589","0.08031672239303589"
"221346","0.09994621574878693","0.09994621574878693","0.09994621574878693"
"221415","0.08230345696210861","0.08230345696210861","0.08230345696210861"
"221480","0.08646629005670547","0.08646629005670547","0.08646629005670547"
"221486","0.08913642168045044","0.08913642168045044","0.08913642168045044"
"221496","0.0858551412820816","0.0858551412820816","0.0858551412820816"
"221502","0.1039409264922142","0.1039409264922142","0.1039409264922142"
"221503","0.07765268534421921","0.07765268534421921","0.07765268534421921"
"221515","0.09266423434019089","0.09266423434019089","0.09266423434019089"
"221549","0.11707576364278793","0.11707576364278793","0.11707576364278793"
"221551","0.09772851318120956","0.09772851318120956","0.09772851318120956"
"221565","0.08163173496723175","0.08163173496723175","0.08163173496723175"
"221581","0.07861562818288803","0.07861562818288803","0.07861562818288803"
"221604","0.0888877660036087","0.0888877660036087","0.0888877660036087"
"221614","0.08806110173463821","0.08806110173463821","0.08806110173463821"
"221621","0.08352334797382355","0.08352334797382355","0.08352334797382355"
"221674","0.08570544421672821","0.08570544421672821","0.08570544421672821"
"221698","0.08387826383113861","0.08387826383113861","0.08387826383113861"
"221721","0.10029346495866776","0.10029346495866776","0.10029346495866776"
"221743","0.08996137976646423","0.08996137976646423","0.08996137976646423"
"221752","0.07825516164302826","0.07825516164302826","0.07825516164302826"
"221755","0.08618231117725372","0.08618231117725372","0.08618231117725372"
"221799","0.09146884083747864","0.09146884083747864","0.09146884083747864"
"221825","0.10378260910511017","0.10378260910511017","0.10378260910511017"
"221864","0.08640845865011215","0.08640845865011215","0.08640845865011215"
"221891","0.10441035032272339","0.10441035032272339","0.10441035032272339"
"221924","0.08713892102241516","0.08713892102241516","0.08713892102241516"
"221996","0.07039474695920944","0.07039474695920944","0.07039474695920944"
"222048","0.10109938681125641","0.10109938681125641","0.10109938681125641"
"222131","0.09422659873962402","0.09422659873962402","0.09422659873962402"
"222158","0.09011049568653107","0.09011049568653107","0.09011049568653107"
"222197","0.10495316982269287","0.10495316982269287","0.10495316982269287"
"222226","0.10000596940517426","0.10000596940517426","0.10000596940517426"
"222228","0.10493084788322449","0.10493084788322449","0.10493084788322449"
"222236","0.08775666356086731","0.08775666356086731","0.08775666356086731"
"222337","0.09142604470252991","0.09142604470252991","0.09142604470252991"
"222387","0.08696293830871582","0.08696293830871582","0.08696293830871582"
"222428","0.08547557890415192","0.08547557890415192","0.08547557890415192"
"222469","0.06662052124738693","0.06662052124738693","0.06662052124738693"
"222511","0.08450564742088318","0.08450564742088318","0.08450564742088318"
"222518","0.11067350953817368","0.11067350953817368","0.11067350953817368"
"222559","0.10005022585391998","0.10005022585391998","0.10005022585391998"
"222564","0.08617030084133148","0.08617030084133148","0.08617030084133148"
"222577","0.08192099630832672","0.08192099630832672","0.08192099630832672"
"222601","0.10144776105880737","0.10144776105880737","0.10144776105880737"
"222625","0.07383221387863159","0.07383221387863159","0.07383221387863159"
"222635","0.09430386126041412","0.09430386126041412","0.09430386126041412"
"222639","0.10328958928585052","0.10328958928585052","0.10328958928585052"
"222653","0.0924525186419487","0.0924525186419487","0.0924525186419487"
"222657","0.07306286692619324","0.07306286692619324","0.07306286692619324"
"222671","0.08586323261260986","0.08586323261260986","0.08586323261260986"
"222728","0.07988203316926956","0.07988203316926956","0.07988203316926956"
"222731","0.08157168328762054","0.08157168328762054","0.08157168328762054"
"222742","0.08612263202667236","0.08612263202667236","0.08612263202667236"
"222746","0.0850587710738182","0.0850587710738182","0.0850587710738182"
"222754","0.1087278351187706","0.1087278351187706","0.1087278351187706"
"222762","0.09902612119913101","0.09902612119913101","0.09902612119913101"
"222873","0.09794750064611435","0.09794750064611435","0.09794750064611435"
"222875","0.09236489236354828","0.09236489236354828","0.09236489236354828"
"222905","0.10526145994663239","0.10526145994663239","0.10526145994663239"
"222960","0.09661798179149628","0.09661798179149628","0.09661798179149628"
"222984","0.09745407104492188","0.09745407104492188","0.09745407104492188"
"222997","0.08507697284221649","0.08507697284221649","0.08507697284221649"
"223007","0.08857093751430511","0.08857093751430511","0.08857093751430511"
"223087","0.0880860909819603","0.0880860909819603","0.0880860909819603"
"223126","0.10092867910861969","0.10092867910861969","0.10092867910861969"
"223131","0.10242116451263428","0.10242116451263428","0.10242116451263428"
"223146","0.0848216786980629","0.0848216786980629","0.0848216786980629"
"223192","0.09847769141197205","0.09847769141197205","0.09847769141197205"
"223202","0.07856282591819763","0.07856282591819763","0.07856282591819763"
"223223","0.09746092557907104","0.09746092557907104","0.09746092557907104"
"223225","0.0976199358701706","0.0976199358701706","0.0976199358701706"
"223242","0.0720396488904953","0.0720396488904953","0.0720396488904953"
"223243","0.08956083655357361","0.08956083655357361","0.08956083655357361"
"223244","0.09427221119403839","0.09427221119403839","0.09427221119403839"
"223246","0.08450252562761307","0.08450252562761307","0.08450252562761307"
"223271","0.06995855271816254","0.06995855271816254","0.06995855271816254"
"223290","0.08068853616714478","0.08068853616714478","0.08068853616714478"
"223302","0.08003763854503632","0.08003763854503632","0.08003763854503632"
"223306","0.09643185138702393","0.09643185138702393","0.09643185138702393"
"223327","0.09126175940036774","0.09126175940036774","0.09126175940036774"
"223331","0.08359730243682861","0.08359730243682861","0.08359730243682861"
"223332","0.0824616551399231","0.0824616551399231","0.0824616551399231"
"223367","0.08447286486625671","0.08447286486625671","0.08447286486625671"
"223368","0.0815451443195343","0.0815451443195343","0.0815451443195343"
"223369","0.0924287661910057","0.0924287661910057","0.0924287661910057"
"223372","0.10291494429111481","0.10291494429111481","0.10291494429111481"
"223401","0.06874824315309525","0.06874824315309525","0.06874824315309525"
"223419","0.09121836721897125","0.09121836721897125","0.09121836721897125"
"223424","0.0758148655295372","0.0758148655295372","0.0758148655295372"
"223487","0.09741133451461792","0.09741133451461792","0.09741133451461792"
"223512","0.09876357018947601","0.09876357018947601","0.09876357018947601"
"223518","0.07858167588710785","0.07858167588710785","0.07858167588710785"
"223589","0.09011960029602051","0.09011960029602051","0.09011960029602051"
"223595","0.10623577237129211","0.10623577237129211","0.10623577237129211"
"223652","0.07551586627960205","0.07551586627960205","0.07551586627960205"
"223664","0.08461904525756836","0.08461904525756836","0.08461904525756836"
"223675","0.094671830534935","0.094671830534935","0.094671830534935"
"223720","0.09853743016719818","0.09853743016719818","0.09853743016719818"
"223767","0.09482057392597198","0.09482057392597198","0.09482057392597198"
"223853","0.09407670795917511","0.09407670795917511","0.09407670795917511"
"223861","0.08720044046640396","0.08720044046640396","0.08720044046640396"
"223865","0.09576226770877838","0.09576226770877838","0.09576226770877838"
"223896","0.08096961677074432","0.08096961677074432","0.08096961677074432"
"223932","0.07292993366718292","0.07292993366718292","0.07292993366718292"
"223959","0.10665986686944962","0.10665986686944962","0.10665986686944962"
"224084","0.08411648869514465","0.08411648869514465","0.08411648869514465"
"224137","0.08748485147953033","0.08748485147953033","0.08748485147953033"
"224210","0.07833360135555267","0.07833360135555267","0.07833360135555267"
"224233","0.09048441052436829","0.09048441052436829","0.09048441052436829"
"224239","0.10509288311004639","0.10509288311004639","0.10509288311004639"
"224256","0.10797171294689178","0.10797171294689178","0.10797171294689178"
"224295","0.07694005966186523","0.07694005966186523","0.07694005966186523"
"224304","0.0842241495847702","0.0842241495847702","0.0842241495847702"
"224342","0.0929684042930603","0.0929684042930603","0.0929684042930603"
"224408","0.10516617447137833","0.10516617447137833","0.10516617447137833"
"224440","0.0810704380273819","0.0810704380273819","0.0810704380273819"
"224452","0.09472951292991638","0.09472951292991638","0.09472951292991638"
"224467","0.10849950462579727","0.10849950462579727","0.10849950462579727"
"224499","0.0874728336930275","0.0874728336930275","0.0874728336930275"
"224520","0.09141586720943451","0.09141586720943451","0.09141586720943451"
"224529","0.0850541740655899","0.0850541740655899","0.0850541740655899"
"224541","0.10774824768304825","0.10774824768304825","0.10774824768304825"
"224543","0.09799016267061234","0.09799016267061234","0.09799016267061234"
"224554","0.0828099474310875","0.0828099474310875","0.0828099474310875"
"224559","0.08519500494003296","0.08519500494003296","0.08519500494003296"
"224568","0.10321542620658875","0.10321542620658875","0.10321542620658875"
"224573","0.07913322746753693","0.07913322746753693","0.07913322746753693"
"224645","0.09865446388721466","0.09865446388721466","0.09865446388721466"
"224664","0.0997246652841568","0.0997246652841568","0.0997246652841568"
"224667","0.09401320666074753","0.09401320666074753","0.09401320666074753"
"224668","0.09142735600471497","0.09142735600471497","0.09142735600471497"
"224693","0.11078353971242905","0.11078353971242905","0.11078353971242905"
"224737","0.09240598976612091","0.09240598976612091","0.09240598976612091"
"224750","0.09221499413251877","0.09221499413251877","0.09221499413251877"
"224769","0.08206301927566528","0.08206301927566528","0.08206301927566528"
"224790","0.08449231833219528","0.08449231833219528","0.08449231833219528"
"224815","0.11757902055978775","0.11757902055978775","0.11757902055978775"
"224851","0.08313112705945969","0.08313112705945969","0.08313112705945969"
"224862","0.10079602897167206","0.10079602897167206","0.10079602897167206"
"224939","0.08714774250984192","0.08714774250984192","0.08714774250984192"
"224971","0.09923583269119263","0.09923583269119263","0.09923583269119263"
"224972","0.09421046078205109","0.09421046078205109","0.09421046078205109"
"224994","0.08924323320388794","0.08924323320388794","0.08924323320388794"
"225026","0.12169639021158218","0.12169639021158218","0.12169639021158218"
"225070","0.08701127767562866","0.08701127767562866","0.08701127767562866"
"225131","0.06835204362869263","0.06835204362869263","0.06835204362869263"
"225168","0.08105170726776123","0.08105170726776123","0.08105170726776123"
"225193","0.06967964768409729","0.06967964768409729","0.06967964768409729"
"225207","0.0899868980050087","0.0899868980050087","0.0899868980050087"
"225209","0.0741725042462349","0.0741725042462349","0.0741725042462349"
"225253","0.1030818372964859","0.1030818372964859","0.1030818372964859"
"225256","0.10323887318372726","0.10323887318372726","0.10323887318372726"
"225284","0.08924439549446106","0.08924439549446106","0.08924439549446106"
"225286","0.09097734838724136","0.09097734838724136","0.09097734838724136"
"225291","0.0831720381975174","0.0831720381975174","0.0831720381975174"
"225297","0.09283778071403503","0.09283778071403503","0.09283778071403503"
"225298","0.07197305560112","0.07197305560112","0.07197305560112"
"225311","0.10401761531829834","0.10401761531829834","0.10401761531829834"
"225348","0.09623697400093079","0.09623697400093079","0.09623697400093079"
"225353","0.10461768507957458","0.10461768507957458","0.10461768507957458"
"225383","0.08771433681249619","0.08771433681249619","0.08771433681249619"
"225404","0.08738049864768982","0.08738049864768982","0.08738049864768982"
"225424","0.07368317991495132","0.07368317991495132","0.07368317991495132"
"225431","0.07929804921150208","0.07929804921150208","0.07929804921150208"
"225464","0.10732651501893997","0.10732651501893997","0.10732651501893997"
"225478","0.08378724753856659","0.08378724753856659","0.08378724753856659"
"225498","0.08071863651275635","0.08071863651275635","0.08071863651275635"
"225511","0.06928740441799164","0.06928740441799164","0.06928740441799164"
"225520","0.08967718482017517","0.08967718482017517","0.08967718482017517"
"225547","0.09715837240219116","0.09715837240219116","0.09715837240219116"
"225583","0.07741329073905945","0.07741329073905945","0.07741329073905945"
"225590","0.09306539595127106","0.09306539595127106","0.09306539595127106"
"225609","0.08317238092422485","0.08317238092422485","0.08317238092422485"
"225611","0.10218051075935364","0.10218051075935364","0.10218051075935364"
"225647","0.0816713497042656","0.0816713497042656","0.0816713497042656"
"225660","0.09115827828645706","0.09115827828645706","0.09115827828645706"
"225724","0.08287927508354187","0.08287927508354187","0.08287927508354187"
"225751","0.07812550663948059","0.07812550663948059","0.07812550663948059"
"225790","0.0895996242761612","0.0895996242761612","0.0895996242761612"
"225791","0.09342578053474426","0.09342578053474426","0.09342578053474426"
"225862","0.11083649843931198","0.11083649843931198","0.11083649843931198"
"225870","0.08795851469039917","0.08795851469039917","0.08795851469039917"
"225898","0.0893704742193222","0.0893704742193222","0.0893704742193222"
"225899","0.09457076340913773","0.09457076340913773","0.09457076340913773"
"225906","0.09239140897989273","0.09239140897989273","0.09239140897989273"
"225928","0.07988359034061432","0.07988359034061432","0.07988359034061432"
"225966","0.09417329728603363","0.09417329728603363","0.09417329728603363"
"225984","0.09098735451698303","0.09098735451698303","0.09098735451698303"
"226015","0.07343576848506927","0.07343576848506927","0.07343576848506927"
"226023","0.09158964455127716","0.09158964455127716","0.09158964455127716"
"226024","0.11173201352357864","0.11173201352357864","0.11173201352357864"
"226054","0.09485653787851334","0.09485653787851334","0.09485653787851334"
"226084","0.10587985813617706","0.10587985813617706","0.10587985813617706"
"226091","0.07794605195522308","0.07794605195522308","0.07794605195522308"
"226096","0.09768728911876678","0.09768728911876678","0.09768728911876678"
"226149","0.1041150838136673","0.1041150838136673","0.1041150838136673"
"226218","0.1012958288192749","0.1012958288192749","0.1012958288192749"
"226220","0.10224442183971405","0.10224442183971405","0.10224442183971405"
"226227","0.07723511755466461","0.07723511755466461","0.07723511755466461"
"226245","0.0818428099155426","0.0818428099155426","0.0818428099155426"
"226251","0.10270954668521881","0.10270954668521881","0.10270954668521881"
"226254","0.07260701060295105","0.07260701060295105","0.07260701060295105"
"226267","0.085574209690094","0.085574209690094","0.085574209690094"
"226270","0.08894769847393036","0.08894769847393036","0.08894769847393036"
"226298","0.08518531918525696","0.08518531918525696","0.08518531918525696"
"226314","0.09739391505718231","0.09739391505718231","0.09739391505718231"
"226325","0.09955613315105438","0.09955613315105438","0.09955613315105438"
"226336","0.08951246738433838","0.08951246738433838","0.08951246738433838"
"226352","0.08885244280099869","0.08885244280099869","0.08885244280099869"
"226361","0.09533525258302689","0.09533525258302689","0.09533525258302689"
"226441","0.08121094852685928","0.08121094852685928","0.08121094852685928"
"226453","0.09723310172557831","0.09723310172557831","0.09723310172557831"
"226457","0.08153022080659866","0.08153022080659866","0.08153022080659866"
"226503","0.08841794729232788","0.08841794729232788","0.08841794729232788"
"226511","0.09219121932983398","0.09219121932983398","0.09219121932983398"
"226514","0.08552151173353195","0.08552151173353195","0.08552151173353195"
"226520","0.08430846035480499","0.08430846035480499","0.08430846035480499"
"226532","0.07806238532066345","0.07806238532066345","0.07806238532066345"
"226541","0.08396762609481812","0.08396762609481812","0.08396762609481812"
"226552","0.10779668390750885","0.10779668390750885","0.10779668390750885"
"226587","0.08671265840530396","0.08671265840530396","0.08671265840530396"
"226700","0.09178830683231354","0.09178830683231354","0.09178830683231354"
"226799","0.07848148792982101","0.07848148792982101","0.07848148792982101"
"226843","0.0999256819486618","0.0999256819486618","0.0999256819486618"
"226874","0.09733380377292633","0.09733380377292633","0.09733380377292633"
"226876","0.08110880851745605","0.08110880851745605","0.08110880851745605"
"226928","0.09654544293880463","0.09654544293880463","0.09654544293880463"
"226941","0.09462889283895493","0.09462889283895493","0.09462889283895493"
"226945","0.08821174502372742","0.08821174502372742","0.08821174502372742"
"226958","0.0936226174235344","0.0936226174235344","0.0936226174235344"
"226968","0.07996760308742523","0.07996760308742523","0.07996760308742523"
"227009","0.10336543619632721","0.10336543619632721","0.10336543619632721"
"227044","0.07495133578777313","0.07495133578777313","0.07495133578777313"
"227072","0.10766606777906418","0.10766606777906418","0.10766606777906418"
"227086","0.09977298974990845","0.09977298974990845","0.09977298974990845"
"227114","0.1101478636264801","0.1101478636264801","0.1101478636264801"
"227204","0.10749423503875732","0.10749423503875732","0.10749423503875732"
"227229","0.07859836518764496","0.07859836518764496","0.07859836518764496"
"227270","0.08772571384906769","0.08772571384906769","0.08772571384906769"
"227317","0.08411110192537308","0.08411110192537308","0.08411110192537308"
"227346","0.09694211184978485","0.09694211184978485","0.09694211184978485"
"227348","0.092680923640728","0.092680923640728","0.092680923640728"
"227386","0.08763477206230164","0.08763477206230164","0.08763477206230164"
"227410","0.08458589017391205","0.08458589017391205","0.08458589017391205"
"227428","0.08151068538427353","0.08151068538427353","0.08151068538427353"
"227513","0.07180671393871307","0.07180671393871307","0.07180671393871307"
"227514","0.11313413828611374","0.11313413828611374","0.11313413828611374"
"227515","0.07784576714038849","0.07784576714038849","0.07784576714038849"
"227518","0.07661455869674683","0.07661455869674683","0.07661455869674683"
"227528","0.0941292941570282","0.0941292941570282","0.0941292941570282"
"227582","0.08959197252988815","0.08959197252988815","0.08959197252988815"
"227584","0.09415368735790253","0.09415368735790253","0.09415368735790253"
"227602","0.08392049372196198","0.08392049372196198","0.08392049372196198"
"227740","0.09536577761173248","0.09536577761173248","0.09536577761173248"
"227830","0.08587673306465149","0.08587673306465149","0.08587673306465149"
"227838","0.10787396132946014","0.10787396132946014","0.10787396132946014"
"227845","0.07970573753118515","0.07970573753118515","0.07970573753118515"
"227902","0.08170024305582047","0.08170024305582047","0.08170024305582047"
"227922","0.0781773179769516","0.0781773179769516","0.0781773179769516"
"227925","0.08721756935119629","0.08721756935119629","0.08721756935119629"
"227934","0.09859206527471542","0.09859206527471542","0.09859206527471542"
"228000","0.08026663213968277","0.08026663213968277","0.08026663213968277"
"228026","0.08413730561733246","0.08413730561733246","0.08413730561733246"
"228029","0.10056652128696442","0.10056652128696442","0.10056652128696442"
"228072","0.1134326234459877","0.1134326234459877","0.1134326234459877"
"228076","0.10128823667764664","0.10128823667764664","0.10128823667764664"
"228092","0.0735822319984436","0.0735822319984436","0.0735822319984436"
"228129","0.0781468003988266","0.0781468003988266","0.0781468003988266"
"228143","0.0783904641866684","0.0783904641866684","0.0783904641866684"
"228240","0.07137824594974518","0.07137824594974518","0.07137824594974518"
"228251","0.09438438713550568","0.09438438713550568","0.09438438713550568"
"228258","0.07771563529968262","0.07771563529968262","0.07771563529968262"
"228309","0.09241293370723724","0.09241293370723724","0.09241293370723724"
"228330","0.07894589006900787","0.07894589006900787","0.07894589006900787"
"228344","0.07958544790744781","0.07958544790744781","0.07958544790744781"
"228363","0.08131527155637741","0.08131527155637741","0.08131527155637741"
"228385","0.0838894471526146","0.0838894471526146","0.0838894471526146"
"228412","0.08813150227069855","0.08813150227069855","0.08813150227069855"
"228430","0.09620986133813858","0.09620986133813858","0.09620986133813858"
"228478","0.10512080043554306","0.10512080043554306","0.10512080043554306"
"228517","0.08453153073787689","0.08453153073787689","0.08453153073787689"
"228531","0.09756815433502197","0.09756815433502197","0.09756815433502197"
"228548","0.07396279275417328","0.07396279275417328","0.07396279275417328"
"228594","0.07839667797088623","0.07839667797088623","0.07839667797088623"
"228600","0.08117743581533432","0.08117743581533432","0.08117743581533432"
"228617","0.06959366798400879","0.06959366798400879","0.06959366798400879"
"228633","0.07261846959590912","0.07261846959590912","0.07261846959590912"
"228673","0.08780522644519806","0.08780522644519806","0.08780522644519806"
"228689","0.08862000703811646","0.08862000703811646","0.08862000703811646"
"228794","0.09279095381498337","0.09279095381498337","0.09279095381498337"
"228821","0.11758313328027725","0.11758313328027725","0.11758313328027725"
"228843","0.13005442917346954","0.13005442917346954","0.13005442917346954"
"228862","0.07797397673130035","0.07797397673130035","0.07797397673130035"
"228903","0.0945427268743515","0.0945427268743515","0.0945427268743515"
"228916","0.09247736632823944","0.09247736632823944","0.09247736632823944"
"228932","0.10590213537216187","0.10590213537216187","0.10590213537216187"
"228939","0.08212374150753021","0.08212374150753021","0.08212374150753021"
"228943","0.06721813976764679","0.06721813976764679","0.06721813976764679"
"228950","0.10529004037380219","0.10529004037380219","0.10529004037380219"
"228952","0.10284215956926346","0.10284215956926346","0.10284215956926346"
"228969","0.07119505852460861","0.07119505852460861","0.07119505852460861"
"229002","0.09628482162952423","0.09628482162952423","0.09628482162952423"
"229027","0.08857898414134979","0.08857898414134979","0.08857898414134979"
"229032","0.08836111426353455","0.08836111426353455","0.08836111426353455"
"229049","0.0905301570892334","0.0905301570892334","0.0905301570892334"
"229085","0.09932558983564377","0.09932558983564377","0.09932558983564377"
"229093","0.08641315251588821","0.08641315251588821","0.08641315251588821"
"229105","0.10205656290054321","0.10205656290054321","0.10205656290054321"
"229118","0.10022670775651932","0.10022670775651932","0.10022670775651932"
"229146","0.09092811495065689","0.09092811495065689","0.09092811495065689"
"229205","0.07994802296161652","0.07994802296161652","0.07994802296161652"
"229229","0.08403405547142029","0.08403405547142029","0.08403405547142029"
"229261","0.09753862023353577","0.09753862023353577","0.09753862023353577"
"229284","0.07820095121860504","0.07820095121860504","0.07820095121860504"
"229293","0.08396804332733154","0.08396804332733154","0.08396804332733154"
"229320","0.0981350690126419","0.0981350690126419","0.0981350690126419"
"229330","0.08515827357769012","0.08515827357769012","0.08515827357769012"
"229341","0.09042469412088394","0.09042469412088394","0.09042469412088394"
"229343","0.07280109822750092","0.07280109822750092","0.07280109822750092"
"229349","0.09660176932811737","0.09660176932811737","0.09660176932811737"
"229364","0.07892298698425293","0.07892298698425293","0.07892298698425293"
"229389","0.07541106641292572","0.07541106641292572","0.07541106641292572"
"229398","0.09510131925344467","0.09510131925344467","0.09510131925344467"
"229400","0.07073009014129639","0.07073009014129639","0.07073009014129639"
"229408","0.09383977949619293","0.09383977949619293","0.09383977949619293"
"229428","0.07807035744190216","0.07807035744190216","0.07807035744190216"
"229511","0.09540029615163803","0.09540029615163803","0.09540029615163803"
"229521","0.09230509400367737","0.09230509400367737","0.09230509400367737"
"229549","0.07682058215141296","0.07682058215141296","0.07682058215141296"
"229589","0.0705932080745697","0.0705932080745697","0.0705932080745697"
"229609","0.09752194583415985","0.09752194583415985","0.09752194583415985"
"229622","0.08600977808237076","0.08600977808237076","0.08600977808237076"
"229651","0.11080091446638107","0.11080091446638107","0.11080091446638107"
"229653","0.09967121481895447","0.09967121481895447","0.09967121481895447"
"229660","0.08368697762489319","0.08368697762489319","0.08368697762489319"
"229661","0.07562875747680664","0.07562875747680664","0.07562875747680664"
"229698","0.0870174691081047","0.0870174691081047","0.0870174691081047"
"229768","0.09694047272205353","0.09694047272205353","0.09694047272205353"
"229808","0.09871713817119598","0.09871713817119598","0.09871713817119598"
"229835","0.07555240392684937","0.07555240392684937","0.07555240392684937"
"229860","0.09597388654947281","0.09597388654947281","0.09597388654947281"
"229862","0.07100008428096771","0.07100008428096771","0.07100008428096771"
"229871","0.1000746488571167","0.1000746488571167","0.1000746488571167"
"229876","0.09995470941066742","0.09995470941066742","0.09995470941066742"
"229883","0.0890774056315422","0.0890774056315422","0.0890774056315422"
"229889","0.09862539172172546","0.09862539172172546","0.09862539172172546"
"229918","0.08447231352329254","0.08447231352329254","0.08447231352329254"
"229924","0.08060683310031891","0.08060683310031891","0.08060683310031891"
"229925","0.0949961245059967","0.0949961245059967","0.0949961245059967"
"229933","0.08333984017372131","0.08333984017372131","0.08333984017372131"
"229940","0.09809659421443939","0.09809659421443939","0.09809659421443939"
"229950","0.07035156339406967","0.07035156339406967","0.07035156339406967"
"229955","0.07310675084590912","0.07310675084590912","0.07310675084590912"
"229971","0.08057069778442383","0.08057069778442383","0.08057069778442383"
"229996","0.09926445782184601","0.09926445782184601","0.09926445782184601"
"230060","0.08150528371334076","0.08150528371334076","0.08150528371334076"
"230099","0.10760799795389175","0.10760799795389175","0.10760799795389175"
"230106","0.07258304953575134","0.07258304953575134","0.07258304953575134"
"230127","0.06501467525959015","0.06501467525959015","0.06501467525959015"
"230141","0.09150707721710205","0.09150707721710205","0.09150707721710205"
"230147","0.09375276416540146","0.09375276416540146","0.09375276416540146"
"230200","0.07887007296085358","0.07887007296085358","0.07887007296085358"
"230201","0.09526889026165009","0.09526889026165009","0.09526889026165009"
"230239","0.09730580449104309","0.09730580449104309","0.09730580449104309"
"230241","0.09812004119157791","0.09812004119157791","0.09812004119157791"
"230263","0.08261299133300781","0.08261299133300781","0.08261299133300781"
"230272","0.0837940201163292","0.0837940201163292","0.0837940201163292"
"230286","0.07276012003421783","0.07276012003421783","0.07276012003421783"
"230288","0.0970594584941864","0.0970594584941864","0.0970594584941864"
"230304","0.07928449660539627","0.07928449660539627","0.07928449660539627"
"230314","0.1002536490559578","0.1002536490559578","0.1002536490559578"
"230324","0.07356105744838715","0.07356105744838715","0.07356105744838715"
"230330","0.08786872774362564","0.08786872774362564","0.08786872774362564"
"230345","0.11387457698583603","0.11387457698583603","0.11387457698583603"
"230346","0.09304426610469818","0.09304426610469818","0.09304426610469818"
"230355","0.10364832729101181","0.10364832729101181","0.10364832729101181"
"230405","0.09803712368011475","0.09803712368011475","0.09803712368011475"
"230448","0.09203146398067474","0.09203146398067474","0.09203146398067474"
"230453","0.08628885447978973","0.08628885447978973","0.08628885447978973"
"230466","0.08039060235023499","0.08039060235023499","0.08039060235023499"
"230477","0.08328964561223984","0.08328964561223984","0.08328964561223984"
"230509","0.09046752750873566","0.09046752750873566","0.09046752750873566"
"230567","0.08031294494867325","0.08031294494867325","0.08031294494867325"
"230588","0.07785695791244507","0.07785695791244507","0.07785695791244507"
"230590","0.09470295906066895","0.09470295906066895","0.09470295906066895"
"230594","0.08471974730491638","0.08471974730491638","0.08471974730491638"
"230618","0.0915810614824295","0.0915810614824295","0.0915810614824295"
"230619","0.09000726044178009","0.09000726044178009","0.09000726044178009"
"230639","0.08945724368095398","0.08945724368095398","0.08945724368095398"
"230656","0.08147841691970825","0.08147841691970825","0.08147841691970825"
"230672","0.10432322323322296","0.10432322323322296","0.10432322323322296"
"230693","0.0886288732290268","0.0886288732290268","0.0886288732290268"
"230700","0.07262751460075378","0.07262751460075378","0.07262751460075378"
"230776","0.10165055096149445","0.10165055096149445","0.10165055096149445"
"230814","0.09826371818780899","0.09826371818780899","0.09826371818780899"
"230847","0.07469868659973145","0.07469868659973145","0.07469868659973145"
"230861","0.08800182491540909","0.08800182491540909","0.08800182491540909"
"230874","0.07618647813796997","0.07618647813796997","0.07618647813796997"
"230888","0.09142006188631058","0.09142006188631058","0.09142006188631058"
"230996","0.07340135425329208","0.07340135425329208","0.07340135425329208"
"231023","0.08410002291202545","0.08410002291202545","0.08410002291202545"
"231046","0.08290888369083405","0.08290888369083405","0.08290888369083405"
"231118","0.07069676369428635","0.07069676369428635","0.07069676369428635"
"231159","0.08533516526222229","0.08533516526222229","0.08533516526222229"
"231163","0.07030487060546875","0.07030487060546875","0.07030487060546875"
"231166","0.102349653840065","0.102349653840065","0.102349653840065"
"231167","0.07652106881141663","0.07652106881141663","0.07652106881141663"
"231185","0.09750187397003174","0.09750187397003174","0.09750187397003174"
"231277","0.08405469357967377","0.08405469357967377","0.08405469357967377"
"231297","0.07746930420398712","0.07746930420398712","0.07746930420398712"
"231331","0.0720791220664978","0.0720791220664978","0.0720791220664978"
"231342","0.09100615978240967","0.09100615978240967","0.09100615978240967"
"231372","0.0972767174243927","0.0972767174243927","0.0972767174243927"
"231390","0.08342111110687256","0.08342111110687256","0.08342111110687256"
"231420","0.09724409878253937","0.09724409878253937","0.09724409878253937"
"231463","0.10088664293289185","0.10088664293289185","0.10088664293289185"
"231466","0.07524509727954865","0.07524509727954865","0.07524509727954865"
"231513","0.08500004559755325","0.08500004559755325","0.08500004559755325"
"231538","0.09771652519702911","0.09771652519702911","0.09771652519702911"
"231541","0.0772010087966919","0.0772010087966919","0.0772010087966919"
"231544","0.09092840552330017","0.09092840552330017","0.09092840552330017"
"231561","0.08586084842681885","0.08586084842681885","0.08586084842681885"
"231668","0.09973448514938354","0.09973448514938354","0.09973448514938354"
"231670","0.08566008508205414","0.08566008508205414","0.08566008508205414"
"231700","0.10051196813583374","0.10051196813583374","0.10051196813583374"
"231701","0.08505973219871521","0.08505973219871521","0.08505973219871521"
"231740","0.09099525213241577","0.09099525213241577","0.09099525213241577"
"231780","0.08806614577770233","0.08806614577770233","0.08806614577770233"
"231784","0.09684233367443085","0.09684233367443085","0.09684233367443085"
"231792","0.09132539480924606","0.09132539480924606","0.09132539480924606"
"231798","0.09261567890644073","0.09261567890644073","0.09261567890644073"
"231799","0.08613385260105133","0.08613385260105133","0.08613385260105133"
"231806","0.09306932240724564","0.09306932240724564","0.09306932240724564"
"231815","0.08627709746360779","0.08627709746360779","0.08627709746360779"
"231833","0.09310178458690643","0.09310178458690643","0.09310178458690643"
"231848","0.09267760068178177","0.09267760068178177","0.09267760068178177"
"231860","0.08581052720546722","0.08581052720546722","0.08581052720546722"
"231874","0.0922996774315834","0.0922996774315834","0.0922996774315834"
"231889","0.10238561034202576","0.10238561034202576","0.10238561034202576"
"231915","0.0862150564789772","0.0862150564789772","0.0862150564789772"
"231939","0.086769700050354","0.086769700050354","0.086769700050354"
"231970","0.1012101024389267","0.1012101024389267","0.1012101024389267"
"231974","0.085671067237854","0.085671067237854","0.085671067237854"
"231984","0.07427932322025299","0.07427932322025299","0.07427932322025299"
"231997","0.0773104727268219","0.0773104727268219","0.0773104727268219"
"232039","0.0923842340707779","0.0923842340707779","0.0923842340707779"
"232069","0.09075731039047241","0.09075731039047241","0.09075731039047241"
"232088","0.10277393460273743","0.10277393460273743","0.10277393460273743"
"232089","0.10857685655355453","0.10857685655355453","0.10857685655355453"
"232106","0.12072820216417313","0.12072820216417313","0.12072820216417313"
"232135","0.09333369135856628","0.09333369135856628","0.09333369135856628"
"232153","0.10047954320907593","0.10047954320907593","0.10047954320907593"
"232154","0.10735961049795151","0.10735961049795151","0.10735961049795151"
"232201","0.08211144804954529","0.08211144804954529","0.08211144804954529"
"232208","0.07879921793937683","0.07879921793937683","0.07879921793937683"
"232218","0.07537345588207245","0.07537345588207245","0.07537345588207245"
"232221","0.06613563001155853","0.06613563001155853","0.06613563001155853"
"232327","0.09126701951026917","0.09126701951026917","0.09126701951026917"
"232330","0.08177133649587631","0.08177133649587631","0.08177133649587631"
"232374","0.11029879003763199","0.11029879003763199","0.11029879003763199"
"232386","0.08007599413394928","0.08007599413394928","0.08007599413394928"
"232393","0.10016712546348572","0.10016712546348572","0.10016712546348572"
"232437","0.06310337781906128","0.06310337781906128","0.06310337781906128"
"232443","0.08377818018198013","0.08377818018198013","0.08377818018198013"
"232484","0.10418718308210373","0.10418718308210373","0.10418718308210373"
"232486","0.09914987534284592","0.09914987534284592","0.09914987534284592"
"232526","0.10581682622432709","0.10581682622432709","0.10581682622432709"
"232618","0.09101356565952301","0.09101356565952301","0.09101356565952301"
"232678","0.08983010053634644","0.08983010053634644","0.08983010053634644"
"232724","0.08978390693664551","0.08978390693664551","0.08978390693664551"
"232780","0.08709544688463211","0.08709544688463211","0.08709544688463211"
"232796","0.08921323716640472","0.08921323716640472","0.08921323716640472"
"232822","0.10120242834091187","0.10120242834091187","0.10120242834091187"
"232836","0.07702131569385529","0.07702131569385529","0.07702131569385529"
"232852","0.08170998096466064","0.08170998096466064","0.08170998096466064"
"232857","0.09662244468927383","0.09662244468927383","0.09662244468927383"
"232876","0.09901383519172668","0.09901383519172668","0.09901383519172668"
"232962","0.09056557714939117","0.09056557714939117","0.09056557714939117"
"232976","0.08787916600704193","0.08787916600704193","0.08787916600704193"
"232999","0.06776469945907593","0.06776469945907593","0.06776469945907593"
"233004","0.08185414969921112","0.08185414969921112","0.08185414969921112"
"233040","0.10253877937793732","0.10253877937793732","0.10253877937793732"
"233050","0.08151623606681824","0.08151623606681824","0.08151623606681824"
"233062","0.07300763577222824","0.07300763577222824","0.07300763577222824"
"233075","0.08903581649065018","0.08903581649065018","0.08903581649065018"
"233080","0.10245375335216522","0.10245375335216522","0.10245375335216522"
"233128","0.08396954834461212","0.08396954834461212","0.08396954834461212"
"233139","0.08276528120040894","0.08276528120040894","0.08276528120040894"
"233163","0.08192631602287292","0.08192631602287292","0.08192631602287292"
"233185","0.07966633886098862","0.07966633886098862","0.07966633886098862"
"233187","0.0764790028333664","0.0764790028333664","0.0764790028333664"
"233211","0.1048341616988182","0.1048341616988182","0.1048341616988182"
"233213","0.08389664441347122","0.08389664441347122","0.08389664441347122"
"233263","0.10456100851297379","0.10456100851297379","0.10456100851297379"
"233311","0.07566625624895096","0.07566625624895096","0.07566625624895096"
"233375","0.08131811767816544","0.08131811767816544","0.08131811767816544"
"233376","0.0873495489358902","0.0873495489358902","0.0873495489358902"
"233381","0.0779898464679718","0.0779898464679718","0.0779898464679718"
"233394","0.09119293093681335","0.09119293093681335","0.09119293093681335"
"233395","0.08320188522338867","0.08320188522338867","0.08320188522338867"
"233404","0.09069910645484924","0.09069910645484924","0.09069910645484924"
"233436","0.08425047993659973","0.08425047993659973","0.08425047993659973"
"233440","0.0833469033241272","0.0833469033241272","0.0833469033241272"
"233453","0.07722856104373932","0.07722856104373932","0.07722856104373932"
"233458","0.09309166669845581","0.09309166669845581","0.09309166669845581"
"233468","0.10059031844139099","0.10059031844139099","0.10059031844139099"
"233496","0.09345261752605438","0.09345261752605438","0.09345261752605438"
"233516","0.09431085735559464","0.09431085735559464","0.09431085735559464"
"233522","0.08576609194278717","0.08576609194278717","0.08576609194278717"
"233562","0.09479077160358429","0.09479077160358429","0.09479077160358429"
"233590","0.10391281545162201","0.10391281545162201","0.10391281545162201"
"233603","0.07544124126434326","0.07544124126434326","0.07544124126434326"
"233606","0.09093354642391205","0.09093354642391205","0.09093354642391205"
"233666","0.0967482253909111","0.0967482253909111","0.0967482253909111"
"233737","0.09090445935726166","0.09090445935726166","0.09090445935726166"
"233754","0.0835442990064621","0.0835442990064621","0.0835442990064621"
"233836","0.0769231766462326","0.0769231766462326","0.0769231766462326"
"233838","0.10502686351537704","0.10502686351537704","0.10502686351537704"
"233855","0.08325153589248657","0.08325153589248657","0.08325153589248657"
"233857","0.11365602910518646","0.11365602910518646","0.11365602910518646"
"233867","0.09723303467035294","0.09723303467035294","0.09723303467035294"
"233884","0.09082864224910736","0.09082864224910736","0.09082864224910736"
"233924","0.105796679854393","0.105796679854393","0.105796679854393"
"233929","0.09623056650161743","0.09623056650161743","0.09623056650161743"
"233933","0.08869271725416183","0.08869271725416183","0.08869271725416183"
"233978","0.08233681321144104","0.08233681321144104","0.08233681321144104"
"233994","0.09784230589866638","0.09784230589866638","0.09784230589866638"
"233998","0.10369053483009338","0.10369053483009338","0.10369053483009338"
"234019","0.09358227252960205","0.09358227252960205","0.09358227252960205"
"234038","0.09225302934646606","0.09225302934646606","0.09225302934646606"
"234078","0.09441925585269928","0.09441925585269928","0.09441925585269928"
"234151","0.07034564018249512","0.07034564018249512","0.07034564018249512"
"234203","0.08519917726516724","0.08519917726516724","0.08519917726516724"
"234228","0.09185029566287994","0.09185029566287994","0.09185029566287994"
"234289","0.07227367162704468","0.07227367162704468","0.07227367162704468"
"234311","0.09019684046506882","0.09019684046506882","0.09019684046506882"
"234360","0.08357841521501541","0.08357841521501541","0.08357841521501541"
"234378","0.08513005077838898","0.08513005077838898","0.08513005077838898"
"234409","0.09616588056087494","0.09616588056087494","0.09616588056087494"
"234434","0.10455922782421112","0.10455922782421112","0.10455922782421112"
"234440","0.08067073673009872","0.08067073673009872","0.08067073673009872"
"234450","0.10382251441478729","0.10382251441478729","0.10382251441478729"
"234455","0.09461183845996857","0.09461183845996857","0.09461183845996857"
"234466","0.09253869950771332","0.09253869950771332","0.09253869950771332"
"234477","0.07962408661842346","0.07962408661842346","0.07962408661842346"
"234495","0.09148859977722168","0.09148859977722168","0.09148859977722168"
"234544","0.10664023458957672","0.10664023458957672","0.10664023458957672"
"234556","0.08816054463386536","0.08816054463386536","0.08816054463386536"
"234572","0.07118930667638779","0.07118930667638779","0.07118930667638779"
"234609","0.10088454186916351","0.10088454186916351","0.10088454186916351"
"234613","0.09089155495166779","0.09089155495166779","0.09089155495166779"
"234656","0.08587249368429184","0.08587249368429184","0.08587249368429184"
"234686","0.08980496227741241","0.08980496227741241","0.08980496227741241"
"234689","0.1001371294260025","0.1001371294260025","0.1001371294260025"
"234692","0.07697880268096924","0.07697880268096924","0.07697880268096924"
"234699","0.08750130236148834","0.08750130236148834","0.08750130236148834"
"234701","0.09289632737636566","0.09289632737636566","0.09289632737636566"
"234733","0.08963170647621155","0.08963170647621155","0.08963170647621155"
"234753","0.10174722224473953","0.10174722224473953","0.10174722224473953"
"234824","0.0920257493853569","0.0920257493853569","0.0920257493853569"
"234842","0.09741541743278503","0.09741541743278503","0.09741541743278503"
"234845","0.08135543763637543","0.08135543763637543","0.08135543763637543"
"234853","0.08731572329998016","0.08731572329998016","0.08731572329998016"
"234872","0.09247583150863647","0.09247583150863647","0.09247583150863647"
"234880","0.09984850883483887","0.09984850883483887","0.09984850883483887"
"234900","0.08843844383955002","0.08843844383955002","0.08843844383955002"
"234901","0.07849578559398651","0.07849578559398651","0.07849578559398651"
"234934","0.09001011401414871","0.09001011401414871","0.09001011401414871"
"234939","0.08612990379333496","0.08612990379333496","0.08612990379333496"
"234964","0.09234191477298737","0.09234191477298737","0.09234191477298737"
"234990","0.08352487534284592","0.08352487534284592","0.08352487534284592"
"235043","0.07579632103443146","0.07579632103443146","0.07579632103443146"
"235052","0.09565795958042145","0.09565795958042145","0.09565795958042145"
"235111","0.07514432817697525","0.07514432817697525","0.07514432817697525"
"235121","0.07194873690605164","0.07194873690605164","0.07194873690605164"
"235124","0.081997349858284","0.081997349858284","0.081997349858284"
"235159","0.08260288834571838","0.08260288834571838","0.08260288834571838"
"235193","0.12280773371458054","0.12280773371458054","0.12280773371458054"
"235228","0.08342337608337402","0.08342337608337402","0.08342337608337402"
"235249","0.07739993929862976","0.07739993929862976","0.07739993929862976"
"235272","0.10185760259628296","0.10185760259628296","0.10185760259628296"
"235288","0.09798125922679901","0.09798125922679901","0.09798125922679901"
"235332","0.0921589583158493","0.0921589583158493","0.0921589583158493"
"235379","0.10209213197231293","0.10209213197231293","0.10209213197231293"
"235431","0.08856213092803955","0.08856213092803955","0.08856213092803955"
"235443","0.08922348916530609","0.08922348916530609","0.08922348916530609"
"235444","0.09122882783412933","0.09122882783412933","0.09122882783412933"
"235451","0.08164650946855545","0.08164650946855545","0.08164650946855545"
"235474","0.08516407012939453","0.08516407012939453","0.08516407012939453"
"235487","0.08237317949533463","0.08237317949533463","0.08237317949533463"
"235499","0.09043040126562119","0.09043040126562119","0.09043040126562119"
"235514","0.07769818603992462","0.07769818603992462","0.07769818603992462"
"235518","0.08388736099004745","0.08388736099004745","0.08388736099004745"
"235525","0.08162540942430496","0.08162540942430496","0.08162540942430496"
"235554","0.10176966339349747","0.10176966339349747","0.10176966339349747"
"235571","0.10827101767063141","0.10827101767063141","0.10827101767063141"
"235655","0.09711213409900665","0.09711213409900665","0.09711213409900665"
"235669","0.08006531000137329","0.08006531000137329","0.08006531000137329"
"235721","0.07279942184686661","0.07279942184686661","0.07279942184686661"
"235784","0.08293309062719345","0.08293309062719345","0.08293309062719345"
"235868","0.08893398940563202","0.08893398940563202","0.08893398940563202"
"235889","0.09261918812990189","0.09261918812990189","0.09261918812990189"
"235918","0.11186505109071732","0.11186505109071732","0.11186505109071732"
"235928","0.10703890025615692","0.10703890025615692","0.10703890025615692"
"235932","0.10392045974731445","0.10392045974731445","0.10392045974731445"
"235933","0.07865734398365021","0.07865734398365021","0.07865734398365021"
"235935","0.09666837751865387","0.09666837751865387","0.09666837751865387"
"235957","0.08165273070335388","0.08165273070335388","0.08165273070335388"
"235972","0.08851854503154755","0.08851854503154755","0.08851854503154755"
"235988","0.08559002727270126","0.08559002727270126","0.08559002727270126"
"236031","0.0897521823644638","0.0897521823644638","0.0897521823644638"
"236034","0.0992729514837265","0.0992729514837265","0.0992729514837265"
"236037","0.08434978127479553","0.08434978127479553","0.08434978127479553"
"236047","0.08498230576515198","0.08498230576515198","0.08498230576515198"
"236060","0.08896790444850922","0.08896790444850922","0.08896790444850922"
"236073","0.1005626693367958","0.1005626693367958","0.1005626693367958"
"236081","0.07371354103088379","0.07371354103088379","0.07371354103088379"
"236085","0.0743279904127121","0.0743279904127121","0.0743279904127121"
"236101","0.07535508275032043","0.07535508275032043","0.07535508275032043"
"236109","0.07548284530639648","0.07548284530639648","0.07548284530639648"
"236141","0.09687669575214386","0.09687669575214386","0.09687669575214386"
"236208","0.09018711745738983","0.09018711745738983","0.09018711745738983"
"236216","0.10141478478908539","0.10141478478908539","0.10141478478908539"
"236226","0.08855118602514267","0.08855118602514267","0.08855118602514267"
"236277","0.07242397964000702","0.07242397964000702","0.07242397964000702"
"236294","0.06790044903755188","0.06790044903755188","0.06790044903755188"
"236397","0.07671298086643219","0.07671298086643219","0.07671298086643219"
"236429","0.09690169990062714","0.09690169990062714","0.09690169990062714"
"236447","0.09610463678836823","0.09610463678836823","0.09610463678836823"
"236486","0.09171618521213531","0.09171618521213531","0.09171618521213531"
"236497","0.08883590996265411","0.08883590996265411","0.08883590996265411"
"236508","0.08443497121334076","0.08443497121334076","0.08443497121334076"
"236514","0.08340805768966675","0.08340805768966675","0.08340805768966675"
"236583","0.07211621105670929","0.07211621105670929","0.07211621105670929"
"236602","0.07873708009719849","0.07873708009719849","0.07873708009719849"
"236638","0.07883574068546295","0.07883574068546295","0.07883574068546295"
"236650","0.08587409555912018","0.08587409555912018","0.08587409555912018"
"236655","0.07396835088729858","0.07396835088729858","0.07396835088729858"
"236692","0.068597212433815","0.068597212433815","0.068597212433815"
"236712","0.07343946397304535","0.07343946397304535","0.07343946397304535"
"236726","0.08534355461597443","0.08534355461597443","0.08534355461597443"
"236737","0.07704603672027588","0.07704603672027588","0.07704603672027588"
"236754","0.11090480536222458","0.11090480536222458","0.11090480536222458"
"236775","0.09949754178524017","0.09949754178524017","0.09949754178524017"
"236779","0.07834545522928238","0.07834545522928238","0.07834545522928238"
"236799","0.09043055772781372","0.09043055772781372","0.09043055772781372"
"236844","0.08922235667705536","0.08922235667705536","0.08922235667705536"
"236873","0.07906138896942139","0.07906138896942139","0.07906138896942139"
"236888","0.0911414623260498","0.0911414623260498","0.0911414623260498"