"Step","dulcet-rain-4 - train/inv","dulcet-rain-4 - train/inv__MIN","dulcet-rain-4 - train/inv__MAX"
"59","0.08380775153636932","0.08380775153636932","0.08380775153636932"
"72","0.07105540484189987","0.07105540484189987","0.07105540484189987"
"118","0.0726504772901535","0.0726504772901535","0.0726504772901535"
"148","0.0861050933599472","0.0861050933599472","0.0861050933599472"
"150","0.09776997566223145","0.09776997566223145","0.09776997566223145"
"153","0.08058613538742065","0.08058613538742065","0.08058613538742065"
"154","0.08815379440784454","0.08815379440784454","0.08815379440784454"
"163","0.09904143214225769","0.09904143214225769","0.09904143214225769"
"184","0.07570143789052963","0.07570143789052963","0.07570143789052963"
"224","0.07453456521034241","0.07453456521034241","0.07453456521034241"
"258","0.08918529748916626","0.08918529748916626","0.08918529748916626"
"265","0.059953004121780396","0.059953004121780396","0.059953004121780396"
"277","0.07548433542251587","0.07548433542251587","0.07548433542251587"
"280","0.06195869669318199","0.06195869669318199","0.06195869669318199"
"301","0.0794539600610733","0.0794539600610733","0.0794539600610733"
"305","0.0778784304857254","0.0778784304857254","0.0778784304857254"
"318","0.058037884533405304","0.058037884533405304","0.058037884533405304"
"337","0.09808555245399475","0.09808555245399475","0.09808555245399475"
"353","0.0650833398103714","0.0650833398103714","0.0650833398103714"
"389","0.06475682556629181","0.06475682556629181","0.06475682556629181"
"425","0.06925712525844574","0.06925712525844574","0.06925712525844574"
"430","0.05342172086238861","0.05342172086238861","0.05342172086238861"
"477","0.06412916630506516","0.06412916630506516","0.06412916630506516"
"515","0.043140508234500885","0.043140508234500885","0.043140508234500885"
"534","0.04761422425508499","0.04761422425508499","0.04761422425508499"
"586","0.06551069766283035","0.06551069766283035","0.06551069766283035"
"614","0.07511605322360992","0.07511605322360992","0.07511605322360992"
"647","0.06831047683954239","0.06831047683954239","0.06831047683954239"
"653","0.06796291470527649","0.06796291470527649","0.06796291470527649"
"753","0.0638863742351532","0.0638863742351532","0.0638863742351532"
"764","0.06038593873381615","0.06038593873381615","0.06038593873381615"
"790","0.07681053876876831","0.07681053876876831","0.07681053876876831"
"808","0.06392089277505875","0.06392089277505875","0.06392089277505875"
"924","0.07551760971546173","0.07551760971546173","0.07551760971546173"
"950","0.07541457563638687","0.07541457563638687","0.07541457563638687"
"964","0.07421234995126724","0.07421234995126724","0.07421234995126724"
"967","0.06088169664144516","0.06088169664144516","0.06088169664144516"
"993","0.055487342178821564","0.055487342178821564","0.055487342178821564"
"999","0.07891328632831573","0.07891328632831573","0.07891328632831573"
"1000","0.06476417928934097","0.06476417928934097","0.06476417928934097"
"1023","0.06495298445224762","0.06495298445224762","0.06495298445224762"
"1052","0.09588368982076645","0.09588368982076645","0.09588368982076645"
"1069","0.07175391167402267","0.07175391167402267","0.07175391167402267"
"1077","0.07370408624410629","0.07370408624410629","0.07370408624410629"
"1115","0.050752799957990646","0.050752799957990646","0.050752799957990646"
"1131","0.07222388684749603","0.07222388684749603","0.07222388684749603"
"1133","0.04658897593617439","0.04658897593617439","0.04658897593617439"
"1139","0.0574805811047554","0.0574805811047554","0.0574805811047554"
"1167","0.057312965393066406","0.057312965393066406","0.057312965393066406"
"1170","0.08520331978797913","0.08520331978797913","0.08520331978797913"
"1186","0.10345014929771423","0.10345014929771423","0.10345014929771423"
"1220","0.08018701523542404","0.08018701523542404","0.08018701523542404"
"1236","0.07002443075180054","0.07002443075180054","0.07002443075180054"
"1242","0.05829821527004242","0.05829821527004242","0.05829821527004242"
"1256","0.06866131722927094","0.06866131722927094","0.06866131722927094"
"1272","0.06549463421106339","0.06549463421106339","0.06549463421106339"
"1275","0.06834794580936432","0.06834794580936432","0.06834794580936432"
"1355","0.04857896268367767","0.04857896268367767","0.04857896268367767"
"1370","0.060189954936504364","0.060189954936504364","0.060189954936504364"
"1432","0.0679640918970108","0.0679640918970108","0.0679640918970108"
"1450","0.09188024699687958","0.09188024699687958","0.09188024699687958"
"1451","0.09403891861438751","0.09403891861438751","0.09403891861438751"
"1452","0.07372652739286423","0.07372652739286423","0.07372652739286423"
"1474","0.07150806486606598","0.07150806486606598","0.07150806486606598"
"1506","0.078764408826828","0.078764408826828","0.078764408826828"
"1512","0.05610731244087219","0.05610731244087219","0.05610731244087219"
"1536","0.06254061311483383","0.06254061311483383","0.06254061311483383"
"1581","0.041266296058893204","0.041266296058893204","0.041266296058893204"
"1603","0.06800612062215805","0.06800612062215805","0.06800612062215805"
"1691","0.05320531874895096","0.05320531874895096","0.05320531874895096"
"1707","0.06784134358167648","0.06784134358167648","0.06784134358167648"
"1723","0.07721168547868729","0.07721168547868729","0.07721168547868729"
"1746","0.05653741955757141","0.05653741955757141","0.05653741955757141"
"1765","0.05185582861304283","0.05185582861304283","0.05185582861304283"
"1779","0.061561305075883865","0.061561305075883865","0.061561305075883865"
"1788","0.0560324490070343","0.0560324490070343","0.0560324490070343"
"1798","0.06136935204267502","0.06136935204267502","0.06136935204267502"
"1820","0.03834093362092972","0.03834093362092972","0.03834093362092972"
"1827","0.06545281410217285","0.06545281410217285","0.06545281410217285"
"1836","0.05766492709517479","0.05766492709517479","0.05766492709517479"
"1838","0.0681099072098732","0.0681099072098732","0.0681099072098732"
"1839","0.0789579227566719","0.0789579227566719","0.0789579227566719"
"1903","0.046096011996269226","0.046096011996269226","0.046096011996269226"
"1939","0.031525153666734695","0.031525153666734695","0.031525153666734695"
"1950","0.06483879685401917","0.06483879685401917","0.06483879685401917"
"1962","0.08630561828613281","0.08630561828613281","0.08630561828613281"
"1991","0.04087458550930023","0.04087458550930023","0.04087458550930023"
"1997","0.07494737952947617","0.07494737952947617","0.07494737952947617"
"2020","0.043970540165901184","0.043970540165901184","0.043970540165901184"
"2034","0.06650018692016602","0.06650018692016602","0.06650018692016602"
"2040","0.05772591382265091","0.05772591382265091","0.05772591382265091"
"2055","0.07685350626707077","0.07685350626707077","0.07685350626707077"
"2075","0.058144211769104004","0.058144211769104004","0.058144211769104004"
"2112","0.03570485860109329","0.03570485860109329","0.03570485860109329"
"2159","0.07363426685333252","0.07363426685333252","0.07363426685333252"
"2171","0.04953305423259735","0.04953305423259735","0.04953305423259735"
"2178","0.07808000594377518","0.07808000594377518","0.07808000594377518"
"2191","0.06430311501026154","0.06430311501026154","0.06430311501026154"
"2194","0.04895130544900894","0.04895130544900894","0.04895130544900894"
"2196","0.04834650084376335","0.04834650084376335","0.04834650084376335"
"2208","0.06682141125202179","0.06682141125202179","0.06682141125202179"
"2270","0.05437525734305382","0.05437525734305382","0.05437525734305382"
"2290","0.08751732110977173","0.08751732110977173","0.08751732110977173"
"2302","0.06939736008644104","0.06939736008644104","0.06939736008644104"
"2309","0.05493749678134918","0.05493749678134918","0.05493749678134918"
"2335","0.05671802908182144","0.05671802908182144","0.05671802908182144"
"2359","0.07728197425603867","0.07728197425603867","0.07728197425603867"
"2386","0.051188357174396515","0.051188357174396515","0.051188357174396515"
"2427","0.06276513636112213","0.06276513636112213","0.06276513636112213"
"2430","0.07767683267593384","0.07767683267593384","0.07767683267593384"
"2436","0.038403719663619995","0.038403719663619995","0.038403719663619995"
"2467","0.06569159030914307","0.06569159030914307","0.06569159030914307"
"2541","0.0572105310857296","0.0572105310857296","0.0572105310857296"
"2550","0.07414382696151733","0.07414382696151733","0.07414382696151733"
"2557","0.07199396193027496","0.07199396193027496","0.07199396193027496"
"2571","0.06088942661881447","0.06088942661881447","0.06088942661881447"
"2598","0.05523361265659332","0.05523361265659332","0.05523361265659332"
"2632","0.042041171342134476","0.042041171342134476","0.042041171342134476"
"2671","0.05053415894508362","0.05053415894508362","0.05053415894508362"
"2681","0.053845249116420746","0.053845249116420746","0.053845249116420746"
"2716","0.05304776877164841","0.05304776877164841","0.05304776877164841"
"2741","0.05574214830994606","0.05574214830994606","0.05574214830994606"
"2761","0.05322785675525665","0.05322785675525665","0.05322785675525665"
"2824","0.06487476080656052","0.06487476080656052","0.06487476080656052"
"2830","0.029457738623023033","0.029457738623023033","0.029457738623023033"
"2842","0.04645823687314987","0.04645823687314987","0.04645823687314987"
"2883","0.04775645583868027","0.04775645583868027","0.04775645583868027"
"2920","0.08138175308704376","0.08138175308704376","0.08138175308704376"
"2968","0.05985826998949051","0.05985826998949051","0.05985826998949051"
"2985","0.06485363841056824","0.06485363841056824","0.06485363841056824"
"3013","0.03491702675819397","0.03491702675819397","0.03491702675819397"
"3039","0.06167390197515488","0.06167390197515488","0.06167390197515488"
"3078","0.07123655080795288","0.07123655080795288","0.07123655080795288"
"3083","0.06176085025072098","0.06176085025072098","0.06176085025072098"
"3101","0.04531286656856537","0.04531286656856537","0.04531286656856537"
"3106","0.04661581665277481","0.04661581665277481","0.04661581665277481"
"3127","0.0714992806315422","0.0714992806315422","0.0714992806315422"
"3134","0.06957226991653442","0.06957226991653442","0.06957226991653442"
"3173","0.04791603609919548","0.04791603609919548","0.04791603609919548"
"3177","0.0641838014125824","0.0641838014125824","0.0641838014125824"
"3225","0.08150629699230194","0.08150629699230194","0.08150629699230194"
"3284","0.07651534676551819","0.07651534676551819","0.07651534676551819"
"3285","0.04894157126545906","0.04894157126545906","0.04894157126545906"
"3317","0.06786084175109863","0.06786084175109863","0.06786084175109863"
"3327","0.095909982919693","0.095909982919693","0.095909982919693"
"3346","0.06823045760393143","0.06823045760393143","0.06823045760393143"
"3352","0.05012166500091553","0.05012166500091553","0.05012166500091553"
"3367","0.03778305649757385","0.03778305649757385","0.03778305649757385"
"3383","0.04649192839860916","0.04649192839860916","0.04649192839860916"
"3428","0.08879455924034119","0.08879455924034119","0.08879455924034119"
"3455","0.045854631811380386","0.045854631811380386","0.045854631811380386"
"3505","0.053021445870399475","0.053021445870399475","0.053021445870399475"
"3517","0.05600441247224808","0.05600441247224808","0.05600441247224808"
"3539","0.07181540131568909","0.07181540131568909","0.07181540131568909"
"3575","0.07554730772972107","0.07554730772972107","0.07554730772972107"
"3607","0.07037967443466187","0.07037967443466187","0.07037967443466187"
"3614","0.048590801656246185","0.048590801656246185","0.048590801656246185"
"3620","0.04851565137505531","0.04851565137505531","0.04851565137505531"
"3622","0.0622497983276844","0.0622497983276844","0.0622497983276844"
"3668","0.054836779832839966","0.054836779832839966","0.054836779832839966"
"3685","0.05210128799080849","0.05210128799080849","0.05210128799080849"
"3752","0.09037432074546814","0.09037432074546814","0.09037432074546814"
"3761","0.08817987889051437","0.08817987889051437","0.08817987889051437"
"3770","0.05037683993577957","0.05037683993577957","0.05037683993577957"
"3806","0.05488573759794235","0.05488573759794235","0.05488573759794235"
"3815","0.06588143110275269","0.06588143110275269","0.06588143110275269"
"3830","0.0759815201163292","0.0759815201163292","0.0759815201163292"
"3849","0.04513859748840332","0.04513859748840332","0.04513859748840332"
"3870","0.0538693331182003","0.0538693331182003","0.0538693331182003"
"3884","0.06945689767599106","0.06945689767599106","0.06945689767599106"
"3891","0.0984545648097992","0.0984545648097992","0.0984545648097992"
"3900","0.04721333086490631","0.04721333086490631","0.04721333086490631"
"3905","0.05668770521879196","0.05668770521879196","0.05668770521879196"
"3934","0.06147083267569542","0.06147083267569542","0.06147083267569542"
"4006","0.10150565207004547","0.10150565207004547","0.10150565207004547"
"4022","0.05105075240135193","0.05105075240135193","0.05105075240135193"
"4025","0.04739733785390854","0.04739733785390854","0.04739733785390854"
"4029","0.0767887681722641","0.0767887681722641","0.0767887681722641"
"4045","0.03425873816013336","0.03425873816013336","0.03425873816013336"
"4067","0.045499712228775024","0.045499712228775024","0.045499712228775024"
"4114","0.06484872102737427","0.06484872102737427","0.06484872102737427"
"4145","0.0655582994222641","0.0655582994222641","0.0655582994222641"
"4162","0.07973582297563553","0.07973582297563553","0.07973582297563553"
"4176","0.06018470227718353","0.06018470227718353","0.06018470227718353"
"4177","0.05657810717821121","0.05657810717821121","0.05657810717821121"
"4189","0.07012812793254852","0.07012812793254852","0.07012812793254852"
"4227","0.053569573909044266","0.053569573909044266","0.053569573909044266"
"4295","0.045202258974313736","0.045202258974313736","0.045202258974313736"
"4335","0.04789881408214569","0.04789881408214569","0.04789881408214569"
"4351","0.05549542233347893","0.05549542233347893","0.05549542233347893"
"4383","0.07904037833213806","0.07904037833213806","0.07904037833213806"
"4416","0.056995779275894165","0.056995779275894165","0.056995779275894165"
"4434","0.07703515887260437","0.07703515887260437","0.07703515887260437"
"4438","0.06499305367469788","0.06499305367469788","0.06499305367469788"
"4440","0.0719999149441719","0.0719999149441719","0.0719999149441719"
"4468","0.06203972548246384","0.06203972548246384","0.06203972548246384"
"4496","0.056914884597063065","0.056914884597063065","0.056914884597063065"
"4502","0.04519481211900711","0.04519481211900711","0.04519481211900711"
"4504","0.07880183309316635","0.07880183309316635","0.07880183309316635"
"4520","0.05122412368655205","0.05122412368655205","0.05122412368655205"
"4542","0.044856008142232895","0.044856008142232895","0.044856008142232895"
"4594","0.06304579228162766","0.06304579228162766","0.06304579228162766"
"4624","0.03974108397960663","0.03974108397960663","0.03974108397960663"
"4646","0.057163480669260025","0.057163480669260025","0.057163480669260025"
"4663","0.07127666473388672","0.07127666473388672","0.07127666473388672"
"4666","0.05112716555595398","0.05112716555595398","0.05112716555595398"
"4681","0.0438469722867012","0.0438469722867012","0.0438469722867012"
"4687","0.054425403475761414","0.054425403475761414","0.054425403475761414"
"4751","0.05946503207087517","0.05946503207087517","0.05946503207087517"
"4906","0.04107879847288132","0.04107879847288132","0.04107879847288132"
"4951","0.06422808766365051","0.06422808766365051","0.06422808766365051"
"5020","0.05576144903898239","0.05576144903898239","0.05576144903898239"
"5052","0.04851687699556351","0.04851687699556351","0.04851687699556351"
"5055","0.051164377480745316","0.051164377480745316","0.051164377480745316"
"5058","0.061814434826374054","0.061814434826374054","0.061814434826374054"
"5093","0.05126959830522537","0.05126959830522537","0.05126959830522537"
"5157","0.05261695384979248","0.05261695384979248","0.05261695384979248"
"5181","0.07610860466957092","0.07610860466957092","0.07610860466957092"
"5185","0.06091732159256935","0.06091732159256935","0.06091732159256935"
"5235","0.059013497084379196","0.059013497084379196","0.059013497084379196"
"5265","0.06098785623908043","0.06098785623908043","0.06098785623908043"
"5283","0.050425123423337936","0.050425123423337936","0.050425123423337936"
"5311","0.057314977049827576","0.057314977049827576","0.057314977049827576"
"5331","0.06796088069677353","0.06796088069677353","0.06796088069677353"
"5345","0.06980271637439728","0.06980271637439728","0.06980271637439728"
"5354","0.058662299066782","0.058662299066782","0.058662299066782"
"5364","0.06508730351924896","0.06508730351924896","0.06508730351924896"
"5366","0.05480100214481354","0.05480100214481354","0.05480100214481354"
"5378","0.07266227900981903","0.07266227900981903","0.07266227900981903"
"5387","0.04876407980918884","0.04876407980918884","0.04876407980918884"
"5406","0.06451673060655594","0.06451673060655594","0.06451673060655594"
"5408","0.05908247455954552","0.05908247455954552","0.05908247455954552"
"5414","0.03562220185995102","0.03562220185995102","0.03562220185995102"
"5437","0.07056877762079239","0.07056877762079239","0.07056877762079239"
"5456","0.05568091571331024","0.05568091571331024","0.05568091571331024"
"5491","0.040504761040210724","0.040504761040210724","0.040504761040210724"
"5501","0.05766985937952995","0.05766985937952995","0.05766985937952995"
"5562","0.03931581974029541","0.03931581974029541","0.03931581974029541"
"5588","0.04471655935049057","0.04471655935049057","0.04471655935049057"
"5599","0.046633437275886536","0.046633437275886536","0.046633437275886536"
"5611","0.06204459071159363","0.06204459071159363","0.06204459071159363"
"5614","0.06602008640766144","0.06602008640766144","0.06602008640766144"
"5622","0.06606080383062363","0.06606080383062363","0.06606080383062363"
"5680","0.059526994824409485","0.059526994824409485","0.059526994824409485"
"5733","0.06675882637500763","0.06675882637500763","0.06675882637500763"
"5760","0.05230878293514252","0.05230878293514252","0.05230878293514252"
"5788","0.058989014476537704","0.058989014476537704","0.058989014476537704"
"5792","0.048278212547302246","0.048278212547302246","0.048278212547302246"
"5843","0.05906548723578453","0.05906548723578453","0.05906548723578453"
"5866","0.043854404240846634","0.043854404240846634","0.043854404240846634"
"5924","0.052017927169799805","0.052017927169799805","0.052017927169799805"
"5957","0.0641976147890091","0.0641976147890091","0.0641976147890091"
"5967","0.04094505310058594","0.04094505310058594","0.04094505310058594"
"5976","0.07783854752779007","0.07783854752779007","0.07783854752779007"
"5992","0.06619992107152939","0.06619992107152939","0.06619992107152939"
"6027","0.04879332333803177","0.04879332333803177","0.04879332333803177"
"6043","0.04615691304206848","0.04615691304206848","0.04615691304206848"
"6046","0.09385523945093155","0.09385523945093155","0.09385523945093155"
"6107","0.06323004513978958","0.06323004513978958","0.06323004513978958"
"6109","0.0529913604259491","0.0529913604259491","0.0529913604259491"
"6145","0.057021211832761765","0.057021211832761765","0.057021211832761765"
"6217","0.07115201652050018","0.07115201652050018","0.07115201652050018"
"6242","0.04774751514196396","0.04774751514196396","0.04774751514196396"
"6253","0.07917297631502151","0.07917297631502151","0.07917297631502151"
"6264","0.07547621428966522","0.07547621428966522","0.07547621428966522"
"6318","0.04677826166152954","0.04677826166152954","0.04677826166152954"
"6333","0.06049676239490509","0.06049676239490509","0.06049676239490509"
"6339","0.07077937573194504","0.07077937573194504","0.07077937573194504"
"6343","0.06188524141907692","0.06188524141907692","0.06188524141907692"
"6355","0.05331893265247345","0.05331893265247345","0.05331893265247345"
"6378","0.06872640550136566","0.06872640550136566","0.06872640550136566"
"6391","0.05135531723499298","0.05135531723499298","0.05135531723499298"
"6461","0.05719071254134178","0.05719071254134178","0.05719071254134178"
"6463","0.06835764646530151","0.06835764646530151","0.06835764646530151"
"6468","0.05665378272533417","0.05665378272533417","0.05665378272533417"
"6476","0.0572076290845871","0.0572076290845871","0.0572076290845871"
"6505","0.052845846861600876","0.052845846861600876","0.052845846861600876"
"6517","0.06531380861997604","0.06531380861997604","0.06531380861997604"
"6556","0.07712012529373169","0.07712012529373169","0.07712012529373169"
"6574","0.04899609088897705","0.04899609088897705","0.04899609088897705"
"6587","0.08370259404182434","0.08370259404182434","0.08370259404182434"
"6625","0.06479370594024658","0.06479370594024658","0.06479370594024658"
"6649","0.05868455395102501","0.05868455395102501","0.05868455395102501"
"6666","0.06881743669509888","0.06881743669509888","0.06881743669509888"
"6681","0.06343665719032288","0.06343665719032288","0.06343665719032288"
"6695","0.054680272936820984","0.054680272936820984","0.054680272936820984"
"6698","0.07275248318910599","0.07275248318910599","0.07275248318910599"
"6713","0.07000986486673355","0.07000986486673355","0.07000986486673355"
"6714","0.06393694877624512","0.06393694877624512","0.06393694877624512"
"6717","0.055062949657440186","0.055062949657440186","0.055062949657440186"
"6764","0.05251314491033554","0.05251314491033554","0.05251314491033554"
"6771","0.043060243129730225","0.043060243129730225","0.043060243129730225"
"6781","0.0492558553814888","0.0492558553814888","0.0492558553814888"
"6785","0.07062117755413055","0.07062117755413055","0.07062117755413055"
"6804","0.07043587416410446","0.07043587416410446","0.07043587416410446"
"6849","0.07190632820129395","0.07190632820129395","0.07190632820129395"
"6851","0.04810880869626999","0.04810880869626999","0.04810880869626999"
"6909","0.049957744777202606","0.049957744777202606","0.049957744777202606"
"6967","0.05200286954641342","0.05200286954641342","0.05200286954641342"
"6978","0.06106176972389221","0.06106176972389221","0.06106176972389221"
"6996","0.035679519176483154","0.035679519176483154","0.035679519176483154"
"7027","0.0608053058385849","0.0608053058385849","0.0608053058385849"
"7079","0.0951811745762825","0.0951811745762825","0.0951811745762825"
"7084","0.040863651782274246","0.040863651782274246","0.040863651782274246"
"7087","0.07840579748153687","0.07840579748153687","0.07840579748153687"
"7100","0.06969079375267029","0.06969079375267029","0.06969079375267029"
"7136","0.057604432106018066","0.057604432106018066","0.057604432106018066"
"7224","0.08315067738294601","0.08315067738294601","0.08315067738294601"
"7236","0.03794277459383011","0.03794277459383011","0.03794277459383011"
"7262","0.05794171243906021","0.05794171243906021","0.05794171243906021"
"7263","0.05348176881670952","0.05348176881670952","0.05348176881670952"
"7272","0.04237581044435501","0.04237581044435501","0.04237581044435501"
"7299","0.04755847901105881","0.04755847901105881","0.04755847901105881"
"7323","0.051349833607673645","0.051349833607673645","0.051349833607673645"
"7325","0.07086819410324097","0.07086819410324097","0.07086819410324097"
"7373","0.05526149645447731","0.05526149645447731","0.05526149645447731"
"7381","0.05519070848822594","0.05519070848822594","0.05519070848822594"
"7397","0.07069449871778488","0.07069449871778488","0.07069449871778488"
"7415","0.05304623395204544","0.05304623395204544","0.05304623395204544"
"7456","0.06079254671931267","0.06079254671931267","0.06079254671931267"
"7466","0.06864289939403534","0.06864289939403534","0.06864289939403534"
"7497","0.06770189851522446","0.06770189851522446","0.06770189851522446"
"7523","0.07738262414932251","0.07738262414932251","0.07738262414932251"
"7591","0.05475306883454323","0.05475306883454323","0.05475306883454323"
"7625","0.054651252925395966","0.054651252925395966","0.054651252925395966"
"7639","0.04606042802333832","0.04606042802333832","0.04606042802333832"
"7646","0.06685562431812286","0.06685562431812286","0.06685562431812286"
"7681","0.03754706308245659","0.03754706308245659","0.03754706308245659"
"7686","0.0608518049120903","0.0608518049120903","0.0608518049120903"
"7692","0.07050936669111252","0.07050936669111252","0.07050936669111252"
"7696","0.06174328923225403","0.06174328923225403","0.06174328923225403"
"7734","0.0645332932472229","0.0645332932472229","0.0645332932472229"
"7736","0.08291030675172806","0.08291030675172806","0.08291030675172806"
"7743","0.048058781772851944","0.048058781772851944","0.048058781772851944"
"7802","0.08437222242355347","0.08437222242355347","0.08437222242355347"
"7820","0.052813563495874405","0.052813563495874405","0.052813563495874405"
"7869","0.08870241045951843","0.08870241045951843","0.08870241045951843"
"7897","0.0598185732960701","0.0598185732960701","0.0598185732960701"
"7927","0.0871581882238388","0.0871581882238388","0.0871581882238388"
"7934","0.050400279462337494","0.050400279462337494","0.050400279462337494"
"7943","0.07128365337848663","0.07128365337848663","0.07128365337848663"
"7994","0.05838942155241966","0.05838942155241966","0.05838942155241966"
"8019","0.057033538818359375","0.057033538818359375","0.057033538818359375"
"8021","0.06230995059013367","0.06230995059013367","0.06230995059013367"
"8045","0.050591856241226196","0.050591856241226196","0.050591856241226196"
"8077","0.07555478066205978","0.07555478066205978","0.07555478066205978"
"8117","0.060200728476047516","0.060200728476047516","0.060200728476047516"
"8178","0.08533184230327606","0.08533184230327606","0.08533184230327606"
"8193","0.07438521087169647","0.07438521087169647","0.07438521087169647"
"8236","0.08846002072095871","0.08846002072095871","0.08846002072095871"
"8258","0.07409332692623138","0.07409332692623138","0.07409332692623138"
"8262","0.0512518435716629","0.0512518435716629","0.0512518435716629"
"8267","0.055233556777238846","0.055233556777238846","0.055233556777238846"
"8288","0.05349032208323479","0.05349032208323479","0.05349032208323479"
"8310","0.07142063230276108","0.07142063230276108","0.07142063230276108"
"8312","0.07243925333023071","0.07243925333023071","0.07243925333023071"
"8315","0.06442616879940033","0.06442616879940033","0.06442616879940033"
"8335","0.043409042060375214","0.043409042060375214","0.043409042060375214"
"8346","0.06461645662784576","0.06461645662784576","0.06461645662784576"
"8358","0.06600850075483322","0.06600850075483322","0.06600850075483322"
"8359","0.06349898129701614","0.06349898129701614","0.06349898129701614"
"8362","0.06391218304634094","0.06391218304634094","0.06391218304634094"
"8364","0.07754215598106384","0.07754215598106384","0.07754215598106384"
"8400","0.09339381754398346","0.09339381754398346","0.09339381754398346"
"8441","0.046133801341056824","0.046133801341056824","0.046133801341056824"
"8453","0.059930168092250824","0.059930168092250824","0.059930168092250824"
"8495","0.07899010181427002","0.07899010181427002","0.07899010181427002"
"8502","0.05600299313664436","0.05600299313664436","0.05600299313664436"
"8572","0.053702302277088165","0.053702302277088165","0.053702302277088165"
"8598","0.07104826718568802","0.07104826718568802","0.07104826718568802"
"8650","0.05948832258582115","0.05948832258582115","0.05948832258582115"
"8690","0.057620249688625336","0.057620249688625336","0.057620249688625336"
"8854","0.05280990153551102","0.05280990153551102","0.05280990153551102"
"8863","0.05360313504934311","0.05360313504934311","0.05360313504934311"
"8891","0.06782279163599014","0.06782279163599014","0.06782279163599014"
"8936","0.062256138771772385","0.062256138771772385","0.062256138771772385"
"8983","0.06675426661968231","0.06675426661968231","0.06675426661968231"
"9012","0.05718917399644852","0.05718917399644852","0.05718917399644852"
"9013","0.039951980113983154","0.039951980113983154","0.039951980113983154"
"9061","0.050572361797094345","0.050572361797094345","0.050572361797094345"
"9098","0.07278522104024887","0.07278522104024887","0.07278522104024887"
"9115","0.05651102960109711","0.05651102960109711","0.05651102960109711"
"9171","0.07782238721847534","0.07782238721847534","0.07782238721847534"
"9197","0.04662945494055748","0.04662945494055748","0.04662945494055748"
"9198","0.06017870083451271","0.06017870083451271","0.06017870083451271"
"9228","0.07428404688835144","0.07428404688835144","0.07428404688835144"
"9241","0.07488113641738892","0.07488113641738892","0.07488113641738892"
"9274","0.06577011197805405","0.06577011197805405","0.06577011197805405"
"9334","0.058187127113342285","0.058187127113342285","0.058187127113342285"
"9363","0.06392565369606018","0.06392565369606018","0.06392565369606018"
"9368","0.05128428339958191","0.05128428339958191","0.05128428339958191"
"9377","0.07102914154529572","0.07102914154529572","0.07102914154529572"
"9379","0.06484930217266083","0.06484930217266083","0.06484930217266083"
"9406","0.05102574825286865","0.05102574825286865","0.05102574825286865"
"9425","0.05287465825676918","0.05287465825676918","0.05287465825676918"
"9458","0.06632673740386963","0.06632673740386963","0.06632673740386963"
"9469","0.06661078333854675","0.06661078333854675","0.06661078333854675"
"9479","0.06666027009487152","0.06666027009487152","0.06666027009487152"
"9502","0.05230384320020676","0.05230384320020676","0.05230384320020676"
"9534","0.09255457669496536","0.09255457669496536","0.09255457669496536"
"9564","0.05410320311784744","0.05410320311784744","0.05410320311784744"
"9621","0.07317239046096802","0.07317239046096802","0.07317239046096802"
"9637","0.0571497306227684","0.0571497306227684","0.0571497306227684"
"9644","0.06528553366661072","0.06528553366661072","0.06528553366661072"
"9648","0.06981896609067917","0.06981896609067917","0.06981896609067917"
"9665","0.04386178404092789","0.04386178404092789","0.04386178404092789"
"9667","0.03824985772371292","0.03824985772371292","0.03824985772371292"
"9700","0.05291557312011719","0.05291557312011719","0.05291557312011719"
"9713","0.06420056521892548","0.06420056521892548","0.06420056521892548"
"9784","0.04674704745411873","0.04674704745411873","0.04674704745411873"
"9787","0.06015653908252716","0.06015653908252716","0.06015653908252716"
"9822","0.06966938078403473","0.06966938078403473","0.06966938078403473"
"9869","0.05476757511496544","0.05476757511496544","0.05476757511496544"
"9885","0.06102677434682846","0.06102677434682846","0.06102677434682846"
"9916","0.06605513393878937","0.06605513393878937","0.06605513393878937"
"9942","0.06002833694219589","0.06002833694219589","0.06002833694219589"
"9966","0.059665486216545105","0.059665486216545105","0.059665486216545105"
"10026","0.0474136546254158","0.0474136546254158","0.0474136546254158"
"10062","0.0673394501209259","0.0673394501209259","0.0673394501209259"
"10109","0.08198109269142151","0.08198109269142151","0.08198109269142151"
"10131","0.057284969836473465","0.057284969836473465","0.057284969836473465"
"10138","0.05573984235525131","0.05573984235525131","0.05573984235525131"
"10139","0.05414986610412598","0.05414986610412598","0.05414986610412598"
"10140","0.06495676189661026","0.06495676189661026","0.06495676189661026"
"10186","0.09210807085037231","0.09210807085037231","0.09210807085037231"
"10193","0.049748506397008896","0.049748506397008896","0.049748506397008896"
"10197","0.06297756731510162","0.06297756731510162","0.06297756731510162"
"10200","0.06659948080778122","0.06659948080778122","0.06659948080778122"
"10218","0.06655335426330566","0.06655335426330566","0.06655335426330566"
"10243","0.05812671780586243","0.05812671780586243","0.05812671780586243"
"10262","0.0510079488158226","0.0510079488158226","0.0510079488158226"
"10271","0.05092921108007431","0.05092921108007431","0.05092921108007431"
"10282","0.05044221132993698","0.05044221132993698","0.05044221132993698"
"10302","0.05498044192790985","0.05498044192790985","0.05498044192790985"
"10324","0.06307376176118851","0.06307376176118851","0.06307376176118851"
"10329","0.06071676313877106","0.06071676313877106","0.06071676313877106"
"10388","0.07395987212657928","0.07395987212657928","0.07395987212657928"
"10415","0.0757221058011055","0.0757221058011055","0.0757221058011055"
"10488","0.06442642956972122","0.06442642956972122","0.06442642956972122"
"10504","0.049315474927425385","0.049315474927425385","0.049315474927425385"
"10559","0.07052893936634064","0.07052893936634064","0.07052893936634064"
"10599","0.04488762468099594","0.04488762468099594","0.04488762468099594"
"10641","0.04221996292471886","0.04221996292471886","0.04221996292471886"
"10663","0.08656686544418335","0.08656686544418335","0.08656686544418335"
"10698","0.0654810294508934","0.0654810294508934","0.0654810294508934"
"10733","0.05384032055735588","0.05384032055735588","0.05384032055735588"
"10766","0.03767920657992363","0.03767920657992363","0.03767920657992363"
"10809","0.04129184037446976","0.04129184037446976","0.04129184037446976"
"10815","0.07146348804235458","0.07146348804235458","0.07146348804235458"
"10821","0.05018000677227974","0.05018000677227974","0.05018000677227974"
"10843","0.05381286144256592","0.05381286144256592","0.05381286144256592"
"10932","0.07698927819728851","0.07698927819728851","0.07698927819728851"
"10968","0.05556607246398926","0.05556607246398926","0.05556607246398926"
"10986","0.04383356496691704","0.04383356496691704","0.04383356496691704"
"11016","0.049123648554086685","0.049123648554086685","0.049123648554086685"
"11020","0.04737570509314537","0.04737570509314537","0.04737570509314537"
"11021","0.06388266384601593","0.06388266384601593","0.06388266384601593"
"11103","0.04822452366352081","0.04822452366352081","0.04822452366352081"
"11111","0.0508963018655777","0.0508963018655777","0.0508963018655777"
"11160","0.053824469447135925","0.053824469447135925","0.053824469447135925"
"11170","0.08610104024410248","0.08610104024410248","0.08610104024410248"
"11197","0.06295941025018692","0.06295941025018692","0.06295941025018692"
"11198","0.06403525173664093","0.06403525173664093","0.06403525173664093"
"11219","0.06422194838523865","0.06422194838523865","0.06422194838523865"
"11269","0.07874063402414322","0.07874063402414322","0.07874063402414322"
"11272","0.06374625861644745","0.06374625861644745","0.06374625861644745"
"11296","0.06484739482402802","0.06484739482402802","0.06484739482402802"
"11315","0.06621204316616058","0.06621204316616058","0.06621204316616058"
"11338","0.06338857859373093","0.06338857859373093","0.06338857859373093"
"11343","0.05553107336163521","0.05553107336163521","0.05553107336163521"
"11347","0.06106400117278099","0.06106400117278099","0.06106400117278099"
"11353","0.06499387323856354","0.06499387323856354","0.06499387323856354"
"11392","0.06753482669591904","0.06753482669591904","0.06753482669591904"
"11411","0.07035808265209198","0.07035808265209198","0.07035808265209198"
"11503","0.05705639719963074","0.05705639719963074","0.05705639719963074"
"11557","0.034211404621601105","0.034211404621601105","0.034211404621601105"
"11568","0.06689399480819702","0.06689399480819702","0.06689399480819702"
"11570","0.06166934221982956","0.06166934221982956","0.06166934221982956"
"11590","0.046428970992565155","0.046428970992565155","0.046428970992565155"
"11603","0.07913313806056976","0.07913313806056976","0.07913313806056976"
"11629","0.047493644058704376","0.047493644058704376","0.047493644058704376"
"11633","0.06264221668243408","0.06264221668243408","0.06264221668243408"
"11646","0.06258884072303772","0.06258884072303772","0.06258884072303772"
"11668","0.04424148052930832","0.04424148052930832","0.04424148052930832"
"11671","0.0700896754860878","0.0700896754860878","0.0700896754860878"
"11686","0.04911135137081146","0.04911135137081146","0.04911135137081146"
"11708","0.052754662930965424","0.052754662930965424","0.052754662930965424"
"11711","0.05432477220892906","0.05432477220892906","0.05432477220892906"
"11781","0.04988998547196388","0.04988998547196388","0.04988998547196388"
"11836","0.059857916086912155","0.059857916086912155","0.059857916086912155"
"11853","0.0634487196803093","0.0634487196803093","0.0634487196803093"
"11919","0.05787095054984093","0.05787095054984093","0.05787095054984093"
"11979","0.053039148449897766","0.053039148449897766","0.053039148449897766"
"12028","0.05908531695604324","0.05908531695604324","0.05908531695604324"
"12088","0.046432461589574814","0.046432461589574814","0.046432461589574814"
"12098","0.08271503448486328","0.08271503448486328","0.08271503448486328"
"12109","0.06060407683253288","0.06060407683253288","0.06060407683253288"
"12124","0.056527361273765564","0.056527361273765564","0.056527361273765564"
"12160","0.057104647159576416","0.057104647159576416","0.057104647159576416"
"12217","0.06413628160953522","0.06413628160953522","0.06413628160953522"
"12229","0.05400089919567108","0.05400089919567108","0.05400089919567108"
"12283","0.04610886424779892","0.04610886424779892","0.04610886424779892"
"12335","0.0652894675731659","0.0652894675731659","0.0652894675731659"
"12337","0.05391259491443634","0.05391259491443634","0.05391259491443634"
"12345","0.07309111207723618","0.07309111207723618","0.07309111207723618"
"12413","0.05200645327568054","0.05200645327568054","0.05200645327568054"
"12429","0.051739729940891266","0.051739729940891266","0.051739729940891266"
"12452","0.044012218713760376","0.044012218713760376","0.044012218713760376"
"12539","0.04717150330543518","0.04717150330543518","0.04717150330543518"
"12543","0.05926436185836792","0.05926436185836792","0.05926436185836792"
"12567","0.04639950022101402","0.04639950022101402","0.04639950022101402"
"12574","0.05964941903948784","0.05964941903948784","0.05964941903948784"
"12608","0.05265222489833832","0.05265222489833832","0.05265222489833832"
"12643","0.0481402724981308","0.0481402724981308","0.0481402724981308"
"12684","0.049254968762397766","0.049254968762397766","0.049254968762397766"
"12704","0.054378777742385864","0.054378777742385864","0.054378777742385864"
"12717","0.047618426382541656","0.047618426382541656","0.047618426382541656"
"12774","0.05292806401848793","0.05292806401848793","0.05292806401848793"
"12779","0.07002562284469604","0.07002562284469604","0.07002562284469604"
"12791","0.047654613852500916","0.047654613852500916","0.047654613852500916"
"12849","0.06026545166969299","0.06026545166969299","0.06026545166969299"
"12851","0.07613950967788696","0.07613950967788696","0.07613950967788696"
"12862","0.058247193694114685","0.058247193694114685","0.058247193694114685"
"12884","0.05434912443161011","0.05434912443161011","0.05434912443161011"
"12925","0.06494592130184174","0.06494592130184174","0.06494592130184174"
"12936","0.04467754811048508","0.04467754811048508","0.04467754811048508"
"12972","0.06801851093769073","0.06801851093769073","0.06801851093769073"
"12974","0.06456108391284943","0.06456108391284943","0.06456108391284943"
"12999","0.07279267907142639","0.07279267907142639","0.07279267907142639"
"13008","0.052529238164424896","0.052529238164424896","0.052529238164424896"
"13014","0.08438751101493835","0.08438751101493835","0.08438751101493835"
"13025","0.05305343121290207","0.05305343121290207","0.05305343121290207"
"13045","0.043746888637542725","0.043746888637542725","0.043746888637542725"
"13059","0.05860064923763275","0.05860064923763275","0.05860064923763275"
"13078","0.07602109760046005","0.07602109760046005","0.07602109760046005"
"13082","0.06744590401649475","0.06744590401649475","0.06744590401649475"
"13116","0.04985024407505989","0.04985024407505989","0.04985024407505989"
"13157","0.06185281276702881","0.06185281276702881","0.06185281276702881"
"13159","0.0700104609131813","0.0700104609131813","0.0700104609131813"
"13182","0.045981477946043015","0.045981477946043015","0.045981477946043015"
"13218","0.07540787756443024","0.07540787756443024","0.07540787756443024"
"13220","0.06335580348968506","0.06335580348968506","0.06335580348968506"
"13281","0.05350542068481445","0.05350542068481445","0.05350542068481445"
"13302","0.04506363347172737","0.04506363347172737","0.04506363347172737"
"13323","0.05935332924127579","0.05935332924127579","0.05935332924127579"
"13344","0.09108923375606537","0.09108923375606537","0.09108923375606537"
"13366","0.0592988058924675","0.0592988058924675","0.0592988058924675"
"13377","0.049802325665950775","0.049802325665950775","0.049802325665950775"
"13381","0.067811518907547","0.067811518907547","0.067811518907547"
"13385","0.0662560686469078","0.0662560686469078","0.0662560686469078"
"13402","0.0634598657488823","0.0634598657488823","0.0634598657488823"
"13433","0.07776147127151489","0.07776147127151489","0.07776147127151489"
"13498","0.053744859993457794","0.053744859993457794","0.053744859993457794"
"13501","0.057054176926612854","0.057054176926612854","0.057054176926612854"
"13538","0.05943510681390762","0.05943510681390762","0.05943510681390762"
"13543","0.06751479208469391","0.06751479208469391","0.06751479208469391"
"13545","0.05537356808781624","0.05537356808781624","0.05537356808781624"
"13558","0.0528925284743309","0.0528925284743309","0.0528925284743309"
"13559","0.04211920499801636","0.04211920499801636","0.04211920499801636"
"13587","0.0429876334965229","0.0429876334965229","0.0429876334965229"
"13608","0.07426263391971588","0.07426263391971588","0.07426263391971588"
"13611","0.0707007348537445","0.0707007348537445","0.0707007348537445"
"13632","0.07094404101371765","0.07094404101371765","0.07094404101371765"
"13636","0.04080601781606674","0.04080601781606674","0.04080601781606674"
"13642","0.04338973015546799","0.04338973015546799","0.04338973015546799"
"13649","0.07443408668041229","0.07443408668041229","0.07443408668041229"
"13705","0.06715133041143417","0.06715133041143417","0.06715133041143417"
"13754","0.04958774521946907","0.04958774521946907","0.04958774521946907"
"13867","0.04876156151294708","0.04876156151294708","0.04876156151294708"
"13899","0.05151718482375145","0.05151718482375145","0.05151718482375145"
"13947","0.06539373099803925","0.06539373099803925","0.06539373099803925"
"13995","0.05754021182656288","0.05754021182656288","0.05754021182656288"
"14004","0.06360781937837601","0.06360781937837601","0.06360781937837601"
"14021","0.05331730097532272","0.05331730097532272","0.05331730097532272"
"14046","0.0627872571349144","0.0627872571349144","0.0627872571349144"
"14065","0.05589738488197327","0.05589738488197327","0.05589738488197327"
"14096","0.05712687969207764","0.05712687969207764","0.05712687969207764"
"14126","0.06983219087123871","0.06983219087123871","0.06983219087123871"
"14137","0.0680718719959259","0.0680718719959259","0.0680718719959259"
"14139","0.061252661049366","0.061252661049366","0.061252661049366"
"14143","0.06706893444061279","0.06706893444061279","0.06706893444061279"
"14177","0.06675200909376144","0.06675200909376144","0.06675200909376144"
"14188","0.06970493495464325","0.06970493495464325","0.06970493495464325"
"14217","0.05234884098172188","0.05234884098172188","0.05234884098172188"
"14225","0.07725902646780014","0.07725902646780014","0.07725902646780014"
"14255","0.06419365108013153","0.06419365108013153","0.06419365108013153"
"14294","0.0682298019528389","0.0682298019528389","0.0682298019528389"
"14301","0.0679004043340683","0.0679004043340683","0.0679004043340683"
"14339","0.0417923629283905","0.0417923629283905","0.0417923629283905"
"14346","0.06624232232570648","0.06624232232570648","0.06624232232570648"
"14385","0.06611523777246475","0.06611523777246475","0.06611523777246475"
"14427","0.05181853473186493","0.05181853473186493","0.05181853473186493"
"14466","0.045091256499290466","0.045091256499290466","0.045091256499290466"
"14487","0.040341999381780624","0.040341999381780624","0.040341999381780624"
"14510","0.04508226737380028","0.04508226737380028","0.04508226737380028"
"14531","0.06539340317249298","0.06539340317249298","0.06539340317249298"
"14533","0.05677933245897293","0.05677933245897293","0.05677933245897293"
"14564","0.05639267340302467","0.05639267340302467","0.05639267340302467"
"14578","0.04631580784916878","0.04631580784916878","0.04631580784916878"
"14616","0.05868722125887871","0.05868722125887871","0.05868722125887871"
"14683","0.07682833075523376","0.07682833075523376","0.07682833075523376"
"14695","0.0827934592962265","0.0827934592962265","0.0827934592962265"
"14712","0.06002183258533478","0.06002183258533478","0.06002183258533478"
"14716","0.07671301811933517","0.07671301811933517","0.07671301811933517"
"14736","0.07490694522857666","0.07490694522857666","0.07490694522857666"
"14757","0.05838096886873245","0.05838096886873245","0.05838096886873245"
"14766","0.0643942803144455","0.0643942803144455","0.0643942803144455"
"14767","0.05105618014931679","0.05105618014931679","0.05105618014931679"
"14772","0.03626921772956848","0.03626921772956848","0.03626921772956848"
"14773","0.06923408806324005","0.06923408806324005","0.06923408806324005"
"14782","0.04845273494720459","0.04845273494720459","0.04845273494720459"
"14785","0.0510673001408577","0.0510673001408577","0.0510673001408577"
"14795","0.04833696782588959","0.04833696782588959","0.04833696782588959"
"14832","0.053310420364141464","0.053310420364141464","0.053310420364141464"
"14834","0.05530277267098427","0.05530277267098427","0.05530277267098427"
"14875","0.06812551617622375","0.06812551617622375","0.06812551617622375"
"14899","0.06001964956521988","0.06001964956521988","0.06001964956521988"
"14919","0.0393214225769043","0.0393214225769043","0.0393214225769043"
"14934","0.06264449656009674","0.06264449656009674","0.06264449656009674"
"14938","0.06233219429850578","0.06233219429850578","0.06233219429850578"
"14959","0.06127654388546944","0.06127654388546944","0.06127654388546944"
"14974","0.06555773317813873","0.06555773317813873","0.06555773317813873"
"14978","0.0806221216917038","0.0806221216917038","0.0806221216917038"
"14981","0.05968732014298439","0.05968732014298439","0.05968732014298439"
"15005","0.061841174960136414","0.061841174960136414","0.061841174960136414"
"15032","0.0560733899474144","0.0560733899474144","0.0560733899474144"
"15038","0.04887499660253525","0.04887499660253525","0.04887499660253525"
"15053","0.06748440861701965","0.06748440861701965","0.06748440861701965"
"15063","0.07051607221364975","0.07051607221364975","0.07051607221364975"
"15070","0.06594857573509216","0.06594857573509216","0.06594857573509216"
"15149","0.07899893820285797","0.07899893820285797","0.07899893820285797"
"15182","0.05084150284528732","0.05084150284528732","0.05084150284528732"
"15190","0.049995288252830505","0.049995288252830505","0.049995288252830505"
"15201","0.04045189544558525","0.04045189544558525","0.04045189544558525"
"15215","0.052651043981313705","0.052651043981313705","0.052651043981313705"
"15269","0.05254356563091278","0.05254356563091278","0.05254356563091278"
"15285","0.054119739681482315","0.054119739681482315","0.054119739681482315"
"15293","0.06022112816572189","0.06022112816572189","0.06022112816572189"
"15295","0.048718277364969254","0.048718277364969254","0.048718277364969254"
"15311","0.056256912648677826","0.056256912648677826","0.056256912648677826"
"15333","0.05546598881483078","0.05546598881483078","0.05546598881483078"
"15360","0.05725337564945221","0.05725337564945221","0.05725337564945221"
"15418","0.06610986590385437","0.06610986590385437","0.06610986590385437"
"15437","0.050067756325006485","0.050067756325006485","0.050067756325006485"
"15473","0.041164472699165344","0.041164472699165344","0.041164472699165344"
"15495","0.043935857713222504","0.043935857713222504","0.043935857713222504"
"15511","0.05421090126037598","0.05421090126037598","0.05421090126037598"
"15519","0.0796099603176117","0.0796099603176117","0.0796099603176117"
"15527","0.052222877740859985","0.052222877740859985","0.052222877740859985"
"15558","0.0564568005502224","0.0564568005502224","0.0564568005502224"
"15568","0.06369549036026001","0.06369549036026001","0.06369549036026001"
"15635","0.05717950314283371","0.05717950314283371","0.05717950314283371"
"15671","0.05024025961756706","0.05024025961756706","0.05024025961756706"
"15696","0.04933171719312668","0.04933171719312668","0.04933171719312668"
"15698","0.05286628380417824","0.05286628380417824","0.05286628380417824"
"15744","0.04685042053461075","0.04685042053461075","0.04685042053461075"
"15745","0.053843870759010315","0.053843870759010315","0.053843870759010315"
"15788","0.056044068187475204","0.056044068187475204","0.056044068187475204"
"15799","0.0472600981593132","0.0472600981593132","0.0472600981593132"
"15801","0.0604897141456604","0.0604897141456604","0.0604897141456604"
"15857","0.08500759303569794","0.08500759303569794","0.08500759303569794"
"15871","0.04755464941263199","0.04755464941263199","0.04755464941263199"
"15879","0.06495065987110138","0.06495065987110138","0.06495065987110138"
"15897","0.04227406159043312","0.04227406159043312","0.04227406159043312"
"15909","0.06474197655916214","0.06474197655916214","0.06474197655916214"
"15931","0.06612199544906616","0.06612199544906616","0.06612199544906616"
"15941","0.06169045343995094","0.06169045343995094","0.06169045343995094"
"15943","0.06286584585905075","0.06286584585905075","0.06286584585905075"
"15951","0.06534923613071442","0.06534923613071442","0.06534923613071442"
"15971","0.06516177952289581","0.06516177952289581","0.06516177952289581"
"15976","0.06925645470619202","0.06925645470619202","0.06925645470619202"
"15979","0.06708170473575592","0.06708170473575592","0.06708170473575592"
"15995","0.05967603251338005","0.05967603251338005","0.05967603251338005"
"16008","0.046571098268032074","0.046571098268032074","0.046571098268032074"
"16029","0.05011735111474991","0.05011735111474991","0.05011735111474991"
"16105","0.05457080900669098","0.05457080900669098","0.05457080900669098"
"16145","0.05362401902675629","0.05362401902675629","0.05362401902675629"
"16171","0.043453291058540344","0.043453291058540344","0.043453291058540344"
"16196","0.042739517986774445","0.042739517986774445","0.042739517986774445"
"16199","0.047886207699775696","0.047886207699775696","0.047886207699775696"
"16237","0.05803938955068588","0.05803938955068588","0.05803938955068588"
"16247","0.05452504754066467","0.05452504754066467","0.05452504754066467"
"16277","0.06956253200769424","0.06956253200769424","0.06956253200769424"
"16304","0.0559116005897522","0.0559116005897522","0.0559116005897522"
"16342","0.055377937853336334","0.055377937853336334","0.055377937853336334"
"16363","0.04730871319770813","0.04730871319770813","0.04730871319770813"
"16369","0.05324532091617584","0.05324532091617584","0.05324532091617584"
"16403","0.06855665147304535","0.06855665147304535","0.06855665147304535"
"16407","0.06599311530590057","0.06599311530590057","0.06599311530590057"
"16465","0.055751316249370575","0.055751316249370575","0.055751316249370575"
"16538","0.06087636947631836","0.06087636947631836","0.06087636947631836"
"16585","0.06059681624174118","0.06059681624174118","0.06059681624174118"
"16586","0.06035543978214264","0.06035543978214264","0.06035543978214264"
"16596","0.062304671853780746","0.062304671853780746","0.062304671853780746"
"16597","0.05555335432291031","0.05555335432291031","0.05555335432291031"
"16600","0.040607720613479614","0.040607720613479614","0.040607720613479614"
"16612","0.056684333831071854","0.056684333831071854","0.056684333831071854"
"16673","0.07852296531200409","0.07852296531200409","0.07852296531200409"
"16677","0.053746625781059265","0.053746625781059265","0.053746625781059265"
"16679","0.08157099783420563","0.08157099783420563","0.08157099783420563"
"16684","0.05051540583372116","0.05051540583372116","0.05051540583372116"
"16692","0.06997021287679672","0.06997021287679672","0.06997021287679672"
"16705","0.050389230251312256","0.050389230251312256","0.050389230251312256"
"16711","0.07199858129024506","0.07199858129024506","0.07199858129024506"
"16728","0.03941647708415985","0.03941647708415985","0.03941647708415985"
"16749","0.04335417225956917","0.04335417225956917","0.04335417225956917"
"16780","0.07394693046808243","0.07394693046808243","0.07394693046808243"
"16787","0.08215503394603729","0.08215503394603729","0.08215503394603729"
"16795","0.05201691389083862","0.05201691389083862","0.05201691389083862"
"16814","0.07484086602926254","0.07484086602926254","0.07484086602926254"
"16870","0.04721604287624359","0.04721604287624359","0.04721604287624359"
"16879","0.03962712734937668","0.03962712734937668","0.03962712734937668"
"16910","0.05016501992940903","0.05016501992940903","0.05016501992940903"
"16941","0.06650619953870773","0.06650619953870773","0.06650619953870773"
"16949","0.07743920385837555","0.07743920385837555","0.07743920385837555"
"16958","0.06304237246513367","0.06304237246513367","0.06304237246513367"
"16973","0.05425168573856354","0.05425168573856354","0.05425168573856354"
"17063","0.04721471667289734","0.04721471667289734","0.04721471667289734"
"17120","0.06269446015357971","0.06269446015357971","0.06269446015357971"
"17171","0.04598230868577957","0.04598230868577957","0.04598230868577957"
"17226","0.04826698824763298","0.04826698824763298","0.04826698824763298"
"17264","0.05796611309051514","0.05796611309051514","0.05796611309051514"
"17283","0.06318742781877518","0.06318742781877518","0.06318742781877518"
"17314","0.06207289546728134","0.06207289546728134","0.06207289546728134"
"17343","0.04936964809894562","0.04936964809894562","0.04936964809894562"
"17370","0.043338753283023834","0.043338753283023834","0.043338753283023834"
"17386","0.0669180154800415","0.0669180154800415","0.0669180154800415"
"17389","0.06330752372741699","0.06330752372741699","0.06330752372741699"
"17394","0.05949566885828972","0.05949566885828972","0.05949566885828972"
"17403","0.05307820066809654","0.05307820066809654","0.05307820066809654"
"17441","0.054287903010845184","0.054287903010845184","0.054287903010845184"
"17444","0.05415692925453186","0.05415692925453186","0.05415692925453186"
"17447","0.07690747827291489","0.07690747827291489","0.07690747827291489"
"17467","0.038668230175971985","0.038668230175971985","0.038668230175971985"
"17525","0.05887824296951294","0.05887824296951294","0.05887824296951294"
"17541","0.05350179225206375","0.05350179225206375","0.05350179225206375"
"17580","0.05976707115769386","0.05976707115769386","0.05976707115769386"
"17630","0.07576543092727661","0.07576543092727661","0.07576543092727661"
"17679","0.047716233879327774","0.047716233879327774","0.047716233879327774"
"17716","0.05347190424799919","0.05347190424799919","0.05347190424799919"
"17741","0.062239870429039","0.062239870429039","0.062239870429039"
"17747","0.06161106750369072","0.06161106750369072","0.06161106750369072"
"17748","0.04371357709169388","0.04371357709169388","0.04371357709169388"
"17794","0.0564645491540432","0.0564645491540432","0.0564645491540432"
"17809","0.05440462380647659","0.05440462380647659","0.05440462380647659"
"17822","0.058834247291088104","0.058834247291088104","0.058834247291088104"
"17827","0.05935314670205116","0.05935314670205116","0.05935314670205116"
"17844","0.05857380852103233","0.05857380852103233","0.05857380852103233"
"17855","0.055580392479896545","0.055580392479896545","0.055580392479896545"
"17895","0.052604638040065765","0.052604638040065765","0.052604638040065765"
"17900","0.06141186133027077","0.06141186133027077","0.06141186133027077"
"18004","0.062133222818374634","0.062133222818374634","0.062133222818374634"
"18009","0.06120823323726654","0.06120823323726654","0.06120823323726654"
"18012","0.07059822231531143","0.07059822231531143","0.07059822231531143"
"18054","0.05207371339201927","0.05207371339201927","0.05207371339201927"
"18083","0.0471186637878418","0.0471186637878418","0.0471186637878418"
"18151","0.05297190696001053","0.05297190696001053","0.05297190696001053"
"18205","0.0552545003592968","0.0552545003592968","0.0552545003592968"
"18314","0.061448834836483","0.061448834836483","0.061448834836483"
"18325","0.06245793029665947","0.06245793029665947","0.06245793029665947"
"18380","0.03933366388082504","0.03933366388082504","0.03933366388082504"
"18408","0.047305576503276825","0.047305576503276825","0.047305576503276825"
"18425","0.10281573235988617","0.10281573235988617","0.10281573235988617"
"18466","0.047402095049619675","0.047402095049619675","0.047402095049619675"
"18477","0.06939224898815155","0.06939224898815155","0.06939224898815155"
"18517","0.055874451994895935","0.055874451994895935","0.055874451994895935"
"18548","0.07011227309703827","0.07011227309703827","0.07011227309703827"
"18611","0.050016358494758606","0.050016358494758606","0.050016358494758606"
"18612","0.06724663823843002","0.06724663823843002","0.06724663823843002"
"18632","0.05842471495270729","0.05842471495270729","0.05842471495270729"
"18652","0.047742269933223724","0.047742269933223724","0.047742269933223724"
"18656","0.06048297509551048","0.06048297509551048","0.06048297509551048"
"18729","0.061920296400785446","0.061920296400785446","0.061920296400785446"
"18734","0.056097179651260376","0.056097179651260376","0.056097179651260376"
"18754","0.06537722051143646","0.06537722051143646","0.06537722051143646"
"18767","0.04896015673875809","0.04896015673875809","0.04896015673875809"
"18784","0.05050057917833328","0.05050057917833328","0.05050057917833328"
"18843","0.03524439036846161","0.03524439036846161","0.03524439036846161"
"18862","0.05290163308382034","0.05290163308382034","0.05290163308382034"
"18865","0.06307998299598694","0.06307998299598694","0.06307998299598694"
"18880","0.06344008445739746","0.06344008445739746","0.06344008445739746"
"18934","0.04219231754541397","0.04219231754541397","0.04219231754541397"
"18941","0.06163441017270088","0.06163441017270088","0.06163441017270088"
"18957","0.047489166259765625","0.047489166259765625","0.047489166259765625"
"18976","0.06176775321364403","0.06176775321364403","0.06176775321364403"
"19066","0.042667508125305176","0.042667508125305176","0.042667508125305176"
"19103","0.07579553872346878","0.07579553872346878","0.07579553872346878"
"19156","0.07182402908802032","0.07182402908802032","0.07182402908802032"
"19230","0.05935089290142059","0.05935089290142059","0.05935089290142059"
"19261","0.060472093522548676","0.060472093522548676","0.060472093522548676"
"19330","0.057525213807821274","0.057525213807821274","0.057525213807821274"
"19360","0.055333010852336884","0.055333010852336884","0.055333010852336884"
"19452","0.06491740047931671","0.06491740047931671","0.06491740047931671"
"19478","0.058341316878795624","0.058341316878795624","0.058341316878795624"
"19480","0.07430462539196014","0.07430462539196014","0.07430462539196014"
"19514","0.046741895377635956","0.046741895377635956","0.046741895377635956"
"19543","0.046000853180885315","0.046000853180885315","0.046000853180885315"
"19546","0.08601952344179153","0.08601952344179153","0.08601952344179153"
"19559","0.05202663689851761","0.05202663689851761","0.05202663689851761"
"19572","0.06936965882778168","0.06936965882778168","0.06936965882778168"
"19594","0.05850612372159958","0.05850612372159958","0.05850612372159958"
"19611","0.05750320851802826","0.05750320851802826","0.05750320851802826"
"19613","0.035908572375774384","0.035908572375774384","0.035908572375774384"
"19650","0.06596603244543076","0.06596603244543076","0.06596603244543076"
"19683","0.0559934601187706","0.0559934601187706","0.0559934601187706"
"19724","0.046272262930870056","0.046272262930870056","0.046272262930870056"
"19725","0.05470575764775276","0.05470575764775276","0.05470575764775276"
"19769","0.056574806571006775","0.056574806571006775","0.056574806571006775"
"19777","0.05475322902202606","0.05475322902202606","0.05475322902202606"
"19826","0.07439275830984116","0.07439275830984116","0.07439275830984116"
"19853","0.06717823445796967","0.06717823445796967","0.06717823445796967"
"19871","0.05583116039633751","0.05583116039633751","0.05583116039633751"
"19930","0.050064995884895325","0.050064995884895325","0.050064995884895325"
"19944","0.04514604061841965","0.04514604061841965","0.04514604061841965"
"19949","0.05980955436825752","0.05980955436825752","0.05980955436825752"
"19965","0.05558352172374725","0.05558352172374725","0.05558352172374725"
"19966","0.04593633487820625","0.04593633487820625","0.04593633487820625"
"19972","0.0477491170167923","0.0477491170167923","0.0477491170167923"
"19977","0.0614822618663311","0.0614822618663311","0.0614822618663311"
"19982","0.049425169825553894","0.049425169825553894","0.049425169825553894"
"20001","0.041050150990486145","0.041050150990486145","0.041050150990486145"
"20003","0.04363444447517395","0.04363444447517395","0.04363444447517395"
"20005","0.06618881970643997","0.06618881970643997","0.06618881970643997"
"20047","0.07060809433460236","0.07060809433460236","0.07060809433460236"
"20120","0.06357252597808838","0.06357252597808838","0.06357252597808838"
"20187","0.06989742070436478","0.06989742070436478","0.06989742070436478"
"20197","0.05250423401594162","0.05250423401594162","0.05250423401594162"
"20251","0.07011343538761139","0.07011343538761139","0.07011343538761139"
"20275","0.04521900415420532","0.04521900415420532","0.04521900415420532"
"20276","0.05595099925994873","0.05595099925994873","0.05595099925994873"
"20308","0.05581854656338692","0.05581854656338692","0.05581854656338692"
"20333","0.0659390538930893","0.0659390538930893","0.0659390538930893"
"20382","0.05873321369290352","0.05873321369290352","0.05873321369290352"
"20440","0.06082383170723915","0.06082383170723915","0.06082383170723915"
"20454","0.06643731892108917","0.06643731892108917","0.06643731892108917"
"20465","0.05491596460342407","0.05491596460342407","0.05491596460342407"
"20489","0.047266263514757156","0.047266263514757156","0.047266263514757156"
"20493","0.04493642598390579","0.04493642598390579","0.04493642598390579"
"20503","0.0736057311296463","0.0736057311296463","0.0736057311296463"
"20505","0.06184319406747818","0.06184319406747818","0.06184319406747818"
"20531","0.0512055829167366","0.0512055829167366","0.0512055829167366"
"20603","0.05872096121311188","0.05872096121311188","0.05872096121311188"
"20645","0.04831404238939285","0.04831404238939285","0.04831404238939285"
"20675","0.05162665620446205","0.05162665620446205","0.05162665620446205"
"20724","0.035236865282058716","0.035236865282058716","0.035236865282058716"
"20728","0.06477294117212296","0.06477294117212296","0.06477294117212296"
"20736","0.056326575577259064","0.056326575577259064","0.056326575577259064"
"20764","0.08199869096279144","0.08199869096279144","0.08199869096279144"
"20782","0.07387706637382507","0.07387706637382507","0.07387706637382507"
"20794","0.06739775836467743","0.06739775836467743","0.06739775836467743"
"20832","0.04513821005821228","0.04513821005821228","0.04513821005821228"
"20864","0.07329033315181732","0.07329033315181732","0.07329033315181732"
"20866","0.06312531232833862","0.06312531232833862","0.06312531232833862"
"20889","0.051724813878536224","0.051724813878536224","0.051724813878536224"
"20897","0.06638805568218231","0.06638805568218231","0.06638805568218231"
"20904","0.07046197354793549","0.07046197354793549","0.07046197354793549"
"20923","0.04491787403821945","0.04491787403821945","0.04491787403821945"
"20937","0.057055968791246414","0.057055968791246414","0.057055968791246414"
"20941","0.06544123589992523","0.06544123589992523","0.06544123589992523"
"20995","0.04805327206850052","0.04805327206850052","0.04805327206850052"
"21041","0.06028837710618973","0.06028837710618973","0.06028837710618973"
"21048","0.05567125976085663","0.05567125976085663","0.05567125976085663"
"21117","0.08211488276720047","0.08211488276720047","0.08211488276720047"
"21118","0.06946411728858948","0.06946411728858948","0.06946411728858948"
"21121","0.07645915448665619","0.07645915448665619","0.07645915448665619"
"21126","0.06298874318599701","0.06298874318599701","0.06298874318599701"
"21154","0.05202251672744751","0.05202251672744751","0.05202251672744751"
"21172","0.06317032873630524","0.06317032873630524","0.06317032873630524"
"21188","0.07465701550245285","0.07465701550245285","0.07465701550245285"
"21219","0.06683177500963211","0.06683177500963211","0.06683177500963211"
"21230","0.052733778953552246","0.052733778953552246","0.052733778953552246"
"21234","0.04876561090350151","0.04876561090350151","0.04876561090350151"
"21264","0.0577329583466053","0.0577329583466053","0.0577329583466053"
"21355","0.050623781979084015","0.050623781979084015","0.050623781979084015"
"21385","0.06673270463943481","0.06673270463943481","0.06673270463943481"
"21395","0.0570482462644577","0.0570482462644577","0.0570482462644577"
"21409","0.0563180074095726","0.0563180074095726","0.0563180074095726"
"21428","0.04538921266794205","0.04538921266794205","0.04538921266794205"
"21481","0.06158049404621124","0.06158049404621124","0.06158049404621124"
"21545","0.045241158455610275","0.045241158455610275","0.045241158455610275"
"21562","0.06407267600297928","0.06407267600297928","0.06407267600297928"
"21564","0.055526018142700195","0.055526018142700195","0.055526018142700195"
"21566","0.05703498795628548","0.05703498795628548","0.05703498795628548"
"21571","0.06651583313941956","0.06651583313941956","0.06651583313941956"
"21576","0.04870864376425743","0.04870864376425743","0.04870864376425743"
"21619","0.07292363792657852","0.07292363792657852","0.07292363792657852"
"21646","0.05829827859997749","0.05829827859997749","0.05829827859997749"
"21662","0.06762754917144775","0.06762754917144775","0.06762754917144775"
"21739","0.07302384823560715","0.07302384823560715","0.07302384823560715"
"21765","0.06149284914135933","0.06149284914135933","0.06149284914135933"
"21802","0.045920491218566895","0.045920491218566895","0.045920491218566895"
"21939","0.0758434385061264","0.0758434385061264","0.0758434385061264"
"21949","0.048122748732566833","0.048122748732566833","0.048122748732566833"
"21971","0.05001717060804367","0.05001717060804367","0.05001717060804367"
"21988","0.050348252058029175","0.050348252058029175","0.050348252058029175"
"22026","0.06347142159938812","0.06347142159938812","0.06347142159938812"
"22028","0.050300151109695435","0.050300151109695435","0.050300151109695435"
"22058","0.0507214218378067","0.0507214218378067","0.0507214218378067"
"22097","0.05123477429151535","0.05123477429151535","0.05123477429151535"
"22149","0.04618470370769501","0.04618470370769501","0.04618470370769501"
"22160","0.05816608667373657","0.05816608667373657","0.05816608667373657"
"22161","0.07169788330793381","0.07169788330793381","0.07169788330793381"
"22303","0.05232514441013336","0.05232514441013336","0.05232514441013336"
"22319","0.053586043417453766","0.053586043417453766","0.053586043417453766"
"22346","0.06400006264448166","0.06400006264448166","0.06400006264448166"
"22359","0.04179377853870392","0.04179377853870392","0.04179377853870392"
"22383","0.06536324322223663","0.06536324322223663","0.06536324322223663"
"22386","0.07469446957111359","0.07469446957111359","0.07469446957111359"
"22391","0.05146747827529907","0.05146747827529907","0.05146747827529907"
"22432","0.04633185267448425","0.04633185267448425","0.04633185267448425"
"22435","0.03427555412054062","0.03427555412054062","0.03427555412054062"
"22502","0.052634891122579575","0.052634891122579575","0.052634891122579575"
"22561","0.04878997430205345","0.04878997430205345","0.04878997430205345"
"22568","0.05112670361995697","0.05112670361995697","0.05112670361995697"
"22602","0.057388968765735626","0.057388968765735626","0.057388968765735626"
"22627","0.048139508813619614","0.048139508813619614","0.048139508813619614"
"22641","0.06447142362594604","0.06447142362594604","0.06447142362594604"
"22653","0.056892313063144684","0.056892313063144684","0.056892313063144684"
"22710","0.05190753936767578","0.05190753936767578","0.05190753936767578"
"22764","0.0720299556851387","0.0720299556851387","0.0720299556851387"
"22789","0.0530664324760437","0.0530664324760437","0.0530664324760437"
"22792","0.055462796241045","0.055462796241045","0.055462796241045"
"22794","0.051002152264118195","0.051002152264118195","0.051002152264118195"
"22806","0.05584828555583954","0.05584828555583954","0.05584828555583954"
"22812","0.07161243259906769","0.07161243259906769","0.07161243259906769"
"22857","0.05510561168193817","0.05510561168193817","0.05510561168193817"
"22883","0.03985435515642166","0.03985435515642166","0.03985435515642166"
"22909","0.05329011380672455","0.05329011380672455","0.05329011380672455"
"22914","0.04674702510237694","0.04674702510237694","0.04674702510237694"
"22923","0.06016118451952934","0.06016118451952934","0.06016118451952934"
"22925","0.06394899636507034","0.06394899636507034","0.06394899636507034"
"22938","0.05257116258144379","0.05257116258144379","0.05257116258144379"
"22943","0.0475599467754364","0.0475599467754364","0.0475599467754364"
"22946","0.047857314348220825","0.047857314348220825","0.047857314348220825"
"22993","0.05524154752492905","0.05524154752492905","0.05524154752492905"
"23033","0.06810377538204193","0.06810377538204193","0.06810377538204193"
"23035","0.07865782827138901","0.07865782827138901","0.07865782827138901"
"23037","0.04628189653158188","0.04628189653158188","0.04628189653158188"
"23054","0.052233316004276276","0.052233316004276276","0.052233316004276276"
"23077","0.054832763969898224","0.054832763969898224","0.054832763969898224"
"23089","0.04714931175112724","0.04714931175112724","0.04714931175112724"
"23095","0.07140602171421051","0.07140602171421051","0.07140602171421051"
"23161","0.05487421900033951","0.05487421900033951","0.05487421900033951"
"23168","0.05390019714832306","0.05390019714832306","0.05390019714832306"
"23209","0.059763066470623016","0.059763066470623016","0.059763066470623016"
"23240","0.0700109526515007","0.0700109526515007","0.0700109526515007"
"23303","0.0602237768471241","0.0602237768471241","0.0602237768471241"
"23323","0.04343224689364433","0.04343224689364433","0.04343224689364433"
"23355","0.06758835166692734","0.06758835166692734","0.06758835166692734"
"23372","0.06520520895719528","0.06520520895719528","0.06520520895719528"
"23410","0.055063821375370026","0.055063821375370026","0.055063821375370026"
"23413","0.06445270031690598","0.06445270031690598","0.06445270031690598"
"23442","0.05761295557022095","0.05761295557022095","0.05761295557022095"
"23488","0.054408349096775055","0.054408349096775055","0.054408349096775055"
"23520","0.03330060839653015","0.03330060839653015","0.03330060839653015"
"23521","0.06299887597560883","0.06299887597560883","0.06299887597560883"
"23533","0.0735183134675026","0.0735183134675026","0.0735183134675026"
"23555","0.052594143897295","0.052594143897295","0.052594143897295"
"23587","0.056851357221603394","0.056851357221603394","0.056851357221603394"
"23592","0.07483942061662674","0.07483942061662674","0.07483942061662674"
"23599","0.05838606506586075","0.05838606506586075","0.05838606506586075"
"23621","0.06643862277269363","0.06643862277269363","0.06643862277269363"
"23632","0.058509908616542816","0.058509908616542816","0.058509908616542816"
"23675","0.04778019338846207","0.04778019338846207","0.04778019338846207"
"23689","0.05477239936590195","0.05477239936590195","0.05477239936590195"
"23696","0.06839369982481003","0.06839369982481003","0.06839369982481003"
"23698","0.054264042526483536","0.054264042526483536","0.054264042526483536"
"23731","0.06149868667125702","0.06149868667125702","0.06149868667125702"
"23739","0.044757504016160965","0.044757504016160965","0.044757504016160965"
"23741","0.06626659631729126","0.06626659631729126","0.06626659631729126"
"23778","0.06600505113601685","0.06600505113601685","0.06600505113601685"
"23806","0.054736070334911346","0.054736070334911346","0.054736070334911346"
"23823","0.06418581306934357","0.06418581306934357","0.06418581306934357"
"23843","0.04676546901464462","0.04676546901464462","0.04676546901464462"
"23845","0.05690329521894455","0.05690329521894455","0.05690329521894455"
"23944","0.06115730106830597","0.06115730106830597","0.06115730106830597"
"23952","0.05492211878299713","0.05492211878299713","0.05492211878299713"
"23959","0.0429682694375515","0.0429682694375515","0.0429682694375515"
"23974","0.07194790244102478","0.07194790244102478","0.07194790244102478"
"24026","0.06065795570611954","0.06065795570611954","0.06065795570611954"
"24043","0.04496924579143524","0.04496924579143524","0.04496924579143524"
"24112","0.06329686939716339","0.06329686939716339","0.06329686939716339"
"24117","0.06337860226631165","0.06337860226631165","0.06337860226631165"
"24135","0.047985054552555084","0.047985054552555084","0.047985054552555084"
"24176","0.044736627489328384","0.044736627489328384","0.044736627489328384"
"24200","0.06121660768985748","0.06121660768985748","0.06121660768985748"
"24209","0.06204436719417572","0.06204436719417572","0.06204436719417572"
"24219","0.07084932923316956","0.07084932923316956","0.07084932923316956"
"24247","0.05746113136410713","0.05746113136410713","0.05746113136410713"
"24356","0.06462331116199493","0.06462331116199493","0.06462331116199493"
"24372","0.06015009805560112","0.06015009805560112","0.06015009805560112"
"24380","0.05960855633020401","0.05960855633020401","0.05960855633020401"
"24463","0.06533804535865784","0.06533804535865784","0.06533804535865784"
"24465","0.05156045779585838","0.05156045779585838","0.05156045779585838"
"24470","0.07222434133291245","0.07222434133291245","0.07222434133291245"
"24510","0.05337546020746231","0.05337546020746231","0.05337546020746231"
"24531","0.04538187384605408","0.04538187384605408","0.04538187384605408"
"24542","0.06624466180801392","0.06624466180801392","0.06624466180801392"
"24546","0.05301604047417641","0.05301604047417641","0.05301604047417641"
"24552","0.0655214935541153","0.0655214935541153","0.0655214935541153"
"24570","0.06718725711107254","0.06718725711107254","0.06718725711107254"
"24581","0.049971047788858414","0.049971047788858414","0.049971047788858414"
"24583","0.061944711953401566","0.061944711953401566","0.061944711953401566"
"24591","0.0768985003232956","0.0768985003232956","0.0768985003232956"
"24600","0.051142189651727676","0.051142189651727676","0.051142189651727676"
"24640","0.05184223875403404","0.05184223875403404","0.05184223875403404"
"24655","0.08279793709516525","0.08279793709516525","0.08279793709516525"
"24659","0.04803580045700073","0.04803580045700073","0.04803580045700073"
"24666","0.049597084522247314","0.049597084522247314","0.049597084522247314"
"24674","0.05108686909079552","0.05108686909079552","0.05108686909079552"
"24677","0.050099946558475494","0.050099946558475494","0.050099946558475494"
"24735","0.06019572168588638","0.06019572168588638","0.06019572168588638"
"24736","0.054472219198942184","0.054472219198942184","0.054472219198942184"
"24772","0.06014690548181534","0.06014690548181534","0.06014690548181534"
"24797","0.061448562890291214","0.061448562890291214","0.061448562890291214"
"24801","0.04270697757601738","0.04270697757601738","0.04270697757601738"
"24838","0.051673416048288345","0.051673416048288345","0.051673416048288345"
"24879","0.052118025720119476","0.052118025720119476","0.052118025720119476"
"24893","0.08662407100200653","0.08662407100200653","0.08662407100200653"
"24894","0.07302282750606537","0.07302282750606537","0.07302282750606537"
"24900","0.06646548211574554","0.06646548211574554","0.06646548211574554"
"24903","0.052316829562187195","0.052316829562187195","0.052316829562187195"
"24914","0.0638953447341919","0.0638953447341919","0.0638953447341919"
"24917","0.05713474750518799","0.05713474750518799","0.05713474750518799"
"24951","0.042639486491680145","0.042639486491680145","0.042639486491680145"
"24982","0.05768828094005585","0.05768828094005585","0.05768828094005585"
"24990","0.05837433040142059","0.05837433040142059","0.05837433040142059"
"25009","0.07303325831890106","0.07303325831890106","0.07303325831890106"
"25010","0.062283169478178024","0.062283169478178024","0.062283169478178024"
"25088","0.04334181919693947","0.04334181919693947","0.04334181919693947"
"25109","0.050842173397541046","0.050842173397541046","0.050842173397541046"
"25110","0.05692048743367195","0.05692048743367195","0.05692048743367195"
"25136","0.055754467844963074","0.055754467844963074","0.055754467844963074"
"25138","0.057323724031448364","0.057323724031448364","0.057323724031448364"
"25221","0.08110310882329941","0.08110310882329941","0.08110310882329941"
"25225","0.06467314064502716","0.06467314064502716","0.06467314064502716"
"25226","0.0449545681476593","0.0449545681476593","0.0449545681476593"
"25229","0.05357574671506882","0.05357574671506882","0.05357574671506882"
"25245","0.048452068120241165","0.048452068120241165","0.048452068120241165"
"25264","0.03781070560216904","0.03781070560216904","0.03781070560216904"
"25265","0.06650190055370331","0.06650190055370331","0.06650190055370331"
"25315","0.07010559737682343","0.07010559737682343","0.07010559737682343"
"25361","0.05432063713669777","0.05432063713669777","0.05432063713669777"
"25394","0.058821387588977814","0.058821387588977814","0.058821387588977814"
"25423","0.06639012694358826","0.06639012694358826","0.06639012694358826"
"25436","0.0480007603764534","0.0480007603764534","0.0480007603764534"
"25466","0.054901592433452606","0.054901592433452606","0.054901592433452606"
"25473","0.0644868016242981","0.0644868016242981","0.0644868016242981"
"25542","0.04822033643722534","0.04822033643722534","0.04822033643722534"
"25559","0.06298112869262695","0.06298112869262695","0.06298112869262695"
"25564","0.06351040303707123","0.06351040303707123","0.06351040303707123"
"25588","0.058993786573410034","0.058993786573410034","0.058993786573410034"
"25625","0.05912560224533081","0.05912560224533081","0.05912560224533081"
"25651","0.06855815649032593","0.06855815649032593","0.06855815649032593"
"25666","0.04445955157279968","0.04445955157279968","0.04445955157279968"
"25711","0.06794389337301254","0.06794389337301254","0.06794389337301254"
"25725","0.040986068546772","0.040986068546772","0.040986068546772"
"25756","0.053038906306028366","0.053038906306028366","0.053038906306028366"
"25765","0.06347870826721191","0.06347870826721191","0.06347870826721191"
"25769","0.05497565120458603","0.05497565120458603","0.05497565120458603"
"25826","0.06093741953372955","0.06093741953372955","0.06093741953372955"
"25837","0.0627160519361496","0.0627160519361496","0.0627160519361496"
"25861","0.06551255285739899","0.06551255285739899","0.06551255285739899"
"25877","0.04502099007368088","0.04502099007368088","0.04502099007368088"
"25891","0.07015436887741089","0.07015436887741089","0.07015436887741089"
"25932","0.05684667080640793","0.05684667080640793","0.05684667080640793"
"25936","0.047019146382808685","0.047019146382808685","0.047019146382808685"
"25983","0.03748171031475067","0.03748171031475067","0.03748171031475067"
"25985","0.047900404781103134","0.047900404781103134","0.047900404781103134"
"26011","0.06382928043603897","0.06382928043603897","0.06382928043603897"
"26018","0.04746100306510925","0.04746100306510925","0.04746100306510925"
"26024","0.07049147039651871","0.07049147039651871","0.07049147039651871"
"26029","0.038370661437511444","0.038370661437511444","0.038370661437511444"
"26044","0.060305848717689514","0.060305848717689514","0.060305848717689514"
"26048","0.07004642486572266","0.07004642486572266","0.07004642486572266"
"26053","0.054213546216487885","0.054213546216487885","0.054213546216487885"
"26172","0.049190815538167953","0.049190815538167953","0.049190815538167953"
"26181","0.03859380632638931","0.03859380632638931","0.03859380632638931"
"26208","0.055348996073007584","0.055348996073007584","0.055348996073007584"
"26219","0.05477602034807205","0.05477602034807205","0.05477602034807205"
"26246","0.051739249378442764","0.051739249378442764","0.051739249378442764"
"26354","0.06333431601524353","0.06333431601524353","0.06333431601524353"
"26399","0.050698380917310715","0.050698380917310715","0.050698380917310715"
"26453","0.05811845511198044","0.05811845511198044","0.05811845511198044"
"26465","0.03999396413564682","0.03999396413564682","0.03999396413564682"
"26481","0.05118441954255104","0.05118441954255104","0.05118441954255104"
"26486","0.07921691983938217","0.07921691983938217","0.07921691983938217"
"26499","0.0487627275288105","0.0487627275288105","0.0487627275288105"
"26541","0.052938997745513916","0.052938997745513916","0.052938997745513916"
"26552","0.05032378062605858","0.05032378062605858","0.05032378062605858"
"26570","0.04290289059281349","0.04290289059281349","0.04290289059281349"
"26571","0.062400463968515396","0.062400463968515396","0.062400463968515396"
"26598","0.04906556010246277","0.04906556010246277","0.04906556010246277"
"26634","0.059116583317518234","0.059116583317518234","0.059116583317518234"
"26646","0.056715987622737885","0.056715987622737885","0.056715987622737885"
"26687","0.05585522577166557","0.05585522577166557","0.05585522577166557"
"26691","0.05602459982037544","0.05602459982037544","0.05602459982037544"
"26714","0.0510413758456707","0.0510413758456707","0.0510413758456707"
"26752","0.05102285370230675","0.05102285370230675","0.05102285370230675"
"26775","0.047550447285175323","0.047550447285175323","0.047550447285175323"
"26798","0.05483170971274376","0.05483170971274376","0.05483170971274376"
"26842","0.053553104400634766","0.053553104400634766","0.053553104400634766"
"26848","0.06293825805187225","0.06293825805187225","0.06293825805187225"
"26952","0.05177414417266846","0.05177414417266846","0.05177414417266846"
"27049","0.04690928757190704","0.04690928757190704","0.04690928757190704"
"27071","0.053619809448719025","0.053619809448719025","0.053619809448719025"
"27123","0.04670681804418564","0.04670681804418564","0.04670681804418564"
"27177","0.04312723129987717","0.04312723129987717","0.04312723129987717"
"27194","0.05631687864661217","0.05631687864661217","0.05631687864661217"
"27233","0.054343950003385544","0.054343950003385544","0.054343950003385544"
"27291","0.04446682333946228","0.04446682333946228","0.04446682333946228"
"27292","0.05479680746793747","0.05479680746793747","0.05479680746793747"
"27300","0.05694089084863663","0.05694089084863663","0.05694089084863663"
"27305","0.0495930016040802","0.0495930016040802","0.0495930016040802"
"27343","0.0615384578704834","0.0615384578704834","0.0615384578704834"
"27354","0.043022722005844116","0.043022722005844116","0.043022722005844116"
"27378","0.060709141194820404","0.060709141194820404","0.060709141194820404"
"27396","0.06037823110818863","0.06037823110818863","0.06037823110818863"
"27428","0.04023788869380951","0.04023788869380951","0.04023788869380951"
"27483","0.06232780963182449","0.06232780963182449","0.06232780963182449"
"27487","0.059905193746089935","0.059905193746089935","0.059905193746089935"
"27538","0.06487749516963959","0.06487749516963959","0.06487749516963959"
"27586","0.05617132782936096","0.05617132782936096","0.05617132782936096"
"27598","0.0626763328909874","0.0626763328909874","0.0626763328909874"
"27603","0.04260580986738205","0.04260580986738205","0.04260580986738205"
"27683","0.07312257587909698","0.07312257587909698","0.07312257587909698"
"27688","0.05524329096078873","0.05524329096078873","0.05524329096078873"
"27693","0.026755429804325104","0.026755429804325104","0.026755429804325104"
"27722","0.07363444566726685","0.07363444566726685","0.07363444566726685"
"27772","0.04432106018066406","0.04432106018066406","0.04432106018066406"
"27777","0.07208989560604095","0.07208989560604095","0.07208989560604095"
"27794","0.05563013628125191","0.05563013628125191","0.05563013628125191"
"27825","0.05926649272441864","0.05926649272441864","0.05926649272441864"
"27846","0.0636909157037735","0.0636909157037735","0.0636909157037735"
"27863","0.0771908164024353","0.0771908164024353","0.0771908164024353"
"27875","0.06887413561344147","0.06887413561344147","0.06887413561344147"
"27961","0.06375283002853394","0.06375283002853394","0.06375283002853394"
"28011","0.06129014492034912","0.06129014492034912","0.06129014492034912"
"28012","0.0415680930018425","0.0415680930018425","0.0415680930018425"
"28014","0.06325919926166534","0.06325919926166534","0.06325919926166534"
"28029","0.059646859765052795","0.059646859765052795","0.059646859765052795"
"28082","0.06381455063819885","0.06381455063819885","0.06381455063819885"
"28109","0.04657967388629913","0.04657967388629913","0.04657967388629913"
"28124","0.056753531098365784","0.056753531098365784","0.056753531098365784"
"28177","0.07844144105911255","0.07844144105911255","0.07844144105911255"
"28178","0.06635552644729614","0.06635552644729614","0.06635552644729614"
"28187","0.057864513248205185","0.057864513248205185","0.057864513248205185"
"28207","0.04115436226129532","0.04115436226129532","0.04115436226129532"
"28210","0.04028262197971344","0.04028262197971344","0.04028262197971344"
"28212","0.05363871902227402","0.05363871902227402","0.05363871902227402"
"28221","0.04353109002113342","0.04353109002113342","0.04353109002113342"
"28227","0.05592164397239685","0.05592164397239685","0.05592164397239685"
"28267","0.044930897653102875","0.044930897653102875","0.044930897653102875"
"28282","0.04785913974046707","0.04785913974046707","0.04785913974046707"
"28292","0.03831861913204193","0.03831861913204193","0.03831861913204193"
"28293","0.07035251706838608","0.07035251706838608","0.07035251706838608"
"28326","0.05066560208797455","0.05066560208797455","0.05066560208797455"
"28338","0.07886337488889694","0.07886337488889694","0.07886337488889694"
"28368","0.04589768126606941","0.04589768126606941","0.04589768126606941"
"28380","0.0583031103014946","0.0583031103014946","0.0583031103014946"
"28435","0.033076755702495575","0.033076755702495575","0.033076755702495575"
"28440","0.07315631955862045","0.07315631955862045","0.07315631955862045"
"28490","0.06912802159786224","0.06912802159786224","0.06912802159786224"
"28504","0.045710489153862","0.045710489153862","0.045710489153862"
"28548","0.04989078640937805","0.04989078640937805","0.04989078640937805"
"28555","0.0554066002368927","0.0554066002368927","0.0554066002368927"
"28600","0.04511571303009987","0.04511571303009987","0.04511571303009987"
"28614","0.06316889822483063","0.06316889822483063","0.06316889822483063"
"28680","0.03572935611009598","0.03572935611009598","0.03572935611009598"
"28681","0.07117553055286407","0.07117553055286407","0.07117553055286407"
"28686","0.06135266646742821","0.06135266646742821","0.06135266646742821"
"28788","0.050425443798303604","0.050425443798303604","0.050425443798303604"
"28796","0.04846835136413574","0.04846835136413574","0.04846835136413574"
"28807","0.0674109011888504","0.0674109011888504","0.0674109011888504"
"28813","0.05543794110417366","0.05543794110417366","0.05543794110417366"
"28817","0.05301639437675476","0.05301639437675476","0.05301639437675476"
"28851","0.04135909304022789","0.04135909304022789","0.04135909304022789"
"28902","0.05170406028628349","0.05170406028628349","0.05170406028628349"
"28921","0.06134387105703354","0.06134387105703354","0.06134387105703354"
"28939","0.05078578740358353","0.05078578740358353","0.05078578740358353"
"28962","0.062423206865787506","0.062423206865787506","0.062423206865787506"
"29014","0.05337894707918167","0.05337894707918167","0.05337894707918167"
"29036","0.059488799422979355","0.059488799422979355","0.059488799422979355"
"29085","0.04942076653242111","0.04942076653242111","0.04942076653242111"
"29090","0.06052766740322113","0.06052766740322113","0.06052766740322113"
"29104","0.06114143133163452","0.06114143133163452","0.06114143133163452"
"29118","0.0406029112637043","0.0406029112637043","0.0406029112637043"
"29123","0.052110105752944946","0.052110105752944946","0.052110105752944946"
"29156","0.05089927837252617","0.05089927837252617","0.05089927837252617"
"29162","0.05831338092684746","0.05831338092684746","0.05831338092684746"
"29187","0.06456049531698227","0.06456049531698227","0.06456049531698227"
"29209","0.03766712173819542","0.03766712173819542","0.03766712173819542"
"29229","0.06938620656728745","0.06938620656728745","0.06938620656728745"
"29254","0.04905881732702255","0.04905881732702255","0.04905881732702255"
"29269","0.04407164454460144","0.04407164454460144","0.04407164454460144"
"29272","0.03938253968954086","0.03938253968954086","0.03938253968954086"
"29339","0.05930091440677643","0.05930091440677643","0.05930091440677643"
"29370","0.05675114318728447","0.05675114318728447","0.05675114318728447"
"29372","0.06945352256298065","0.06945352256298065","0.06945352256298065"
"29391","0.057910338044166565","0.057910338044166565","0.057910338044166565"
"29419","0.039806608110666275","0.039806608110666275","0.039806608110666275"
"29480","0.051926542073488235","0.051926542073488235","0.051926542073488235"
"29558","0.04401165246963501","0.04401165246963501","0.04401165246963501"
"29571","0.04496011883020401","0.04496011883020401","0.04496011883020401"
"29673","0.05215494707226753","0.05215494707226753","0.05215494707226753"
"29681","0.05438467860221863","0.05438467860221863","0.05438467860221863"
"29682","0.05060563236474991","0.05060563236474991","0.05060563236474991"
"29684","0.06280618906021118","0.06280618906021118","0.06280618906021118"
"29685","0.04151635989546776","0.04151635989546776","0.04151635989546776"
"29704","0.07230417430400848","0.07230417430400848","0.07230417430400848"
"29708","0.05437018722295761","0.05437018722295761","0.05437018722295761"
"29709","0.05606691539287567","0.05606691539287567","0.05606691539287567"
"29720","0.05586882308125496","0.05586882308125496","0.05586882308125496"
"29724","0.05256184563040733","0.05256184563040733","0.05256184563040733"
"29781","0.05167284607887268","0.05167284607887268","0.05167284607887268"
"29792","0.0397220253944397","0.0397220253944397","0.0397220253944397"
"29811","0.04449179768562317","0.04449179768562317","0.04449179768562317"
"29812","0.060641270130872726","0.060641270130872726","0.060641270130872726"
"29813","0.06179945170879364","0.06179945170879364","0.06179945170879364"
"29828","0.049332208931446075","0.049332208931446075","0.049332208931446075"
"29883","0.05372040718793869","0.05372040718793869","0.05372040718793869"
"29886","0.0518595352768898","0.0518595352768898","0.0518595352768898"
"29907","0.05147838965058327","0.05147838965058327","0.05147838965058327"
"29921","0.03792779520153999","0.03792779520153999","0.03792779520153999"
"29933","0.06232549250125885","0.06232549250125885","0.06232549250125885"
"30005","0.05819036439061165","0.05819036439061165","0.05819036439061165"
"30033","0.054675836116075516","0.054675836116075516","0.054675836116075516"
"30099","0.05939039587974548","0.05939039587974548","0.05939039587974548"
"30138","0.04876375198364258","0.04876375198364258","0.04876375198364258"
"30152","0.06228172779083252","0.06228172779083252","0.06228172779083252"
"30153","0.04959389939904213","0.04959389939904213","0.04959389939904213"
"30172","0.06040043383836746","0.06040043383836746","0.06040043383836746"
"30200","0.05442013591527939","0.05442013591527939","0.05442013591527939"
"30204","0.05881080776453018","0.05881080776453018","0.05881080776453018"
"30205","0.08068838715553284","0.08068838715553284","0.08068838715553284"
"30261","0.03948873281478882","0.03948873281478882","0.03948873281478882"
"30277","0.040375810116529465","0.040375810116529465","0.040375810116529465"
"30309","0.07521182298660278","0.07521182298660278","0.07521182298660278"
"30375","0.06891763210296631","0.06891763210296631","0.06891763210296631"
"30426","0.036246851086616516","0.036246851086616516","0.036246851086616516"
"30469","0.044377293437719345","0.044377293437719345","0.044377293437719345"
"30497","0.04428819566965103","0.04428819566965103","0.04428819566965103"
"30561","0.0866994708776474","0.0866994708776474","0.0866994708776474"
"30564","0.0714632123708725","0.0714632123708725","0.0714632123708725"
"30571","0.051010776311159134","0.051010776311159134","0.051010776311159134"
"30579","0.05507216602563858","0.05507216602563858","0.05507216602563858"
"30582","0.04785965383052826","0.04785965383052826","0.04785965383052826"
"30596","0.0577549934387207","0.0577549934387207","0.0577549934387207"
"30632","0.046294063329696655","0.046294063329696655","0.046294063329696655"
"30670","0.06479094922542572","0.06479094922542572","0.06479094922542572"
"30675","0.05222468823194504","0.05222468823194504","0.05222468823194504"
"30677","0.07570165395736694","0.07570165395736694","0.07570165395736694"
"30737","0.052161335945129395","0.052161335945129395","0.052161335945129395"
"30769","0.051908887922763824","0.051908887922763824","0.051908887922763824"
"30771","0.056983962655067444","0.056983962655067444","0.056983962655067444"
"30801","0.04223126918077469","0.04223126918077469","0.04223126918077469"
"30814","0.04670403152704239","0.04670403152704239","0.04670403152704239"
"30854","0.07117238640785217","0.07117238640785217","0.07117238640785217"
"30906","0.05052511766552925","0.05052511766552925","0.05052511766552925"
"30929","0.05000051110982895","0.05000051110982895","0.05000051110982895"
"30930","0.04202801734209061","0.04202801734209061","0.04202801734209061"
"30937","0.0490599200129509","0.0490599200129509","0.0490599200129509"
"30943","0.04186618700623512","0.04186618700623512","0.04186618700623512"
"30983","0.05421456694602966","0.05421456694602966","0.05421456694602966"
"30987","0.04535960406064987","0.04535960406064987","0.04535960406064987"
"31031","0.06284187734127045","0.06284187734127045","0.06284187734127045"
"31084","0.04805932193994522","0.04805932193994522","0.04805932193994522"
"31100","0.0583791621029377","0.0583791621029377","0.0583791621029377"
"31107","0.04986187070608139","0.04986187070608139","0.04986187070608139"
"31110","0.07685452699661255","0.07685452699661255","0.07685452699661255"
"31194","0.037511829286813736","0.037511829286813736","0.037511829286813736"
"31195","0.057627417147159576","0.057627417147159576","0.057627417147159576"
"31204","0.061014674603939056","0.061014674603939056","0.061014674603939056"
"31245","0.06197694316506386","0.06197694316506386","0.06197694316506386"
"31286","0.0445326529443264","0.0445326529443264","0.0445326529443264"
"31304","0.05522662401199341","0.05522662401199341","0.05522662401199341"
"31325","0.06131609529256821","0.06131609529256821","0.06131609529256821"
"31340","0.07475022971630096","0.07475022971630096","0.07475022971630096"
"31354","0.060352347791194916","0.060352347791194916","0.060352347791194916"
"31357","0.05083082616329193","0.05083082616329193","0.05083082616329193"
"31368","0.04642239958047867","0.04642239958047867","0.04642239958047867"
"31388","0.03914431482553482","0.03914431482553482","0.03914431482553482"
"31408","0.039509888738393784","0.039509888738393784","0.039509888738393784"
"31420","0.05819433182477951","0.05819433182477951","0.05819433182477951"
"31456","0.056763142347335815","0.056763142347335815","0.056763142347335815"
"31495","0.05561591684818268","0.05561591684818268","0.05561591684818268"
"31504","0.055077776312828064","0.055077776312828064","0.055077776312828064"
"31508","0.061385542154312134","0.061385542154312134","0.061385542154312134"
"31543","0.04305345192551613","0.04305345192551613","0.04305345192551613"
"31600","0.048960112035274506","0.048960112035274506","0.048960112035274506"
"31612","0.06690337508916855","0.06690337508916855","0.06690337508916855"
"31630","0.06481659412384033","0.06481659412384033","0.06481659412384033"
"31666","0.05560033395886421","0.05560033395886421","0.05560033395886421"
"31705","0.049886807799339294","0.049886807799339294","0.049886807799339294"
"31709","0.06655280292034149","0.06655280292034149","0.06655280292034149"
"31720","0.05649226903915405","0.05649226903915405","0.05649226903915405"
"31735","0.05516009405255318","0.05516009405255318","0.05516009405255318"
"31743","0.04839079827070236","0.04839079827070236","0.04839079827070236"
"31747","0.05642595887184143","0.05642595887184143","0.05642595887184143"
"31750","0.042464084923267365","0.042464084923267365","0.042464084923267365"
"31769","0.05163831263780594","0.05163831263780594","0.05163831263780594"
"31817","0.05123089253902435","0.05123089253902435","0.05123089253902435"
"31880","0.05593138188123703","0.05593138188123703","0.05593138188123703"
"31886","0.04625872150063515","0.04625872150063515","0.04625872150063515"
"31909","0.04262074455618858","0.04262074455618858","0.04262074455618858"
"31910","0.047905467450618744","0.047905467450618744","0.047905467450618744"
"31952","0.048059381544589996","0.048059381544589996","0.048059381544589996"
"31970","0.05189631134271622","0.05189631134271622","0.05189631134271622"
"31977","0.07001716643571854","0.07001716643571854","0.07001716643571854"
"31993","0.04909723252058029","0.04909723252058029","0.04909723252058029"
"32011","0.05941244959831238","0.05941244959831238","0.05941244959831238"
"32012","0.059870779514312744","0.059870779514312744","0.059870779514312744"
"32020","0.057847730815410614","0.057847730815410614","0.057847730815410614"
"32076","0.05305881053209305","0.05305881053209305","0.05305881053209305"
"32079","0.04865186661481857","0.04865186661481857","0.04865186661481857"
"32082","0.04170806705951691","0.04170806705951691","0.04170806705951691"
"32090","0.0403701514005661","0.0403701514005661","0.0403701514005661"
"32106","0.03551516681909561","0.03551516681909561","0.03551516681909561"
"32146","0.04259639233350754","0.04259639233350754","0.04259639233350754"
"32156","0.05374167114496231","0.05374167114496231","0.05374167114496231"
"32164","0.04589591920375824","0.04589591920375824","0.04589591920375824"
"32175","0.04501473158597946","0.04501473158597946","0.04501473158597946"
"32189","0.04523459076881409","0.04523459076881409","0.04523459076881409"
"32190","0.05794212594628334","0.05794212594628334","0.05794212594628334"
"32194","0.0551394447684288","0.0551394447684288","0.0551394447684288"
"32210","0.04364361613988876","0.04364361613988876","0.04364361613988876"
"32214","0.057346243411302567","0.057346243411302567","0.057346243411302567"
"32233","0.045873090624809265","0.045873090624809265","0.045873090624809265"
"32248","0.06235183775424957","0.06235183775424957","0.06235183775424957"
"32296","0.05711377039551735","0.05711377039551735","0.05711377039551735"
"32311","0.04938177764415741","0.04938177764415741","0.04938177764415741"
"32316","0.055960763245821","0.055960763245821","0.055960763245821"
"32356","0.06254106014966965","0.06254106014966965","0.06254106014966965"
"32375","0.03920754790306091","0.03920754790306091","0.03920754790306091"
"32417","0.04086071625351906","0.04086071625351906","0.04086071625351906"
"32434","0.05763205140829086","0.05763205140829086","0.05763205140829086"
"32441","0.055380769073963165","0.055380769073963165","0.055380769073963165"
"32448","0.04161542281508446","0.04161542281508446","0.04161542281508446"
"32519","0.06387083232402802","0.06387083232402802","0.06387083232402802"
"32541","0.05938486382365227","0.05938486382365227","0.05938486382365227"
"32580","0.04508684575557709","0.04508684575557709","0.04508684575557709"
"32637","0.044057197868824005","0.044057197868824005","0.044057197868824005"
"32668","0.039480164647102356","0.039480164647102356","0.039480164647102356"
"32683","0.05869671702384949","0.05869671702384949","0.05869671702384949"
"32696","0.05615633726119995","0.05615633726119995","0.05615633726119995"
"32723","0.04520481824874878","0.04520481824874878","0.04520481824874878"
"32750","0.05667828768491745","0.05667828768491745","0.05667828768491745"
"32789","0.06237059086561203","0.06237059086561203","0.06237059086561203"
"32805","0.05224252864718437","0.05224252864718437","0.05224252864718437"
"32825","0.0457979291677475","0.0457979291677475","0.0457979291677475"
"32832","0.046543799340724945","0.046543799340724945","0.046543799340724945"
"32862","0.057988084852695465","0.057988084852695465","0.057988084852695465"
"32881","0.039428479969501495","0.039428479969501495","0.039428479969501495"
"32924","0.05294191837310791","0.05294191837310791","0.05294191837310791"
"32933","0.059915922582149506","0.059915922582149506","0.059915922582149506"
"32953","0.059992603957653046","0.059992603957653046","0.059992603957653046"
"33050","0.05399161949753761","0.05399161949753761","0.05399161949753761"
"33061","0.0541236437857151","0.0541236437857151","0.0541236437857151"
"33062","0.047695793211460114","0.047695793211460114","0.047695793211460114"
"33068","0.04914158582687378","0.04914158582687378","0.04914158582687378"
"33088","0.04256901144981384","0.04256901144981384","0.04256901144981384"
"33131","0.05124152451753616","0.05124152451753616","0.05124152451753616"
"33139","0.057917192578315735","0.057917192578315735","0.057917192578315735"
"33177","0.05453193560242653","0.05453193560242653","0.05453193560242653"
"33267","0.05499155819416046","0.05499155819416046","0.05499155819416046"
"33288","0.05151320621371269","0.05151320621371269","0.05151320621371269"
"33335","0.04659204185009003","0.04659204185009003","0.04659204185009003"
"33343","0.04478214681148529","0.04478214681148529","0.04478214681148529"
"33346","0.05028891935944557","0.05028891935944557","0.05028891935944557"
"33355","0.04904172569513321","0.04904172569513321","0.04904172569513321"
"33381","0.04868993163108826","0.04868993163108826","0.04868993163108826"
"33450","0.05907069519162178","0.05907069519162178","0.05907069519162178"
"33469","0.062249623239040375","0.062249623239040375","0.062249623239040375"
"33483","0.057249076664447784","0.057249076664447784","0.057249076664447784"
"33501","0.04444423317909241","0.04444423317909241","0.04444423317909241"
"33545","0.07499881833791733","0.07499881833791733","0.07499881833791733"
"33546","0.062108710408210754","0.062108710408210754","0.062108710408210754"
"33556","0.05588056519627571","0.05588056519627571","0.05588056519627571"
"33561","0.0598558634519577","0.0598558634519577","0.0598558634519577"
"33564","0.045956090092659","0.045956090092659","0.045956090092659"
"33572","0.035056982189416885","0.035056982189416885","0.035056982189416885"
"33629","0.03720548003911972","0.03720548003911972","0.03720548003911972"
"33698","0.04806290939450264","0.04806290939450264","0.04806290939450264"
"33722","0.04825948178768158","0.04825948178768158","0.04825948178768158"
"33765","0.04773566126823425","0.04773566126823425","0.04773566126823425"
"33775","0.049824900925159454","0.049824900925159454","0.049824900925159454"
"33781","0.06533291190862656","0.06533291190862656","0.06533291190862656"
"33794","0.04014023393392563","0.04014023393392563","0.04014023393392563"
"33868","0.058026231825351715","0.058026231825351715","0.058026231825351715"
"33887","0.061988212168216705","0.061988212168216705","0.061988212168216705"
"33934","0.04678931459784508","0.04678931459784508","0.04678931459784508"
"33940","0.06480000913143158","0.06480000913143158","0.06480000913143158"
"33941","0.053060922771692276","0.053060922771692276","0.053060922771692276"
"34006","0.0376601368188858","0.0376601368188858","0.0376601368188858"
"34014","0.058061204850673676","0.058061204850673676","0.058061204850673676"
"34022","0.050827570259571075","0.050827570259571075","0.050827570259571075"
"34063","0.058144472539424896","0.058144472539424896","0.058144472539424896"
"34114","0.08193814754486084","0.08193814754486084","0.08193814754486084"
"34122","0.06083115190267563","0.06083115190267563","0.06083115190267563"
"34137","0.04814483970403671","0.04814483970403671","0.04814483970403671"
"34146","0.06873806565999985","0.06873806565999985","0.06873806565999985"
"34161","0.07594694942235947","0.07594694942235947","0.07594694942235947"
"34176","0.060543645173311234","0.060543645173311234","0.060543645173311234"
"34223","0.06119799613952637","0.06119799613952637","0.06119799613952637"
"34224","0.051882050931453705","0.051882050931453705","0.051882050931453705"
"34244","0.06543417274951935","0.06543417274951935","0.06543417274951935"
"34322","0.047553643584251404","0.047553643584251404","0.047553643584251404"
"34346","0.057736191898584366","0.057736191898584366","0.057736191898584366"
"34364","0.04854948818683624","0.04854948818683624","0.04854948818683624"
"34381","0.05042831599712372","0.05042831599712372","0.05042831599712372"
"34410","0.038633525371551514","0.038633525371551514","0.038633525371551514"
"34418","0.04822785407304764","0.04822785407304764","0.04822785407304764"
"34459","0.06313811987638474","0.06313811987638474","0.06313811987638474"
"34481","0.043157435953617096","0.043157435953617096","0.043157435953617096"
"34509","0.04242350161075592","0.04242350161075592","0.04242350161075592"
"34558","0.05239172279834747","0.05239172279834747","0.05239172279834747"
"34561","0.06256061047315598","0.06256061047315598","0.06256061047315598"
"34564","0.047324299812316895","0.047324299812316895","0.047324299812316895"
"34610","0.04442521929740906","0.04442521929740906","0.04442521929740906"
"34615","0.05095983296632767","0.05095983296632767","0.05095983296632767"
"34619","0.04571741819381714","0.04571741819381714","0.04571741819381714"
"34620","0.06440986692905426","0.06440986692905426","0.06440986692905426"
"34623","0.04531518369913101","0.04531518369913101","0.04531518369913101"
"34642","0.06311523914337158","0.06311523914337158","0.06311523914337158"
"34661","0.047199055552482605","0.047199055552482605","0.047199055552482605"
"34666","0.04815499484539032","0.04815499484539032","0.04815499484539032"
"34678","0.041320644319057465","0.041320644319057465","0.041320644319057465"
"34694","0.05068662762641907","0.05068662762641907","0.05068662762641907"
"34707","0.06481156498193741","0.06481156498193741","0.06481156498193741"
"34760","0.07065412402153015","0.07065412402153015","0.07065412402153015"
"34761","0.06004945561289787","0.06004945561289787","0.06004945561289787"
"34817","0.06729297339916229","0.06729297339916229","0.06729297339916229"
"34853","0.05240315943956375","0.05240315943956375","0.05240315943956375"
"34918","0.05741904303431511","0.05741904303431511","0.05741904303431511"
"34960","0.07136250287294388","0.07136250287294388","0.07136250287294388"
"34990","0.06955067068338394","0.06955067068338394","0.06955067068338394"
"35005","0.05963008105754852","0.05963008105754852","0.05963008105754852"
"35016","0.047781214118003845","0.047781214118003845","0.047781214118003845"
"35021","0.07478250563144684","0.07478250563144684","0.07478250563144684"
"35039","0.06888700276613235","0.06888700276613235","0.06888700276613235"
"35046","0.06975174695253372","0.06975174695253372","0.06975174695253372"
"35072","0.045054495334625244","0.045054495334625244","0.045054495334625244"
"35078","0.06143585219979286","0.06143585219979286","0.06143585219979286"
"35107","0.052191540598869324","0.052191540598869324","0.052191540598869324"
"35122","0.06725619733333588","0.06725619733333588","0.06725619733333588"
"35129","0.03438601642847061","0.03438601642847061","0.03438601642847061"
"35149","0.055986229330301285","0.055986229330301285","0.055986229330301285"
"35171","0.05350033566355705","0.05350033566355705","0.05350033566355705"
"35184","0.056104499846696854","0.056104499846696854","0.056104499846696854"
"35187","0.049247272312641144","0.049247272312641144","0.049247272312641144"
"35226","0.06815984845161438","0.06815984845161438","0.06815984845161438"
"35231","0.05364283174276352","0.05364283174276352","0.05364283174276352"
"35235","0.04286637902259827","0.04286637902259827","0.04286637902259827"
"35239","0.05356001853942871","0.05356001853942871","0.05356001853942871"
"35272","0.058066852390766144","0.058066852390766144","0.058066852390766144"
"35294","0.047351595014333725","0.047351595014333725","0.047351595014333725"
"35321","0.03861057758331299","0.03861057758331299","0.03861057758331299"
"35333","0.058335453271865845","0.058335453271865845","0.058335453271865845"
"35340","0.04817984998226166","0.04817984998226166","0.04817984998226166"
"35347","0.05027655512094498","0.05027655512094498","0.05027655512094498"
"35352","0.04131578654050827","0.04131578654050827","0.04131578654050827"
"35375","0.05450158566236496","0.05450158566236496","0.05450158566236496"
"35379","0.0438685268163681","0.0438685268163681","0.0438685268163681"
"35395","0.06469421088695526","0.06469421088695526","0.06469421088695526"
"35417","0.037960443645715714","0.037960443645715714","0.037960443645715714"
"35425","0.05727558583021164","0.05727558583021164","0.05727558583021164"
"35451","0.05156387388706207","0.05156387388706207","0.05156387388706207"
"35478","0.05017153173685074","0.05017153173685074","0.05017153173685074"
"35496","0.05324292927980423","0.05324292927980423","0.05324292927980423"
"35534","0.05476699024438858","0.05476699024438858","0.05476699024438858"
"35539","0.059038035571575165","0.059038035571575165","0.059038035571575165"
"35547","0.05423400551080704","0.05423400551080704","0.05423400551080704"
"35595","0.06394802033901215","0.06394802033901215","0.06394802033901215"
"35604","0.07048168778419495","0.07048168778419495","0.07048168778419495"
"35633","0.058423660695552826","0.058423660695552826","0.058423660695552826"
"35653","0.06051674857735634","0.06051674857735634","0.06051674857735634"
"35760","0.05814819037914276","0.05814819037914276","0.05814819037914276"
"35767","0.0596906840801239","0.0596906840801239","0.0596906840801239"
"35791","0.06580223888158798","0.06580223888158798","0.06580223888158798"
"35822","0.05360300838947296","0.05360300838947296","0.05360300838947296"
"35842","0.03764799237251282","0.03764799237251282","0.03764799237251282"
"35848","0.05474238842725754","0.05474238842725754","0.05474238842725754"
"35856","0.044974375516176224","0.044974375516176224","0.044974375516176224"
"35858","0.045228999108076096","0.045228999108076096","0.045228999108076096"
"35895","0.05451936274766922","0.05451936274766922","0.05451936274766922"
"35920","0.05339902266860008","0.05339902266860008","0.05339902266860008"
"35942","0.04917716234922409","0.04917716234922409","0.04917716234922409"
"35996","0.053128741681575775","0.053128741681575775","0.053128741681575775"
"36011","0.04736240580677986","0.04736240580677986","0.04736240580677986"
"36018","0.05214308574795723","0.05214308574795723","0.05214308574795723"
"36025","0.054754339158535004","0.054754339158535004","0.054754339158535004"
"36072","0.06882206350564957","0.06882206350564957","0.06882206350564957"
"36136","0.041881442070007324","0.041881442070007324","0.041881442070007324"
"36142","0.055132828652858734","0.055132828652858734","0.055132828652858734"
"36179","0.05432985723018646","0.05432985723018646","0.05432985723018646"
"36213","0.05010832101106644","0.05010832101106644","0.05010832101106644"
"36240","0.05387403443455696","0.05387403443455696","0.05387403443455696"
"36272","0.049848709255456924","0.049848709255456924","0.049848709255456924"
"36281","0.05073631927371025","0.05073631927371025","0.05073631927371025"
"36324","0.061581023037433624","0.061581023037433624","0.061581023037433624"
"36327","0.04075251519680023","0.04075251519680023","0.04075251519680023"
"36381","0.045200198888778687","0.045200198888778687","0.045200198888778687"
"36403","0.06068231910467148","0.06068231910467148","0.06068231910467148"
"36484","0.05994822457432747","0.05994822457432747","0.05994822457432747"
"36518","0.05795009434223175","0.05795009434223175","0.05795009434223175"
"36532","0.05036262795329094","0.05036262795329094","0.05036262795329094"
"36534","0.06462831795215607","0.06462831795215607","0.06462831795215607"
"36536","0.060596343129873276","0.060596343129873276","0.060596343129873276"
"36545","0.04638562351465225","0.04638562351465225","0.04638562351465225"
"36552","0.05170423537492752","0.05170423537492752","0.05170423537492752"
"36568","0.07005630433559418","0.07005630433559418","0.07005630433559418"
"36588","0.059446241706609726","0.059446241706609726","0.059446241706609726"
"36639","0.049870409071445465","0.049870409071445465","0.049870409071445465"
"36671","0.05065181851387024","0.05065181851387024","0.05065181851387024"
"36704","0.04968356341123581","0.04968356341123581","0.04968356341123581"
"36722","0.05239521339535713","0.05239521339535713","0.05239521339535713"
"36762","0.04625774919986725","0.04625774919986725","0.04625774919986725"
"36768","0.048936206847429276","0.048936206847429276","0.048936206847429276"
"36830","0.05017032474279404","0.05017032474279404","0.05017032474279404"
"36837","0.05663304403424263","0.05663304403424263","0.05663304403424263"
"36840","0.043484993278980255","0.043484993278980255","0.043484993278980255"
"36865","0.061154112219810486","0.061154112219810486","0.061154112219810486"
"36866","0.05483175814151764","0.05483175814151764","0.05483175814151764"
"36889","0.04816171154379845","0.04816171154379845","0.04816171154379845"
"36892","0.0558885894715786","0.0558885894715786","0.0558885894715786"
"36906","0.049980923533439636","0.049980923533439636","0.049980923533439636"
"36909","0.0541946142911911","0.0541946142911911","0.0541946142911911"
"36931","0.05241575092077255","0.05241575092077255","0.05241575092077255"
"36942","0.04723861813545227","0.04723861813545227","0.04723861813545227"
"36961","0.0444941446185112","0.0444941446185112","0.0444941446185112"
"36964","0.055104680359363556","0.055104680359363556","0.055104680359363556"
"36969","0.058481670916080475","0.058481670916080475","0.058481670916080475"
"36974","0.044347576797008514","0.044347576797008514","0.044347576797008514"
"36978","0.07560087740421295","0.07560087740421295","0.07560087740421295"
"37021","0.04061455279588699","0.04061455279588699","0.04061455279588699"
"37057","0.039686352014541626","0.039686352014541626","0.039686352014541626"
"37078","0.056835804134607315","0.056835804134607315","0.056835804134607315"
"37079","0.04487169533967972","0.04487169533967972","0.04487169533967972"
"37086","0.06031174957752228","0.06031174957752228","0.06031174957752228"
"37113","0.03508992865681648","0.03508992865681648","0.03508992865681648"
"37116","0.04913601279258728","0.04913601279258728","0.04913601279258728"
"37138","0.04989892989397049","0.04989892989397049","0.04989892989397049"
"37141","0.047094766050577164","0.047094766050577164","0.047094766050577164"
"37149","0.05546266585588455","0.05546266585588455","0.05546266585588455"
"37163","0.03584782034158707","0.03584782034158707","0.03584782034158707"
"37182","0.06353765726089478","0.06353765726089478","0.06353765726089478"
"37211","0.056702859699726105","0.056702859699726105","0.056702859699726105"
"37262","0.05242109298706055","0.05242109298706055","0.05242109298706055"
"37337","0.04761481285095215","0.04761481285095215","0.04761481285095215"
"37341","0.06364710628986359","0.06364710628986359","0.06364710628986359"
"37355","0.05895029008388519","0.05895029008388519","0.05895029008388519"
"37367","0.059709884226322174","0.059709884226322174","0.059709884226322174"
"37378","0.05120252072811127","0.05120252072811127","0.05120252072811127"
"37407","0.03908403962850571","0.03908403962850571","0.03908403962850571"
"37414","0.04338504746556282","0.04338504746556282","0.04338504746556282"
"37592","0.04772791638970375","0.04772791638970375","0.04772791638970375"
"37628","0.04648955538868904","0.04648955538868904","0.04648955538868904"
"37661","0.057490866631269455","0.057490866631269455","0.057490866631269455"
"37717","0.044058509171009064","0.044058509171009064","0.044058509171009064"
"37718","0.03813222795724869","0.03813222795724869","0.03813222795724869"
"37742","0.06095656380057335","0.06095656380057335","0.06095656380057335"
"37747","0.05556385964155197","0.05556385964155197","0.05556385964155197"
"37781","0.05071646347641945","0.05071646347641945","0.05071646347641945"
"37785","0.054727908223867416","0.054727908223867416","0.054727908223867416"
"37788","0.04750506207346916","0.04750506207346916","0.04750506207346916"
"37804","0.04331822320818901","0.04331822320818901","0.04331822320818901"
"37837","0.051332987844944","0.051332987844944","0.051332987844944"
"37853","0.04793249070644379","0.04793249070644379","0.04793249070644379"
"37858","0.05813915655016899","0.05813915655016899","0.05813915655016899"
"37921","0.046604059636592865","0.046604059636592865","0.046604059636592865"
"37956","0.05012625828385353","0.05012625828385353","0.05012625828385353"
"37960","0.04042888432741165","0.04042888432741165","0.04042888432741165"
"37982","0.04879256337881088","0.04879256337881088","0.04879256337881088"
"37984","0.051520317792892456","0.051520317792892456","0.051520317792892456"
"38027","0.05949671193957329","0.05949671193957329","0.05949671193957329"
"38031","0.04759158939123154","0.04759158939123154","0.04759158939123154"
"38041","0.039139024913311005","0.039139024913311005","0.039139024913311005"
"38057","0.0384247787296772","0.0384247787296772","0.0384247787296772"
"38147","0.04525728523731232","0.04525728523731232","0.04525728523731232"
"38163","0.05912328138947487","0.05912328138947487","0.05912328138947487"
"38168","0.05643501132726669","0.05643501132726669","0.05643501132726669"
"38172","0.05406734719872475","0.05406734719872475","0.05406734719872475"
"38186","0.05125613138079643","0.05125613138079643","0.05125613138079643"
"38189","0.046346839517354965","0.046346839517354965","0.046346839517354965"
"38195","0.04460124298930168","0.04460124298930168","0.04460124298930168"
"38203","0.05046915262937546","0.05046915262937546","0.05046915262937546"
"38244","0.04699040204286575","0.04699040204286575","0.04699040204286575"
"38311","0.05013123154640198","0.05013123154640198","0.05013123154640198"
"38325","0.058245353400707245","0.058245353400707245","0.058245353400707245"
"38328","0.060354385524988174","0.060354385524988174","0.060354385524988174"
"38368","0.04790729284286499","0.04790729284286499","0.04790729284286499"
"38430","0.057708218693733215","0.057708218693733215","0.057708218693733215"
"38433","0.07438939809799194","0.07438939809799194","0.07438939809799194"
"38514","0.037096746265888214","0.037096746265888214","0.037096746265888214"
"38550","0.06559832394123077","0.06559832394123077","0.06559832394123077"
"38638","0.053951919078826904","0.053951919078826904","0.053951919078826904"
"38652","0.03437940776348114","0.03437940776348114","0.03437940776348114"
"38662","0.043407000601291656","0.043407000601291656","0.043407000601291656"
"38697","0.08300584554672241","0.08300584554672241","0.08300584554672241"
"38712","0.07424727082252502","0.07424727082252502","0.07424727082252502"
"38774","0.05969468876719475","0.05969468876719475","0.05969468876719475"
"38793","0.056114520877599716","0.056114520877599716","0.056114520877599716"
"38824","0.06579163670539856","0.06579163670539856","0.06579163670539856"
"38830","0.039398252964019775","0.039398252964019775","0.039398252964019775"
"38864","0.06278777122497559","0.06278777122497559","0.06278777122497559"
"38922","0.06358107179403305","0.06358107179403305","0.06358107179403305"
"38933","0.05098370835185051","0.05098370835185051","0.05098370835185051"
"38960","0.06171642243862152","0.06171642243862152","0.06171642243862152"
"38977","0.06014208123087883","0.06014208123087883","0.06014208123087883"
"39010","0.06552202999591827","0.06552202999591827","0.06552202999591827"
"39047","0.07218573987483978","0.07218573987483978","0.07218573987483978"
"39051","0.06024765968322754","0.06024765968322754","0.06024765968322754"
"39066","0.052338577806949615","0.052338577806949615","0.052338577806949615"
"39087","0.05416562408208847","0.05416562408208847","0.05416562408208847"
"39091","0.04371599480509758","0.04371599480509758","0.04371599480509758"
"39096","0.061031799763441086","0.061031799763441086","0.061031799763441086"
"39220","0.046931274235248566","0.046931274235248566","0.046931274235248566"
"39279","0.05558305233716965","0.05558305233716965","0.05558305233716965"
"39294","0.04981056973338127","0.04981056973338127","0.04981056973338127"
"39328","0.06127072870731354","0.06127072870731354","0.06127072870731354"
"39334","0.048648614436388016","0.048648614436388016","0.048648614436388016"
"39396","0.04424808919429779","0.04424808919429779","0.04424808919429779"
"39397","0.061085790395736694","0.061085790395736694","0.061085790395736694"
"39406","0.059017229825258255","0.059017229825258255","0.059017229825258255"
"39412","0.04953227937221527","0.04953227937221527","0.04953227937221527"
"39419","0.05915682017803192","0.05915682017803192","0.05915682017803192"
"39423","0.04445201903581619","0.04445201903581619","0.04445201903581619"
"39424","0.07320773601531982","0.07320773601531982","0.07320773601531982"
"39425","0.05666733533143997","0.05666733533143997","0.05666733533143997"
"39454","0.060690611600875854","0.060690611600875854","0.060690611600875854"
"39463","0.04936328902840614","0.04936328902840614","0.04936328902840614"
"39468","0.06506165862083435","0.06506165862083435","0.06506165862083435"
"39479","0.05571833625435829","0.05571833625435829","0.05571833625435829"
"39503","0.06401777267456055","0.06401777267456055","0.06401777267456055"
"39519","0.052052177488803864","0.052052177488803864","0.052052177488803864"
"39544","0.0673312246799469","0.0673312246799469","0.0673312246799469"
"39556","0.05085976421833038","0.05085976421833038","0.05085976421833038"
"39564","0.04158556088805199","0.04158556088805199","0.04158556088805199"
"39569","0.06105075031518936","0.06105075031518936","0.06105075031518936"
"39611","0.0591600239276886","0.0591600239276886","0.0591600239276886"
"39672","0.05748879909515381","0.05748879909515381","0.05748879909515381"
"39708","0.03864995762705803","0.03864995762705803","0.03864995762705803"
"39716","0.0707508772611618","0.0707508772611618","0.0707508772611618"
"39729","0.0550013929605484","0.0550013929605484","0.0550013929605484"
"39769","0.05297638475894928","0.05297638475894928","0.05297638475894928"
"39773","0.04135461151599884","0.04135461151599884","0.04135461151599884"
"39777","0.036867905408144","0.036867905408144","0.036867905408144"
"39805","0.06458742916584015","0.06458742916584015","0.06458742916584015"
"39834","0.06177525967359543","0.06177525967359543","0.06177525967359543"
"39850","0.04459860175848007","0.04459860175848007","0.04459860175848007"
"39870","0.05896170809864998","0.05896170809864998","0.05896170809864998"
"39898","0.05477498471736908","0.05477498471736908","0.05477498471736908"
"39928","0.0533636100590229","0.0533636100590229","0.0533636100590229"
"39939","0.05587267130613327","0.05587267130613327","0.05587267130613327"
"39976","0.05891918018460274","0.05891918018460274","0.05891918018460274"
"39996","0.04143855348229408","0.04143855348229408","0.04143855348229408"
"40025","0.039058927446603775","0.039058927446603775","0.039058927446603775"
"40105","0.04332592338323593","0.04332592338323593","0.04332592338323593"
"40107","0.05140520632266998","0.05140520632266998","0.05140520632266998"
"40119","0.04605322331190109","0.04605322331190109","0.04605322331190109"
"40126","0.04415222629904747","0.04415222629904747","0.04415222629904747"
"40201","0.05739361047744751","0.05739361047744751","0.05739361047744751"
"40211","0.04681161791086197","0.04681161791086197","0.04681161791086197"
"40266","0.04568891227245331","0.04568891227245331","0.04568891227245331"
"40280","0.05615907534956932","0.05615907534956932","0.05615907534956932"
"40294","0.06614716351032257","0.06614716351032257","0.06614716351032257"
"40366","0.05685669556260109","0.05685669556260109","0.05685669556260109"
"40387","0.06831686198711395","0.06831686198711395","0.06831686198711395"
"40399","0.042960621416568756","0.042960621416568756","0.042960621416568756"
"40413","0.046580757945775986","0.046580757945775986","0.046580757945775986"
"40429","0.04756494611501694","0.04756494611501694","0.04756494611501694"
"40430","0.045968569815158844","0.045968569815158844","0.045968569815158844"
"40487","0.047796860337257385","0.047796860337257385","0.047796860337257385"
"40503","0.061632607132196426","0.061632607132196426","0.061632607132196426"
"40530","0.04641104117035866","0.04641104117035866","0.04641104117035866"
"40554","0.03858400136232376","0.03858400136232376","0.03858400136232376"
"40610","0.06043369323015213","0.06043369323015213","0.06043369323015213"
"40617","0.06478782743215561","0.06478782743215561","0.06478782743215561"
"40618","0.06102848798036575","0.06102848798036575","0.06102848798036575"
"40645","0.058351390063762665","0.058351390063762665","0.058351390063762665"
"40660","0.08110824227333069","0.08110824227333069","0.08110824227333069"
"40667","0.039409197866916656","0.039409197866916656","0.039409197866916656"
"40689","0.0549052357673645","0.0549052357673645","0.0549052357673645"
"40713","0.055043403059244156","0.055043403059244156","0.055043403059244156"
"40717","0.06246168166399002","0.06246168166399002","0.06246168166399002"
"40727","0.04767075926065445","0.04767075926065445","0.04767075926065445"
"40737","0.053480468690395355","0.053480468690395355","0.053480468690395355"
"40803","0.047209031879901886","0.047209031879901886","0.047209031879901886"
"40815","0.040409959852695465","0.040409959852695465","0.040409959852695465"
"40816","0.05534806475043297","0.05534806475043297","0.05534806475043297"
"40820","0.03958898037672043","0.03958898037672043","0.03958898037672043"
"40861","0.04033353924751282","0.04033353924751282","0.04033353924751282"
"40902","0.04620954394340515","0.04620954394340515","0.04620954394340515"
"40907","0.06645843386650085","0.06645843386650085","0.06645843386650085"
"40913","0.051657598465681076","0.051657598465681076","0.051657598465681076"
"40945","0.0558050200343132","0.0558050200343132","0.0558050200343132"
"40965","0.05455171316862106","0.05455171316862106","0.05455171316862106"
"40970","0.045431286096572876","0.045431286096572876","0.045431286096572876"
"41043","0.049191102385520935","0.049191102385520935","0.049191102385520935"
"41082","0.0503469780087471","0.0503469780087471","0.0503469780087471"
"41097","0.06499654054641724","0.06499654054641724","0.06499654054641724"
"41154","0.06095043569803238","0.06095043569803238","0.06095043569803238"
"41158","0.05485706031322479","0.05485706031322479","0.05485706031322479"
"41185","0.06878280639648438","0.06878280639648438","0.06878280639648438"
"41188","0.05026267468929291","0.05026267468929291","0.05026267468929291"
"41237","0.038228146731853485","0.038228146731853485","0.038228146731853485"
"41247","0.05404537543654442","0.05404537543654442","0.05404537543654442"
"41301","0.04747273772954941","0.04747273772954941","0.04747273772954941"
"41347","0.04626193270087242","0.04626193270087242","0.04626193270087242"
"41373","0.04700290784239769","0.04700290784239769","0.04700290784239769"
"41403","0.041799381375312805","0.041799381375312805","0.041799381375312805"
"41414","0.05025571957230568","0.05025571957230568","0.05025571957230568"
"41438","0.04306267946958542","0.04306267946958542","0.04306267946958542"
"41445","0.04155701398849487","0.04155701398849487","0.04155701398849487"
"41466","0.0649033710360527","0.0649033710360527","0.0649033710360527"
"41488","0.04782412573695183","0.04782412573695183","0.04782412573695183"
"41493","0.062068913131952286","0.062068913131952286","0.062068913131952286"
"41509","0.05905938148498535","0.05905938148498535","0.05905938148498535"
"41525","0.05939483642578125","0.05939483642578125","0.05939483642578125"
"41556","0.041386090219020844","0.041386090219020844","0.041386090219020844"
"41601","0.04984534531831741","0.04984534531831741","0.04984534531831741"
"41646","0.04690390080213547","0.04690390080213547","0.04690390080213547"
"41696","0.059443019330501556","0.059443019330501556","0.059443019330501556"
"41753","0.06792356818914413","0.06792356818914413","0.06792356818914413"
"41783","0.0592716783285141","0.0592716783285141","0.0592716783285141"
"41793","0.049813516438007355","0.049813516438007355","0.049813516438007355"
"41841","0.06461727619171143","0.06461727619171143","0.06461727619171143"
"41846","0.05073529854416847","0.05073529854416847","0.05073529854416847"
"41850","0.050911158323287964","0.050911158323287964","0.050911158323287964"
"41912","0.05025427043437958","0.05025427043437958","0.05025427043437958"
"41922","0.05560842528939247","0.05560842528939247","0.05560842528939247"
"41933","0.03944351151585579","0.03944351151585579","0.03944351151585579"
"41981","0.045060306787490845","0.045060306787490845","0.045060306787490845"
"42064","0.03393690660595894","0.03393690660595894","0.03393690660595894"
"42107","0.058881938457489014","0.058881938457489014","0.058881938457489014"
"42119","0.06737188249826431","0.06737188249826431","0.06737188249826431"
"42139","0.05071018263697624","0.05071018263697624","0.05071018263697624"
"42155","0.0328986681997776","0.0328986681997776","0.0328986681997776"
"42185","0.04735342040657997","0.04735342040657997","0.04735342040657997"
"42294","0.04802863672375679","0.04802863672375679","0.04802863672375679"
"42309","0.03749186545610428","0.03749186545610428","0.03749186545610428"
"42315","0.03764026612043381","0.03764026612043381","0.03764026612043381"
"42330","0.05076121166348457","0.05076121166348457","0.05076121166348457"
"42352","0.06050197035074234","0.06050197035074234","0.06050197035074234"
"42366","0.055206697434186935","0.055206697434186935","0.055206697434186935"
"42376","0.038896478712558746","0.038896478712558746","0.038896478712558746"
"42381","0.0537346750497818","0.0537346750497818","0.0537346750497818"
"42400","0.03804939612746239","0.03804939612746239","0.03804939612746239"
"42406","0.04949690029025078","0.04949690029025078","0.04949690029025078"
"42443","0.04160561412572861","0.04160561412572861","0.04160561412572861"
"42450","0.05841388180851936","0.05841388180851936","0.05841388180851936"
"42452","0.037801939994096756","0.037801939994096756","0.037801939994096756"
"42467","0.044145368039608","0.044145368039608","0.044145368039608"
"42491","0.05602354556322098","0.05602354556322098","0.05602354556322098"
"42492","0.05594059079885483","0.05594059079885483","0.05594059079885483"
"42533","0.0438607893884182","0.0438607893884182","0.0438607893884182"
"42586","0.059584587812423706","0.059584587812423706","0.059584587812423706"
"42613","0.04663780331611633","0.04663780331611633","0.04663780331611633"
"42652","0.08190925419330597","0.08190925419330597","0.08190925419330597"
"42660","0.05440496653318405","0.05440496653318405","0.05440496653318405"
"42671","0.05003027990460396","0.05003027990460396","0.05003027990460396"
"42691","0.05390497297048569","0.05390497297048569","0.05390497297048569"
"42710","0.03576389327645302","0.03576389327645302","0.03576389327645302"
"42730","0.054899606853723526","0.054899606853723526","0.054899606853723526"
"42735","0.048706259578466415","0.048706259578466415","0.048706259578466415"
"42741","0.04857400432229042","0.04857400432229042","0.04857400432229042"
"42764","0.058672189712524414","0.058672189712524414","0.058672189712524414"
"42777","0.058375876396894455","0.058375876396894455","0.058375876396894455"
"42797","0.05064040422439575","0.05064040422439575","0.05064040422439575"
"42799","0.04270777851343155","0.04270777851343155","0.04270777851343155"
"42824","0.05073218420147896","0.05073218420147896","0.05073218420147896"
"42926","0.06650485098361969","0.06650485098361969","0.06650485098361969"
"42945","0.06773760914802551","0.06773760914802551","0.06773760914802551"
"42976","0.05833597481250763","0.05833597481250763","0.05833597481250763"
"42984","0.05971817672252655","0.05971817672252655","0.05971817672252655"
"43035","0.04381684213876724","0.04381684213876724","0.04381684213876724"
"43059","0.034739281982183456","0.034739281982183456","0.034739281982183456"
"43069","0.05863768979907036","0.05863768979907036","0.05863768979907036"
"43174","0.0599382221698761","0.0599382221698761","0.0599382221698761"
"43212","0.05703219771385193","0.05703219771385193","0.05703219771385193"
"43222","0.04409492015838623","0.04409492015838623","0.04409492015838623"
"43234","0.05526810884475708","0.05526810884475708","0.05526810884475708"
"43235","0.05036872252821922","0.05036872252821922","0.05036872252821922"
"43248","0.046584490686655045","0.046584490686655045","0.046584490686655045"
"43269","0.057064227759838104","0.057064227759838104","0.057064227759838104"
"43312","0.05656298249959946","0.05656298249959946","0.05656298249959946"
"43371","0.05718868970870972","0.05718868970870972","0.05718868970870972"
"43382","0.04049648344516754","0.04049648344516754","0.04049648344516754"
"43423","0.03613590449094772","0.03613590449094772","0.03613590449094772"
"43431","0.05942298099398613","0.05942298099398613","0.05942298099398613"
"43433","0.03971778601408005","0.03971778601408005","0.03971778601408005"
"43466","0.04644063860177994","0.04644063860177994","0.04644063860177994"
"43492","0.05016947537660599","0.05016947537660599","0.05016947537660599"
"43497","0.07159591466188431","0.07159591466188431","0.07159591466188431"
"43512","0.05682476982474327","0.05682476982474327","0.05682476982474327"
"43554","0.053236715495586395","0.053236715495586395","0.053236715495586395"
"43587","0.06084616854786873","0.06084616854786873","0.06084616854786873"
"43659","0.06397146731615067","0.06397146731615067","0.06397146731615067"
"43673","0.06269963830709457","0.06269963830709457","0.06269963830709457"
"43686","0.04612574353814125","0.04612574353814125","0.04612574353814125"
"43692","0.058147527277469635","0.058147527277469635","0.058147527277469635"
"43699","0.05203224718570709","0.05203224718570709","0.05203224718570709"
"43724","0.03575284034013748","0.03575284034013748","0.03575284034013748"
"43733","0.02945045381784439","0.02945045381784439","0.02945045381784439"
"43743","0.04646801948547363","0.04646801948547363","0.04646801948547363"
"43775","0.053298965096473694","0.053298965096473694","0.053298965096473694"
"43799","0.057065512984991074","0.057065512984991074","0.057065512984991074"
"43874","0.04513949528336525","0.04513949528336525","0.04513949528336525"
"43888","0.05066665634512901","0.05066665634512901","0.05066665634512901"
"43931","0.06498151272535324","0.06498151272535324","0.06498151272535324"
"43958","0.05345124006271362","0.05345124006271362","0.05345124006271362"
"43971","0.05115080252289772","0.05115080252289772","0.05115080252289772"
"43972","0.05230024829506874","0.05230024829506874","0.05230024829506874"
"43977","0.04908335581421852","0.04908335581421852","0.04908335581421852"
"43998","0.05332444980740547","0.05332444980740547","0.05332444980740547"
"43999","0.07609838247299194","0.07609838247299194","0.07609838247299194"
"44001","0.038402706384658813","0.038402706384658813","0.038402706384658813"
"44003","0.04605169594287872","0.04605169594287872","0.04605169594287872"
"44018","0.056920021772384644","0.056920021772384644","0.056920021772384644"
"44021","0.0441288948059082","0.0441288948059082","0.0441288948059082"
"44049","0.05215612053871155","0.05215612053871155","0.05215612053871155"
"44052","0.04418996721506119","0.04418996721506119","0.04418996721506119"
"44083","0.04313479736447334","0.04313479736447334","0.04313479736447334"
"44116","0.05126388370990753","0.05126388370990753","0.05126388370990753"
"44149","0.0423620343208313","0.0423620343208313","0.0423620343208313"
"44181","0.040076740086078644","0.040076740086078644","0.040076740086078644"
"44199","0.07109883427619934","0.07109883427619934","0.07109883427619934"
"44224","0.046367086470127106","0.046367086470127106","0.046367086470127106"
"44235","0.07105845957994461","0.07105845957994461","0.07105845957994461"
"44242","0.05579390749335289","0.05579390749335289","0.05579390749335289"
"44301","0.047989629209041595","0.047989629209041595","0.047989629209041595"
"44321","0.04520208016037941","0.04520208016037941","0.04520208016037941"
"44386","0.05534236133098602","0.05534236133098602","0.05534236133098602"
"44410","0.048838723450899124","0.048838723450899124","0.048838723450899124"
"44421","0.04843813553452492","0.04843813553452492","0.04843813553452492"
"44448","0.04188054800033569","0.04188054800033569","0.04188054800033569"
"44461","0.05661190301179886","0.05661190301179886","0.05661190301179886"
"44514","0.0650201141834259","0.0650201141834259","0.0650201141834259"
"44527","0.0521436482667923","0.0521436482667923","0.0521436482667923"
"44576","0.04542204365134239","0.04542204365134239","0.04542204365134239"
"44584","0.05100339278578758","0.05100339278578758","0.05100339278578758"
"44626","0.04661134257912636","0.04661134257912636","0.04661134257912636"
"44639","0.04872908443212509","0.04872908443212509","0.04872908443212509"
"44663","0.035660501569509506","0.035660501569509506","0.035660501569509506"
"44715","0.04538242518901825","0.04538242518901825","0.04538242518901825"
"44781","0.04520035162568092","0.04520035162568092","0.04520035162568092"
"44791","0.05465206131339073","0.05465206131339073","0.05465206131339073"
"44798","0.05552215874195099","0.05552215874195099","0.05552215874195099"
"44806","0.05138099566102028","0.05138099566102028","0.05138099566102028"
"44855","0.04499364271759987","0.04499364271759987","0.04499364271759987"
"44857","0.04227060079574585","0.04227060079574585","0.04227060079574585"
"44865","0.054335739463567734","0.054335739463567734","0.054335739463567734"
"44879","0.06453792750835419","0.06453792750835419","0.06453792750835419"
"44931","0.06502269208431244","0.06502269208431244","0.06502269208431244"
"44951","0.05283054709434509","0.05283054709434509","0.05283054709434509"
"44957","0.05211569741368294","0.05211569741368294","0.05211569741368294"
"44981","0.04488001763820648","0.04488001763820648","0.04488001763820648"
"45069","0.07257089018821716","0.07257089018821716","0.07257089018821716"
"45080","0.05632336437702179","0.05632336437702179","0.05632336437702179"
"45086","0.05126016587018967","0.05126016587018967","0.05126016587018967"
"45093","0.04099488630890846","0.04099488630890846","0.04099488630890846"
"45101","0.053328149020671844","0.053328149020671844","0.053328149020671844"
"45111","0.04313332214951515","0.04313332214951515","0.04313332214951515"
"45117","0.06945841014385223","0.06945841014385223","0.06945841014385223"
"45138","0.06283857673406601","0.06283857673406601","0.06283857673406601"
"45151","0.05152424797415733","0.05152424797415733","0.05152424797415733"
"45160","0.04685205966234207","0.04685205966234207","0.04685205966234207"
"45190","0.04467623680830002","0.04467623680830002","0.04467623680830002"
"45191","0.038494907319545746","0.038494907319545746","0.038494907319545746"
"45201","0.056383997201919556","0.056383997201919556","0.056383997201919556"
"45264","0.056243471801280975","0.056243471801280975","0.056243471801280975"
"45296","0.04563608020544052","0.04563608020544052","0.04563608020544052"
"45317","0.04553604871034622","0.04553604871034622","0.04553604871034622"
"45343","0.05203511565923691","0.05203511565923691","0.05203511565923691"
"45346","0.06219501793384552","0.06219501793384552","0.06219501793384552"
"45352","0.0436360165476799","0.0436360165476799","0.0436360165476799"
"45390","0.05056338757276535","0.05056338757276535","0.05056338757276535"
"45429","0.04603884369134903","0.04603884369134903","0.04603884369134903"
"45468","0.06253434717655182","0.06253434717655182","0.06253434717655182"
"45484","0.050484269857406616","0.050484269857406616","0.050484269857406616"
"45495","0.04191629961133003","0.04191629961133003","0.04191629961133003"
"45554","0.058111194521188736","0.058111194521188736","0.058111194521188736"
"45563","0.036486923694610596","0.036486923694610596","0.036486923694610596"
"45566","0.03724084049463272","0.03724084049463272","0.03724084049463272"
"45576","0.05929400771856308","0.05929400771856308","0.05929400771856308"
"45650","0.03247210755944252","0.03247210755944252","0.03247210755944252"
"45651","0.04375704377889633","0.04375704377889633","0.04375704377889633"
"45679","0.061385948210954666","0.061385948210954666","0.061385948210954666"
"45681","0.044005848467350006","0.044005848467350006","0.044005848467350006"
"45701","0.03985249996185303","0.03985249996185303","0.03985249996185303"
"45709","0.05730806291103363","0.05730806291103363","0.05730806291103363"
"45738","0.0654270127415657","0.0654270127415657","0.0654270127415657"
"45739","0.04210275411605835","0.04210275411605835","0.04210275411605835"
"45741","0.055388737469911575","0.055388737469911575","0.055388737469911575"
"45762","0.03630145266652107","0.03630145266652107","0.03630145266652107"
"45797","0.05644284933805466","0.05644284933805466","0.05644284933805466"
"45860","0.05380623787641525","0.05380623787641525","0.05380623787641525"
"45862","0.0557224303483963","0.0557224303483963","0.0557224303483963"
"45877","0.05219964683055878","0.05219964683055878","0.05219964683055878"
"45884","0.04188060760498047","0.04188060760498047","0.04188060760498047"
"45894","0.052816227078437805","0.052816227078437805","0.052816227078437805"
"45899","0.0671876072883606","0.0671876072883606","0.0671876072883606"
"45904","0.049679048359394073","0.049679048359394073","0.049679048359394073"
"45954","0.05606600269675255","0.05606600269675255","0.05606600269675255"
"45964","0.05619530752301216","0.05619530752301216","0.05619530752301216"
"45969","0.05348341539502144","0.05348341539502144","0.05348341539502144"
"45972","0.061812277883291245","0.061812277883291245","0.061812277883291245"
"45989","0.040572259575128555","0.040572259575128555","0.040572259575128555"
"46010","0.04697638750076294","0.04697638750076294","0.04697638750076294"
"46047","0.05734705924987793","0.05734705924987793","0.05734705924987793"
"46078","0.03707297146320343","0.03707297146320343","0.03707297146320343"
"46135","0.06781083345413208","0.06781083345413208","0.06781083345413208"
"46157","0.04295426979660988","0.04295426979660988","0.04295426979660988"
"46172","0.05359821021556854","0.05359821021556854","0.05359821021556854"
"46183","0.044138386845588684","0.044138386845588684","0.044138386845588684"
"46204","0.06332992762327194","0.06332992762327194","0.06332992762327194"
"46223","0.043137893080711365","0.043137893080711365","0.043137893080711365"
"46281","0.06246989592909813","0.06246989592909813","0.06246989592909813"
"46304","0.05950287729501724","0.05950287729501724","0.05950287729501724"
"46398","0.06608815491199493","0.06608815491199493","0.06608815491199493"
"46411","0.044955283403396606","0.044955283403396606","0.044955283403396606"
"46432","0.05181211605668068","0.05181211605668068","0.05181211605668068"
"46435","0.04339100420475006","0.04339100420475006","0.04339100420475006"
"46495","0.04838922619819641","0.04838922619819641","0.04838922619819641"
"46497","0.045205939561128616","0.045205939561128616","0.045205939561128616"
"46524","0.0568406917154789","0.0568406917154789","0.0568406917154789"
"46529","0.05726543813943863","0.05726543813943863","0.05726543813943863"
"46547","0.058560021221637726","0.058560021221637726","0.058560021221637726"
"46557","0.05887676402926445","0.05887676402926445","0.05887676402926445"
"46567","0.05636485666036606","0.05636485666036606","0.05636485666036606"
"46581","0.04305757209658623","0.04305757209658623","0.04305757209658623"
"46607","0.055846650153398514","0.055846650153398514","0.055846650153398514"
"46681","0.07591727375984192","0.07591727375984192","0.07591727375984192"
"46682","0.044253215193748474","0.044253215193748474","0.044253215193748474"
"46700","0.05515696108341217","0.05515696108341217","0.05515696108341217"
"46712","0.04953160136938095","0.04953160136938095","0.04953160136938095"
"46719","0.04562202841043472","0.04562202841043472","0.04562202841043472"
"46723","0.04746914654970169","0.04746914654970169","0.04746914654970169"
"46784","0.04615449905395508","0.04615449905395508","0.04615449905395508"
"46788","0.03823206573724747","0.03823206573724747","0.03823206573724747"
"46791","0.05691279098391533","0.05691279098391533","0.05691279098391533"
"46848","0.0496290847659111","0.0496290847659111","0.0496290847659111"
"46871","0.048934198915958405","0.048934198915958405","0.048934198915958405"
"46890","0.05257147550582886","0.05257147550582886","0.05257147550582886"
"46914","0.043057799339294434","0.043057799339294434","0.043057799339294434"
"46951","0.054673463106155396","0.054673463106155396","0.054673463106155396"
"46988","0.04645870625972748","0.04645870625972748","0.04645870625972748"
"46991","0.04136937856674194","0.04136937856674194","0.04136937856674194"
"47107","0.0575372576713562","0.0575372576713562","0.0575372576713562"
"47112","0.07090164721012115","0.07090164721012115","0.07090164721012115"
"47124","0.06034974008798599","0.06034974008798599","0.06034974008798599"
"47130","0.04789278656244278","0.04789278656244278","0.04789278656244278"
"47163","0.045299939811229706","0.045299939811229706","0.045299939811229706"
"47164","0.04929133504629135","0.04929133504629135","0.04929133504629135"
"47169","0.05098710209131241","0.05098710209131241","0.05098710209131241"
"47190","0.051634885370731354","0.051634885370731354","0.051634885370731354"
"47197","0.06064070761203766","0.06064070761203766","0.06064070761203766"
"47220","0.0591391995549202","0.0591391995549202","0.0591391995549202"
"47223","0.05704497918486595","0.05704497918486595","0.05704497918486595"
"47243","0.04740089178085327","0.04740089178085327","0.04740089178085327"
"47267","0.04323006421327591","0.04323006421327591","0.04323006421327591"
"47374","0.047076594084501266","0.047076594084501266","0.047076594084501266"
"47516","0.04844418913125992","0.04844418913125992","0.04844418913125992"
"47548","0.05955423414707184","0.05955423414707184","0.05955423414707184"
"47577","0.08749710023403168","0.08749710023403168","0.08749710023403168"
"47584","0.046031784266233444","0.046031784266233444","0.046031784266233444"
"47614","0.053202494978904724","0.053202494978904724","0.053202494978904724"
"47640","0.04729730635881424","0.04729730635881424","0.04729730635881424"
"47657","0.08742687106132507","0.08742687106132507","0.08742687106132507"
"47659","0.06605339050292969","0.06605339050292969","0.06605339050292969"
"47677","0.05715437978506088","0.05715437978506088","0.05715437978506088"
"47685","0.05000265687704086","0.05000265687704086","0.05000265687704086"
"47688","0.05457304045557976","0.05457304045557976","0.05457304045557976"
"47714","0.06801162660121918","0.06801162660121918","0.06801162660121918"
"47751","0.06377001106739044","0.06377001106739044","0.06377001106739044"
"47862","0.04925062134861946","0.04925062134861946","0.04925062134861946"
"47863","0.03814952075481415","0.03814952075481415","0.03814952075481415"
"47865","0.03792130947113037","0.03792130947113037","0.03792130947113037"
"47867","0.03945310413837433","0.03945310413837433","0.03945310413837433"
"47897","0.05827910453081131","0.05827910453081131","0.05827910453081131"
"47900","0.05831904336810112","0.05831904336810112","0.05831904336810112"
"47930","0.045760028064250946","0.045760028064250946","0.045760028064250946"
"47952","0.05645797774195671","0.05645797774195671","0.05645797774195671"
"47954","0.0720222145318985","0.0720222145318985","0.0720222145318985"
"47961","0.06050364300608635","0.06050364300608635","0.06050364300608635"
"47964","0.04958569258451462","0.04958569258451462","0.04958569258451462"
"47980","0.03988688439130783","0.03988688439130783","0.03988688439130783"
"47986","0.054657988250255585","0.054657988250255585","0.054657988250255585"
"48033","0.050790395587682724","0.050790395587682724","0.050790395587682724"
"48036","0.041963450610637665","0.041963450610637665","0.041963450610637665"
"48070","0.04416477307677269","0.04416477307677269","0.04416477307677269"
"48095","0.05980735272169113","0.05980735272169113","0.05980735272169113"
"48119","0.046836964786052704","0.046836964786052704","0.046836964786052704"
"48120","0.0524628572165966","0.0524628572165966","0.0524628572165966"
"48123","0.059931784868240356","0.059931784868240356","0.059931784868240356"
"48133","0.049747586250305176","0.049747586250305176","0.049747586250305176"
"48160","0.07670408487319946","0.07670408487319946","0.07670408487319946"
"48258","0.07447218894958496","0.07447218894958496","0.07447218894958496"
"48262","0.05116242170333862","0.05116242170333862","0.05116242170333862"
"48265","0.05150068923830986","0.05150068923830986","0.05150068923830986"
"48269","0.033994246274232864","0.033994246274232864","0.033994246274232864"
"48272","0.0633954107761383","0.0633954107761383","0.0633954107761383"
"48277","0.05369209125638008","0.05369209125638008","0.05369209125638008"
"48295","0.04902932420372963","0.04902932420372963","0.04902932420372963"
"48306","0.03743395209312439","0.03743395209312439","0.03743395209312439"
"48393","0.03462054952979088","0.03462054952979088","0.03462054952979088"
"48398","0.04247087240219116","0.04247087240219116","0.04247087240219116"
"48422","0.06556887924671173","0.06556887924671173","0.06556887924671173"
"48450","0.051221251487731934","0.051221251487731934","0.051221251487731934"
"48466","0.04390430450439453","0.04390430450439453","0.04390430450439453"
"48467","0.054232656955718994","0.054232656955718994","0.054232656955718994"
"48496","0.040643058717250824","0.040643058717250824","0.040643058717250824"
"48497","0.05541997775435448","0.05541997775435448","0.05541997775435448"
"48525","0.06036811321973801","0.06036811321973801","0.06036811321973801"
"48533","0.050924040377140045","0.050924040377140045","0.050924040377140045"
"48587","0.045400470495224","0.045400470495224","0.045400470495224"
"48589","0.047508835792541504","0.047508835792541504","0.047508835792541504"
"48594","0.05816086009144783","0.05816086009144783","0.05816086009144783"
"48609","0.06131585314869881","0.06131585314869881","0.06131585314869881"
"48629","0.03631047159433365","0.03631047159433365","0.03631047159433365"
"48633","0.039907507598400116","0.039907507598400116","0.039907507598400116"
"48649","0.0695396289229393","0.0695396289229393","0.0695396289229393"
"48663","0.04734921082854271","0.04734921082854271","0.04734921082854271"
"48666","0.04375282675027847","0.04375282675027847","0.04375282675027847"
"48698","0.041631851345300674","0.041631851345300674","0.041631851345300674"
"48700","0.04399752616882324","0.04399752616882324","0.04399752616882324"
"48716","0.06545369327068329","0.06545369327068329","0.06545369327068329"
"48717","0.0460236519575119","0.0460236519575119","0.0460236519575119"
"48744","0.040595341473817825","0.040595341473817825","0.040595341473817825"
"48803","0.05886288732290268","0.05886288732290268","0.05886288732290268"
"48853","0.05374840646982193","0.05374840646982193","0.05374840646982193"
"48916","0.03642891347408295","0.03642891347408295","0.03642891347408295"
"48922","0.04235929995775223","0.04235929995775223","0.04235929995775223"
"48933","0.04835335165262222","0.04835335165262222","0.04835335165262222"
"48936","0.04659440368413925","0.04659440368413925","0.04659440368413925"
"48951","0.05563713610172272","0.05563713610172272","0.05563713610172272"
"48958","0.05296448618173599","0.05296448618173599","0.05296448618173599"
"48964","0.06553956866264343","0.06553956866264343","0.06553956866264343"
"48970","0.06370661407709122","0.06370661407709122","0.06370661407709122"
"48972","0.04438592493534088","0.04438592493534088","0.04438592493534088"
"49004","0.046058088541030884","0.046058088541030884","0.046058088541030884"
"49012","0.04894489794969559","0.04894489794969559","0.04894489794969559"
"49020","0.04744228720664978","0.04744228720664978","0.04744228720664978"
"49021","0.07093683630228043","0.07093683630228043","0.07093683630228043"
"49048","0.06943599134683609","0.06943599134683609","0.06943599134683609"
"49052","0.06323318183422089","0.06323318183422089","0.06323318183422089"
"49056","0.05932239443063736","0.05932239443063736","0.05932239443063736"
"49075","0.045798733830451965","0.045798733830451965","0.045798733830451965"
"49077","0.056256476789712906","0.056256476789712906","0.056256476789712906"
"49080","0.044847939163446426","0.044847939163446426","0.044847939163446426"
"49114","0.054977305233478546","0.054977305233478546","0.054977305233478546"
"49116","0.048181839287281036","0.048181839287281036","0.048181839287281036"
"49151","0.03934968635439873","0.03934968635439873","0.03934968635439873"
"49164","0.041626933962106705","0.041626933962106705","0.041626933962106705"
"49187","0.048536233603954315","0.048536233603954315","0.048536233603954315"
"49189","0.04121498763561249","0.04121498763561249","0.04121498763561249"
"49201","0.049254000186920166","0.049254000186920166","0.049254000186920166"
"49270","0.05526237562298775","0.05526237562298775","0.05526237562298775"
"49274","0.04750363156199455","0.04750363156199455","0.04750363156199455"
"49308","0.038205210119485855","0.038205210119485855","0.038205210119485855"
"49311","0.04304615408182144","0.04304615408182144","0.04304615408182144"
"49313","0.044829823076725006","0.044829823076725006","0.044829823076725006"
"49329","0.06094873696565628","0.06094873696565628","0.06094873696565628"
"49345","0.055354781448841095","0.055354781448841095","0.055354781448841095"
"49389","0.04606768488883972","0.04606768488883972","0.04606768488883972"
"49393","0.05738887935876846","0.05738887935876846","0.05738887935876846"
"49401","0.06907781958580017","0.06907781958580017","0.06907781958580017"
"49434","0.0669039934873581","0.0669039934873581","0.0669039934873581"
"49437","0.05690214782953262","0.05690214782953262","0.05690214782953262"
"49472","0.05116111785173416","0.05116111785173416","0.05116111785173416"
"49516","0.04700475558638573","0.04700475558638573","0.04700475558638573"
"49528","0.04707544296979904","0.04707544296979904","0.04707544296979904"
"49573","0.04568718373775482","0.04568718373775482","0.04568718373775482"
"49622","0.05422230064868927","0.05422230064868927","0.05422230064868927"
"49648","0.03497782349586487","0.03497782349586487","0.03497782349586487"
"49657","0.03839559108018875","0.03839559108018875","0.03839559108018875"
"49662","0.046189941465854645","0.046189941465854645","0.046189941465854645"
"49694","0.06729599833488464","0.06729599833488464","0.06729599833488464"
"49700","0.04492122307419777","0.04492122307419777","0.04492122307419777"
"49716","0.05755895376205444","0.05755895376205444","0.05755895376205444"
"49737","0.04417697340250015","0.04417697340250015","0.04417697340250015"
"49743","0.04850677400827408","0.04850677400827408","0.04850677400827408"
"49779","0.053588688373565674","0.053588688373565674","0.053588688373565674"
"49822","0.051097139716148376","0.051097139716148376","0.051097139716148376"
"49843","0.05951491743326187","0.05951491743326187","0.05951491743326187"
"49868","0.052464671432971954","0.052464671432971954","0.052464671432971954"
"49869","0.051970187574625015","0.051970187574625015","0.051970187574625015"
"49889","0.06135988235473633","0.06135988235473633","0.06135988235473633"
"49892","0.04575344920158386","0.04575344920158386","0.04575344920158386"
"49893","0.04543868079781532","0.04543868079781532","0.04543868079781532"
"49894","0.05037460848689079","0.05037460848689079","0.05037460848689079"
"49959","0.0424676313996315","0.0424676313996315","0.0424676313996315"
"49981","0.0604475662112236","0.0604475662112236","0.0604475662112236"
"50010","0.04555737227201462","0.04555737227201462","0.04555737227201462"
"50014","0.046900562942028046","0.046900562942028046","0.046900562942028046"
"50029","0.046526890248060226","0.046526890248060226","0.046526890248060226"
"50083","0.052024245262145996","0.052024245262145996","0.052024245262145996"
"50108","0.056247223168611526","0.056247223168611526","0.056247223168611526"
"50111","0.05369909852743149","0.05369909852743149","0.05369909852743149"
"50122","0.04899021238088608","0.04899021238088608","0.04899021238088608"
"50128","0.05179190635681152","0.05179190635681152","0.05179190635681152"
"50137","0.048184193670749664","0.048184193670749664","0.048184193670749664"
"50148","0.06821804493665695","0.06821804493665695","0.06821804493665695"
"50161","0.05511441454291344","0.05511441454291344","0.05511441454291344"
"50189","0.06294715404510498","0.06294715404510498","0.06294715404510498"
"50213","0.05118802562355995","0.05118802562355995","0.05118802562355995"
"50221","0.056675076484680176","0.056675076484680176","0.056675076484680176"
"50243","0.06697221845388412","0.06697221845388412","0.06697221845388412"
"50259","0.05428673326969147","0.05428673326969147","0.05428673326969147"
"50280","0.06770557165145874","0.06770557165145874","0.06770557165145874"
"50289","0.03682716190814972","0.03682716190814972","0.03682716190814972"
"50296","0.05735540762543678","0.05735540762543678","0.05735540762543678"
"50370","0.04012008383870125","0.04012008383870125","0.04012008383870125"
"50395","0.058037545531988144","0.058037545531988144","0.058037545531988144"
"50415","0.059392139315605164","0.059392139315605164","0.059392139315605164"
"50434","0.061409950256347656","0.061409950256347656","0.061409950256347656"
"50475","0.053765326738357544","0.053765326738357544","0.053765326738357544"
"50512","0.05294858664274216","0.05294858664274216","0.05294858664274216"
"50525","0.049646731466054916","0.049646731466054916","0.049646731466054916"
"50527","0.04835466295480728","0.04835466295480728","0.04835466295480728"
"50543","0.0484350323677063","0.0484350323677063","0.0484350323677063"
"50555","0.0466020405292511","0.0466020405292511","0.0466020405292511"
"50564","0.06232050061225891","0.06232050061225891","0.06232050061225891"
"50569","0.056916605681180954","0.056916605681180954","0.056916605681180954"
"50579","0.05210274085402489","0.05210274085402489","0.05210274085402489"
"50600","0.07546389847993851","0.07546389847993851","0.07546389847993851"
"50612","0.05365116149187088","0.05365116149187088","0.05365116149187088"
"50709","0.04870381951332092","0.04870381951332092","0.04870381951332092"
"50751","0.058739520609378815","0.058739520609378815","0.058739520609378815"
"50753","0.05041365325450897","0.05041365325450897","0.05041365325450897"
"50772","0.048687417060136795","0.048687417060136795","0.048687417060136795"
"50791","0.04323965311050415","0.04323965311050415","0.04323965311050415"
"50792","0.04143615812063217","0.04143615812063217","0.04143615812063217"
"50810","0.0478452667593956","0.0478452667593956","0.0478452667593956"
"50847","0.058708421885967255","0.058708421885967255","0.058708421885967255"
"50876","0.04586321860551834","0.04586321860551834","0.04586321860551834"
"50892","0.05731826275587082","0.05731826275587082","0.05731826275587082"
"50904","0.062242358922958374","0.062242358922958374","0.062242358922958374"
"50913","0.06955306231975555","0.06955306231975555","0.06955306231975555"
"50936","0.056982796639204025","0.056982796639204025","0.056982796639204025"
"50977","0.054079171270132065","0.054079171270132065","0.054079171270132065"
"51013","0.05275347828865051","0.05275347828865051","0.05275347828865051"
"51040","0.0467706099152565","0.0467706099152565","0.0467706099152565"
"51052","0.04221867397427559","0.04221867397427559","0.04221867397427559"
"51060","0.042652763426303864","0.042652763426303864","0.042652763426303864"
"51071","0.04475807026028633","0.04475807026028633","0.04475807026028633"
"51085","0.04317427799105644","0.04317427799105644","0.04317427799105644"
"51087","0.04867231845855713","0.04867231845855713","0.04867231845855713"
"51122","0.041511379182338715","0.041511379182338715","0.041511379182338715"
"51151","0.04848438501358032","0.04848438501358032","0.04848438501358032"
"51172","0.05601649358868599","0.05601649358868599","0.05601649358868599"
"51177","0.053718242794275284","0.053718242794275284","0.053718242794275284"
"51202","0.05481266602873802","0.05481266602873802","0.05481266602873802"
"51253","0.0437106117606163","0.0437106117606163","0.0437106117606163"
"51278","0.04279601573944092","0.04279601573944092","0.04279601573944092"
"51326","0.05226719006896019","0.05226719006896019","0.05226719006896019"
"51351","0.06823736429214478","0.06823736429214478","0.06823736429214478"
"51393","0.06404983252286911","0.06404983252286911","0.06404983252286911"
"51421","0.04726461321115494","0.04726461321115494","0.04726461321115494"
"51423","0.056806813925504684","0.056806813925504684","0.056806813925504684"
"51424","0.06868886947631836","0.06868886947631836","0.06868886947631836"
"51461","0.04095499962568283","0.04095499962568283","0.04095499962568283"
"51480","0.05233309045433998","0.05233309045433998","0.05233309045433998"
"51526","0.04404567554593086","0.04404567554593086","0.04404567554593086"
"51542","0.04684621840715408","0.04684621840715408","0.04684621840715408"
"51552","0.05818462744355202","0.05818462744355202","0.05818462744355202"
"51572","0.05715133994817734","0.05715133994817734","0.05715133994817734"
"51585","0.05624382942914963","0.05624382942914963","0.05624382942914963"
"51602","0.05063673108816147","0.05063673108816147","0.05063673108816147"
"51612","0.05033355951309204","0.05033355951309204","0.05033355951309204"
"51632","0.06439882516860962","0.06439882516860962","0.06439882516860962"
"51637","0.04310578107833862","0.04310578107833862","0.04310578107833862"
"51639","0.06528503447771072","0.06528503447771072","0.06528503447771072"
"51659","0.057214997708797455","0.057214997708797455","0.057214997708797455"
"51747","0.054654330015182495","0.054654330015182495","0.054654330015182495"
"51758","0.05468050390481949","0.05468050390481949","0.05468050390481949"
"51806","0.047361236065626144","0.047361236065626144","0.047361236065626144"
"51810","0.048700250685214996","0.048700250685214996","0.048700250685214996"
"51813","0.04435703158378601","0.04435703158378601","0.04435703158378601"
"51819","0.059081852436065674","0.059081852436065674","0.059081852436065674"
"51822","0.07200811058282852","0.07200811058282852","0.07200811058282852"
"51831","0.04901588708162308","0.04901588708162308","0.04901588708162308"
"51852","0.05655001848936081","0.05655001848936081","0.05655001848936081"
"51858","0.062246572226285934","0.062246572226285934","0.062246572226285934"
"51867","0.03746180981397629","0.03746180981397629","0.03746180981397629"
"51890","0.04663236439228058","0.04663236439228058","0.04663236439228058"
"51894","0.056525737047195435","0.056525737047195435","0.056525737047195435"
"51901","0.044647425413131714","0.044647425413131714","0.044647425413131714"
"51926","0.07644551992416382","0.07644551992416382","0.07644551992416382"
"51937","0.057175859808921814","0.057175859808921814","0.057175859808921814"
"51975","0.0410100519657135","0.0410100519657135","0.0410100519657135"
"51981","0.035616736859083176","0.035616736859083176","0.035616736859083176"
"52005","0.05595868453383446","0.05595868453383446","0.05595868453383446"
"52059","0.0499468557536602","0.0499468557536602","0.0499468557536602"
"52125","0.057638268917798996","0.057638268917798996","0.057638268917798996"
"52150","0.04477712884545326","0.04477712884545326","0.04477712884545326"
"52163","0.04341374337673187","0.04341374337673187","0.04341374337673187"
"52180","0.04445910453796387","0.04445910453796387","0.04445910453796387"
"52183","0.04430147260427475","0.04430147260427475","0.04430147260427475"
"52303","0.03520660847425461","0.03520660847425461","0.03520660847425461"
"52309","0.058337584137916565","0.058337584137916565","0.058337584137916565"
"52356","0.06327512860298157","0.06327512860298157","0.06327512860298157"
"52381","0.05506733059883118","0.05506733059883118","0.05506733059883118"
"52385","0.061927393078804016","0.061927393078804016","0.061927393078804016"
"52408","0.07167388498783112","0.07167388498783112","0.07167388498783112"
"52428","0.06705707311630249","0.06705707311630249","0.06705707311630249"
"52441","0.038093335926532745","0.038093335926532745","0.038093335926532745"
"52491","0.03563963249325752","0.03563963249325752","0.03563963249325752"
"52520","0.04641110822558403","0.04641110822558403","0.04641110822558403"
"52542","0.05101844668388367","0.05101844668388367","0.05101844668388367"
"52558","0.044835031032562256","0.044835031032562256","0.044835031032562256"
"52578","0.04798119515180588","0.04798119515180588","0.04798119515180588"
"52599","0.04472426697611809","0.04472426697611809","0.04472426697611809"
"52624","0.035534586757421494","0.035534586757421494","0.035534586757421494"
"52660","0.039181552827358246","0.039181552827358246","0.039181552827358246"
"52691","0.0422072559595108","0.0422072559595108","0.0422072559595108"
"52720","0.043007925152778625","0.043007925152778625","0.043007925152778625"
"52747","0.05883605405688286","0.05883605405688286","0.05883605405688286"
"52757","0.04040202498435974","0.04040202498435974","0.04040202498435974"
"52774","0.07457303255796432","0.07457303255796432","0.07457303255796432"
"52802","0.049347586929798126","0.049347586929798126","0.049347586929798126"
"52804","0.07380332052707672","0.07380332052707672","0.07380332052707672"
"52888","0.055784571915864944","0.055784571915864944","0.055784571915864944"
"52936","0.048741571605205536","0.048741571605205536","0.048741571605205536"
"52947","0.0512695275247097","0.0512695275247097","0.0512695275247097"
"52955","0.04329587519168854","0.04329587519168854","0.04329587519168854"
"52987","0.05573215335607529","0.05573215335607529","0.05573215335607529"
"52997","0.06237874925136566","0.06237874925136566","0.06237874925136566"
"53068","0.06190303713083267","0.06190303713083267","0.06190303713083267"
"53089","0.03984229266643524","0.03984229266643524","0.03984229266643524"
"53092","0.038924623280763626","0.038924623280763626","0.038924623280763626"
"53096","0.05656920745968819","0.05656920745968819","0.05656920745968819"
"53099","0.04649188742041588","0.04649188742041588","0.04649188742041588"
"53103","0.05238676071166992","0.05238676071166992","0.05238676071166992"
"53113","0.04215247556567192","0.04215247556567192","0.04215247556567192"
"53119","0.07950401306152344","0.07950401306152344","0.07950401306152344"
"53122","0.06544806063175201","0.06544806063175201","0.06544806063175201"
"53128","0.04423867166042328","0.04423867166042328","0.04423867166042328"
"53145","0.057366371154785156","0.057366371154785156","0.057366371154785156"
"53190","0.04661565274000168","0.04661565274000168","0.04661565274000168"
"53229","0.03383889049291611","0.03383889049291611","0.03383889049291611"
"53233","0.05025799572467804","0.05025799572467804","0.05025799572467804"
"53239","0.047238465398550034","0.047238465398550034","0.047238465398550034"
"53249","0.04693250358104706","0.04693250358104706","0.04693250358104706"
"53352","0.05316191539168358","0.05316191539168358","0.05316191539168358"
"53376","0.041824378073215485","0.041824378073215485","0.041824378073215485"
"53432","0.04661296308040619","0.04661296308040619","0.04661296308040619"
"53465","0.044589970260858536","0.044589970260858536","0.044589970260858536"
"53549","0.07349930703639984","0.07349930703639984","0.07349930703639984"
"53555","0.0399312749505043","0.0399312749505043","0.0399312749505043"
"53567","0.03390242159366608","0.03390242159366608","0.03390242159366608"
"53576","0.07523755729198456","0.07523755729198456","0.07523755729198456"
"53580","0.04207456111907959","0.04207456111907959","0.04207456111907959"
"53608","0.07398159801959991","0.07398159801959991","0.07398159801959991"
"53634","0.07210765779018402","0.07210765779018402","0.07210765779018402"
"53664","0.047011848539114","0.047011848539114","0.047011848539114"
"53691","0.03557538986206055","0.03557538986206055","0.03557538986206055"
"53731","0.05199480801820755","0.05199480801820755","0.05199480801820755"
"53749","0.07173026353120804","0.07173026353120804","0.07173026353120804"
"53767","0.05940791592001915","0.05940791592001915","0.05940791592001915"
"53778","0.049513671547174454","0.049513671547174454","0.049513671547174454"
"53788","0.044040512293577194","0.044040512293577194","0.044040512293577194"
"53852","0.04696115851402283","0.04696115851402283","0.04696115851402283"
"53867","0.04498276114463806","0.04498276114463806","0.04498276114463806"
"53872","0.04599561542272568","0.04599561542272568","0.04599561542272568"
"53902","0.04866659641265869","0.04866659641265869","0.04866659641265869"
"53920","0.06479298323392868","0.06479298323392868","0.06479298323392868"
"53953","0.04622391611337662","0.04622391611337662","0.04622391611337662"
"53977","0.06213643401861191","0.06213643401861191","0.06213643401861191"
"53978","0.050545111298561096","0.050545111298561096","0.050545111298561096"
"53981","0.05784299224615097","0.05784299224615097","0.05784299224615097"
"54005","0.04206622391939163","0.04206622391939163","0.04206622391939163"
"54086","0.04890064150094986","0.04890064150094986","0.04890064150094986"
"54099","0.03415092080831528","0.03415092080831528","0.03415092080831528"
"54125","0.04179944097995758","0.04179944097995758","0.04179944097995758"
"54145","0.07004706561565399","0.07004706561565399","0.07004706561565399"
"54154","0.05167166143655777","0.05167166143655777","0.05167166143655777"
"54160","0.060003671795129776","0.060003671795129776","0.060003671795129776"
"54289","0.06531736999750137","0.06531736999750137","0.06531736999750137"
"54335","0.046611059457063675","0.046611059457063675","0.046611059457063675"
"54366","0.04545889049768448","0.04545889049768448","0.04545889049768448"
"54369","0.028662754222750664","0.028662754222750664","0.028662754222750664"
"54394","0.0431109294295311","0.0431109294295311","0.0431109294295311"
"54398","0.05998877435922623","0.05998877435922623","0.05998877435922623"
"54438","0.040021322667598724","0.040021322667598724","0.040021322667598724"
"54453","0.05085154250264168","0.05085154250264168","0.05085154250264168"
"54462","0.05364527553319931","0.05364527553319931","0.05364527553319931"
"54464","0.047390975058078766","0.047390975058078766","0.047390975058078766"
"54509","0.07156319916248322","0.07156319916248322","0.07156319916248322"
"54540","0.057190511375665665","0.057190511375665665","0.057190511375665665"
"54554","0.05557575076818466","0.05557575076818466","0.05557575076818466"
"54562","0.03758133202791214","0.03758133202791214","0.03758133202791214"
"54598","0.04854403808712959","0.04854403808712959","0.04854403808712959"
"54600","0.05235406011343002","0.05235406011343002","0.05235406011343002"
"54626","0.055102113634347916","0.055102113634347916","0.055102113634347916"
"54635","0.05519482493400574","0.05519482493400574","0.05519482493400574"
"54654","0.036411236971616745","0.036411236971616745","0.036411236971616745"
"54697","0.06060604006052017","0.06060604006052017","0.06060604006052017"
"54714","0.04925078526139259","0.04925078526139259","0.04925078526139259"
"54746","0.04367911070585251","0.04367911070585251","0.04367911070585251"
"54748","0.03670872002840042","0.03670872002840042","0.03670872002840042"
"54769","0.06588371843099594","0.06588371843099594","0.06588371843099594"
"54782","0.04771548509597778","0.04771548509597778","0.04771548509597778"
"54790","0.04255470633506775","0.04255470633506775","0.04255470633506775"
"54795","0.04309030994772911","0.04309030994772911","0.04309030994772911"
"54872","0.05745873227715492","0.05745873227715492","0.05745873227715492"
"54873","0.044392384588718414","0.044392384588718414","0.044392384588718414"
"54893","0.0660606324672699","0.0660606324672699","0.0660606324672699"
"54904","0.05523280054330826","0.05523280054330826","0.05523280054330826"
"54922","0.0427161380648613","0.0427161380648613","0.0427161380648613"
"54929","0.0346335843205452","0.0346335843205452","0.0346335843205452"
"54960","0.04919324442744255","0.04919324442744255","0.04919324442744255"
"55003","0.03498326241970062","0.03498326241970062","0.03498326241970062"
"55010","0.04753096401691437","0.04753096401691437","0.04753096401691437"
"55031","0.038485169410705566","0.038485169410705566","0.038485169410705566"
"55037","0.07759284973144531","0.07759284973144531","0.07759284973144531"
"55039","0.051194872707128525","0.051194872707128525","0.051194872707128525"
"55117","0.056857626885175705","0.056857626885175705","0.056857626885175705"
"55126","0.037973519414663315","0.037973519414663315","0.037973519414663315"
"55145","0.04037066549062729","0.04037066549062729","0.04037066549062729"
"55146","0.036062270402908325","0.036062270402908325","0.036062270402908325"
"55210","0.049745723605155945","0.049745723605155945","0.049745723605155945"
"55230","0.05794817954301834","0.05794817954301834","0.05794817954301834"
"55233","0.0634835734963417","0.0634835734963417","0.0634835734963417"
"55276","0.043404486030340195","0.043404486030340195","0.043404486030340195"
"55297","0.052796609699726105","0.052796609699726105","0.052796609699726105"
"55349","0.041160400956869125","0.041160400956869125","0.041160400956869125"
"55357","0.049724310636520386","0.049724310636520386","0.049724310636520386"
"55390","0.0486471951007843","0.0486471951007843","0.0486471951007843"
"55402","0.05053482949733734","0.05053482949733734","0.05053482949733734"
"55433","0.04276047646999359","0.04276047646999359","0.04276047646999359"
"55438","0.04381970316171646","0.04381970316171646","0.04381970316171646"
"55468","0.058947332203388214","0.058947332203388214","0.058947332203388214"
"55487","0.061833664774894714","0.061833664774894714","0.061833664774894714"
"55488","0.07372751832008362","0.07372751832008362","0.07372751832008362"
"55527","0.05027596652507782","0.05027596652507782","0.05027596652507782"
"55538","0.05086245387792587","0.05086245387792587","0.05086245387792587"
"55635","0.04359434172511101","0.04359434172511101","0.04359434172511101"
"55640","0.04302605986595154","0.04302605986595154","0.04302605986595154"
"55648","0.05389536917209625","0.05389536917209625","0.05389536917209625"
"55710","0.04294050857424736","0.04294050857424736","0.04294050857424736"
"55828","0.05301189422607422","0.05301189422607422","0.05301189422607422"
"55832","0.043098900467157364","0.043098900467157364","0.043098900467157364"
"55833","0.04049581289291382","0.04049581289291382","0.04049581289291382"
"55841","0.056593235582113266","0.056593235582113266","0.056593235582113266"
"55850","0.050385862588882446","0.050385862588882446","0.050385862588882446"
"55858","0.04443350434303284","0.04443350434303284","0.04443350434303284"
"55872","0.03680877014994621","0.03680877014994621","0.03680877014994621"
"55897","0.05141263082623482","0.05141263082623482","0.05141263082623482"
"55910","0.04754358157515526","0.04754358157515526","0.04754358157515526"
"55912","0.05050414055585861","0.05050414055585861","0.05050414055585861"
"55917","0.039219170808792114","0.039219170808792114","0.039219170808792114"
"55959","0.05541190505027771","0.05541190505027771","0.05541190505027771"
"55960","0.050376828759908676","0.050376828759908676","0.050376828759908676"
"55971","0.05720118433237076","0.05720118433237076","0.05720118433237076"
"56020","0.04426842927932739","0.04426842927932739","0.04426842927932739"
"56034","0.05820247158408165","0.05820247158408165","0.05820247158408165"
"56051","0.048553697764873505","0.048553697764873505","0.048553697764873505"
"56134","0.05710826814174652","0.05710826814174652","0.05710826814174652"
"56138","0.051208049058914185","0.051208049058914185","0.051208049058914185"
"56210","0.05264641344547272","0.05264641344547272","0.05264641344547272"
"56217","0.04060451313853264","0.04060451313853264","0.04060451313853264"
"56223","0.05893641710281372","0.05893641710281372","0.05893641710281372"
"56251","0.08706636726856232","0.08706636726856232","0.08706636726856232"
"56256","0.04683797061443329","0.04683797061443329","0.04683797061443329"
"56262","0.04320130497217178","0.04320130497217178","0.04320130497217178"
"56265","0.04405711591243744","0.04405711591243744","0.04405711591243744"
"56266","0.05916198343038559","0.05916198343038559","0.05916198343038559"
"56273","0.048883356153964996","0.048883356153964996","0.048883356153964996"
"56335","0.03893841803073883","0.03893841803073883","0.03893841803073883"
"56377","0.047391101717948914","0.047391101717948914","0.047391101717948914"
"56386","0.06157730147242546","0.06157730147242546","0.06157730147242546"
"56393","0.052530884742736816","0.052530884742736816","0.052530884742736816"
"56405","0.043870069086551666","0.043870069086551666","0.043870069086551666"
"56414","0.0383421815931797","0.0383421815931797","0.0383421815931797"
"56434","0.06098540127277374","0.06098540127277374","0.06098540127277374"
"56439","0.04277832806110382","0.04277832806110382","0.04277832806110382"
"56445","0.05535510554909706","0.05535510554909706","0.05535510554909706"
"56477","0.07413575053215027","0.07413575053215027","0.07413575053215027"
"56571","0.04648781567811966","0.04648781567811966","0.04648781567811966"
"56612","0.06380915641784668","0.06380915641784668","0.06380915641784668"
"56619","0.03937437757849693","0.03937437757849693","0.03937437757849693"
"56632","0.04551494121551514","0.04551494121551514","0.04551494121551514"
"56633","0.05377021059393883","0.05377021059393883","0.05377021059393883"
"56682","0.038450609892606735","0.038450609892606735","0.038450609892606735"
"56705","0.05556059628725052","0.05556059628725052","0.05556059628725052"
"56737","0.051671210676431656","0.051671210676431656","0.051671210676431656"
"56770","0.06648558378219604","0.06648558378219604","0.06648558378219604"
"56819","0.05362599715590477","0.05362599715590477","0.05362599715590477"
"56840","0.05413037911057472","0.05413037911057472","0.05413037911057472"
"56865","0.03831750154495239","0.03831750154495239","0.03831750154495239"
"56882","0.04464646428823471","0.04464646428823471","0.04464646428823471"
"56907","0.03981001675128937","0.03981001675128937","0.03981001675128937"
"56918","0.04504271224141121","0.04504271224141121","0.04504271224141121"
"56928","0.03824169933795929","0.03824169933795929","0.03824169933795929"
"56933","0.045809656381607056","0.045809656381607056","0.045809656381607056"
"56937","0.051074348390102386","0.051074348390102386","0.051074348390102386"
"56939","0.03688416630029678","0.03688416630029678","0.03688416630029678"
"56968","0.038014449179172516","0.038014449179172516","0.038014449179172516"
"56983","0.04735604673624039","0.04735604673624039","0.04735604673624039"
"57023","0.049222711473703384","0.049222711473703384","0.049222711473703384"
"57030","0.06495679914951324","0.06495679914951324","0.06495679914951324"
"57037","0.05423299968242645","0.05423299968242645","0.05423299968242645"
"57046","0.06476107984781265","0.06476107984781265","0.06476107984781265"
"57124","0.04963631182909012","0.04963631182909012","0.04963631182909012"
"57134","0.057463619858026505","0.057463619858026505","0.057463619858026505"
"57158","0.05028067156672478","0.05028067156672478","0.05028067156672478"
"57225","0.0635676234960556","0.0635676234960556","0.0635676234960556"
"57229","0.07692906260490417","0.07692906260490417","0.07692906260490417"
"57237","0.03927586227655411","0.03927586227655411","0.03927586227655411"
"57245","0.058523498475551605","0.058523498475551605","0.058523498475551605"
"57257","0.05404772609472275","0.05404772609472275","0.05404772609472275"
"57265","0.0449666827917099","0.0449666827917099","0.0449666827917099"
"57362","0.06440789997577667","0.06440789997577667","0.06440789997577667"
"57368","0.05953696370124817","0.05953696370124817","0.05953696370124817"
"57403","0.05290944501757622","0.05290944501757622","0.05290944501757622"
"57414","0.04453106224536896","0.04453106224536896","0.04453106224536896"
"57474","0.05438394472002983","0.05438394472002983","0.05438394472002983"
"57498","0.04839421063661575","0.04839421063661575","0.04839421063661575"
"57508","0.08114559203386307","0.08114559203386307","0.08114559203386307"
"57535","0.04093874245882034","0.04093874245882034","0.04093874245882034"
"57559","0.0379781574010849","0.0379781574010849","0.0379781574010849"
"57604","0.04618771746754646","0.04618771746754646","0.04618771746754646"
"57606","0.04813450202345848","0.04813450202345848","0.04813450202345848"
"57613","0.044206343591213226","0.044206343591213226","0.044206343591213226"
"57620","0.05033406242728233","0.05033406242728233","0.05033406242728233"
"57627","0.070860356092453","0.070860356092453","0.070860356092453"
"57639","0.04757204279303551","0.04757204279303551","0.04757204279303551"
"57657","0.038915298879146576","0.038915298879146576","0.038915298879146576"
"57659","0.06680561602115631","0.06680561602115631","0.06680561602115631"
"57694","0.04353678226470947","0.04353678226470947","0.04353678226470947"
"57707","0.05385296791791916","0.05385296791791916","0.05385296791791916"
"57721","0.052050843834877014","0.052050843834877014","0.052050843834877014"
"57732","0.0630093514919281","0.0630093514919281","0.0630093514919281"
"57775","0.05898851901292801","0.05898851901292801","0.05898851901292801"
"57801","0.056915033608675","0.056915033608675","0.056915033608675"
"57862","0.052636563777923584","0.052636563777923584","0.052636563777923584"
"57936","0.046203091740608215","0.046203091740608215","0.046203091740608215"
"57953","0.04867444187402725","0.04867444187402725","0.04867444187402725"
"58067","0.053844138979911804","0.053844138979911804","0.053844138979911804"
"58072","0.04861884564161301","0.04861884564161301","0.04861884564161301"
"58103","0.04038604348897934","0.04038604348897934","0.04038604348897934"
"58114","0.04520312696695328","0.04520312696695328","0.04520312696695328"
"58136","0.05351626127958298","0.05351626127958298","0.05351626127958298"
"58145","0.06980443000793457","0.06980443000793457","0.06980443000793457"
"58234","0.05498531460762024","0.05498531460762024","0.05498531460762024"
"58243","0.054158538579940796","0.054158538579940796","0.054158538579940796"
"58284","0.040370311588048935","0.040370311588048935","0.040370311588048935"
"58307","0.040831632912158966","0.040831632912158966","0.040831632912158966"
"58312","0.05148644745349884","0.05148644745349884","0.05148644745349884"
"58343","0.054708752781152725","0.054708752781152725","0.054708752781152725"
"58379","0.06364528834819794","0.06364528834819794","0.06364528834819794"
"58382","0.043763309717178345","0.043763309717178345","0.043763309717178345"
"58392","0.07101848721504211","0.07101848721504211","0.07101848721504211"
"58425","0.05021987110376358","0.05021987110376358","0.05021987110376358"
"58457","0.04405370354652405","0.04405370354652405","0.04405370354652405"
"58485","0.042214348912239075","0.042214348912239075","0.042214348912239075"
"58532","0.06141132861375809","0.06141132861375809","0.06141132861375809"
"58569","0.0560523122549057","0.0560523122549057","0.0560523122549057"
"58584","0.055064328014850616","0.055064328014850616","0.055064328014850616"
"58620","0.07275311648845673","0.07275311648845673","0.07275311648845673"
"58641","0.0629849061369896","0.0629849061369896","0.0629849061369896"
"58671","0.046073704957962036","0.046073704957962036","0.046073704957962036"
"58688","0.065644770860672","0.065644770860672","0.065644770860672"
"58708","0.04467307776212692","0.04467307776212692","0.04467307776212692"
"58718","0.06880417466163635","0.06880417466163635","0.06880417466163635"
"58746","0.060864247381687164","0.060864247381687164","0.060864247381687164"
"58748","0.04375104606151581","0.04375104606151581","0.04375104606151581"
"58821","0.05861099064350128","0.05861099064350128","0.05861099064350128"
"58875","0.05631890147924423","0.05631890147924423","0.05631890147924423"
"58876","0.07080081850290298","0.07080081850290298","0.07080081850290298"
"58916","0.05879966914653778","0.05879966914653778","0.05879966914653778"
"58979","0.046588242053985596","0.046588242053985596","0.046588242053985596"
"59004","0.05997512489557266","0.05997512489557266","0.05997512489557266"
"59014","0.06487688422203064","0.06487688422203064","0.06487688422203064"
"59049","0.06110458821058273","0.06110458821058273","0.06110458821058273"
"59063","0.04167628288269043","0.04167628288269043","0.04167628288269043"
"59101","0.0442487932741642","0.0442487932741642","0.0442487932741642"
"59104","0.0390285924077034","0.0390285924077034","0.0390285924077034"
"59121","0.04923433065414429","0.04923433065414429","0.04923433065414429"
"59133","0.05250801146030426","0.05250801146030426","0.05250801146030426"
"59205","0.039425984025001526","0.039425984025001526","0.039425984025001526"
"59207","0.06333425641059875","0.06333425641059875","0.06333425641059875"
"59238","0.04726813733577728","0.04726813733577728","0.04726813733577728"
"59368","0.05893648415803909","0.05893648415803909","0.05893648415803909"
"59434","0.054445624351501465","0.054445624351501465","0.054445624351501465"
"59450","0.05020378530025482","0.05020378530025482","0.05020378530025482"
"59499","0.05982738733291626","0.05982738733291626","0.05982738733291626"
"59507","0.045803412795066833","0.045803412795066833","0.045803412795066833"
"59539","0.04628680273890495","0.04628680273890495","0.04628680273890495"
"59558","0.04568960517644882","0.04568960517644882","0.04568960517644882"
"59572","0.052038390189409256","0.052038390189409256","0.052038390189409256"
"59586","0.0465988963842392","0.0465988963842392","0.0465988963842392"
"59596","0.04985257610678673","0.04985257610678673","0.04985257610678673"
"59606","0.039656925946474075","0.039656925946474075","0.039656925946474075"
"59607","0.03740139678120613","0.03740139678120613","0.03740139678120613"
"59621","0.053624723106622696","0.053624723106622696","0.053624723106622696"
"59623","0.052671827375888824","0.052671827375888824","0.052671827375888824"
"59625","0.044306665658950806","0.044306665658950806","0.044306665658950806"
"59650","0.04022419452667236","0.04022419452667236","0.04022419452667236"
"59671","0.03731738403439522","0.03731738403439522","0.03731738403439522"
"59692","0.05696168914437294","0.05696168914437294","0.05696168914437294"
"59708","0.06860759854316711","0.06860759854316711","0.06860759854316711"
"59711","0.0592263787984848","0.0592263787984848","0.0592263787984848"
"59788","0.04407238960266113","0.04407238960266113","0.04407238960266113"
"59795","0.041710466146469116","0.041710466146469116","0.041710466146469116"
"59797","0.04374931380152702","0.04374931380152702","0.04374931380152702"
"59810","0.04417530074715614","0.04417530074715614","0.04417530074715614"
"59815","0.05647645890712738","0.05647645890712738","0.05647645890712738"
"59838","0.05693129822611809","0.05693129822611809","0.05693129822611809"
"59874","0.049618348479270935","0.049618348479270935","0.049618348479270935"
"59877","0.04918023198843002","0.04918023198843002","0.04918023198843002"
"59892","0.053187571465969086","0.053187571465969086","0.053187571465969086"
"59921","0.05550434812903404","0.05550434812903404","0.05550434812903404"
"60001","0.049154527485370636","0.049154527485370636","0.049154527485370636"
"60003","0.05911695212125778","0.05911695212125778","0.05911695212125778"
"60025","0.046552810817956924","0.046552810817956924","0.046552810817956924"
"60088","0.04080789163708687","0.04080789163708687","0.04080789163708687"
"60123","0.056425340473651886","0.056425340473651886","0.056425340473651886"
"60179","0.04849505424499512","0.04849505424499512","0.04849505424499512"
"60198","0.06450320780277252","0.06450320780277252","0.06450320780277252"
"60252","0.04551912099123001","0.04551912099123001","0.04551912099123001"
"60313","0.049245089292526245","0.049245089292526245","0.049245089292526245"
"60343","0.044225264340639114","0.044225264340639114","0.044225264340639114"
"60415","0.048569392412900925","0.048569392412900925","0.048569392412900925"
"60456","0.04894378036260605","0.04894378036260605","0.04894378036260605"
"60506","0.0573541633784771","0.0573541633784771","0.0573541633784771"
"60511","0.039580583572387695","0.039580583572387695","0.039580583572387695"
"60517","0.03691834211349487","0.03691834211349487","0.03691834211349487"
"60519","0.049285613000392914","0.049285613000392914","0.049285613000392914"
"60552","0.05174746364355087","0.05174746364355087","0.05174746364355087"
"60619","0.0411243699491024","0.0411243699491024","0.0411243699491024"
"60659","0.04171077162027359","0.04171077162027359","0.04171077162027359"
"60678","0.051050446927547455","0.051050446927547455","0.051050446927547455"
"60704","0.05189291387796402","0.05189291387796402","0.05189291387796402"
"60719","0.06607229262590408","0.06607229262590408","0.06607229262590408"
"60741","0.059178296476602554","0.059178296476602554","0.059178296476602554"
"60754","0.047698117792606354","0.047698117792606354","0.047698117792606354"
"60755","0.04550841823220253","0.04550841823220253","0.04550841823220253"
"60794","0.029982872307300568","0.029982872307300568","0.029982872307300568"
"60828","0.0458991564810276","0.0458991564810276","0.0458991564810276"
"60830","0.05750942975282669","0.05750942975282669","0.05750942975282669"
"60834","0.04972515255212784","0.04972515255212784","0.04972515255212784"
"60856","0.04717646539211273","0.04717646539211273","0.04717646539211273"
"60873","0.05999040603637695","0.05999040603637695","0.05999040603637695"
"60884","0.053996115922927856","0.053996115922927856","0.053996115922927856"
"60887","0.03761656582355499","0.03761656582355499","0.03761656582355499"
"60898","0.04984080046415329","0.04984080046415329","0.04984080046415329"
"60922","0.04408121109008789","0.04408121109008789","0.04408121109008789"
"60983","0.06322731822729111","0.06322731822729111","0.06322731822729111"
"60990","0.05855131149291992","0.05855131149291992","0.05855131149291992"
"61084","0.04184858500957489","0.04184858500957489","0.04184858500957489"
"61127","0.06316157430410385","0.06316157430410385","0.06316157430410385"
"61129","0.039826400578022","0.039826400578022","0.039826400578022"
"61133","0.057853102684020996","0.057853102684020996","0.057853102684020996"
"61147","0.04701443016529083","0.04701443016529083","0.04701443016529083"
"61167","0.047512657940387726","0.047512657940387726","0.047512657940387726"
"61193","0.04402333125472069","0.04402333125472069","0.04402333125472069"
"61217","0.03801986202597618","0.03801986202597618","0.03801986202597618"
"61228","0.059927381575107574","0.059927381575107574","0.059927381575107574"
"61284","0.04757796972990036","0.04757796972990036","0.04757796972990036"
"61287","0.05076422169804573","0.05076422169804573","0.05076422169804573"
"61289","0.030690189450979233","0.030690189450979233","0.030690189450979233"
"61332","0.0472153015434742","0.0472153015434742","0.0472153015434742"
"61335","0.06460395455360413","0.06460395455360413","0.06460395455360413"
"61362","0.05293738842010498","0.05293738842010498","0.05293738842010498"
"61418","0.05472882464528084","0.05472882464528084","0.05472882464528084"
"61419","0.06752559542655945","0.06752559542655945","0.06752559542655945"
"61447","0.05982822924852371","0.05982822924852371","0.05982822924852371"
"61460","0.062048718333244324","0.062048718333244324","0.062048718333244324"
"61463","0.04021798446774483","0.04021798446774483","0.04021798446774483"
"61494","0.045194536447525024","0.045194536447525024","0.045194536447525024"
"61531","0.046461209654808044","0.046461209654808044","0.046461209654808044"
"61557","0.046337831765413284","0.046337831765413284","0.046337831765413284"
"61571","0.052551425993442535","0.052551425993442535","0.052551425993442535"
"61597","0.05746813863515854","0.05746813863515854","0.05746813863515854"
"61606","0.046642404049634933","0.046642404049634933","0.046642404049634933"
"61627","0.05926360562443733","0.05926360562443733","0.05926360562443733"
"61648","0.050114795565605164","0.050114795565605164","0.050114795565605164"
"61696","0.037704646587371826","0.037704646587371826","0.037704646587371826"
"61732","0.058910682797431946","0.058910682797431946","0.058910682797431946"
"61831","0.06494703143835068","0.06494703143835068","0.06494703143835068"
"61858","0.057851970195770264","0.057851970195770264","0.057851970195770264"
"61902","0.04745687544345856","0.04745687544345856","0.04745687544345856"
"61913","0.06406715512275696","0.06406715512275696","0.06406715512275696"
"61940","0.050824470818042755","0.050824470818042755","0.050824470818042755"
"61942","0.053815048187971115","0.053815048187971115","0.053815048187971115"
"61965","0.046652764081954956","0.046652764081954956","0.046652764081954956"
"62027","0.04141448810696602","0.04141448810696602","0.04141448810696602"
"62060","0.03609929233789444","0.03609929233789444","0.03609929233789444"
"62105","0.05935797840356827","0.05935797840356827","0.05935797840356827"
"62123","0.04646206274628639","0.04646206274628639","0.04646206274628639"
"62125","0.05106668546795845","0.05106668546795845","0.05106668546795845"
"62145","0.055310286581516266","0.055310286581516266","0.055310286581516266"
"62180","0.04044899344444275","0.04044899344444275","0.04044899344444275"
"62215","0.04457499086856842","0.04457499086856842","0.04457499086856842"
"62270","0.057108521461486816","0.057108521461486816","0.057108521461486816"
"62283","0.04920310527086258","0.04920310527086258","0.04920310527086258"
"62317","0.042508628219366074","0.042508628219366074","0.042508628219366074"
"62341","0.03447709605097771","0.03447709605097771","0.03447709605097771"
"62349","0.049365438520908356","0.049365438520908356","0.049365438520908356"
"62355","0.052320823073387146","0.052320823073387146","0.052320823073387146"
"62374","0.0473376139998436","0.0473376139998436","0.0473376139998436"
"62413","0.0733814612030983","0.0733814612030983","0.0733814612030983"
"62428","0.06479693204164505","0.06479693204164505","0.06479693204164505"
"62435","0.08810823410749435","0.08810823410749435","0.08810823410749435"
"62470","0.052427541464567184","0.052427541464567184","0.052427541464567184"
"62474","0.06091160327196121","0.06091160327196121","0.06091160327196121"
"62496","0.04281359910964966","0.04281359910964966","0.04281359910964966"
"62569","0.04912333935499191","0.04912333935499191","0.04912333935499191"
"62595","0.04418454319238663","0.04418454319238663","0.04418454319238663"
"62605","0.04729601368308067","0.04729601368308067","0.04729601368308067"
"62670","0.052760157734155655","0.052760157734155655","0.052760157734155655"
"62680","0.06295184791088104","0.06295184791088104","0.06295184791088104"
"62712","0.057342588901519775","0.057342588901519775","0.057342588901519775"
"62743","0.04041464626789093","0.04041464626789093","0.04041464626789093"
"62803","0.04680609703063965","0.04680609703063965","0.04680609703063965"
"62831","0.047351133078336716","0.047351133078336716","0.047351133078336716"
"62836","0.055092159658670425","0.055092159658670425","0.055092159658670425"
"62884","0.05775739997625351","0.05775739997625351","0.05775739997625351"
"62942","0.04777993634343147","0.04777993634343147","0.04777993634343147"
"62986","0.05321267619729042","0.05321267619729042","0.05321267619729042"
"62993","0.04064973443746567","0.04064973443746567","0.04064973443746567"
"63027","0.040574029088020325","0.040574029088020325","0.040574029088020325"
"63039","0.050089724361896515","0.050089724361896515","0.050089724361896515"
"63106","0.04172331839799881","0.04172331839799881","0.04172331839799881"
"63135","0.037465646862983704","0.037465646862983704","0.037465646862983704"
"63173","0.041922152042388916","0.041922152042388916","0.041922152042388916"
"63177","0.045004963874816895","0.045004963874816895","0.045004963874816895"
"63188","0.04417289048433304","0.04417289048433304","0.04417289048433304"
"63193","0.056338049471378326","0.056338049471378326","0.056338049471378326"
"63260","0.0566367469727993","0.0566367469727993","0.0566367469727993"
"63359","0.06489171087741852","0.06489171087741852","0.06489171087741852"
"63372","0.05776743218302727","0.05776743218302727","0.05776743218302727"
"63385","0.05495844781398773","0.05495844781398773","0.05495844781398773"
"63387","0.05040888488292694","0.05040888488292694","0.05040888488292694"
"63415","0.07134025543928146","0.07134025543928146","0.07134025543928146"
"63425","0.04177691042423248","0.04177691042423248","0.04177691042423248"
"63444","0.0596294030547142","0.0596294030547142","0.0596294030547142"
"63457","0.04921983554959297","0.04921983554959297","0.04921983554959297"
"63473","0.04751580208539963","0.04751580208539963","0.04751580208539963"
"63488","0.04778536409139633","0.04778536409139633","0.04778536409139633"
"63499","0.061638351529836655","0.061638351529836655","0.061638351529836655"
"63528","0.05460852384567261","0.05460852384567261","0.05460852384567261"
"63577","0.029440244659781456","0.029440244659781456","0.029440244659781456"
"63606","0.04277848079800606","0.04277848079800606","0.04277848079800606"
"63608","0.0436985082924366","0.0436985082924366","0.0436985082924366"
"63621","0.05131559073925018","0.05131559073925018","0.05131559073925018"
"63624","0.056106455624103546","0.056106455624103546","0.056106455624103546"
"63625","0.05407846346497536","0.05407846346497536","0.05407846346497536"
"63634","0.06548689305782318","0.06548689305782318","0.06548689305782318"
"63650","0.06932154297828674","0.06932154297828674","0.06932154297828674"
"63681","0.05524201691150665","0.05524201691150665","0.05524201691150665"
"63722","0.04439326375722885","0.04439326375722885","0.04439326375722885"
"63761","0.04292280599474907","0.04292280599474907","0.04292280599474907"
"63764","0.047280557453632355","0.047280557453632355","0.047280557453632355"
"63770","0.04358375445008278","0.04358375445008278","0.04358375445008278"
"63775","0.05199402943253517","0.05199402943253517","0.05199402943253517"
"63778","0.04163964092731476","0.04163964092731476","0.04163964092731476"
"63887","0.06499169766902924","0.06499169766902924","0.06499169766902924"
"63903","0.05582128465175629","0.05582128465175629","0.05582128465175629"
"63907","0.045726191252470016","0.045726191252470016","0.045726191252470016"
"63946","0.04956644028425217","0.04956644028425217","0.04956644028425217"
"63948","0.060414887964725494","0.060414887964725494","0.060414887964725494"
"64002","0.06320513784885406","0.06320513784885406","0.06320513784885406"
"64035","0.05810494348406792","0.05810494348406792","0.05810494348406792"
"64062","0.06821248680353165","0.06821248680353165","0.06821248680353165"
"64143","0.04603501409292221","0.04603501409292221","0.04603501409292221"
"64160","0.04970216751098633","0.04970216751098633","0.04970216751098633"
"64172","0.05149763077497482","0.05149763077497482","0.05149763077497482"
"64182","0.0382080152630806","0.0382080152630806","0.0382080152630806"
"64185","0.038535527884960175","0.038535527884960175","0.038535527884960175"
"64186","0.053196996450424194","0.053196996450424194","0.053196996450424194"
"64232","0.055008385330438614","0.055008385330438614","0.055008385330438614"
"64276","0.06416164338588715","0.06416164338588715","0.06416164338588715"
"64331","0.03618263453245163","0.03618263453245163","0.03618263453245163"
"64365","0.05230756849050522","0.05230756849050522","0.05230756849050522"
"64390","0.07896122336387634","0.07896122336387634","0.07896122336387634"
"64398","0.03560516983270645","0.03560516983270645","0.03560516983270645"
"64406","0.06355546414852142","0.06355546414852142","0.06355546414852142"
"64407","0.08037816733121872","0.08037816733121872","0.08037816733121872"
"64430","0.048003923147916794","0.048003923147916794","0.048003923147916794"
"64437","0.06899958103895187","0.06899958103895187","0.06899958103895187"
"64454","0.05367618799209595","0.05367618799209595","0.05367618799209595"
"64464","0.048657264560461044","0.048657264560461044","0.048657264560461044"
"64480","0.058147504925727844","0.058147504925727844","0.058147504925727844"
"64517","0.059441737830638885","0.059441737830638885","0.059441737830638885"
"64526","0.056498780846595764","0.056498780846595764","0.056498780846595764"
"64533","0.04730243235826492","0.04730243235826492","0.04730243235826492"
"64552","0.0534118190407753","0.0534118190407753","0.0534118190407753"
"64581","0.059189677238464355","0.059189677238464355","0.059189677238464355"
"64606","0.05286341905593872","0.05286341905593872","0.05286341905593872"
"64630","0.04953484982252121","0.04953484982252121","0.04953484982252121"
"64632","0.0562765933573246","0.0562765933573246","0.0562765933573246"
"64660","0.04947272688150406","0.04947272688150406","0.04947272688150406"
"64667","0.042327139526605606","0.042327139526605606","0.042327139526605606"
"64672","0.05565927177667618","0.05565927177667618","0.05565927177667618"
"64680","0.03656929358839989","0.03656929358839989","0.03656929358839989"
"64731","0.05479905754327774","0.05479905754327774","0.05479905754327774"
"64733","0.06072923541069031","0.06072923541069031","0.06072923541069031"
"64751","0.03859972208738327","0.03859972208738327","0.03859972208738327"
"64783","0.05041613429784775","0.05041613429784775","0.05041613429784775"
"64785","0.05948216840624809","0.05948216840624809","0.05948216840624809"
"64802","0.05882463604211807","0.05882463604211807","0.05882463604211807"
"64803","0.05627117678523064","0.05627117678523064","0.05627117678523064"
"64816","0.04728391021490097","0.04728391021490097","0.04728391021490097"
"64843","0.05241268873214722","0.05241268873214722","0.05241268873214722"
"64856","0.045612551271915436","0.045612551271915436","0.045612551271915436"
"64898","0.062055815011262894","0.062055815011262894","0.062055815011262894"
"64916","0.042037758976221085","0.042037758976221085","0.042037758976221085"
"64935","0.03969300538301468","0.03969300538301468","0.03969300538301468"
"64973","0.06741632521152496","0.06741632521152496","0.06741632521152496"
"64977","0.04905612766742706","0.04905612766742706","0.04905612766742706"
"64992","0.06591764092445374","0.06591764092445374","0.06591764092445374"
"65003","0.056736625730991364","0.056736625730991364","0.056736625730991364"
"65007","0.07679096609354019","0.07679096609354019","0.07679096609354019"
"65008","0.054024290293455124","0.054024290293455124","0.054024290293455124"
"65087","0.04473421722650528","0.04473421722650528","0.04473421722650528"
"65152","0.04930557310581207","0.04930557310581207","0.04930557310581207"
"65174","0.04248365759849548","0.04248365759849548","0.04248365759849548"
"65188","0.050462547689676285","0.050462547689676285","0.050462547689676285"
"65226","0.0479683093726635","0.0479683093726635","0.0479683093726635"
"65240","0.060088470578193665","0.060088470578193665","0.060088470578193665"
"65250","0.049895867705345154","0.049895867705345154","0.049895867705345154"
"65277","0.06243019923567772","0.06243019923567772","0.06243019923567772"
"65302","0.038349419832229614","0.038349419832229614","0.038349419832229614"
"65313","0.05582117289304733","0.05582117289304733","0.05582117289304733"
"65330","0.04877283424139023","0.04877283424139023","0.04877283424139023"
"65358","0.06386840343475342","0.06386840343475342","0.06386840343475342"
"65362","0.042390502989292145","0.042390502989292145","0.042390502989292145"
"65372","0.04594222456216812","0.04594222456216812","0.04594222456216812"
"65398","0.06364820897579193","0.06364820897579193","0.06364820897579193"
"65434","0.05842746049165726","0.05842746049165726","0.05842746049165726"
"65453","0.04804878681898117","0.04804878681898117","0.04804878681898117"
"65501","0.048422157764434814","0.048422157764434814","0.048422157764434814"
"65510","0.042377814650535583","0.042377814650535583","0.042377814650535583"
"65533","0.037264104932546616","0.037264104932546616","0.037264104932546616"
"65594","0.040775906294584274","0.040775906294584274","0.040775906294584274"
"65647","0.030923334881663322","0.030923334881663322","0.030923334881663322"
"65673","0.052159905433654785","0.052159905433654785","0.052159905433654785"
"65700","0.038903359323740005","0.038903359323740005","0.038903359323740005"
"65707","0.051544900983572006","0.051544900983572006","0.051544900983572006"
"65739","0.0503978505730629","0.0503978505730629","0.0503978505730629"
"65804","0.050735004246234894","0.050735004246234894","0.050735004246234894"
"65854","0.05659187585115433","0.05659187585115433","0.05659187585115433"
"65855","0.050083696842193604","0.050083696842193604","0.050083696842193604"
"65857","0.04036135971546173","0.04036135971546173","0.04036135971546173"
"65862","0.05884695053100586","0.05884695053100586","0.05884695053100586"
"65946","0.04180774837732315","0.04180774837732315","0.04180774837732315"
"66024","0.04908349737524986","0.04908349737524986","0.04908349737524986"
"66043","0.048530008643865585","0.048530008643865585","0.048530008643865585"
"66072","0.0438242182135582","0.0438242182135582","0.0438242182135582"
"66113","0.03764839842915535","0.03764839842915535","0.03764839842915535"
"66127","0.036129068583250046","0.036129068583250046","0.036129068583250046"
"66131","0.0433816984295845","0.0433816984295845","0.0433816984295845"
"66137","0.04497431218624115","0.04497431218624115","0.04497431218624115"
"66149","0.04559594392776489","0.04559594392776489","0.04559594392776489"
"66160","0.051693402230739594","0.051693402230739594","0.051693402230739594"
"66181","0.044689446687698364","0.044689446687698364","0.044689446687698364"
"66186","0.04644069820642471","0.04644069820642471","0.04644069820642471"
"66194","0.04859122633934021","0.04859122633934021","0.04859122633934021"
"66237","0.06649492681026459","0.06649492681026459","0.06649492681026459"
"66311","0.044135868549346924","0.044135868549346924","0.044135868549346924"
"66315","0.04401444271206856","0.04401444271206856","0.04401444271206856"
"66319","0.0395805686712265","0.0395805686712265","0.0395805686712265"
"66342","0.04059191048145294","0.04059191048145294","0.04059191048145294"
"66378","0.045768462121486664","0.045768462121486664","0.045768462121486664"
"66396","0.041561879217624664","0.041561879217624664","0.041561879217624664"
"66428","0.039711423218250275","0.039711423218250275","0.039711423218250275"
"66497","0.06301573663949966","0.06301573663949966","0.06301573663949966"
"66530","0.034972935914993286","0.034972935914993286","0.034972935914993286"
"66554","0.039366692304611206","0.039366692304611206","0.039366692304611206"
"66556","0.046781010925769806","0.046781010925769806","0.046781010925769806"
"66560","0.06264595687389374","0.06264595687389374","0.06264595687389374"
"66561","0.03946654498577118","0.03946654498577118","0.03946654498577118"
"66587","0.06586315482854843","0.06586315482854843","0.06586315482854843"
"66601","0.06187829375267029","0.06187829375267029","0.06187829375267029"
"66602","0.04863661900162697","0.04863661900162697","0.04863661900162697"
"66622","0.035032954066991806","0.035032954066991806","0.035032954066991806"
"66630","0.04965611547231674","0.04965611547231674","0.04965611547231674"
"66650","0.048012375831604004","0.048012375831604004","0.048012375831604004"
"66656","0.052850909531116486","0.052850909531116486","0.052850909531116486"
"66677","0.06229434162378311","0.06229434162378311","0.06229434162378311"
"66712","0.04931740462779999","0.04931740462779999","0.04931740462779999"
"66740","0.052654460072517395","0.052654460072517395","0.052654460072517395"
"66780","0.045692529529333115","0.045692529529333115","0.045692529529333115"
"66804","0.040316686034202576","0.040316686034202576","0.040316686034202576"
"66835","0.044649675488471985","0.044649675488471985","0.044649675488471985"
"66841","0.0537039116024971","0.0537039116024971","0.0537039116024971"
"66845","0.06075340509414673","0.06075340509414673","0.06075340509414673"
"66858","0.041601523756980896","0.041601523756980896","0.041601523756980896"
"66859","0.045895472168922424","0.045895472168922424","0.045895472168922424"
"66874","0.05277330428361893","0.05277330428361893","0.05277330428361893"
"66875","0.04850930720567703","0.04850930720567703","0.04850930720567703"
"66918","0.06233300268650055","0.06233300268650055","0.06233300268650055"
"66959","0.05232623964548111","0.05232623964548111","0.05232623964548111"
"66960","0.04718222841620445","0.04718222841620445","0.04718222841620445"
"66979","0.045729879289865494","0.045729879289865494","0.045729879289865494"
"66982","0.05136493965983391","0.05136493965983391","0.05136493965983391"
"66984","0.05390806496143341","0.05390806496143341","0.05390806496143341"
"67007","0.0403667576611042","0.0403667576611042","0.0403667576611042"
"67008","0.051567841321229935","0.051567841321229935","0.051567841321229935"
"67017","0.04234957695007324","0.04234957695007324","0.04234957695007324"
"67049","0.04441840201616287","0.04441840201616287","0.04441840201616287"
"67068","0.05543284863233566","0.05543284863233566","0.05543284863233566"
"67072","0.04600519686937332","0.04600519686937332","0.04600519686937332"
"67077","0.04506911337375641","0.04506911337375641","0.04506911337375641"
"67139","0.04617024213075638","0.04617024213075638","0.04617024213075638"
"67140","0.058107152581214905","0.058107152581214905","0.058107152581214905"
"67142","0.06818674504756927","0.06818674504756927","0.06818674504756927"
"67176","0.047788336873054504","0.047788336873054504","0.047788336873054504"
"67201","0.05338088423013687","0.05338088423013687","0.05338088423013687"
"67202","0.050487346947193146","0.050487346947193146","0.050487346947193146"
"67205","0.04619473218917847","0.04619473218917847","0.04619473218917847"
"67223","0.055733613669872284","0.055733613669872284","0.055733613669872284"
"67261","0.06727109849452972","0.06727109849452972","0.06727109849452972"
"67268","0.03620107099413872","0.03620107099413872","0.03620107099413872"
"67285","0.058400288224220276","0.058400288224220276","0.058400288224220276"
"67311","0.045118775218725204","0.045118775218725204","0.045118775218725204"
"67327","0.05609087273478508","0.05609087273478508","0.05609087273478508"
"67341","0.05906134843826294","0.05906134843826294","0.05906134843826294"
"67380","0.07365331053733826","0.07365331053733826","0.07365331053733826"
"67392","0.06002485007047653","0.06002485007047653","0.06002485007047653"
"67393","0.03477376699447632","0.03477376699447632","0.03477376699447632"
"67406","0.059442393481731415","0.059442393481731415","0.059442393481731415"
"67409","0.058336615562438965","0.058336615562438965","0.058336615562438965"
"67447","0.049398913979530334","0.049398913979530334","0.049398913979530334"
"67450","0.05048871412873268","0.05048871412873268","0.05048871412873268"
"67495","0.05343860387802124","0.05343860387802124","0.05343860387802124"
"67547","0.05803481489419937","0.05803481489419937","0.05803481489419937"
"67569","0.04278390109539032","0.04278390109539032","0.04278390109539032"
"67573","0.053178317844867706","0.053178317844867706","0.053178317844867706"
"67598","0.04172194004058838","0.04172194004058838","0.04172194004058838"
"67602","0.05824645981192589","0.05824645981192589","0.05824645981192589"
"67609","0.051729679107666016","0.051729679107666016","0.051729679107666016"
"67696","0.044422514736652374","0.044422514736652374","0.044422514736652374"
"67710","0.05889793485403061","0.05889793485403061","0.05889793485403061"
"67735","0.05550583824515343","0.05550583824515343","0.05550583824515343"
"67751","0.03710170090198517","0.03710170090198517","0.03710170090198517"
"67776","0.05102206766605377","0.05102206766605377","0.05102206766605377"
"67790","0.05178850144147873","0.05178850144147873","0.05178850144147873"
"67791","0.05371585860848427","0.05371585860848427","0.05371585860848427"
"67835","0.05067365616559982","0.05067365616559982","0.05067365616559982"
"67839","0.052076779305934906","0.052076779305934906","0.052076779305934906"
"67848","0.061413440853357315","0.061413440853357315","0.061413440853357315"
"67851","0.05619792267680168","0.05619792267680168","0.05619792267680168"
"67863","0.053957998752593994","0.053957998752593994","0.053957998752593994"
"67877","0.058655403554439545","0.058655403554439545","0.058655403554439545"
"67902","0.049831975251436234","0.049831975251436234","0.049831975251436234"
"67921","0.06498530507087708","0.06498530507087708","0.06498530507087708"
"67932","0.04198739677667618","0.04198739677667618","0.04198739677667618"
"67951","0.04134317487478256","0.04134317487478256","0.04134317487478256"
"67952","0.05417773500084877","0.05417773500084877","0.05417773500084877"
"67962","0.046439215540885925","0.046439215540885925","0.046439215540885925"
"67966","0.051830895245075226","0.051830895245075226","0.051830895245075226"
"67967","0.03486184775829315","0.03486184775829315","0.03486184775829315"
"67978","0.04475247859954834","0.04475247859954834","0.04475247859954834"
"67990","0.044638704508543015","0.044638704508543015","0.044638704508543015"
"68016","0.03750225901603699","0.03750225901603699","0.03750225901603699"
"68018","0.06466148793697357","0.06466148793697357","0.06466148793697357"
"68052","0.05257569998502731","0.05257569998502731","0.05257569998502731"
"68058","0.03944230079650879","0.03944230079650879","0.03944230079650879"
"68097","0.04898691177368164","0.04898691177368164","0.04898691177368164"
"68103","0.037097230553627014","0.037097230553627014","0.037097230553627014"
"68112","0.054756201803684235","0.054756201803684235","0.054756201803684235"
"68120","0.05962361395359039","0.05962361395359039","0.05962361395359039"
"68165","0.04910270869731903","0.04910270869731903","0.04910270869731903"
"68173","0.04911120980978012","0.04911120980978012","0.04911120980978012"
"68228","0.054435599595308304","0.054435599595308304","0.054435599595308304"
"68265","0.052542347460985184","0.052542347460985184","0.052542347460985184"
"68268","0.05382268503308296","0.05382268503308296","0.05382268503308296"
"68327","0.06944160908460617","0.06944160908460617","0.06944160908460617"
"68342","0.04217112436890602","0.04217112436890602","0.04217112436890602"
"68378","0.04602087661623955","0.04602087661623955","0.04602087661623955"
"68395","0.04304547607898712","0.04304547607898712","0.04304547607898712"
"68420","0.05239283666014671","0.05239283666014671","0.05239283666014671"
"68422","0.054610684514045715","0.054610684514045715","0.054610684514045715"
"68476","0.041121989488601685","0.041121989488601685","0.041121989488601685"
"68491","0.04911148548126221","0.04911148548126221","0.04911148548126221"
"68493","0.04340793937444687","0.04340793937444687","0.04340793937444687"
"68505","0.04175129905343056","0.04175129905343056","0.04175129905343056"
"68507","0.046886950731277466","0.046886950731277466","0.046886950731277466"
"68508","0.04441777616739273","0.04441777616739273","0.04441777616739273"
"68541","0.06503359228372574","0.06503359228372574","0.06503359228372574"
"68561","0.05874175578355789","0.05874175578355789","0.05874175578355789"
"68640","0.050832875072956085","0.050832875072956085","0.050832875072956085"
"68646","0.05036158114671707","0.05036158114671707","0.05036158114671707"
"68662","0.06068603694438934","0.06068603694438934","0.06068603694438934"
"68701","0.03340499848127365","0.03340499848127365","0.03340499848127365"
"68721","0.0642693042755127","0.0642693042755127","0.0642693042755127"
"68770","0.045153938233852386","0.045153938233852386","0.045153938233852386"
"68796","0.04945695027709007","0.04945695027709007","0.04945695027709007"
"68805","0.04589848220348358","0.04589848220348358","0.04589848220348358"
"68814","0.04000642150640488","0.04000642150640488","0.04000642150640488"
"68825","0.041657209396362305","0.041657209396362305","0.041657209396362305"
"68837","0.050309035927057266","0.050309035927057266","0.050309035927057266"
"68845","0.0363662987947464","0.0363662987947464","0.0363662987947464"
"68903","0.058235008269548416","0.058235008269548416","0.058235008269548416"
"68930","0.04345952719449997","0.04345952719449997","0.04345952719449997"
"68933","0.04340587556362152","0.04340587556362152","0.04340587556362152"
"68958","0.05177859216928482","0.05177859216928482","0.05177859216928482"
"69018","0.05186917632818222","0.05186917632818222","0.05186917632818222"
"69020","0.0431932769715786","0.0431932769715786","0.0431932769715786"
"69030","0.060628265142440796","0.060628265142440796","0.060628265142440796"
"69100","0.0681799054145813","0.0681799054145813","0.0681799054145813"
"69102","0.04496866837143898","0.04496866837143898","0.04496866837143898"
"69104","0.05581151694059372","0.05581151694059372","0.05581151694059372"
"69169","0.03970690816640854","0.03970690816640854","0.03970690816640854"
"69199","0.04722019284963608","0.04722019284963608","0.04722019284963608"
"69200","0.04093167930841446","0.04093167930841446","0.04093167930841446"
"69208","0.04372062534093857","0.04372062534093857","0.04372062534093857"
"69222","0.04365704208612442","0.04365704208612442","0.04365704208612442"
"69259","0.039299480617046356","0.039299480617046356","0.039299480617046356"
"69278","0.04952912777662277","0.04952912777662277","0.04952912777662277"
"69282","0.05977197736501694","0.05977197736501694","0.05977197736501694"
"69288","0.041059501469135284","0.041059501469135284","0.041059501469135284"
"69313","0.04571215808391571","0.04571215808391571","0.04571215808391571"
"69355","0.045349135994911194","0.045349135994911194","0.045349135994911194"
"69361","0.04914747551083565","0.04914747551083565","0.04914747551083565"
"69367","0.05211934447288513","0.05211934447288513","0.05211934447288513"
"69372","0.0633164793252945","0.0633164793252945","0.0633164793252945"
"69390","0.053289398550987244","0.053289398550987244","0.053289398550987244"
"69412","0.06122900918126106","0.06122900918126106","0.06122900918126106"
"69436","0.041718464344739914","0.041718464344739914","0.041718464344739914"
"69437","0.050124023109674454","0.050124023109674454","0.050124023109674454"
"69471","0.0448281466960907","0.0448281466960907","0.0448281466960907"
"69525","0.03627414628863335","0.03627414628863335","0.03627414628863335"
"69530","0.06204535439610481","0.06204535439610481","0.06204535439610481"
"69537","0.05859249085187912","0.05859249085187912","0.05859249085187912"
"69539","0.06227504089474678","0.06227504089474678","0.06227504089474678"
"69570","0.04435723274946213","0.04435723274946213","0.04435723274946213"
"69576","0.033675167709589005","0.033675167709589005","0.033675167709589005"
"69614","0.03226190805435181","0.03226190805435181","0.03226190805435181"
"69636","0.04651689529418945","0.04651689529418945","0.04651689529418945"
"69640","0.05329165607690811","0.05329165607690811","0.05329165607690811"
"69656","0.04276079684495926","0.04276079684495926","0.04276079684495926"
"69671","0.03931837156414986","0.03931837156414986","0.03931837156414986"
"69678","0.06371305882930756","0.06371305882930756","0.06371305882930756"
"69687","0.032079339027404785","0.032079339027404785","0.032079339027404785"
"69701","0.03878060728311539","0.03878060728311539","0.03878060728311539"
"69738","0.04720554128289223","0.04720554128289223","0.04720554128289223"
"69762","0.04154600948095322","0.04154600948095322","0.04154600948095322"
"69778","0.05259927734732628","0.05259927734732628","0.05259927734732628"
"69867","0.03919116407632828","0.03919116407632828","0.03919116407632828"
"69869","0.053290314972400665","0.053290314972400665","0.053290314972400665"
"69907","0.0481681153178215","0.0481681153178215","0.0481681153178215"
"69914","0.04885239899158478","0.04885239899158478","0.04885239899158478"
"69916","0.07120326906442642","0.07120326906442642","0.07120326906442642"
"69956","0.047441963106393814","0.047441963106393814","0.047441963106393814"
"69989","0.050950370728969574","0.050950370728969574","0.050950370728969574"
"70004","0.033297099173069","0.033297099173069","0.033297099173069"
"70045","0.04555337131023407","0.04555337131023407","0.04555337131023407"
"70086","0.05059745907783508","0.05059745907783508","0.05059745907783508"
"70101","0.04629024118185043","0.04629024118185043","0.04629024118185043"
"70139","0.05773444473743439","0.05773444473743439","0.05773444473743439"
"70147","0.058745160698890686","0.058745160698890686","0.058745160698890686"
"70164","0.042766422033309937","0.042766422033309937","0.042766422033309937"
"70183","0.040114760398864746","0.040114760398864746","0.040114760398864746"
"70208","0.0669279396533966","0.0669279396533966","0.0669279396533966"
"70213","0.04007047787308693","0.04007047787308693","0.04007047787308693"
"70216","0.034420229494571686","0.034420229494571686","0.034420229494571686"
"70231","0.0412575900554657","0.0412575900554657","0.0412575900554657"
"70243","0.05199910327792168","0.05199910327792168","0.05199910327792168"
"70248","0.054322607815265656","0.054322607815265656","0.054322607815265656"
"70268","0.05287432298064232","0.05287432298064232","0.05287432298064232"
"70274","0.05202573537826538","0.05202573537826538","0.05202573537826538"
"70300","0.05171756446361542","0.05171756446361542","0.05171756446361542"
"70351","0.04725063219666481","0.04725063219666481","0.04725063219666481"
"70438","0.0420951209962368","0.0420951209962368","0.0420951209962368"
"70467","0.04377808794379234","0.04377808794379234","0.04377808794379234"
"70498","0.0545184463262558","0.0545184463262558","0.0545184463262558"
"70524","0.05475236475467682","0.05475236475467682","0.05475236475467682"
"70527","0.04277424514293671","0.04277424514293671","0.04277424514293671"
"70548","0.04531821981072426","0.04531821981072426","0.04531821981072426"
"70578","0.04496609792113304","0.04496609792113304","0.04496609792113304"
"70587","0.04558515548706055","0.04558515548706055","0.04558515548706055"
"70593","0.0475291907787323","0.0475291907787323","0.0475291907787323"
"70598","0.036556586623191833","0.036556586623191833","0.036556586623191833"
"70637","0.057296305894851685","0.057296305894851685","0.057296305894851685"
"70655","0.03570657968521118","0.03570657968521118","0.03570657968521118"
"70679","0.06611756235361099","0.06611756235361099","0.06611756235361099"
"70682","0.0395113080739975","0.0395113080739975","0.0395113080739975"
"70814","0.046180546283721924","0.046180546283721924","0.046180546283721924"
"70855","0.0490194708108902","0.0490194708108902","0.0490194708108902"
"70869","0.04310049116611481","0.04310049116611481","0.04310049116611481"
"70876","0.04739431291818619","0.04739431291818619","0.04739431291818619"
"70884","0.05929499492049217","0.05929499492049217","0.05929499492049217"
"70941","0.052054937928915024","0.052054937928915024","0.052054937928915024"
"70957","0.053809769451618195","0.053809769451618195","0.053809769451618195"
"70959","0.06609556078910828","0.06609556078910828","0.06609556078910828"
"70985","0.043888963758945465","0.043888963758945465","0.043888963758945465"
"70996","0.0474834144115448","0.0474834144115448","0.0474834144115448"
"71024","0.05261661857366562","0.05261661857366562","0.05261661857366562"
"71075","0.030699335038661957","0.030699335038661957","0.030699335038661957"
"71086","0.04796639457345009","0.04796639457345009","0.04796639457345009"
"71092","0.04520482197403908","0.04520482197403908","0.04520482197403908"
"71111","0.042044080793857574","0.042044080793857574","0.042044080793857574"
"71167","0.07058236002922058","0.07058236002922058","0.07058236002922058"
"71174","0.06890083849430084","0.06890083849430084","0.06890083849430084"
"71176","0.045635707676410675","0.045635707676410675","0.045635707676410675"
"71230","0.04961654171347618","0.04961654171347618","0.04961654171347618"
"71238","0.06789463013410568","0.06789463013410568","0.06789463013410568"
"71244","0.07256008684635162","0.07256008684635162","0.07256008684635162"
"71250","0.06697054207324982","0.06697054207324982","0.06697054207324982"
"71261","0.04367822781205177","0.04367822781205177","0.04367822781205177"
"71305","0.05013982951641083","0.05013982951641083","0.05013982951641083"
"71307","0.037358593195676804","0.037358593195676804","0.037358593195676804"
"71364","0.06994602829217911","0.06994602829217911","0.06994602829217911"
"71385","0.03329369053244591","0.03329369053244591","0.03329369053244591"
"71416","0.050691377371549606","0.050691377371549606","0.050691377371549606"
"71423","0.039578258991241455","0.039578258991241455","0.039578258991241455"
"71549","0.04261861741542816","0.04261861741542816","0.04261861741542816"
"71555","0.040180981159210205","0.040180981159210205","0.040180981159210205"
"71583","0.054020654410123825","0.054020654410123825","0.054020654410123825"
"71598","0.04466509073972702","0.04466509073972702","0.04466509073972702"
"71622","0.041944198310375214","0.041944198310375214","0.041944198310375214"
"71645","0.037441715598106384","0.037441715598106384","0.037441715598106384"
"71648","0.04285641014575958","0.04285641014575958","0.04285641014575958"
"71656","0.05632266402244568","0.05632266402244568","0.05632266402244568"
"71672","0.04909259453415871","0.04909259453415871","0.04909259453415871"
"71693","0.05141516402363777","0.05141516402363777","0.05141516402363777"
"71699","0.047977350652217865","0.047977350652217865","0.047977350652217865"
"71719","0.06118728965520859","0.06118728965520859","0.06118728965520859"
"71752","0.04842605069279671","0.04842605069279671","0.04842605069279671"
"71789","0.03880123049020767","0.03880123049020767","0.03880123049020767"
"71791","0.05851380527019501","0.05851380527019501","0.05851380527019501"
"71798","0.05030032992362976","0.05030032992362976","0.05030032992362976"
"71851","0.04309060424566269","0.04309060424566269","0.04309060424566269"
"71879","0.04669004678726196","0.04669004678726196","0.04669004678726196"
"71933","0.04196782782673836","0.04196782782673836","0.04196782782673836"
"71962","0.04790814220905304","0.04790814220905304","0.04790814220905304"
"72050","0.056962400674819946","0.056962400674819946","0.056962400674819946"
"72097","0.07625697553157806","0.07625697553157806","0.07625697553157806"
"72111","0.05272123962640762","0.05272123962640762","0.05272123962640762"
"72163","0.04710673913359642","0.04710673913359642","0.04710673913359642"
"72199","0.07320038229227066","0.07320038229227066","0.07320038229227066"
"72224","0.04188857972621918","0.04188857972621918","0.04188857972621918"
"72233","0.06143331900238991","0.06143331900238991","0.06143331900238991"
"72254","0.049851465970277786","0.049851465970277786","0.049851465970277786"
"72263","0.042124830186367035","0.042124830186367035","0.042124830186367035"
"72281","0.055525414645671844","0.055525414645671844","0.055525414645671844"
"72302","0.05336053669452667","0.05336053669452667","0.05336053669452667"
"72305","0.03717881813645363","0.03717881813645363","0.03717881813645363"
"72339","0.06228531524538994","0.06228531524538994","0.06228531524538994"
"72351","0.05330461263656616","0.05330461263656616","0.05330461263656616"
"72446","0.03772570565342903","0.03772570565342903","0.03772570565342903"
"72516","0.05430532619357109","0.05430532619357109","0.05430532619357109"
"72522","0.0665498599410057","0.0665498599410057","0.0665498599410057"
"72550","0.045707859098911285","0.045707859098911285","0.045707859098911285"
"72554","0.04375138133764267","0.04375138133764267","0.04375138133764267"
"72570","0.04943719878792763","0.04943719878792763","0.04943719878792763"
"72609","0.05094047263264656","0.05094047263264656","0.05094047263264656"
"72615","0.04044697806239128","0.04044697806239128","0.04044697806239128"
"72653","0.0509260818362236","0.0509260818362236","0.0509260818362236"
"72655","0.06109929829835892","0.06109929829835892","0.06109929829835892"
"72704","0.055395908653736115","0.055395908653736115","0.055395908653736115"
"72717","0.04392136633396149","0.04392136633396149","0.04392136633396149"
"72723","0.0416237935423851","0.0416237935423851","0.0416237935423851"
"72725","0.047092802822589874","0.047092802822589874","0.047092802822589874"
"72731","0.04788513481616974","0.04788513481616974","0.04788513481616974"
"72772","0.05408858880400658","0.05408858880400658","0.05408858880400658"
"72787","0.028893006965517998","0.028893006965517998","0.028893006965517998"
"72826","0.053049374371767044","0.053049374371767044","0.053049374371767044"
"72843","0.03695996105670929","0.03695996105670929","0.03695996105670929"
"72857","0.07512882351875305","0.07512882351875305","0.07512882351875305"
"72858","0.051078200340270996","0.051078200340270996","0.051078200340270996"
"72893","0.062054816633462906","0.062054816633462906","0.062054816633462906"
"72909","0.04257163777947426","0.04257163777947426","0.04257163777947426"
"73040","0.045460157096385956","0.045460157096385956","0.045460157096385956"
"73068","0.049847666174173355","0.049847666174173355","0.049847666174173355"
"73096","0.06326673179864883","0.06326673179864883","0.06326673179864883"
"73099","0.04371457174420357","0.04371457174420357","0.04371457174420357"
"73157","0.0477566123008728","0.0477566123008728","0.0477566123008728"
"73188","0.04740791395306587","0.04740791395306587","0.04740791395306587"
"73196","0.06376072019338608","0.06376072019338608","0.06376072019338608"
"73205","0.05149182677268982","0.05149182677268982","0.05149182677268982"
"73212","0.047153256833553314","0.047153256833553314","0.047153256833553314"
"73311","0.03509805351495743","0.03509805351495743","0.03509805351495743"
"73317","0.037872813642024994","0.037872813642024994","0.037872813642024994"
"73353","0.04249594360589981","0.04249594360589981","0.04249594360589981"
"73391","0.05540316551923752","0.05540316551923752","0.05540316551923752"
"73461","0.05528417229652405","0.05528417229652405","0.05528417229652405"
"73504","0.05803511291742325","0.05803511291742325","0.05803511291742325"
"73518","0.058936893939971924","0.058936893939971924","0.058936893939971924"
"73569","0.07092834264039993","0.07092834264039993","0.07092834264039993"
"73596","0.08658966422080994","0.08658966422080994","0.08658966422080994"
"73608","0.042665719985961914","0.042665719985961914","0.042665719985961914"
"73627","0.0356307253241539","0.0356307253241539","0.0356307253241539"
"73657","0.038430213928222656","0.038430213928222656","0.038430213928222656"
"73671","0.04220057278871536","0.04220057278871536","0.04220057278871536"
"73707","0.06054692715406418","0.06054692715406418","0.06054692715406418"
"73713","0.03430403023958206","0.03430403023958206","0.03430403023958206"
"73740","0.04132285341620445","0.04132285341620445","0.04132285341620445"
"73786","0.05221761763095856","0.05221761763095856","0.05221761763095856"
"73868","0.05185294151306152","0.05185294151306152","0.05185294151306152"
"73884","0.05005457624793053","0.05005457624793053","0.05005457624793053"
"73892","0.04223433881998062","0.04223433881998062","0.04223433881998062"
"73954","0.055166129022836685","0.055166129022836685","0.055166129022836685"
"73963","0.040845565497875214","0.040845565497875214","0.040845565497875214"
"73965","0.05697817727923393","0.05697817727923393","0.05697817727923393"
"73992","0.03395950049161911","0.03395950049161911","0.03395950049161911"
"74015","0.04935259371995926","0.04935259371995926","0.04935259371995926"
"74025","0.049197860062122345","0.049197860062122345","0.049197860062122345"
"74040","0.05740370601415634","0.05740370601415634","0.05740370601415634"
"74056","0.06219132989645004","0.06219132989645004","0.06219132989645004"
"74093","0.0430678129196167","0.0430678129196167","0.0430678129196167"
"74124","0.06039445847272873","0.06039445847272873","0.06039445847272873"
"74138","0.038739487528800964","0.038739487528800964","0.038739487528800964"
"74203","0.05606111139059067","0.05606111139059067","0.05606111139059067"
"74207","0.05064132809638977","0.05064132809638977","0.05064132809638977"
"74238","0.05018063634634018","0.05018063634634018","0.05018063634634018"
"74280","0.04609712213277817","0.04609712213277817","0.04609712213277817"
"74283","0.04833918809890747","0.04833918809890747","0.04833918809890747"
"74316","0.05244061350822449","0.05244061350822449","0.05244061350822449"
"74320","0.037027642130851746","0.037027642130851746","0.037027642130851746"
"74339","0.04456009715795517","0.04456009715795517","0.04456009715795517"
"74449","0.06395997107028961","0.06395997107028961","0.06395997107028961"
"74451","0.04754459112882614","0.04754459112882614","0.04754459112882614"
"74476","0.0716681182384491","0.0716681182384491","0.0716681182384491"
"74478","0.04743359982967377","0.04743359982967377","0.04743359982967377"
"74481","0.04020221158862114","0.04020221158862114","0.04020221158862114"
"74490","0.05432838574051857","0.05432838574051857","0.05432838574051857"
"74492","0.040418900549411774","0.040418900549411774","0.040418900549411774"
"74494","0.0529753677546978","0.0529753677546978","0.0529753677546978"
"74547","0.07467124611139297","0.07467124611139297","0.07467124611139297"
"74548","0.06566745042800903","0.06566745042800903","0.06566745042800903"
"74616","0.05495114251971245","0.05495114251971245","0.05495114251971245"
"74635","0.06478656828403473","0.06478656828403473","0.06478656828403473"
"74637","0.05942042917013168","0.05942042917013168","0.05942042917013168"
"74661","0.06132552772760391","0.06132552772760391","0.06132552772760391"
"74678","0.05524709075689316","0.05524709075689316","0.05524709075689316"
"74760","0.03653939813375473","0.03653939813375473","0.03653939813375473"
"74763","0.05630591884255409","0.05630591884255409","0.05630591884255409"
"74796","0.04755430668592453","0.04755430668592453","0.04755430668592453"
"74812","0.06120162457227707","0.06120162457227707","0.06120162457227707"
"74816","0.06019596755504608","0.06019596755504608","0.06019596755504608"
"74839","0.06460395455360413","0.06460395455360413","0.06460395455360413"
"74848","0.048360425978899","0.048360425978899","0.048360425978899"
"74853","0.05319071188569069","0.05319071188569069","0.05319071188569069"
"74873","0.06906893849372864","0.06906893849372864","0.06906893849372864"
"74921","0.04636260122060776","0.04636260122060776","0.04636260122060776"
"74974","0.04484952986240387","0.04484952986240387","0.04484952986240387"
"74989","0.038139939308166504","0.038139939308166504","0.038139939308166504"
"74999","0.06062505766749382","0.06062505766749382","0.06062505766749382"
"75026","0.03568204864859581","0.03568204864859581","0.03568204864859581"
"75052","0.04759268835186958","0.04759268835186958","0.04759268835186958"
"75063","0.0562572181224823","0.0562572181224823","0.0562572181224823"
"75107","0.05414877459406853","0.05414877459406853","0.05414877459406853"
"75130","0.04549742490053177","0.04549742490053177","0.04549742490053177"
"75197","0.05544380471110344","0.05544380471110344","0.05544380471110344"
"75199","0.03432498872280121","0.03432498872280121","0.03432498872280121"
"75247","0.04936917498707771","0.04936917498707771","0.04936917498707771"
"75267","0.05128198117017746","0.05128198117017746","0.05128198117017746"
"75348","0.0495862141251564","0.0495862141251564","0.0495862141251564"
"75363","0.06261470913887024","0.06261470913887024","0.06261470913887024"
"75372","0.041171882301568985","0.041171882301568985","0.041171882301568985"
"75445","0.03890358284115791","0.03890358284115791","0.03890358284115791"
"75453","0.0497855618596077","0.0497855618596077","0.0497855618596077"
"75464","0.046423591673374176","0.046423591673374176","0.046423591673374176"
"75482","0.054359909147024155","0.054359909147024155","0.054359909147024155"
"75497","0.045741006731987","0.045741006731987","0.045741006731987"
"75509","0.040606167167425156","0.040606167167425156","0.040606167167425156"
"75517","0.04762353375554085","0.04762353375554085","0.04762353375554085"
"75595","0.05226251855492592","0.05226251855492592","0.05226251855492592"
"75600","0.05530916899442673","0.05530916899442673","0.05530916899442673"
"75629","0.07276519387960434","0.07276519387960434","0.07276519387960434"
"75634","0.03920048475265503","0.03920048475265503","0.03920048475265503"
"75653","0.037579238414764404","0.037579238414764404","0.037579238414764404"
"75687","0.04392493516206741","0.04392493516206741","0.04392493516206741"
"75706","0.053265392780303955","0.053265392780303955","0.053265392780303955"
"75739","0.05396611616015434","0.05396611616015434","0.05396611616015434"
"75795","0.0450114980340004","0.0450114980340004","0.0450114980340004"
"75818","0.0545487254858017","0.0545487254858017","0.0545487254858017"
"75840","0.03802990913391113","0.03802990913391113","0.03802990913391113"
"75934","0.0490727499127388","0.0490727499127388","0.0490727499127388"
"75955","0.03471459448337555","0.03471459448337555","0.03471459448337555"
"75957","0.03937570005655289","0.03937570005655289","0.03937570005655289"
"75991","0.04979901760816574","0.04979901760816574","0.04979901760816574"
"76018","0.050580330193042755","0.050580330193042755","0.050580330193042755"
"76021","0.08171193301677704","0.08171193301677704","0.08171193301677704"
"76031","0.041649967432022095","0.041649967432022095","0.041649967432022095"
"76048","0.05352724716067314","0.05352724716067314","0.05352724716067314"
"76082","0.03895122557878494","0.03895122557878494","0.03895122557878494"
"76106","0.03836817294359207","0.03836817294359207","0.03836817294359207"
"76115","0.05166487395763397","0.05166487395763397","0.05166487395763397"
"76116","0.04062598943710327","0.04062598943710327","0.04062598943710327"
"76146","0.06738273054361343","0.06738273054361343","0.06738273054361343"
"76188","0.04602358117699623","0.04602358117699623","0.04602358117699623"
"76212","0.0547044575214386","0.0547044575214386","0.0547044575214386"
"76236","0.04658762365579605","0.04658762365579605","0.04658762365579605"
"76287","0.05672069266438484","0.05672069266438484","0.05672069266438484"
"76295","0.05946065112948418","0.05946065112948418","0.05946065112948418"
"76337","0.054597578942775726","0.054597578942775726","0.054597578942775726"
"76342","0.06110202521085739","0.06110202521085739","0.06110202521085739"
"76361","0.04773279279470444","0.04773279279470444","0.04773279279470444"
"76374","0.04029751569032669","0.04029751569032669","0.04029751569032669"
"76401","0.038125429302453995","0.038125429302453995","0.038125429302453995"
"76427","0.05090589076280594","0.05090589076280594","0.05090589076280594"
"76446","0.0609770230948925","0.0609770230948925","0.0609770230948925"
"76455","0.06289242208003998","0.06289242208003998","0.06289242208003998"
"76470","0.03605204448103905","0.03605204448103905","0.03605204448103905"
"76518","0.05154085531830788","0.05154085531830788","0.05154085531830788"
"76543","0.046135757118463516","0.046135757118463516","0.046135757118463516"
"76573","0.04782973974943161","0.04782973974943161","0.04782973974943161"
"76594","0.0463997907936573","0.0463997907936573","0.0463997907936573"
"76667","0.042342618107795715","0.042342618107795715","0.042342618107795715"
"76692","0.045914918184280396","0.045914918184280396","0.045914918184280396"
"76698","0.04672665894031525","0.04672665894031525","0.04672665894031525"
"76702","0.05997348576784134","0.05997348576784134","0.05997348576784134"
"76718","0.05001024156808853","0.05001024156808853","0.05001024156808853"
"76740","0.04791242629289627","0.04791242629289627","0.04791242629289627"
"76777","0.0408518984913826","0.0408518984913826","0.0408518984913826"
"76782","0.05609221011400223","0.05609221011400223","0.05609221011400223"
"76855","0.046090975403785706","0.046090975403785706","0.046090975403785706"
"76874","0.05985694378614426","0.05985694378614426","0.05985694378614426"
"76893","0.05460745096206665","0.05460745096206665","0.05460745096206665"
"76916","0.0530586838722229","0.0530586838722229","0.0530586838722229"
"76977","0.04232196882367134","0.04232196882367134","0.04232196882367134"
"76978","0.03938604146242142","0.03938604146242142","0.03938604146242142"
"77026","0.04372464865446091","0.04372464865446091","0.04372464865446091"
"77057","0.05923428013920784","0.05923428013920784","0.05923428013920784"
"77074","0.049734726548194885","0.049734726548194885","0.049734726548194885"
"77088","0.05872061476111412","0.05872061476111412","0.05872061476111412"
"77121","0.06901831924915314","0.06901831924915314","0.06901831924915314"
"77143","0.04575411230325699","0.04575411230325699","0.04575411230325699"
"77145","0.0340103879570961","0.0340103879570961","0.0340103879570961"
"77178","0.04797649383544922","0.04797649383544922","0.04797649383544922"
"77186","0.06909176707267761","0.06909176707267761","0.06909176707267761"
"77239","0.060035593807697296","0.060035593807697296","0.060035593807697296"
"77339","0.03730321675539017","0.03730321675539017","0.03730321675539017"
"77359","0.05793459713459015","0.05793459713459015","0.05793459713459015"
"77382","0.03134940564632416","0.03134940564632416","0.03134940564632416"
"77387","0.047854356467723846","0.047854356467723846","0.047854356467723846"
"77434","0.040650077164173126","0.040650077164173126","0.040650077164173126"
"77435","0.04511101171374321","0.04511101171374321","0.04511101171374321"
"77494","0.055416446179151535","0.055416446179151535","0.055416446179151535"
"77505","0.04687574505805969","0.04687574505805969","0.04687574505805969"
"77561","0.04090195894241333","0.04090195894241333","0.04090195894241333"
"77623","0.05949981138110161","0.05949981138110161","0.05949981138110161"
"77629","0.046105511486530304","0.046105511486530304","0.046105511486530304"
"77631","0.05091084539890289","0.05091084539890289","0.05091084539890289"
"77662","0.053980715572834015","0.053980715572834015","0.053980715572834015"
"77663","0.03851335123181343","0.03851335123181343","0.03851335123181343"
"77704","0.05787469074130058","0.05787469074130058","0.05787469074130058"
"77725","0.03460954129695892","0.03460954129695892","0.03460954129695892"
"77742","0.05876242741942406","0.05876242741942406","0.05876242741942406"
"77748","0.04269396513700485","0.04269396513700485","0.04269396513700485"
"77751","0.05583759397268295","0.05583759397268295","0.05583759397268295"
"77765","0.053614988923072815","0.053614988923072815","0.053614988923072815"
"77796","0.03393987938761711","0.03393987938761711","0.03393987938761711"
"77812","0.04027325659990311","0.04027325659990311","0.04027325659990311"
"77814","0.04457506537437439","0.04457506537437439","0.04457506537437439"
"77820","0.057867638766765594","0.057867638766765594","0.057867638766765594"
"77834","0.05474551394581795","0.05474551394581795","0.05474551394581795"
"77837","0.06336518377065659","0.06336518377065659","0.06336518377065659"
"77840","0.04549263417720795","0.04549263417720795","0.04549263417720795"
"77877","0.05251907929778099","0.05251907929778099","0.05251907929778099"
"77891","0.057911328971385956","0.057911328971385956","0.057911328971385956"
"77934","0.06871722638607025","0.06871722638607025","0.06871722638607025"
"77962","0.051433414220809937","0.051433414220809937","0.051433414220809937"
"77995","0.05540609732270241","0.05540609732270241","0.05540609732270241"
"78020","0.046642232686281204","0.046642232686281204","0.046642232686281204"
"78043","0.06091482192277908","0.06091482192277908","0.06091482192277908"
"78095","0.05178305134177208","0.05178305134177208","0.05178305134177208"
"78117","0.0424528643488884","0.0424528643488884","0.0424528643488884"
"78119","0.03648758307099342","0.03648758307099342","0.03648758307099342"
"78140","0.03357207402586937","0.03357207402586937","0.03357207402586937"
"78161","0.029743850231170654","0.029743850231170654","0.029743850231170654"
"78163","0.03965316712856293","0.03965316712856293","0.03965316712856293"
"78190","0.05729055777192116","0.05729055777192116","0.05729055777192116"
"78210","0.04426530748605728","0.04426530748605728","0.04426530748605728"
"78287","0.05683359503746033","0.05683359503746033","0.05683359503746033"
"78300","0.0440344400703907","0.0440344400703907","0.0440344400703907"
"78304","0.04233887791633606","0.04233887791633606","0.04233887791633606"
"78312","0.05445948988199234","0.05445948988199234","0.05445948988199234"
"78338","0.07875993847846985","0.07875993847846985","0.07875993847846985"
"78370","0.04856669530272484","0.04856669530272484","0.04856669530272484"
"78378","0.03971966356039047","0.03971966356039047","0.03971966356039047"
"78410","0.05056799203157425","0.05056799203157425","0.05056799203157425"
"78434","0.040192924439907074","0.040192924439907074","0.040192924439907074"
"78536","0.06422515958547592","0.06422515958547592","0.06422515958547592"
"78577","0.039811477065086365","0.039811477065086365","0.039811477065086365"
"78584","0.045075323432683945","0.045075323432683945","0.045075323432683945"
"78601","0.031123310327529907","0.031123310327529907","0.031123310327529907"
"78604","0.054592154920101166","0.054592154920101166","0.054592154920101166"
"78614","0.05258522927761078","0.05258522927761078","0.05258522927761078"
"78633","0.0485505536198616","0.0485505536198616","0.0485505536198616"
"78698","0.0514422208070755","0.0514422208070755","0.0514422208070755"
"78719","0.052505429834127426","0.052505429834127426","0.052505429834127426"
"78721","0.04817856848239899","0.04817856848239899","0.04817856848239899"
"78724","0.04838566482067108","0.04838566482067108","0.04838566482067108"
"78769","0.04646877944469452","0.04646877944469452","0.04646877944469452"
"78780","0.041276223957538605","0.041276223957538605","0.041276223957538605"
"78871","0.04271993041038513","0.04271993041038513","0.04271993041038513"
"78877","0.060574743896722794","0.060574743896722794","0.060574743896722794"
"78885","0.03295091912150383","0.03295091912150383","0.03295091912150383"
"78913","0.033814627677202225","0.033814627677202225","0.033814627677202225"
"78948","0.047530218958854675","0.047530218958854675","0.047530218958854675"
"78956","0.04069816693663597","0.04069816693663597","0.04069816693663597"
"78997","0.028218230232596397","0.028218230232596397","0.028218230232596397"
"79032","0.043130673468112946","0.043130673468112946","0.043130673468112946"
"79076","0.042936332523822784","0.042936332523822784","0.042936332523822784"
"79098","0.03932454437017441","0.03932454437017441","0.03932454437017441"
"79104","0.0440041720867157","0.0440041720867157","0.0440041720867157"
"79109","0.05346807837486267","0.05346807837486267","0.05346807837486267"
"79148","0.03905744478106499","0.03905744478106499","0.03905744478106499"
"79153","0.049745552241802216","0.049745552241802216","0.049745552241802216"
"79186","0.04855168238282204","0.04855168238282204","0.04855168238282204"
"79230","0.04689948260784149","0.04689948260784149","0.04689948260784149"
"79273","0.04159022867679596","0.04159022867679596","0.04159022867679596"
"79287","0.03926555812358856","0.03926555812358856","0.03926555812358856"
"79288","0.05716749653220177","0.05716749653220177","0.05716749653220177"
"79330","0.03755165636539459","0.03755165636539459","0.03755165636539459"
"79339","0.03533649817109108","0.03533649817109108","0.03533649817109108"
"79343","0.050958432257175446","0.050958432257175446","0.050958432257175446"
"79349","0.05418327450752258","0.05418327450752258","0.05418327450752258"
"79353","0.0530768521130085","0.0530768521130085","0.0530768521130085"
"79379","0.045071303844451904","0.045071303844451904","0.045071303844451904"
"79385","0.049026139080524445","0.049026139080524445","0.049026139080524445"
"79393","0.06044182926416397","0.06044182926416397","0.06044182926416397"
"79464","0.045028895139694214","0.045028895139694214","0.045028895139694214"
"79536","0.0575624480843544","0.0575624480843544","0.0575624480843544"
"79559","0.06838689744472504","0.06838689744472504","0.06838689744472504"
"79571","0.04134035110473633","0.04134035110473633","0.04134035110473633"
"79573","0.042615994811058044","0.042615994811058044","0.042615994811058044"
"79604","0.0501253679394722","0.0501253679394722","0.0501253679394722"
"79613","0.06786677241325378","0.06786677241325378","0.06786677241325378"
"79647","0.04167203605175018","0.04167203605175018","0.04167203605175018"
"79668","0.045447684824466705","0.045447684824466705","0.045447684824466705"
"79684","0.0435931533575058","0.0435931533575058","0.0435931533575058"
"79703","0.034204717725515366","0.034204717725515366","0.034204717725515366"
"79712","0.053627632558345795","0.053627632558345795","0.053627632558345795"
"79727","0.062064364552497864","0.062064364552497864","0.062064364552497864"
"79728","0.0626688301563263","0.0626688301563263","0.0626688301563263"
"79753","0.03944148123264313","0.03944148123264313","0.03944148123264313"
"79775","0.058658700436353683","0.058658700436353683","0.058658700436353683"
"79786","0.03674513101577759","0.03674513101577759","0.03674513101577759"
"79792","0.054311104118824005","0.054311104118824005","0.054311104118824005"
"79802","0.03043125942349434","0.03043125942349434","0.03043125942349434"
"79827","0.05588285252451897","0.05588285252451897","0.05588285252451897"
"79828","0.05512265861034393","0.05512265861034393","0.05512265861034393"
"79837","0.03617125377058983","0.03617125377058983","0.03617125377058983"
"79842","0.050042398273944855","0.050042398273944855","0.050042398273944855"
"79889","0.06190235912799835","0.06190235912799835","0.06190235912799835"
"79916","0.03278274089097977","0.03278274089097977","0.03278274089097977"
"79918","0.04520620405673981","0.04520620405673981","0.04520620405673981"
"79942","0.034973517060279846","0.034973517060279846","0.034973517060279846"
"79952","0.04863559454679489","0.04863559454679489","0.04863559454679489"
"79956","0.06089124083518982","0.06089124083518982","0.06089124083518982"
"79963","0.047820284962654114","0.047820284962654114","0.047820284962654114"
"79972","0.04575009644031525","0.04575009644031525","0.04575009644031525"
"79979","0.0437549352645874","0.0437549352645874","0.0437549352645874"
"79992","0.055969275534152985","0.055969275534152985","0.055969275534152985"
"79996","0.0857463926076889","0.0857463926076889","0.0857463926076889"
"80050","0.054689619690179825","0.054689619690179825","0.054689619690179825"
"80053","0.036959949880838394","0.036959949880838394","0.036959949880838394"
"80115","0.03938378766179085","0.03938378766179085","0.03938378766179085"
"80135","0.06820140779018402","0.06820140779018402","0.06820140779018402"
"80145","0.04178397357463837","0.04178397357463837","0.04178397357463837"
"80191","0.04204033687710762","0.04204033687710762","0.04204033687710762"
"80202","0.05358555167913437","0.05358555167913437","0.05358555167913437"
"80207","0.0710335373878479","0.0710335373878479","0.0710335373878479"
"80225","0.03918743133544922","0.03918743133544922","0.03918743133544922"
"80249","0.04947016388177872","0.04947016388177872","0.04947016388177872"
"80297","0.05265289172530174","0.05265289172530174","0.05265289172530174"
"80306","0.05242388695478439","0.05242388695478439","0.05242388695478439"
"80336","0.03563664108514786","0.03563664108514786","0.03563664108514786"
"80388","0.05211630091071129","0.05211630091071129","0.05211630091071129"
"80404","0.04773762822151184","0.04773762822151184","0.04773762822151184"
"80406","0.04448116198182106","0.04448116198182106","0.04448116198182106"
"80501","0.04685766249895096","0.04685766249895096","0.04685766249895096"
"80520","0.04263151437044144","0.04263151437044144","0.04263151437044144"
"80588","0.046774327754974365","0.046774327754974365","0.046774327754974365"
"80594","0.05244343355298042","0.05244343355298042","0.05244343355298042"
"80605","0.04951057583093643","0.04951057583093643","0.04951057583093643"
"80607","0.059437260031700134","0.059437260031700134","0.059437260031700134"
"80617","0.048745047301054","0.048745047301054","0.048745047301054"
"80632","0.03738028556108475","0.03738028556108475","0.03738028556108475"
"80646","0.0371956042945385","0.0371956042945385","0.0371956042945385"
"80668","0.036941684782505035","0.036941684782505035","0.036941684782505035"
"80675","0.05494168400764465","0.05494168400764465","0.05494168400764465"
"80679","0.05713918060064316","0.05713918060064316","0.05713918060064316"
"80716","0.04737819358706474","0.04737819358706474","0.04737819358706474"
"80750","0.0436076894402504","0.0436076894402504","0.0436076894402504"
"80753","0.0463930144906044","0.0463930144906044","0.0463930144906044"
"80759","0.05710069090127945","0.05710069090127945","0.05710069090127945"
"80773","0.09215350449085236","0.09215350449085236","0.09215350449085236"
"80788","0.06505879759788513","0.06505879759788513","0.06505879759788513"
"80827","0.06160952150821686","0.06160952150821686","0.06160952150821686"
"80862","0.04982729256153107","0.04982729256153107","0.04982729256153107"
"80865","0.05913771688938141","0.05913771688938141","0.05913771688938141"
"80868","0.044386524707078934","0.044386524707078934","0.044386524707078934"
"80875","0.039764806628227234","0.039764806628227234","0.039764806628227234"
"80892","0.05100804567337036","0.05100804567337036","0.05100804567337036"
"80937","0.05023714154958725","0.05023714154958725","0.05023714154958725"
"80947","0.040476180613040924","0.040476180613040924","0.040476180613040924"
"81085","0.04023104906082153","0.04023104906082153","0.04023104906082153"
"81090","0.04822155088186264","0.04822155088186264","0.04822155088186264"
"81160","0.0633840560913086","0.0633840560913086","0.0633840560913086"
"81201","0.056226011365652084","0.056226011365652084","0.056226011365652084"
"81218","0.05051865801215172","0.05051865801215172","0.05051865801215172"
"81309","0.05130419135093689","0.05130419135093689","0.05130419135093689"
"81320","0.04284120723605156","0.04284120723605156","0.04284120723605156"
"81351","0.05264127999544144","0.05264127999544144","0.05264127999544144"
"81408","0.04895608872175217","0.04895608872175217","0.04895608872175217"
"81414","0.07508692145347595","0.07508692145347595","0.07508692145347595"
"81424","0.05326341092586517","0.05326341092586517","0.05326341092586517"
"81459","0.03205334022641182","0.03205334022641182","0.03205334022641182"
"81460","0.07963951677083969","0.07963951677083969","0.07963951677083969"
"81545","0.055059343576431274","0.055059343576431274","0.055059343576431274"
"81555","0.04564572870731354","0.04564572870731354","0.04564572870731354"
"81566","0.046687476336956024","0.046687476336956024","0.046687476336956024"
"81573","0.04023285582661629","0.04023285582661629","0.04023285582661629"
"81677","0.05279121547937393","0.05279121547937393","0.05279121547937393"
"81718","0.04176383465528488","0.04176383465528488","0.04176383465528488"
"81728","0.05099669098854065","0.05099669098854065","0.05099669098854065"
"81757","0.05488763749599457","0.05488763749599457","0.05488763749599457"
"81767","0.06513775885105133","0.06513775885105133","0.06513775885105133"
"81810","0.03338785842061043","0.03338785842061043","0.03338785842061043"
"81829","0.04505983367562294","0.04505983367562294","0.04505983367562294"
"81831","0.045539602637290955","0.045539602637290955","0.045539602637290955"
"81840","0.06485068053007126","0.06485068053007126","0.06485068053007126"
"81875","0.04708313196897507","0.04708313196897507","0.04708313196897507"
"81905","0.062278084456920624","0.062278084456920624","0.062278084456920624"
"81908","0.0380764938890934","0.0380764938890934","0.0380764938890934"
"81998","0.06350763142108917","0.06350763142108917","0.06350763142108917"
"82039","0.04984182491898537","0.04984182491898537","0.04984182491898537"
"82054","0.051610641181468964","0.051610641181468964","0.051610641181468964"
"82071","0.0694236159324646","0.0694236159324646","0.0694236159324646"
"82086","0.046620067209005356","0.046620067209005356","0.046620067209005356"
"82096","0.057333461940288544","0.057333461940288544","0.057333461940288544"
"82102","0.07075115293264389","0.07075115293264389","0.07075115293264389"
"82133","0.07120136171579361","0.07120136171579361","0.07120136171579361"
"82163","0.03613240271806717","0.03613240271806717","0.03613240271806717"
"82225","0.032447610050439835","0.032447610050439835","0.032447610050439835"
"82245","0.05593700334429741","0.05593700334429741","0.05593700334429741"
"82258","0.05232592299580574","0.05232592299580574","0.05232592299580574"
"82295","0.04681544378399849","0.04681544378399849","0.04681544378399849"
"82334","0.045457564294338226","0.045457564294338226","0.045457564294338226"
"82355","0.0524781309068203","0.0524781309068203","0.0524781309068203"
"82363","0.05245756357908249","0.05245756357908249","0.05245756357908249"
"82366","0.04514848440885544","0.04514848440885544","0.04514848440885544"
"82367","0.059108708053827286","0.059108708053827286","0.059108708053827286"
"82374","0.05713634565472603","0.05713634565472603","0.05713634565472603"
"82391","0.04475053772330284","0.04475053772330284","0.04475053772330284"
"82404","0.06208227574825287","0.06208227574825287","0.06208227574825287"
"82446","0.04850593954324722","0.04850593954324722","0.04850593954324722"
"82453","0.05110812187194824","0.05110812187194824","0.05110812187194824"
"82459","0.07622069865465164","0.07622069865465164","0.07622069865465164"
"82474","0.05227464810013771","0.05227464810013771","0.05227464810013771"
"82492","0.04559382423758507","0.04559382423758507","0.04559382423758507"
"82505","0.03570271283388138","0.03570271283388138","0.03570271283388138"
"82530","0.0606275275349617","0.0606275275349617","0.0606275275349617"
"82613","0.03962864726781845","0.03962864726781845","0.03962864726781845"
"82625","0.06045369803905487","0.06045369803905487","0.06045369803905487"
"82632","0.03228328377008438","0.03228328377008438","0.03228328377008438"
"82642","0.06864625215530396","0.06864625215530396","0.06864625215530396"
"82653","0.038896188139915466","0.038896188139915466","0.038896188139915466"
"82670","0.041160523891448975","0.041160523891448975","0.041160523891448975"
"82679","0.04556598514318466","0.04556598514318466","0.04556598514318466"
"82700","0.04437398910522461","0.04437398910522461","0.04437398910522461"
"82727","0.037287481129169464","0.037287481129169464","0.037287481129169464"
"82747","0.06255239248275757","0.06255239248275757","0.06255239248275757"
"82752","0.047372639179229736","0.047372639179229736","0.047372639179229736"
"82766","0.04150533676147461","0.04150533676147461","0.04150533676147461"
"82776","0.062150873243808746","0.062150873243808746","0.062150873243808746"
"82796","0.06182127445936203","0.06182127445936203","0.06182127445936203"
"82802","0.0461600124835968","0.0461600124835968","0.0461600124835968"
"82836","0.033280253410339355","0.033280253410339355","0.033280253410339355"
"82847","0.03375579044222832","0.03375579044222832","0.03375579044222832"
"82853","0.05001528561115265","0.05001528561115265","0.05001528561115265"
"82864","0.05393337830901146","0.05393337830901146","0.05393337830901146"
"82872","0.03812165558338165","0.03812165558338165","0.03812165558338165"
"82890","0.054938897490501404","0.054938897490501404","0.054938897490501404"
"82926","0.0576077476143837","0.0576077476143837","0.0576077476143837"
"82958","0.05207112058997154","0.05207112058997154","0.05207112058997154"
"82961","0.05555907264351845","0.05555907264351845","0.05555907264351845"
"82966","0.054517582058906555","0.054517582058906555","0.054517582058906555"
"83006","0.051394328474998474","0.051394328474998474","0.051394328474998474"
"83031","0.04866444319486618","0.04866444319486618","0.04866444319486618"
"83033","0.06807368993759155","0.06807368993759155","0.06807368993759155"
"83050","0.044786181300878525","0.044786181300878525","0.044786181300878525"
"83053","0.030778557062149048","0.030778557062149048","0.030778557062149048"
"83070","0.04559677094221115","0.04559677094221115","0.04559677094221115"
"83086","0.05606730654835701","0.05606730654835701","0.05606730654835701"
"83111","0.044623490422964096","0.044623490422964096","0.044623490422964096"
"83151","0.03382597863674164","0.03382597863674164","0.03382597863674164"
"83206","0.038876425474882126","0.038876425474882126","0.038876425474882126"
"83217","0.053580936044454575","0.053580936044454575","0.053580936044454575"
"83299","0.05215630307793617","0.05215630307793617","0.05215630307793617"
"83314","0.042995862662792206","0.042995862662792206","0.042995862662792206"
"83320","0.03562531620264053","0.03562531620264053","0.03562531620264053"
"83326","0.05301908031105995","0.05301908031105995","0.05301908031105995"
"83364","0.043445780873298645","0.043445780873298645","0.043445780873298645"
"83401","0.06387871503829956","0.06387871503829956","0.06387871503829956"
"83403","0.038744840770959854","0.038744840770959854","0.038744840770959854"
"83404","0.046562038362026215","0.046562038362026215","0.046562038362026215"
"83405","0.05459916964173317","0.05459916964173317","0.05459916964173317"
"83423","0.051828209310770035","0.051828209310770035","0.051828209310770035"
"83452","0.05764457583427429","0.05764457583427429","0.05764457583427429"
"83473","0.05913056060671806","0.05913056060671806","0.05913056060671806"
"83494","0.05568642541766167","0.05568642541766167","0.05568642541766167"
"83541","0.04030464589595795","0.04030464589595795","0.04030464589595795"
"83551","0.05863713473081589","0.05863713473081589","0.05863713473081589"
"83555","0.05888081341981888","0.05888081341981888","0.05888081341981888"
"83573","0.054742470383644104","0.054742470383644104","0.054742470383644104"
"83579","0.039088815450668335","0.039088815450668335","0.039088815450668335"
"83583","0.05158275365829468","0.05158275365829468","0.05158275365829468"
"83586","0.053614310920238495","0.053614310920238495","0.053614310920238495"
"83623","0.053082287311553955","0.053082287311553955","0.053082287311553955"
"83642","0.045647114515304565","0.045647114515304565","0.045647114515304565"
"83661","0.06021272391080856","0.06021272391080856","0.06021272391080856"
"83681","0.030966468155384064","0.030966468155384064","0.030966468155384064"
"83704","0.05356428399682045","0.05356428399682045","0.05356428399682045"
"83710","0.04628635197877884","0.04628635197877884","0.04628635197877884"
"83724","0.026272833347320557","0.026272833347320557","0.026272833347320557"
"83726","0.044991385191679","0.044991385191679","0.044991385191679"
"83743","0.04793735593557358","0.04793735593557358","0.04793735593557358"
"83784","0.03523491322994232","0.03523491322994232","0.03523491322994232"
"83796","0.05478544533252716","0.05478544533252716","0.05478544533252716"
"83800","0.06605483591556549","0.06605483591556549","0.06605483591556549"
"83820","0.04489891976118088","0.04489891976118088","0.04489891976118088"
"83824","0.0533333383500576","0.0533333383500576","0.0533333383500576"
"83829","0.031531792134046555","0.031531792134046555","0.031531792134046555"
"83854","0.04288875684142113","0.04288875684142113","0.04288875684142113"
"83884","0.044454425573349","0.044454425573349","0.044454425573349"
"83898","0.04385767877101898","0.04385767877101898","0.04385767877101898"
"83899","0.03944608196616173","0.03944608196616173","0.03944608196616173"
"83962","0.052214108407497406","0.052214108407497406","0.052214108407497406"
"83969","0.04258552938699722","0.04258552938699722","0.04258552938699722"
"83993","0.042515549808740616","0.042515549808740616","0.042515549808740616"
"83997","0.06803347170352936","0.06803347170352936","0.06803347170352936"
"84012","0.05193714797496796","0.05193714797496796","0.05193714797496796"
"84024","0.062377557158470154","0.062377557158470154","0.062377557158470154"
"84035","0.04647422954440117","0.04647422954440117","0.04647422954440117"
"84057","0.05039721727371216","0.05039721727371216","0.05039721727371216"
"84061","0.044282328337430954","0.044282328337430954","0.044282328337430954"
"84074","0.04919036850333214","0.04919036850333214","0.04919036850333214"
"84098","0.05901578813791275","0.05901578813791275","0.05901578813791275"
"84113","0.04577431082725525","0.04577431082725525","0.04577431082725525"
"84117","0.0416344590485096","0.0416344590485096","0.0416344590485096"
"84138","0.06029587611556053","0.06029587611556053","0.06029587611556053"
"84199","0.04400486871600151","0.04400486871600151","0.04400486871600151"
"84237","0.0511324405670166","0.0511324405670166","0.0511324405670166"
"84282","0.04567582160234451","0.04567582160234451","0.04567582160234451"
"84292","0.0322587788105011","0.0322587788105011","0.0322587788105011"
"84365","0.04409100115299225","0.04409100115299225","0.04409100115299225"
"84370","0.044769223779439926","0.044769223779439926","0.044769223779439926"
"84388","0.047947075217962265","0.047947075217962265","0.047947075217962265"
"84408","0.035679902881383896","0.035679902881383896","0.035679902881383896"
"84411","0.06941253691911697","0.06941253691911697","0.06941253691911697"
"84417","0.04186426103115082","0.04186426103115082","0.04186426103115082"
"84430","0.041927874088287354","0.041927874088287354","0.041927874088287354"
"84431","0.05631178617477417","0.05631178617477417","0.05631178617477417"
"84442","0.05548425018787384","0.05548425018787384","0.05548425018787384"
"84452","0.05004027485847473","0.05004027485847473","0.05004027485847473"
"84454","0.03096194379031658","0.03096194379031658","0.03096194379031658"
"84458","0.035331178456544876","0.035331178456544876","0.035331178456544876"
"84474","0.05763685703277588","0.05763685703277588","0.05763685703277588"
"84489","0.038577351719141006","0.038577351719141006","0.038577351719141006"
"84516","0.03516697883605957","0.03516697883605957","0.03516697883605957"
"84544","0.04984040558338165","0.04984040558338165","0.04984040558338165"
"84554","0.05295056104660034","0.05295056104660034","0.05295056104660034"
"84657","0.04390178620815277","0.04390178620815277","0.04390178620815277"
"84672","0.0343342199921608","0.0343342199921608","0.0343342199921608"
"84679","0.030004957690835","0.030004957690835","0.030004957690835"
"84682","0.0586111955344677","0.0586111955344677","0.0586111955344677"
"84696","0.03967003524303436","0.03967003524303436","0.03967003524303436"
"84712","0.047000378370285034","0.047000378370285034","0.047000378370285034"
"84761","0.044216521084308624","0.044216521084308624","0.044216521084308624"
"84782","0.04754139482975006","0.04754139482975006","0.04754139482975006"
"84796","0.04705743491649628","0.04705743491649628","0.04705743491649628"
"84807","0.041922427713871","0.041922427713871","0.041922427713871"
"84811","0.05170760676264763","0.05170760676264763","0.05170760676264763"
"84829","0.056820955127477646","0.056820955127477646","0.056820955127477646"
"84830","0.056688617914915085","0.056688617914915085","0.056688617914915085"
"84846","0.06842555105686188","0.06842555105686188","0.06842555105686188"
"84855","0.04341670870780945","0.04341670870780945","0.04341670870780945"
"84897","0.050767019391059875","0.050767019391059875","0.050767019391059875"
"84945","0.047879453748464584","0.047879453748464584","0.047879453748464584"
"84992","0.05215202644467354","0.05215202644467354","0.05215202644467354"
"85015","0.046377889811992645","0.046377889811992645","0.046377889811992645"
"85018","0.042066797614097595","0.042066797614097595","0.042066797614097595"
"85025","0.03535054251551628","0.03535054251551628","0.03535054251551628"
"85054","0.042242057621479034","0.042242057621479034","0.042242057621479034"
"85070","0.03608175367116928","0.03608175367116928","0.03608175367116928"
"85295","0.03875014930963516","0.03875014930963516","0.03875014930963516"
"85349","0.03892438858747482","0.03892438858747482","0.03892438858747482"
"85398","0.054666705429553986","0.054666705429553986","0.054666705429553986"
"85405","0.06429049372673035","0.06429049372673035","0.06429049372673035"
"85440","0.03454967588186264","0.03454967588186264","0.03454967588186264"
"85448","0.0319732204079628","0.0319732204079628","0.0319732204079628"
"85450","0.03988627344369888","0.03988627344369888","0.03988627344369888"
"85480","0.056846246123313904","0.056846246123313904","0.056846246123313904"
"85527","0.03548409789800644","0.03548409789800644","0.03548409789800644"
"85533","0.025661258026957512","0.025661258026957512","0.025661258026957512"
"85560","0.04266543686389923","0.04266543686389923","0.04266543686389923"
"85562","0.04896251857280731","0.04896251857280731","0.04896251857280731"
"85577","0.04826408624649048","0.04826408624649048","0.04826408624649048"
"85603","0.04910731315612793","0.04910731315612793","0.04910731315612793"
"85607","0.0452277697622776","0.0452277697622776","0.0452277697622776"
"85641","0.03780555725097656","0.03780555725097656","0.03780555725097656"
"85698","0.06008145585656166","0.06008145585656166","0.06008145585656166"
"85741","0.040993958711624146","0.040993958711624146","0.040993958711624146"
"85868","0.03941195830702782","0.03941195830702782","0.03941195830702782"
"85893","0.04142627865076065","0.04142627865076065","0.04142627865076065"
"85956","0.04916504770517349","0.04916504770517349","0.04916504770517349"
"85982","0.06387416273355484","0.06387416273355484","0.06387416273355484"
"86009","0.05446162074804306","0.05446162074804306","0.05446162074804306"
"86044","0.04786616191267967","0.04786616191267967","0.04786616191267967"
"86051","0.040622491389513016","0.040622491389513016","0.040622491389513016"
"86066","0.05831778794527054","0.05831778794527054","0.05831778794527054"
"86086","0.0382407084107399","0.0382407084107399","0.0382407084107399"
"86134","0.056413743644952774","0.056413743644952774","0.056413743644952774"
"86152","0.05047493427991867","0.05047493427991867","0.05047493427991867"
"86195","0.04291730001568794","0.04291730001568794","0.04291730001568794"
"86259","0.06796890497207642","0.06796890497207642","0.06796890497207642"
"86277","0.03939298167824745","0.03939298167824745","0.03939298167824745"
"86295","0.0404428094625473","0.0404428094625473","0.0404428094625473"
"86312","0.0487857386469841","0.0487857386469841","0.0487857386469841"
"86345","0.04292364418506622","0.04292364418506622","0.04292364418506622"
"86352","0.044436994940042496","0.044436994940042496","0.044436994940042496"
"86374","0.0593487024307251","0.0593487024307251","0.0593487024307251"
"86390","0.06812934577465057","0.06812934577465057","0.06812934577465057"
"86399","0.041604917496442795","0.041604917496442795","0.041604917496442795"
"86458","0.04589281976222992","0.04589281976222992","0.04589281976222992"
"86459","0.038416460156440735","0.038416460156440735","0.038416460156440735"
"86462","0.04822712764143944","0.04822712764143944","0.04822712764143944"
"86466","0.04599928483366966","0.04599928483366966","0.04599928483366966"
"86485","0.04289572313427925","0.04289572313427925","0.04289572313427925"
"86489","0.03500942140817642","0.03500942140817642","0.03500942140817642"
"86514","0.05370471626520157","0.05370471626520157","0.05370471626520157"
"86541","0.05501274764537811","0.05501274764537811","0.05501274764537811"
"86610","0.04731220006942749","0.04731220006942749","0.04731220006942749"
"86618","0.05282680317759514","0.05282680317759514","0.05282680317759514"
"86643","0.04334893077611923","0.04334893077611923","0.04334893077611923"
"86672","0.05107579380273819","0.05107579380273819","0.05107579380273819"
"86681","0.050331950187683105","0.050331950187683105","0.050331950187683105"
"86705","0.04414845257997513","0.04414845257997513","0.04414845257997513"
"86745","0.03444775193929672","0.03444775193929672","0.03444775193929672"
"86748","0.033494409173727036","0.033494409173727036","0.033494409173727036"
"86788","0.05302110314369202","0.05302110314369202","0.05302110314369202"
"86793","0.03660030663013458","0.03660030663013458","0.03660030663013458"
"86847","0.045599315315485","0.045599315315485","0.045599315315485"
"86857","0.06979121267795563","0.06979121267795563","0.06979121267795563"
"86883","0.03025663085281849","0.03025663085281849","0.03025663085281849"
"86892","0.033973578363657","0.033973578363657","0.033973578363657"
"86918","0.0376274436712265","0.0376274436712265","0.0376274436712265"
"86998","0.04313863068819046","0.04313863068819046","0.04313863068819046"
"87009","0.04956244304776192","0.04956244304776192","0.04956244304776192"
"87071","0.04964151233434677","0.04964151233434677","0.04964151233434677"
"87079","0.03570903465151787","0.03570903465151787","0.03570903465151787"
"87142","0.05016372725367546","0.05016372725367546","0.05016372725367546"
"87145","0.0452035591006279","0.0452035591006279","0.0452035591006279"
"87147","0.04881225526332855","0.04881225526332855","0.04881225526332855"
"87152","0.03866619989275932","0.03866619989275932","0.03866619989275932"
"87175","0.05475478246808052","0.05475478246808052","0.05475478246808052"
"87193","0.04299435764551163","0.04299435764551163","0.04299435764551163"
"87215","0.0432916060090065","0.0432916060090065","0.0432916060090065"
"87219","0.0408552885055542","0.0408552885055542","0.0408552885055542"
"87223","0.06467527896165848","0.06467527896165848","0.06467527896165848"
"87250","0.052886269986629486","0.052886269986629486","0.052886269986629486"
"87255","0.0429961159825325","0.0429961159825325","0.0429961159825325"
"87288","0.04557192325592041","0.04557192325592041","0.04557192325592041"
"87294","0.03944380581378937","0.03944380581378937","0.03944380581378937"
"87300","0.0350150540471077","0.0350150540471077","0.0350150540471077"
"87309","0.0392591692507267","0.0392591692507267","0.0392591692507267"
"87324","0.058164890855550766","0.058164890855550766","0.058164890855550766"
"87352","0.03536418825387955","0.03536418825387955","0.03536418825387955"
"87358","0.047291290014982224","0.047291290014982224","0.047291290014982224"
"87387","0.05453982949256897","0.05453982949256897","0.05453982949256897"
"87417","0.04803185164928436","0.04803185164928436","0.04803185164928436"
"87424","0.0337674506008625","0.0337674506008625","0.0337674506008625"
"87446","0.042254917323589325","0.042254917323589325","0.042254917323589325"
"87449","0.04957623779773712","0.04957623779773712","0.04957623779773712"
"87546","0.05452900007367134","0.05452900007367134","0.05452900007367134"
"87555","0.04037972539663315","0.04037972539663315","0.04037972539663315"
"87587","0.04307323694229126","0.04307323694229126","0.04307323694229126"
"87593","0.05867793783545494","0.05867793783545494","0.05867793783545494"
"87596","0.05613536015152931","0.05613536015152931","0.05613536015152931"
"87612","0.0712938979268074","0.0712938979268074","0.0712938979268074"
"87617","0.06648150831460953","0.06648150831460953","0.06648150831460953"
"87658","0.05215328931808472","0.05215328931808472","0.05215328931808472"
"87691","0.05070764943957329","0.05070764943957329","0.05070764943957329"
"87698","0.04421636462211609","0.04421636462211609","0.04421636462211609"
"87721","0.05743904411792755","0.05743904411792755","0.05743904411792755"
"87725","0.04139230027794838","0.04139230027794838","0.04139230027794838"
"87755","0.05423104017972946","0.05423104017972946","0.05423104017972946"
"87798","0.04687521979212761","0.04687521979212761","0.04687521979212761"
"87799","0.053149010986089706","0.053149010986089706","0.053149010986089706"
"87808","0.06135370582342148","0.06135370582342148","0.06135370582342148"
"87818","0.05240573734045029","0.05240573734045029","0.05240573734045029"
"87834","0.0579267218708992","0.0579267218708992","0.0579267218708992"
"87879","0.03355137258768082","0.03355137258768082","0.03355137258768082"
"87901","0.05287303030490875","0.05287303030490875","0.05287303030490875"
"87981","0.044912323355674744","0.044912323355674744","0.044912323355674744"
"88006","0.047710757702589035","0.047710757702589035","0.047710757702589035"
"88029","0.0662551075220108","0.0662551075220108","0.0662551075220108"
"88030","0.04229510575532913","0.04229510575532913","0.04229510575532913"
"88038","0.04893773794174194","0.04893773794174194","0.04893773794174194"
"88042","0.05820969492197037","0.05820969492197037","0.05820969492197037"
"88043","0.039436906576156616","0.039436906576156616","0.039436906576156616"
"88046","0.04238039255142212","0.04238039255142212","0.04238039255142212"
"88071","0.04575787112116814","0.04575787112116814","0.04575787112116814"
"88098","0.06543006002902985","0.06543006002902985","0.06543006002902985"
"88103","0.048574745655059814","0.048574745655059814","0.048574745655059814"
"88109","0.07692763209342957","0.07692763209342957","0.07692763209342957"
"88121","0.044469185173511505","0.044469185173511505","0.044469185173511505"
"88140","0.0553189292550087","0.0553189292550087","0.0553189292550087"
"88169","0.051994629204273224","0.051994629204273224","0.051994629204273224"
"88209","0.06412579119205475","0.06412579119205475","0.06412579119205475"
"88212","0.033379726111888885","0.033379726111888885","0.033379726111888885"
"88264","0.0731925368309021","0.0731925368309021","0.0731925368309021"
"88340","0.054338619112968445","0.054338619112968445","0.054338619112968445"
"88382","0.03566429018974304","0.03566429018974304","0.03566429018974304"
"88402","0.0506461039185524","0.0506461039185524","0.0506461039185524"
"88414","0.04512688145041466","0.04512688145041466","0.04512688145041466"
"88418","0.05068287253379822","0.05068287253379822","0.05068287253379822"
"88430","0.053470175713300705","0.053470175713300705","0.053470175713300705"
"88461","0.04725036025047302","0.04725036025047302","0.04725036025047302"
"88467","0.05687778815627098","0.05687778815627098","0.05687778815627098"
"88475","0.030623646453022957","0.030623646453022957","0.030623646453022957"
"88533","0.05851554870605469","0.05851554870605469","0.05851554870605469"
"88539","0.038877829909324646","0.038877829909324646","0.038877829909324646"
"88552","0.053465817123651505","0.053465817123651505","0.053465817123651505"
"88564","0.06664738059043884","0.06664738059043884","0.06664738059043884"
"88566","0.05808231234550476","0.05808231234550476","0.05808231234550476"
"88593","0.055505815893411636","0.055505815893411636","0.055505815893411636"
"88597","0.043757613748311996","0.043757613748311996","0.043757613748311996"
"88603","0.043615370988845825","0.043615370988845825","0.043615370988845825"
"88618","0.0496891625225544","0.0496891625225544","0.0496891625225544"
"88622","0.04882971942424774","0.04882971942424774","0.04882971942424774"
"88692","0.04904230311512947","0.04904230311512947","0.04904230311512947"
"88698","0.041063372045755386","0.041063372045755386","0.041063372045755386"
"88743","0.05028782784938812","0.05028782784938812","0.05028782784938812"
"88793","0.059842001646757126","0.059842001646757126","0.059842001646757126"
"88795","0.04951796680688858","0.04951796680688858","0.04951796680688858"
"88836","0.05675899237394333","0.05675899237394333","0.05675899237394333"
"88924","0.047198113054037094","0.047198113054037094","0.047198113054037094"
"88926","0.05422529578208923","0.05422529578208923","0.05422529578208923"
"88941","0.04601381719112396","0.04601381719112396","0.04601381719112396"
"88942","0.05293818563222885","0.05293818563222885","0.05293818563222885"
"88944","0.04823926091194153","0.04823926091194153","0.04823926091194153"
"88967","0.051395878195762634","0.051395878195762634","0.051395878195762634"
"89014","0.04485996440052986","0.04485996440052986","0.04485996440052986"
"89040","0.0409681499004364","0.0409681499004364","0.0409681499004364"
"89049","0.07362984120845795","0.07362984120845795","0.07362984120845795"
"89053","0.04813176393508911","0.04813176393508911","0.04813176393508911"
"89060","0.05153985694050789","0.05153985694050789","0.05153985694050789"
"89093","0.048998162150382996","0.048998162150382996","0.048998162150382996"
"89126","0.06051567196846008","0.06051567196846008","0.06051567196846008"
"89164","0.04071955010294914","0.04071955010294914","0.04071955010294914"
"89169","0.038172997534275055","0.038172997534275055","0.038172997534275055"
"89183","0.0372585728764534","0.0372585728764534","0.0372585728764534"
"89188","0.05653632804751396","0.05653632804751396","0.05653632804751396"
"89218","0.04420965164899826","0.04420965164899826","0.04420965164899826"
"89233","0.05133470147848129","0.05133470147848129","0.05133470147848129"
"89242","0.045132532715797424","0.045132532715797424","0.045132532715797424"
"89309","0.044098153710365295","0.044098153710365295","0.044098153710365295"
"89323","0.05645519122481346","0.05645519122481346","0.05645519122481346"
"89358","0.03821287676692009","0.03821287676692009","0.03821287676692009"
"89378","0.04615195095539093","0.04615195095539093","0.04615195095539093"
"89382","0.05188724398612976","0.05188724398612976","0.05188724398612976"
"89385","0.04667208343744278","0.04667208343744278","0.04667208343744278"
"89396","0.056013427674770355","0.056013427674770355","0.056013427674770355"
"89403","0.052175480872392654","0.052175480872392654","0.052175480872392654"
"89410","0.0477692112326622","0.0477692112326622","0.0477692112326622"
"89418","0.04900224506855011","0.04900224506855011","0.04900224506855011"
"89424","0.04997234046459198","0.04997234046459198","0.04997234046459198"
"89467","0.0638728141784668","0.0638728141784668","0.0638728141784668"
"89469","0.04642583802342415","0.04642583802342415","0.04642583802342415"
"89527","0.05296221375465393","0.05296221375465393","0.05296221375465393"
"89542","0.03964496776461601","0.03964496776461601","0.03964496776461601"
"89630","0.042960476130247116","0.042960476130247116","0.042960476130247116"
"89653","0.06296494603157043","0.06296494603157043","0.06296494603157043"
"89674","0.04980713874101639","0.04980713874101639","0.04980713874101639"
"89682","0.04868936538696289","0.04868936538696289","0.04868936538696289"
"89707","0.06726367771625519","0.06726367771625519","0.06726367771625519"
"89716","0.05481706187129021","0.05481706187129021","0.05481706187129021"
"89740","0.05730321258306503","0.05730321258306503","0.05730321258306503"
"89767","0.032958827912807465","0.032958827912807465","0.032958827912807465"
"89786","0.04571422562003136","0.04571422562003136","0.04571422562003136"
"89805","0.050308797508478165","0.050308797508478165","0.050308797508478165"
"89810","0.04616610333323479","0.04616610333323479","0.04616610333323479"
"89823","0.04876936599612236","0.04876936599612236","0.04876936599612236"
"89828","0.05539611354470253","0.05539611354470253","0.05539611354470253"
"89865","0.06859274208545685","0.06859274208545685","0.06859274208545685"
"89906","0.04990813136100769","0.04990813136100769","0.04990813136100769"
"89928","0.04851686581969261","0.04851686581969261","0.04851686581969261"
"89949","0.06871451437473297","0.06871451437473297","0.06871451437473297"
"90006","0.044007427990436554","0.044007427990436554","0.044007427990436554"
"90045","0.06400614976882935","0.06400614976882935","0.06400614976882935"
"90083","0.03797319531440735","0.03797319531440735","0.03797319531440735"
"90085","0.05175385624170303","0.05175385624170303","0.05175385624170303"
"90144","0.04234832897782326","0.04234832897782326","0.04234832897782326"
"90146","0.04791942238807678","0.04791942238807678","0.04791942238807678"
"90147","0.05405542254447937","0.05405542254447937","0.05405542254447937"
"90166","0.06008099019527435","0.06008099019527435","0.06008099019527435"
"90167","0.046907782554626465","0.046907782554626465","0.046907782554626465"
"90173","0.043091073632240295","0.043091073632240295","0.043091073632240295"
"90216","0.061987392604351044","0.061987392604351044","0.061987392604351044"
"90231","0.043350689113140106","0.043350689113140106","0.043350689113140106"
"90240","0.044438816606998444","0.044438816606998444","0.044438816606998444"
"90243","0.07092580199241638","0.07092580199241638","0.07092580199241638"
"90245","0.044922780245542526","0.044922780245542526","0.044922780245542526"
"90292","0.04736138880252838","0.04736138880252838","0.04736138880252838"
"90310","0.04023433104157448","0.04023433104157448","0.04023433104157448"
"90327","0.04162507876753807","0.04162507876753807","0.04162507876753807"
"90348","0.08183188736438751","0.08183188736438751","0.08183188736438751"
"90377","0.07094436138868332","0.07094436138868332","0.07094436138868332"
"90386","0.05415737256407738","0.05415737256407738","0.05415737256407738"
"90413","0.05255793407559395","0.05255793407559395","0.05255793407559395"
"90428","0.04111170023679733","0.04111170023679733","0.04111170023679733"
"90430","0.048911742866039276","0.048911742866039276","0.048911742866039276"
"90456","0.03480248525738716","0.03480248525738716","0.03480248525738716"
"90473","0.058334335684776306","0.058334335684776306","0.058334335684776306"
"90478","0.03362961485981941","0.03362961485981941","0.03362961485981941"
"90496","0.04353247582912445","0.04353247582912445","0.04353247582912445"
"90502","0.08957821875810623","0.08957821875810623","0.08957821875810623"
"90517","0.04480558633804321","0.04480558633804321","0.04480558633804321"
"90527","0.05430801212787628","0.05430801212787628","0.05430801212787628"
"90583","0.04538068175315857","0.04538068175315857","0.04538068175315857"
"90606","0.040623657405376434","0.040623657405376434","0.040623657405376434"
"90611","0.05321943759918213","0.05321943759918213","0.05321943759918213"
"90646","0.04327400401234627","0.04327400401234627","0.04327400401234627"
"90670","0.05423177406191826","0.05423177406191826","0.05423177406191826"
"90809","0.061666809022426605","0.061666809022426605","0.061666809022426605"
"90875","0.0624513104557991","0.0624513104557991","0.0624513104557991"
"90971","0.059612028300762177","0.059612028300762177","0.059612028300762177"
"90981","0.046740006655454636","0.046740006655454636","0.046740006655454636"
"91131","0.05201294273138046","0.05201294273138046","0.05201294273138046"
"91133","0.07245790958404541","0.07245790958404541","0.07245790958404541"
"91135","0.0443970151245594","0.0443970151245594","0.0443970151245594"
"91196","0.05361630395054817","0.05361630395054817","0.05361630395054817"
"91202","0.06066654250025749","0.06066654250025749","0.06066654250025749"
"91224","0.045733511447906494","0.045733511447906494","0.045733511447906494"
"91235","0.04778029024600983","0.04778029024600983","0.04778029024600983"
"91270","0.04902701452374458","0.04902701452374458","0.04902701452374458"
"91282","0.05716189742088318","0.05716189742088318","0.05716189742088318"
"91288","0.06825416535139084","0.06825416535139084","0.06825416535139084"
"91291","0.03745295852422714","0.03745295852422714","0.03745295852422714"
"91307","0.041115812957286835","0.041115812957286835","0.041115812957286835"
"91344","0.05891978368163109","0.05891978368163109","0.05891978368163109"
"91386","0.06612902879714966","0.06612902879714966","0.06612902879714966"
"91388","0.0706453025341034","0.0706453025341034","0.0706453025341034"
"91393","0.04682214558124542","0.04682214558124542","0.04682214558124542"
"91431","0.02985493838787079","0.02985493838787079","0.02985493838787079"
"91449","0.055652253329753876","0.055652253329753876","0.055652253329753876"
"91493","0.054843366146087646","0.054843366146087646","0.054843366146087646"
"91544","0.053520794957876205","0.053520794957876205","0.053520794957876205"
"91557","0.03325516730546951","0.03325516730546951","0.03325516730546951"
"91582","0.044694140553474426","0.044694140553474426","0.044694140553474426"
"91603","0.0402519665658474","0.0402519665658474","0.0402519665658474"
"91636","0.03818419948220253","0.03818419948220253","0.03818419948220253"
"91649","0.05120563507080078","0.05120563507080078","0.05120563507080078"
"91657","0.03912634402513504","0.03912634402513504","0.03912634402513504"
"91679","0.03903808444738388","0.03903808444738388","0.03903808444738388"
"91696","0.0635785311460495","0.0635785311460495","0.0635785311460495"
"91706","0.06879705935716629","0.06879705935716629","0.06879705935716629"
"91717","0.06846922636032104","0.06846922636032104","0.06846922636032104"
"91736","0.0558883473277092","0.0558883473277092","0.0558883473277092"
"91752","0.05532955378293991","0.05532955378293991","0.05532955378293991"
"91766","0.05287368595600128","0.05287368595600128","0.05287368595600128"
"91770","0.049743328243494034","0.049743328243494034","0.049743328243494034"
"91875","0.07732024788856506","0.07732024788856506","0.07732024788856506"
"91897","0.047396041452884674","0.047396041452884674","0.047396041452884674"
"91902","0.042080000042915344","0.042080000042915344","0.042080000042915344"
"91920","0.03720789775252342","0.03720789775252342","0.03720789775252342"
"91936","0.051821477711200714","0.051821477711200714","0.051821477711200714"
"91937","0.036852993071079254","0.036852993071079254","0.036852993071079254"
"91951","0.05026637017726898","0.05026637017726898","0.05026637017726898"
"91982","0.04029793292284012","0.04029793292284012","0.04029793292284012"
"92016","0.05111254006624222","0.05111254006624222","0.05111254006624222"
"92030","0.02682051807641983","0.02682051807641983","0.02682051807641983"
"92052","0.04017425328493118","0.04017425328493118","0.04017425328493118"
"92076","0.04952816665172577","0.04952816665172577","0.04952816665172577"
"92102","0.034789152443408966","0.034789152443408966","0.034789152443408966"
"92113","0.04168396815657616","0.04168396815657616","0.04168396815657616"
"92121","0.0556657649576664","0.0556657649576664","0.0556657649576664"
"92134","0.05145419016480446","0.05145419016480446","0.05145419016480446"
"92142","0.05637659132480621","0.05637659132480621","0.05637659132480621"
"92150","0.044650353491306305","0.044650353491306305","0.044650353491306305"
"92161","0.052421942353248596","0.052421942353248596","0.052421942353248596"
"92173","0.054867394268512726","0.054867394268512726","0.054867394268512726"
"92179","0.06390276551246643","0.06390276551246643","0.06390276551246643"
"92186","0.03651333972811699","0.03651333972811699","0.03651333972811699"
"92202","0.0438709482550621","0.0438709482550621","0.0438709482550621"
"92203","0.03361992537975311","0.03361992537975311","0.03361992537975311"
"92240","0.05487952381372452","0.05487952381372452","0.05487952381372452"
"92245","0.05285250023007393","0.05285250023007393","0.05285250023007393"
"92257","0.04056793823838234","0.04056793823838234","0.04056793823838234"
"92261","0.03600884601473808","0.03600884601473808","0.03600884601473808"
"92303","0.04483161121606827","0.04483161121606827","0.04483161121606827"
"92334","0.05297781154513359","0.05297781154513359","0.05297781154513359"
"92341","0.03569623827934265","0.03569623827934265","0.03569623827934265"
"92386","0.03660619258880615","0.03660619258880615","0.03660619258880615"
"92393","0.04410845413804054","0.04410845413804054","0.04410845413804054"
"92415","0.048434339463710785","0.048434339463710785","0.048434339463710785"
"92493","0.03619846701622009","0.03619846701622009","0.03619846701622009"
"92504","0.03795485943555832","0.03795485943555832","0.03795485943555832"
"92531","0.06777229905128479","0.06777229905128479","0.06777229905128479"
"92549","0.04272300377488136","0.04272300377488136","0.04272300377488136"
"92615","0.04780149832367897","0.04780149832367897","0.04780149832367897"
"92618","0.036110762506723404","0.036110762506723404","0.036110762506723404"
"92649","0.0394829586148262","0.0394829586148262","0.0394829586148262"
"92651","0.04109097644686699","0.04109097644686699","0.04109097644686699"
"92687","0.04469452053308487","0.04469452053308487","0.04469452053308487"
"92702","0.043758176267147064","0.043758176267147064","0.043758176267147064"
"92721","0.0504986047744751","0.0504986047744751","0.0504986047744751"
"92824","0.031606078147888184","0.031606078147888184","0.031606078147888184"
"92843","0.039246510714292526","0.039246510714292526","0.039246510714292526"
"92864","0.04120134562253952","0.04120134562253952","0.04120134562253952"
"92868","0.04406493902206421","0.04406493902206421","0.04406493902206421"
"92886","0.0549594908952713","0.0549594908952713","0.0549594908952713"
"92894","0.04554947838187218","0.04554947838187218","0.04554947838187218"
"92919","0.05509727820754051","0.05509727820754051","0.05509727820754051"
"92969","0.0637253150343895","0.0637253150343895","0.0637253150343895"
"92973","0.036271944642066956","0.036271944642066956","0.036271944642066956"
"93006","0.05073557049036026","0.05073557049036026","0.05073557049036026"
"93016","0.03821912407875061","0.03821912407875061","0.03821912407875061"
"93039","0.04501241445541382","0.04501241445541382","0.04501241445541382"
"93059","0.051150090992450714","0.051150090992450714","0.051150090992450714"
"93098","0.056501634418964386","0.056501634418964386","0.056501634418964386"
"93100","0.0525098592042923","0.0525098592042923","0.0525098592042923"
"93110","0.047399140894412994","0.047399140894412994","0.047399140894412994"
"93132","0.07339872419834137","0.07339872419834137","0.07339872419834137"
"93151","0.03776997700333595","0.03776997700333595","0.03776997700333595"
"93162","0.03923884779214859","0.03923884779214859","0.03923884779214859"
"93170","0.061375342309474945","0.061375342309474945","0.061375342309474945"
"93216","0.05644184350967407","0.05644184350967407","0.05644184350967407"
"93229","0.0643601268529892","0.0643601268529892","0.0643601268529892"
"93250","0.05287617817521095","0.05287617817521095","0.05287617817521095"
"93251","0.05014960840344429","0.05014960840344429","0.05014960840344429"
"93258","0.04697680473327637","0.04697680473327637","0.04697680473327637"
"93266","0.042780838906764984","0.042780838906764984","0.042780838906764984"
"93288","0.042883384972810745","0.042883384972810745","0.042883384972810745"
"93312","0.046875566244125366","0.046875566244125366","0.046875566244125366"
"93325","0.05866265669465065","0.05866265669465065","0.05866265669465065"
"93327","0.05409771203994751","0.05409771203994751","0.05409771203994751"
"93368","0.05337940901517868","0.05337940901517868","0.05337940901517868"
"93390","0.05521588400006294","0.05521588400006294","0.05521588400006294"
"93397","0.05842165648937225","0.05842165648937225","0.05842165648937225"
"93402","0.04911518841981888","0.04911518841981888","0.04911518841981888"
"93425","0.06808216124773026","0.06808216124773026","0.06808216124773026"
"93434","0.05752241611480713","0.05752241611480713","0.05752241611480713"
"93481","0.04884505271911621","0.04884505271911621","0.04884505271911621"
"93541","0.04379916936159134","0.04379916936159134","0.04379916936159134"
"93566","0.0374896377325058","0.0374896377325058","0.0374896377325058"
"93595","0.05945553258061409","0.05945553258061409","0.05945553258061409"
"93608","0.03845352679491043","0.03845352679491043","0.03845352679491043"
"93621","0.03757014125585556","0.03757014125585556","0.03757014125585556"
"93633","0.0667281225323677","0.0667281225323677","0.0667281225323677"
"93641","0.04726702347397804","0.04726702347397804","0.04726702347397804"
"93660","0.03726306930184364","0.03726306930184364","0.03726306930184364"
"93698","0.03605038672685623","0.03605038672685623","0.03605038672685623"
"93705","0.0424945242702961","0.0424945242702961","0.0424945242702961"
"93772","0.04377175122499466","0.04377175122499466","0.04377175122499466"
"93780","0.03845600783824921","0.03845600783824921","0.03845600783824921"
"93784","0.04563067853450775","0.04563067853450775","0.04563067853450775"
"93786","0.04150921106338501","0.04150921106338501","0.04150921106338501"
"93791","0.04061836004257202","0.04061836004257202","0.04061836004257202"
"93798","0.059392623603343964","0.059392623603343964","0.059392623603343964"
"93805","0.049235157668590546","0.049235157668590546","0.049235157668590546"
"93816","0.04411559924483299","0.04411559924483299","0.04411559924483299"
"93841","0.05828173831105232","0.05828173831105232","0.05828173831105232"
"93878","0.032240696251392365","0.032240696251392365","0.032240696251392365"
"93895","0.060563914477825165","0.060563914477825165","0.060563914477825165"
"93932","0.049684178084135056","0.049684178084135056","0.049684178084135056"
"93988","0.03317270800471306","0.03317270800471306","0.03317270800471306"
"94018","0.054722823202610016","0.054722823202610016","0.054722823202610016"
"94019","0.0619683712720871","0.0619683712720871","0.0619683712720871"
"94052","0.05235471576452255","0.05235471576452255","0.05235471576452255"
"94059","0.04488866776227951","0.04488866776227951","0.04488866776227951"
"94067","0.05781937018036842","0.05781937018036842","0.05781937018036842"
"94104","0.04825994372367859","0.04825994372367859","0.04825994372367859"
"94126","0.0344209149479866","0.0344209149479866","0.0344209149479866"
"94134","0.04179222136735916","0.04179222136735916","0.04179222136735916"
"94162","0.045373495668172836","0.045373495668172836","0.045373495668172836"
"94168","0.03322501480579376","0.03322501480579376","0.03322501480579376"
"94230","0.043959006667137146","0.043959006667137146","0.043959006667137146"
"94245","0.06736519932746887","0.06736519932746887","0.06736519932746887"
"94271","0.05362605303525925","0.05362605303525925","0.05362605303525925"
"94278","0.033894263207912445","0.033894263207912445","0.033894263207912445"
"94282","0.04066341742873192","0.04066341742873192","0.04066341742873192"
"94298","0.059121616184711456","0.059121616184711456","0.059121616184711456"
"94326","0.02860402688384056","0.02860402688384056","0.02860402688384056"
"94336","0.02575400471687317","0.02575400471687317","0.02575400471687317"
"94388","0.057753417640924454","0.057753417640924454","0.057753417640924454"
"94401","0.03711295872926712","0.03711295872926712","0.03711295872926712"
"94428","0.05559563636779785","0.05559563636779785","0.05559563636779785"
"94435","0.04378005862236023","0.04378005862236023","0.04378005862236023"
"94443","0.04360070452094078","0.04360070452094078","0.04360070452094078"
"94462","0.043650612235069275","0.043650612235069275","0.043650612235069275"
"94475","0.037209708243608475","0.037209708243608475","0.037209708243608475"
"94507","0.04578571394085884","0.04578571394085884","0.04578571394085884"
"94510","0.03925274312496185","0.03925274312496185","0.03925274312496185"
"94545","0.05577504634857178","0.05577504634857178","0.05577504634857178"
"94556","0.0579153373837471","0.0579153373837471","0.0579153373837471"
"94564","0.045366548001766205","0.045366548001766205","0.045366548001766205"
"94581","0.03470771014690399","0.03470771014690399","0.03470771014690399"
"94650","0.03985016047954559","0.03985016047954559","0.03985016047954559"
"94681","0.04074617475271225","0.04074617475271225","0.04074617475271225"
"94750","0.03899771720170975","0.03899771720170975","0.03899771720170975"
"94765","0.03980809450149536","0.03980809450149536","0.03980809450149536"
"94783","0.05146932229399681","0.05146932229399681","0.05146932229399681"
"94806","0.0453631654381752","0.0453631654381752","0.0453631654381752"
"94836","0.05248137190937996","0.05248137190937996","0.05248137190937996"
"94863","0.06798914074897766","0.06798914074897766","0.06798914074897766"
"94893","0.042069241404533386","0.042069241404533386","0.042069241404533386"
"94918","0.05147090554237366","0.05147090554237366","0.05147090554237366"
"94940","0.05530557781457901","0.05530557781457901","0.05530557781457901"
"94951","0.04757707193493843","0.04757707193493843","0.04757707193493843"
"94962","0.04540415108203888","0.04540415108203888","0.04540415108203888"
"94975","0.06045767664909363","0.06045767664909363","0.06045767664909363"
"95001","0.04768674075603485","0.04768674075603485","0.04768674075603485"
"95005","0.045855458825826645","0.045855458825826645","0.045855458825826645"
"95070","0.04709441959857941","0.04709441959857941","0.04709441959857941"
"95096","0.049917951226234436","0.049917951226234436","0.049917951226234436"
"95147","0.03630375862121582","0.03630375862121582","0.03630375862121582"
"95157","0.043044313788414","0.043044313788414","0.043044313788414"
"95175","0.047308869659900665","0.047308869659900665","0.047308869659900665"
"95194","0.04883434623479843","0.04883434623479843","0.04883434623479843"
"95225","0.05312907695770264","0.05312907695770264","0.05312907695770264"
"95242","0.043454691767692566","0.043454691767692566","0.043454691767692566"
"95308","0.04167376458644867","0.04167376458644867","0.04167376458644867"
"95324","0.04289189353585243","0.04289189353585243","0.04289189353585243"
"95350","0.0680130198597908","0.0680130198597908","0.0680130198597908"
"95353","0.052524417638778687","0.052524417638778687","0.052524417638778687"
"95372","0.05373527482151985","0.05373527482151985","0.05373527482151985"
"95376","0.0402439720928669","0.0402439720928669","0.0402439720928669"
"95378","0.03833046182990074","0.03833046182990074","0.03833046182990074"
"95465","0.039073698222637177","0.039073698222637177","0.039073698222637177"
"95500","0.03695700317621231","0.03695700317621231","0.03695700317621231"
"95548","0.03316769748926163","0.03316769748926163","0.03316769748926163"
"95574","0.03908414766192436","0.03908414766192436","0.03908414766192436"
"95595","0.0470123291015625","0.0470123291015625","0.0470123291015625"
"95600","0.06135605275630951","0.06135605275630951","0.06135605275630951"
"95644","0.04770351201295853","0.04770351201295853","0.04770351201295853"
"95675","0.055630333721637726","0.055630333721637726","0.055630333721637726"
"95698","0.047309357672929764","0.047309357672929764","0.047309357672929764"
"95711","0.0318877175450325","0.0318877175450325","0.0318877175450325"
"95727","0.05055323988199234","0.05055323988199234","0.05055323988199234"
"95732","0.0343870148062706","0.0343870148062706","0.0343870148062706"
"95784","0.049913324415683746","0.049913324415683746","0.049913324415683746"
"95788","0.05438884347677231","0.05438884347677231","0.05438884347677231"
"95823","0.053207311779260635","0.053207311779260635","0.053207311779260635"
"95841","0.04574538767337799","0.04574538767337799","0.04574538767337799"
"95860","0.04962153732776642","0.04962153732776642","0.04962153732776642"
"95871","0.04823761433362961","0.04823761433362961","0.04823761433362961"
"95886","0.05025443062186241","0.05025443062186241","0.05025443062186241"
"95887","0.05553966015577316","0.05553966015577316","0.05553966015577316"
"95906","0.053372822701931","0.053372822701931","0.053372822701931"
"95912","0.04080846160650253","0.04080846160650253","0.04080846160650253"
"95921","0.03605277091264725","0.03605277091264725","0.03605277091264725"
"95932","0.04683031886816025","0.04683031886816025","0.04683031886816025"
"95984","0.054593488574028015","0.054593488574028015","0.054593488574028015"
"96009","0.04716552793979645","0.04716552793979645","0.04716552793979645"
"96077","0.036105599254369736","0.036105599254369736","0.036105599254369736"
"96104","0.054580144584178925","0.054580144584178925","0.054580144584178925"
"96131","0.06927019357681274","0.06927019357681274","0.06927019357681274"
"96150","0.038095757365226746","0.038095757365226746","0.038095757365226746"
"96167","0.06017278879880905","0.06017278879880905","0.06017278879880905"
"96188","0.057737622410058975","0.057737622410058975","0.057737622410058975"
"96202","0.034477829933166504","0.034477829933166504","0.034477829933166504"
"96205","0.028060786426067352","0.028060786426067352","0.028060786426067352"
"96209","0.05527003854513168","0.05527003854513168","0.05527003854513168"
"96276","0.048584580421447754","0.048584580421447754","0.048584580421447754"
"96348","0.04176311939954758","0.04176311939954758","0.04176311939954758"
"96367","0.0464443638920784","0.0464443638920784","0.0464443638920784"
"96388","0.0499519407749176","0.0499519407749176","0.0499519407749176"
"96396","0.051296111196279526","0.051296111196279526","0.051296111196279526"
"96405","0.05114668607711792","0.05114668607711792","0.05114668607711792"
"96416","0.03821774572134018","0.03821774572134018","0.03821774572134018"
"96418","0.05084444582462311","0.05084444582462311","0.05084444582462311"
"96442","0.07423141598701477","0.07423141598701477","0.07423141598701477"
"96488","0.062124233692884445","0.062124233692884445","0.062124233692884445"
"96502","0.05876065790653229","0.05876065790653229","0.05876065790653229"
"96505","0.041331030428409576","0.041331030428409576","0.041331030428409576"
"96537","0.06338706612586975","0.06338706612586975","0.06338706612586975"
"96561","0.06583912670612335","0.06583912670612335","0.06583912670612335"
"96587","0.06519661843776703","0.06519661843776703","0.06519661843776703"
"96645","0.03997761756181717","0.03997761756181717","0.03997761756181717"
"96671","0.04261194169521332","0.04261194169521332","0.04261194169521332"
"96711","0.05799683555960655","0.05799683555960655","0.05799683555960655"
"96739","0.03869485855102539","0.03869485855102539","0.03869485855102539"
"96793","0.025686591863632202","0.025686591863632202","0.025686591863632202"
"96799","0.05515996739268303","0.05515996739268303","0.05515996739268303"
"96820","0.06345125287771225","0.06345125287771225","0.06345125287771225"
"96847","0.04634670168161392","0.04634670168161392","0.04634670168161392"
"96851","0.04274322837591171","0.04274322837591171","0.04274322837591171"
"96908","0.03520981967449188","0.03520981967449188","0.03520981967449188"
"96933","0.05289154499769211","0.05289154499769211","0.05289154499769211"
"96936","0.055112116038799286","0.055112116038799286","0.055112116038799286"
"96979","0.034270673990249634","0.034270673990249634","0.034270673990249634"
"97048","0.0317407101392746","0.0317407101392746","0.0317407101392746"
"97073","0.04466675594449043","0.04466675594449043","0.04466675594449043"
"97089","0.04464033618569374","0.04464033618569374","0.04464033618569374"
"97116","0.03442931920289993","0.03442931920289993","0.03442931920289993"
"97134","0.041260287165641785","0.041260287165641785","0.041260287165641785"
"97141","0.04979840666055679","0.04979840666055679","0.04979840666055679"
"97160","0.054262399673461914","0.054262399673461914","0.054262399673461914"
"97165","0.03654583543539047","0.03654583543539047","0.03654583543539047"
"97186","0.03273218125104904","0.03273218125104904","0.03273218125104904"
"97219","0.05823264271020889","0.05823264271020889","0.05823264271020889"
"97244","0.03875318914651871","0.03875318914651871","0.03875318914651871"
"97306","0.052394963800907135","0.052394963800907135","0.052394963800907135"
"97332","0.032040804624557495","0.032040804624557495","0.032040804624557495"
"97392","0.04532807320356369","0.04532807320356369","0.04532807320356369"
"97418","0.04367705062031746","0.04367705062031746","0.04367705062031746"
"97452","0.05718258023262024","0.05718258023262024","0.05718258023262024"
"97480","0.049495622515678406","0.049495622515678406","0.049495622515678406"
"97502","0.06618083268404007","0.06618083268404007","0.06618083268404007"
"97505","0.03324800729751587","0.03324800729751587","0.03324800729751587"
"97515","0.035213716328144073","0.035213716328144073","0.035213716328144073"
"97522","0.04910223186016083","0.04910223186016083","0.04910223186016083"
"97538","0.04546583443880081","0.04546583443880081","0.04546583443880081"
"97540","0.042638976126909256","0.042638976126909256","0.042638976126909256"
"97613","0.029818810522556305","0.029818810522556305","0.029818810522556305"
"97634","0.05078588426113129","0.05078588426113129","0.05078588426113129"
"97659","0.06321226805448532","0.06321226805448532","0.06321226805448532"
"97696","0.03775720298290253","0.03775720298290253","0.03775720298290253"
"97711","0.04516434669494629","0.04516434669494629","0.04516434669494629"
"97742","0.035994239151477814","0.035994239151477814","0.035994239151477814"
"97762","0.05305316299200058","0.05305316299200058","0.05305316299200058"
"97801","0.040988728404045105","0.040988728404045105","0.040988728404045105"
"97806","0.0635857880115509","0.0635857880115509","0.0635857880115509"
"97822","0.04184749722480774","0.04184749722480774","0.04184749722480774"
"97848","0.05916966497898102","0.05916966497898102","0.05916966497898102"
"97861","0.046521179378032684","0.046521179378032684","0.046521179378032684"
"97891","0.0347290113568306","0.0347290113568306","0.0347290113568306"
"97908","0.03183998912572861","0.03183998912572861","0.03183998912572861"
"97910","0.04490911215543747","0.04490911215543747","0.04490911215543747"
"97923","0.05318271741271019","0.05318271741271019","0.05318271741271019"
"98012","0.061287250369787216","0.061287250369787216","0.061287250369787216"
"98024","0.043115776032209396","0.043115776032209396","0.043115776032209396"
"98066","0.058373309671878815","0.058373309671878815","0.058373309671878815"
"98091","0.052365973591804504","0.052365973591804504","0.052365973591804504"
"98110","0.06185398995876312","0.06185398995876312","0.06185398995876312"
"98157","0.03796098381280899","0.03796098381280899","0.03796098381280899"
"98164","0.05000561848282814","0.05000561848282814","0.05000561848282814"
"98165","0.05418716371059418","0.05418716371059418","0.05418716371059418"
"98190","0.06029380485415459","0.06029380485415459","0.06029380485415459"
"98211","0.031140197068452835","0.031140197068452835","0.031140197068452835"
"98213","0.04692375287413597","0.04692375287413597","0.04692375287413597"
"98240","0.04070581868290901","0.04070581868290901","0.04070581868290901"
"98320","0.03880807012319565","0.03880807012319565","0.03880807012319565"
"98330","0.04827093333005905","0.04827093333005905","0.04827093333005905"
"98340","0.06000491976737976","0.06000491976737976","0.06000491976737976"
"98362","0.03524783253669739","0.03524783253669739","0.03524783253669739"
"98434","0.04167968034744263","0.04167968034744263","0.04167968034744263"
"98471","0.03977605700492859","0.03977605700492859","0.03977605700492859"
"98475","0.05346237123012543","0.05346237123012543","0.05346237123012543"
"98548","0.04431099444627762","0.04431099444627762","0.04431099444627762"
"98551","0.06926082074642181","0.06926082074642181","0.06926082074642181"
"98553","0.06245725601911545","0.06245725601911545","0.06245725601911545"
"98673","0.03644881024956703","0.03644881024956703","0.03644881024956703"
"98745","0.03466350957751274","0.03466350957751274","0.03466350957751274"
"98769","0.0594918355345726","0.0594918355345726","0.0594918355345726"
"98816","0.050680384039878845","0.050680384039878845","0.050680384039878845"
"98935","0.046664170920848846","0.046664170920848846","0.046664170920848846"
"98947","0.049266695976257324","0.049266695976257324","0.049266695976257324"
"98971","0.04923271760344505","0.04923271760344505","0.04923271760344505"
"98998","0.05959948152303696","0.05959948152303696","0.05959948152303696"
"99007","0.05056540668010712","0.05056540668010712","0.05056540668010712"
"99014","0.04457246884703636","0.04457246884703636","0.04457246884703636"
"99023","0.05020267516374588","0.05020267516374588","0.05020267516374588"
"99030","0.053984135389328","0.053984135389328","0.053984135389328"
"99047","0.036800336092710495","0.036800336092710495","0.036800336092710495"
"99048","0.04470762982964516","0.04470762982964516","0.04470762982964516"
"99059","0.041592977941036224","0.041592977941036224","0.041592977941036224"
"99062","0.06277218461036682","0.06277218461036682","0.06277218461036682"
"99094","0.05660155788064003","0.05660155788064003","0.05660155788064003"
"99114","0.040037237107753754","0.040037237107753754","0.040037237107753754"
"99133","0.05362869054079056","0.05362869054079056","0.05362869054079056"
"99158","0.04969637468457222","0.04969637468457222","0.04969637468457222"
"99211","0.05662766098976135","0.05662766098976135","0.05662766098976135"
"99282","0.04696609452366829","0.04696609452366829","0.04696609452366829"
"99304","0.04083051532506943","0.04083051532506943","0.04083051532506943"
"99316","0.03099582903087139","0.03099582903087139","0.03099582903087139"
"99345","0.04671386629343033","0.04671386629343033","0.04671386629343033"
"99352","0.043496184051036835","0.043496184051036835","0.043496184051036835"
"99454","0.05734315514564514","0.05734315514564514","0.05734315514564514"
"99491","0.04717126488685608","0.04717126488685608","0.04717126488685608"
"99497","0.04170586168766022","0.04170586168766022","0.04170586168766022"
"99502","0.04679445922374725","0.04679445922374725","0.04679445922374725"
"99608","0.049825381487607956","0.049825381487607956","0.049825381487607956"
"99735","0.04461030289530754","0.04461030289530754","0.04461030289530754"
"99777","0.04891592636704445","0.04891592636704445","0.04891592636704445"
"99780","0.04921606183052063","0.04921606183052063","0.04921606183052063"
"99799","0.06326659768819809","0.06326659768819809","0.06326659768819809"
"99804","0.06119956448674202","0.06119956448674202","0.06119956448674202"
"99812","0.05544646829366684","0.05544646829366684","0.05544646829366684"
"99894","0.07374102622270584","0.07374102622270584","0.07374102622270584"
"99909","0.04020138084888458","0.04020138084888458","0.04020138084888458"
"99917","0.055692434310913086","0.055692434310913086","0.055692434310913086"
"99964","0.044436514377593994","0.044436514377593994","0.044436514377593994"
"100034","0.044863127171993256","0.044863127171993256","0.044863127171993256"
"100038","0.04110845923423767","0.04110845923423767","0.04110845923423767"
"100051","0.05445403605699539","0.05445403605699539","0.05445403605699539"
"100071","0.050359711050987244","0.050359711050987244","0.050359711050987244"
"100078","0.042721375823020935","0.042721375823020935","0.042721375823020935"
"100097","0.06493143737316132","0.06493143737316132","0.06493143737316132"
"100116","0.05287566035985947","0.05287566035985947","0.05287566035985947"
"100134","0.038992613554000854","0.038992613554000854","0.038992613554000854"
"100153","0.042859382927417755","0.042859382927417755","0.042859382927417755"
"100159","0.048844821751117706","0.048844821751117706","0.048844821751117706"
"100204","0.043415818363428116","0.043415818363428116","0.043415818363428116"
"100210","0.046860016882419586","0.046860016882419586","0.046860016882419586"
"100220","0.07142998278141022","0.07142998278141022","0.07142998278141022"
"100249","0.05588110536336899","0.05588110536336899","0.05588110536336899"
"100262","0.036005496978759766","0.036005496978759766","0.036005496978759766"
"100287","0.05538187175989151","0.05538187175989151","0.05538187175989151"
"100308","0.05524645000696182","0.05524645000696182","0.05524645000696182"
"100317","0.06874623894691467","0.06874623894691467","0.06874623894691467"
"100326","0.047123394906520844","0.047123394906520844","0.047123394906520844"
"100336","0.04943574219942093","0.04943574219942093","0.04943574219942093"
"100363","0.05106021463871002","0.05106021463871002","0.05106021463871002"
"100410","0.06346464157104492","0.06346464157104492","0.06346464157104492"
"100463","0.037821657955646515","0.037821657955646515","0.037821657955646515"
"100465","0.04754483327269554","0.04754483327269554","0.04754483327269554"
"100490","0.04609283059835434","0.04609283059835434","0.04609283059835434"
"100511","0.05013605207204819","0.05013605207204819","0.05013605207204819"
"100512","0.05650293827056885","0.05650293827056885","0.05650293827056885"
"100526","0.058365002274513245","0.058365002274513245","0.058365002274513245"
"100645","0.047382768243551254","0.047382768243551254","0.047382768243551254"
"100661","0.046384263783693314","0.046384263783693314","0.046384263783693314"
"100721","0.041609834879636765","0.041609834879636765","0.041609834879636765"
"100727","0.04413445666432381","0.04413445666432381","0.04413445666432381"
"100737","0.0499633364379406","0.0499633364379406","0.0499633364379406"
"100750","0.04486747086048126","0.04486747086048126","0.04486747086048126"
"100782","0.03873077780008316","0.03873077780008316","0.03873077780008316"
"100793","0.059586599469184875","0.059586599469184875","0.059586599469184875"
"100794","0.0718935877084732","0.0718935877084732","0.0718935877084732"
"100813","0.047323547303676605","0.047323547303676605","0.047323547303676605"
"100820","0.04561961442232132","0.04561961442232132","0.04561961442232132"
"100833","0.042256828397512436","0.042256828397512436","0.042256828397512436"
"100848","0.04713684320449829","0.04713684320449829","0.04713684320449829"
"100853","0.04364341124892235","0.04364341124892235","0.04364341124892235"
"100857","0.04282890260219574","0.04282890260219574","0.04282890260219574"
"100874","0.03710431605577469","0.03710431605577469","0.03710431605577469"
"100909","0.05461388826370239","0.05461388826370239","0.05461388826370239"
"100934","0.04007566720247269","0.04007566720247269","0.04007566720247269"
"100957","0.03106284886598587","0.03106284886598587","0.03106284886598587"
"100966","0.03337370604276657","0.03337370604276657","0.03337370604276657"
"100977","0.02745508775115013","0.02745508775115013","0.02745508775115013"
"100998","0.04847783222794533","0.04847783222794533","0.04847783222794533"
"101000","0.06234943866729736","0.06234943866729736","0.06234943866729736"
"101023","0.04398544877767563","0.04398544877767563","0.04398544877767563"
"101031","0.048033758997917175","0.048033758997917175","0.048033758997917175"
"101067","0.04810013994574547","0.04810013994574547","0.04810013994574547"
"101073","0.04162828251719475","0.04162828251719475","0.04162828251719475"
"101081","0.05809541791677475","0.05809541791677475","0.05809541791677475"
"101105","0.04201817885041237","0.04201817885041237","0.04201817885041237"
"101131","0.04438257962465286","0.04438257962465286","0.04438257962465286"
"101135","0.05507548898458481","0.05507548898458481","0.05507548898458481"
"101158","0.04117920622229576","0.04117920622229576","0.04117920622229576"
"101204","0.056432683020830154","0.056432683020830154","0.056432683020830154"
"101210","0.04873637482523918","0.04873637482523918","0.04873637482523918"
"101216","0.03450745344161987","0.03450745344161987","0.03450745344161987"
"101225","0.03479969501495361","0.03479969501495361","0.03479969501495361"
"101246","0.051731765270233154","0.051731765270233154","0.051731765270233154"
"101288","0.06064906716346741","0.06064906716346741","0.06064906716346741"
"101382","0.03393371030688286","0.03393371030688286","0.03393371030688286"
"101461","0.06442084163427353","0.06442084163427353","0.06442084163427353"
"101462","0.04930627718567848","0.04930627718567848","0.04930627718567848"
"101470","0.050578322261571884","0.050578322261571884","0.050578322261571884"
"101471","0.04820737615227699","0.04820737615227699","0.04820737615227699"
"101485","0.04409359022974968","0.04409359022974968","0.04409359022974968"
"101507","0.059880580753088","0.059880580753088","0.059880580753088"
"101510","0.07035575062036514","0.07035575062036514","0.07035575062036514"
"101530","0.0405535027384758","0.0405535027384758","0.0405535027384758"
"101531","0.049917109310626984","0.049917109310626984","0.049917109310626984"
"101533","0.04819391667842865","0.04819391667842865","0.04819391667842865"
"101564","0.04324821010231972","0.04324821010231972","0.04324821010231972"
"101602","0.05538500100374222","0.05538500100374222","0.05538500100374222"
"101612","0.03791236877441406","0.03791236877441406","0.03791236877441406"
"101624","0.04067962244153023","0.04067962244153023","0.04067962244153023"
"101641","0.04181043058633804","0.04181043058633804","0.04181043058633804"
"101656","0.028481408953666687","0.028481408953666687","0.028481408953666687"
"101662","0.04886005446314812","0.04886005446314812","0.04886005446314812"
"101667","0.05414130538702011","0.05414130538702011","0.05414130538702011"
"101671","0.044889383018016815","0.044889383018016815","0.044889383018016815"
"101719","0.03509706258773804","0.03509706258773804","0.03509706258773804"
"101730","0.03591756522655487","0.03591756522655487","0.03591756522655487"
"101739","0.0469205342233181","0.0469205342233181","0.0469205342233181"
"101750","0.05318982154130936","0.05318982154130936","0.05318982154130936"
"101775","0.04713200032711029","0.04713200032711029","0.04713200032711029"
"101822","0.06288918107748032","0.06288918107748032","0.06288918107748032"
"101837","0.03807784616947174","0.03807784616947174","0.03807784616947174"
"101882","0.055361103266477585","0.055361103266477585","0.055361103266477585"
"101885","0.039505116641521454","0.039505116641521454","0.039505116641521454"
"101886","0.052261870354413986","0.052261870354413986","0.052261870354413986"
"101972","0.0735316276550293","0.0735316276550293","0.0735316276550293"
"102022","0.04805172234773636","0.04805172234773636","0.04805172234773636"
"102033","0.04222893714904785","0.04222893714904785","0.04222893714904785"
"102040","0.028610561043024063","0.028610561043024063","0.028610561043024063"
"102113","0.046107299625873566","0.046107299625873566","0.046107299625873566"
"102171","0.044278137385845184","0.044278137385845184","0.044278137385845184"
"102173","0.05712661147117615","0.05712661147117615","0.05712661147117615"
"102198","0.04940304532647133","0.04940304532647133","0.04940304532647133"
"102201","0.04369724541902542","0.04369724541902542","0.04369724541902542"
"102203","0.04807305335998535","0.04807305335998535","0.04807305335998535"
"102205","0.041300684213638306","0.041300684213638306","0.041300684213638306"
"102233","0.03851405531167984","0.03851405531167984","0.03851405531167984"
"102244","0.061831701546907425","0.061831701546907425","0.061831701546907425"
"102248","0.04895545542240143","0.04895545542240143","0.04895545542240143"
"102281","0.035492949187755585","0.035492949187755585","0.035492949187755585"
"102282","0.03216303884983063","0.03216303884983063","0.03216303884983063"
"102372","0.0476660281419754","0.0476660281419754","0.0476660281419754"
"102392","0.03959466889500618","0.03959466889500618","0.03959466889500618"
"102440","0.05227523297071457","0.05227523297071457","0.05227523297071457"
"102442","0.05548049509525299","0.05548049509525299","0.05548049509525299"
"102447","0.04519977420568466","0.04519977420568466","0.04519977420568466"
"102454","0.047288767993450165","0.047288767993450165","0.047288767993450165"
"102458","0.041487567126750946","0.041487567126750946","0.041487567126750946"
"102463","0.04247244447469711","0.04247244447469711","0.04247244447469711"
"102471","0.0587170347571373","0.0587170347571373","0.0587170347571373"
"102550","0.03872719779610634","0.03872719779610634","0.03872719779610634"
"102599","0.04926794022321701","0.04926794022321701","0.04926794022321701"
"102604","0.04478958621621132","0.04478958621621132","0.04478958621621132"
"102655","0.057076871395111084","0.057076871395111084","0.057076871395111084"
"102663","0.04922521859407425","0.04922521859407425","0.04922521859407425"
"102695","0.05184319615364075","0.05184319615364075","0.05184319615364075"
"102720","0.053852379322052","0.053852379322052","0.053852379322052"
"102732","0.05416050925850868","0.05416050925850868","0.05416050925850868"
"102741","0.03605320304632187","0.03605320304632187","0.03605320304632187"
"102782","0.03899052366614342","0.03899052366614342","0.03899052366614342"
"102786","0.05585791543126106","0.05585791543126106","0.05585791543126106"
"102788","0.033107735216617584","0.033107735216617584","0.033107735216617584"
"102804","0.051241595298051834","0.051241595298051834","0.051241595298051834"
"102830","0.05378470569849014","0.05378470569849014","0.05378470569849014"
"102844","0.05439405515789986","0.05439405515789986","0.05439405515789986"
"102895","0.0379762277007103","0.0379762277007103","0.0379762277007103"
"102896","0.04610902816057205","0.04610902816057205","0.04610902816057205"
"102913","0.04946430027484894","0.04946430027484894","0.04946430027484894"
"102937","0.03150955215096474","0.03150955215096474","0.03150955215096474"
"102960","0.028452299535274506","0.028452299535274506","0.028452299535274506"
"103004","0.0600067637860775","0.0600067637860775","0.0600067637860775"
"103031","0.059092599898576736","0.059092599898576736","0.059092599898576736"
"103108","0.05032970756292343","0.05032970756292343","0.05032970756292343"
"103113","0.059168681502342224","0.059168681502342224","0.059168681502342224"
"103127","0.035567402839660645","0.035567402839660645","0.035567402839660645"
"103138","0.043610770255327225","0.043610770255327225","0.043610770255327225"
"103224","0.0457041896879673","0.0457041896879673","0.0457041896879673"
"103278","0.028504742309451103","0.028504742309451103","0.028504742309451103"
"103281","0.03685668483376503","0.03685668483376503","0.03685668483376503"
"103323","0.05296223983168602","0.05296223983168602","0.05296223983168602"
"103336","0.04168923944234848","0.04168923944234848","0.04168923944234848"
"103350","0.053519099950790405","0.053519099950790405","0.053519099950790405"
"103355","0.04675484076142311","0.04675484076142311","0.04675484076142311"
"103359","0.04739948362112045","0.04739948362112045","0.04739948362112045"
"103374","0.03938266634941101","0.03938266634941101","0.03938266634941101"
"103396","0.04785919189453125","0.04785919189453125","0.04785919189453125"
"103409","0.03577379137277603","0.03577379137277603","0.03577379137277603"
"103462","0.032684192061424255","0.032684192061424255","0.032684192061424255"
"103482","0.04623764753341675","0.04623764753341675","0.04623764753341675"
"103499","0.04834263026714325","0.04834263026714325","0.04834263026714325"
"103547","0.04534411430358887","0.04534411430358887","0.04534411430358887"
"103553","0.03432666137814522","0.03432666137814522","0.03432666137814522"
"103577","0.040757134556770325","0.040757134556770325","0.040757134556770325"
"103585","0.043208230286836624","0.043208230286836624","0.043208230286836624"
"103602","0.05278346687555313","0.05278346687555313","0.05278346687555313"
"103613","0.044000208377838135","0.044000208377838135","0.044000208377838135"
"103629","0.05382857844233513","0.05382857844233513","0.05382857844233513"
"103677","0.03490280359983444","0.03490280359983444","0.03490280359983444"
"103679","0.040514349937438965","0.040514349937438965","0.040514349937438965"
"103681","0.0331835001707077","0.0331835001707077","0.0331835001707077"
"103704","0.048397600650787354","0.048397600650787354","0.048397600650787354"
"103719","0.054733067750930786","0.054733067750930786","0.054733067750930786"
"103768","0.07297252118587494","0.07297252118587494","0.07297252118587494"
"103810","0.058033064007759094","0.058033064007759094","0.058033064007759094"
"103842","0.049648575484752655","0.049648575484752655","0.049648575484752655"
"103860","0.051806576550006866","0.051806576550006866","0.051806576550006866"
"103861","0.041234537959098816","0.041234537959098816","0.041234537959098816"
"103871","0.054968275129795074","0.054968275129795074","0.054968275129795074"
"103891","0.03220698982477188","0.03220698982477188","0.03220698982477188"
"103896","0.049201883375644684","0.049201883375644684","0.049201883375644684"
"103908","0.04472809657454491","0.04472809657454491","0.04472809657454491"
"103926","0.05281876027584076","0.05281876027584076","0.05281876027584076"
"103960","0.06175205856561661","0.06175205856561661","0.06175205856561661"
"103980","0.03259258717298508","0.03259258717298508","0.03259258717298508"
"103982","0.046497538685798645","0.046497538685798645","0.046497538685798645"
"103987","0.038735419511795044","0.038735419511795044","0.038735419511795044"
"104068","0.0527937188744545","0.0527937188744545","0.0527937188744545"
"104096","0.042666807770729065","0.042666807770729065","0.042666807770729065"
"104131","0.06112731993198395","0.06112731993198395","0.06112731993198395"
"104203","0.053971827030181885","0.053971827030181885","0.053971827030181885"
"104254","0.032228805124759674","0.032228805124759674","0.032228805124759674"
"104256","0.055865328758955","0.055865328758955","0.055865328758955"
"104266","0.03227950260043144","0.03227950260043144","0.03227950260043144"
"104267","0.03945265710353851","0.03945265710353851","0.03945265710353851"
"104299","0.03445470333099365","0.03445470333099365","0.03445470333099365"
"104309","0.06039976328611374","0.06039976328611374","0.06039976328611374"
"104330","0.041756294667720795","0.041756294667720795","0.041756294667720795"
"104366","0.05416569858789444","0.05416569858789444","0.05416569858789444"
"104375","0.06467898935079575","0.06467898935079575","0.06467898935079575"
"104398","0.03292315825819969","0.03292315825819969","0.03292315825819969"
"104400","0.049173641949892044","0.049173641949892044","0.049173641949892044"
"104441","0.05456305295228958","0.05456305295228958","0.05456305295228958"
"104457","0.06711731106042862","0.06711731106042862","0.06711731106042862"
"104458","0.052249975502491","0.052249975502491","0.052249975502491"
"104467","0.053810879588127136","0.053810879588127136","0.053810879588127136"
"104492","0.056093089282512665","0.056093089282512665","0.056093089282512665"
"104529","0.047384440898895264","0.047384440898895264","0.047384440898895264"
"104554","0.06401336193084717","0.06401336193084717","0.06401336193084717"
"104584","0.04034788906574249","0.04034788906574249","0.04034788906574249"
"104593","0.060073718428611755","0.060073718428611755","0.060073718428611755"
"104601","0.060424961149692535","0.060424961149692535","0.060424961149692535"
"104630","0.039938781410455704","0.039938781410455704","0.039938781410455704"
"104647","0.03853023052215576","0.03853023052215576","0.03853023052215576"
"104648","0.06728211790323257","0.06728211790323257","0.06728211790323257"
"104719","0.03436523675918579","0.03436523675918579","0.03436523675918579"
"104762","0.0380319207906723","0.0380319207906723","0.0380319207906723"
"104908","0.04925229772925377","0.04925229772925377","0.04925229772925377"
"104915","0.050942711532115936","0.050942711532115936","0.050942711532115936"
"104949","0.03819587081670761","0.03819587081670761","0.03819587081670761"
"104978","0.04871514439582825","0.04871514439582825","0.04871514439582825"
"105022","0.06124359369277954","0.06124359369277954","0.06124359369277954"
"105049","0.061359718441963196","0.061359718441963196","0.061359718441963196"
"105062","0.05983254313468933","0.05983254313468933","0.05983254313468933"
"105072","0.03718428686261177","0.03718428686261177","0.03718428686261177"
"105087","0.03880903124809265","0.03880903124809265","0.03880903124809265"
"105092","0.04647078737616539","0.04647078737616539","0.04647078737616539"
"105096","0.05725633352994919","0.05725633352994919","0.05725633352994919"
"105215","0.02881573885679245","0.02881573885679245","0.02881573885679245"
"105218","0.04294450581073761","0.04294450581073761","0.04294450581073761"
"105224","0.06965310126543045","0.06965310126543045","0.06965310126543045"
"105289","0.03842070326209068","0.03842070326209068","0.03842070326209068"
"105290","0.049285873770713806","0.049285873770713806","0.049285873770713806"
"105329","0.0521024614572525","0.0521024614572525","0.0521024614572525"
"105331","0.04757276549935341","0.04757276549935341","0.04757276549935341"
"105334","0.04362478852272034","0.04362478852272034","0.04362478852272034"
"105410","0.05023927986621857","0.05023927986621857","0.05023927986621857"
"105439","0.037988241761922836","0.037988241761922836","0.037988241761922836"
"105482","0.05118589103221893","0.05118589103221893","0.05118589103221893"
"105483","0.031513988971710205","0.031513988971710205","0.031513988971710205"
"105541","0.06634190678596497","0.06634190678596497","0.06634190678596497"
"105549","0.055680569261312485","0.055680569261312485","0.055680569261312485"
"105553","0.04131491854786873","0.04131491854786873","0.04131491854786873"
"105576","0.06577220559120178","0.06577220559120178","0.06577220559120178"
"105610","0.059183746576309204","0.059183746576309204","0.059183746576309204"
"105622","0.04443509131669998","0.04443509131669998","0.04443509131669998"
"105647","0.056580256670713425","0.056580256670713425","0.056580256670713425"
"105685","0.039937473833560944","0.039937473833560944","0.039937473833560944"
"105691","0.05806039273738861","0.05806039273738861","0.05806039273738861"
"105720","0.04712224379181862","0.04712224379181862","0.04712224379181862"
"105726","0.03463844954967499","0.03463844954967499","0.03463844954967499"
"105743","0.05123157799243927","0.05123157799243927","0.05123157799243927"
"105750","0.04789011925458908","0.04789011925458908","0.04789011925458908"
"105783","0.050878580659627914","0.050878580659627914","0.050878580659627914"
"105808","0.05861007422208786","0.05861007422208786","0.05861007422208786"
"105832","0.04247404634952545","0.04247404634952545","0.04247404634952545"
"105844","0.05595313012599945","0.05595313012599945","0.05595313012599945"
"105910","0.04414449259638786","0.04414449259638786","0.04414449259638786"
"105921","0.03598422929644585","0.03598422929644585","0.03598422929644585"
"105954","0.04780729115009308","0.04780729115009308","0.04780729115009308"
"106013","0.041100263595581055","0.041100263595581055","0.041100263595581055"
"106038","0.04548880457878113","0.04548880457878113","0.04548880457878113"
"106109","0.06088562682271004","0.06088562682271004","0.06088562682271004"
"106120","0.04054926335811615","0.04054926335811615","0.04054926335811615"
"106182","0.047904208302497864","0.047904208302497864","0.047904208302497864"
"106204","0.026683971285820007","0.026683971285820007","0.026683971285820007"
"106220","0.04979943484067917","0.04979943484067917","0.04979943484067917"
"106225","0.04407999664545059","0.04407999664545059","0.04407999664545059"
"106259","0.03679557144641876","0.03679557144641876","0.03679557144641876"
"106270","0.0654396042227745","0.0654396042227745","0.0654396042227745"
"106289","0.0470750629901886","0.0470750629901886","0.0470750629901886"
"106295","0.054975587874650955","0.054975587874650955","0.054975587874650955"
"106326","0.05378885194659233","0.05378885194659233","0.05378885194659233"
"106381","0.0480349063873291","0.0480349063873291","0.0480349063873291"
"106411","0.05113154277205467","0.05113154277205467","0.05113154277205467"
"106436","0.044487617909908295","0.044487617909908295","0.044487617909908295"
"106447","0.03398865833878517","0.03398865833878517","0.03398865833878517"
"106464","0.056494493037462234","0.056494493037462234","0.056494493037462234"
"106480","0.06348720192909241","0.06348720192909241","0.06348720192909241"
"106495","0.06522125750780106","0.06522125750780106","0.06522125750780106"
"106497","0.05189811438322067","0.05189811438322067","0.05189811438322067"
"106509","0.047111302614212036","0.047111302614212036","0.047111302614212036"
"106528","0.060656070709228516","0.060656070709228516","0.060656070709228516"
"106531","0.04519226402044296","0.04519226402044296","0.04519226402044296"
"106539","0.03273750841617584","0.03273750841617584","0.03273750841617584"
"106543","0.041083063930273056","0.041083063930273056","0.041083063930273056"
"106574","0.05036691948771477","0.05036691948771477","0.05036691948771477"
"106652","0.05475037172436714","0.05475037172436714","0.05475037172436714"
"106674","0.03968270123004913","0.03968270123004913","0.03968270123004913"
"106713","0.05548971891403198","0.05548971891403198","0.05548971891403198"
"106724","0.04995308071374893","0.04995308071374893","0.04995308071374893"
"106738","0.028394900262355804","0.028394900262355804","0.028394900262355804"
"106741","0.04684501886367798","0.04684501886367798","0.04684501886367798"
"106775","0.06916800141334534","0.06916800141334534","0.06916800141334534"
"106793","0.03917933255434036","0.03917933255434036","0.03917933255434036"
"106817","0.04471869394183159","0.04471869394183159","0.04471869394183159"
"106858","0.03560438007116318","0.03560438007116318","0.03560438007116318"
"106867","0.06147991120815277","0.06147991120815277","0.06147991120815277"
"106885","0.03776923567056656","0.03776923567056656","0.03776923567056656"
"106927","0.03131938353180885","0.03131938353180885","0.03131938353180885"
"106933","0.047821253538131714","0.047821253538131714","0.047821253538131714"
"106943","0.036361999809741974","0.036361999809741974","0.036361999809741974"
"106947","0.0405338779091835","0.0405338779091835","0.0405338779091835"
"106969","0.03971682861447334","0.03971682861447334","0.03971682861447334"
"106975","0.06878621131181717","0.06878621131181717","0.06878621131181717"
"106977","0.035410184413194656","0.035410184413194656","0.035410184413194656"
"106998","0.0562063567340374","0.0562063567340374","0.0562063567340374"
"107035","0.03953814506530762","0.03953814506530762","0.03953814506530762"
"107095","0.06630995869636536","0.06630995869636536","0.06630995869636536"
"107096","0.04470234364271164","0.04470234364271164","0.04470234364271164"
"107107","0.04871285706758499","0.04871285706758499","0.04871285706758499"
"107128","0.06020456552505493","0.06020456552505493","0.06020456552505493"
"107196","0.03538193553686142","0.03538193553686142","0.03538193553686142"
"107247","0.042715076357126236","0.042715076357126236","0.042715076357126236"
"107257","0.040564149618148804","0.040564149618148804","0.040564149618148804"
"107360","0.02870364673435688","0.02870364673435688","0.02870364673435688"
"107441","0.03980325907468796","0.03980325907468796","0.03980325907468796"
"107443","0.05320853739976883","0.05320853739976883","0.05320853739976883"
"107451","0.036788616329431534","0.036788616329431534","0.036788616329431534"
"107457","0.05711596459150314","0.05711596459150314","0.05711596459150314"
"107476","0.05142371356487274","0.05142371356487274","0.05142371356487274"
"107487","0.05259327217936516","0.05259327217936516","0.05259327217936516"
"107492","0.049818165600299835","0.049818165600299835","0.049818165600299835"
"107493","0.04712087661027908","0.04712087661027908","0.04712087661027908"
"107508","0.03135072439908981","0.03135072439908981","0.03135072439908981"
"107597","0.05059264227747917","0.05059264227747917","0.05059264227747917"
"107611","0.05965645611286163","0.05965645611286163","0.05965645611286163"
"107636","0.0488276407122612","0.0488276407122612","0.0488276407122612"
"107644","0.032837070524692535","0.032837070524692535","0.032837070524692535"
"107653","0.03764153644442558","0.03764153644442558","0.03764153644442558"
"107658","0.05485959351062775","0.05485959351062775","0.05485959351062775"
"107666","0.06256983429193497","0.06256983429193497","0.06256983429193497"
"107684","0.035017531365156174","0.035017531365156174","0.035017531365156174"
"107691","0.053953107446432114","0.053953107446432114","0.053953107446432114"
"107725","0.049637049436569214","0.049637049436569214","0.049637049436569214"
"107738","0.042517684400081635","0.042517684400081635","0.042517684400081635"
"107739","0.04466347396373749","0.04466347396373749","0.04466347396373749"
"107747","0.06306374818086624","0.06306374818086624","0.06306374818086624"
"107748","0.057901836931705475","0.057901836931705475","0.057901836931705475"
"107790","0.052032895386219025","0.052032895386219025","0.052032895386219025"
"107795","0.04604185000061989","0.04604185000061989","0.04604185000061989"
"107803","0.053411852568387985","0.053411852568387985","0.053411852568387985"
"107908","0.04181703180074692","0.04181703180074692","0.04181703180074692"
"107911","0.03729205206036568","0.03729205206036568","0.03729205206036568"
"107916","0.04022325575351715","0.04022325575351715","0.04022325575351715"
"107979","0.04544737935066223","0.04544737935066223","0.04544737935066223"
"108017","0.05523882806301117","0.05523882806301117","0.05523882806301117"
"108019","0.039705559611320496","0.039705559611320496","0.039705559611320496"
"108028","0.051252156496047974","0.051252156496047974","0.051252156496047974"
"108050","0.059148967266082764","0.059148967266082764","0.059148967266082764"
"108100","0.04639085382223129","0.04639085382223129","0.04639085382223129"
"108105","0.04604845494031906","0.04604845494031906","0.04604845494031906"
"108151","0.04792582243680954","0.04792582243680954","0.04792582243680954"
"108155","0.054789889603853226","0.054789889603853226","0.054789889603853226"
"108168","0.04963165894150734","0.04963165894150734","0.04963165894150734"
"108196","0.04133570194244385","0.04133570194244385","0.04133570194244385"
"108202","0.042727477848529816","0.042727477848529816","0.042727477848529816"
"108241","0.03760889917612076","0.03760889917612076","0.03760889917612076"
"108256","0.04782116413116455","0.04782116413116455","0.04782116413116455"
"108270","0.04224054515361786","0.04224054515361786","0.04224054515361786"
"108275","0.06512285768985748","0.06512285768985748","0.06512285768985748"
"108289","0.03255287557840347","0.03255287557840347","0.03255287557840347"
"108298","0.04893314838409424","0.04893314838409424","0.04893314838409424"
"108326","0.04352031648159027","0.04352031648159027","0.04352031648159027"
"108351","0.05651066452264786","0.05651066452264786","0.05651066452264786"
"108364","0.06649298965930939","0.06649298965930939","0.06649298965930939"
"108385","0.05101543292403221","0.05101543292403221","0.05101543292403221"
"108413","0.06348530948162079","0.06348530948162079","0.06348530948162079"
"108465","0.0518588051199913","0.0518588051199913","0.0518588051199913"
"108508","0.03700292855501175","0.03700292855501175","0.03700292855501175"
"108515","0.0327567383646965","0.0327567383646965","0.0327567383646965"
"108549","0.049014605581760406","0.049014605581760406","0.049014605581760406"
"108560","0.04194255545735359","0.04194255545735359","0.04194255545735359"
"108709","0.04293842986226082","0.04293842986226082","0.04293842986226082"
"108718","0.0560213103890419","0.0560213103890419","0.0560213103890419"
"108736","0.06990810483694077","0.06990810483694077","0.06990810483694077"
"108792","0.04706732928752899","0.04706732928752899","0.04706732928752899"
"108798","0.035639870911836624","0.035639870911836624","0.035639870911836624"
"108863","0.03473199903964996","0.03473199903964996","0.03473199903964996"
"108880","0.040295861661434174","0.040295861661434174","0.040295861661434174"
"108887","0.06378598511219025","0.06378598511219025","0.06378598511219025"
"108948","0.057014137506484985","0.057014137506484985","0.057014137506484985"
"108949","0.04354197531938553","0.04354197531938553","0.04354197531938553"
"109005","0.053349271416664124","0.053349271416664124","0.053349271416664124"
"109024","0.03291403502225876","0.03291403502225876","0.03291403502225876"
"109107","0.06120909005403519","0.06120909005403519","0.06120909005403519"
"109135","0.0428236685693264","0.0428236685693264","0.0428236685693264"
"109179","0.048263244330883026","0.048263244330883026","0.048263244330883026"
"109233","0.051675040274858475","0.051675040274858475","0.051675040274858475"
"109256","0.03643711656332016","0.03643711656332016","0.03643711656332016"
"109259","0.054387301206588745","0.054387301206588745","0.054387301206588745"
"109260","0.04857195168733597","0.04857195168733597","0.04857195168733597"
"109309","0.057319335639476776","0.057319335639476776","0.057319335639476776"
"109316","0.05400116369128227","0.05400116369128227","0.05400116369128227"
"109320","0.0360223650932312","0.0360223650932312","0.0360223650932312"
"109408","0.048348188400268555","0.048348188400268555","0.048348188400268555"
"109473","0.06324508786201477","0.06324508786201477","0.06324508786201477"
"109476","0.06523896753787994","0.06523896753787994","0.06523896753787994"
"109477","0.037821631878614426","0.037821631878614426","0.037821631878614426"
"109513","0.05555202439427376","0.05555202439427376","0.05555202439427376"
"109533","0.0602298229932785","0.0602298229932785","0.0602298229932785"
"109576","0.04540809988975525","0.04540809988975525","0.04540809988975525"
"109604","0.02668912336230278","0.02668912336230278","0.02668912336230278"
"109606","0.049895912408828735","0.049895912408828735","0.049895912408828735"
"109616","0.03987850993871689","0.03987850993871689","0.03987850993871689"
"109635","0.04370734840631485","0.04370734840631485","0.04370734840631485"
"109650","0.039706528186798096","0.039706528186798096","0.039706528186798096"
"109737","0.04812878370285034","0.04812878370285034","0.04812878370285034"
"109742","0.05736240744590759","0.05736240744590759","0.05736240744590759"
"109840","0.06179032474756241","0.06179032474756241","0.06179032474756241"
"109849","0.0497557669878006","0.0497557669878006","0.0497557669878006"
"109884","0.04685318470001221","0.04685318470001221","0.04685318470001221"
"109889","0.05840974301099777","0.05840974301099777","0.05840974301099777"
"109932","0.05969532951712608","0.05969532951712608","0.05969532951712608"
"109949","0.055836908519268036","0.055836908519268036","0.055836908519268036"
"109957","0.04109886288642883","0.04109886288642883","0.04109886288642883"
"109980","0.0411604642868042","0.0411604642868042","0.0411604642868042"
"110029","0.03773123025894165","0.03773123025894165","0.03773123025894165"
"110131","0.047107573598623276","0.047107573598623276","0.047107573598623276"
"110155","0.04807618632912636","0.04807618632912636","0.04807618632912636"
"110158","0.06105997413396835","0.06105997413396835","0.06105997413396835"
"110163","0.04383628070354462","0.04383628070354462","0.04383628070354462"
"110195","0.05098568648099899","0.05098568648099899","0.05098568648099899"
"110218","0.04946686327457428","0.04946686327457428","0.04946686327457428"
"110227","0.05045069381594658","0.05045069381594658","0.05045069381594658"
"110264","0.0347692109644413","0.0347692109644413","0.0347692109644413"
"110280","0.04635775461792946","0.04635775461792946","0.04635775461792946"
"110290","0.06378885358572006","0.06378885358572006","0.06378885358572006"
"110311","0.06013207882642746","0.06013207882642746","0.06013207882642746"
"110338","0.04132334515452385","0.04132334515452385","0.04132334515452385"
"110347","0.04987437278032303","0.04987437278032303","0.04987437278032303"
"110367","0.03425978124141693","0.03425978124141693","0.03425978124141693"
"110374","0.04054306074976921","0.04054306074976921","0.04054306074976921"
"110377","0.03918912261724472","0.03918912261724472","0.03918912261724472"
"110385","0.0498906746506691","0.0498906746506691","0.0498906746506691"
"110390","0.03342101350426674","0.03342101350426674","0.03342101350426674"
"110445","0.03275414928793907","0.03275414928793907","0.03275414928793907"
"110454","0.04451991617679596","0.04451991617679596","0.04451991617679596"
"110458","0.05447167158126831","0.05447167158126831","0.05447167158126831"
"110469","0.05584409087896347","0.05584409087896347","0.05584409087896347"
"110487","0.05915532633662224","0.05915532633662224","0.05915532633662224"
"110492","0.05878123641014099","0.05878123641014099","0.05878123641014099"
"110506","0.06756384670734406","0.06756384670734406","0.06756384670734406"
"110507","0.04198596253991127","0.04198596253991127","0.04198596253991127"
"110537","0.041312821209430695","0.041312821209430695","0.041312821209430695"
"110581","0.04814803600311279","0.04814803600311279","0.04814803600311279"
"110598","0.04244823008775711","0.04244823008775711","0.04244823008775711"
"110613","0.04135575518012047","0.04135575518012047","0.04135575518012047"
"110630","0.058679722249507904","0.058679722249507904","0.058679722249507904"
"110633","0.02842443808913231","0.02842443808913231","0.02842443808913231"
"110642","0.041254956275224686","0.041254956275224686","0.041254956275224686"
"110652","0.03826329857110977","0.03826329857110977","0.03826329857110977"
"110664","0.04879135265946388","0.04879135265946388","0.04879135265946388"
"110675","0.04659595340490341","0.04659595340490341","0.04659595340490341"
"110679","0.03957204520702362","0.03957204520702362","0.03957204520702362"
"110685","0.0373605377972126","0.0373605377972126","0.0373605377972126"
"110688","0.05899348855018616","0.05899348855018616","0.05899348855018616"
"110689","0.044255275279283524","0.044255275279283524","0.044255275279283524"
"110692","0.04983045905828476","0.04983045905828476","0.04983045905828476"
"110814","0.04207741841673851","0.04207741841673851","0.04207741841673851"
"110850","0.03802066296339035","0.03802066296339035","0.03802066296339035"
"110885","0.039071422070264816","0.039071422070264816","0.039071422070264816"
"110892","0.05630924925208092","0.05630924925208092","0.05630924925208092"
"110979","0.06312766671180725","0.06312766671180725","0.06312766671180725"
"110993","0.03608771413564682","0.03608771413564682","0.03608771413564682"
"111013","0.03576754033565521","0.03576754033565521","0.03576754033565521"
"111021","0.056314557790756226","0.056314557790756226","0.056314557790756226"
"111031","0.04340260475873947","0.04340260475873947","0.04340260475873947"
"111087","0.041713472455739975","0.041713472455739975","0.041713472455739975"
"111141","0.034903399646282196","0.034903399646282196","0.034903399646282196"
"111149","0.058519840240478516","0.058519840240478516","0.058519840240478516"
"111162","0.03292923420667648","0.03292923420667648","0.03292923420667648"
"111163","0.041150182485580444","0.041150182485580444","0.041150182485580444"
"111181","0.052727311849594116","0.052727311849594116","0.052727311849594116"
"111194","0.05822893977165222","0.05822893977165222","0.05822893977165222"
"111197","0.03688311576843262","0.03688311576843262","0.03688311576843262"
"111201","0.057479195296764374","0.057479195296764374","0.057479195296764374"
"111246","0.03058958612382412","0.03058958612382412","0.03058958612382412"
"111257","0.052598610520362854","0.052598610520362854","0.052598610520362854"
"111281","0.05654748156666756","0.05654748156666756","0.05654748156666756"
"111326","0.04060804098844528","0.04060804098844528","0.04060804098844528"
"111330","0.05588936060667038","0.05588936060667038","0.05588936060667038"
"111334","0.04185359179973602","0.04185359179973602","0.04185359179973602"
"111394","0.03767021745443344","0.03767021745443344","0.03767021745443344"
"111410","0.05747340992093086","0.05747340992093086","0.05747340992093086"
"111426","0.04902973398566246","0.04902973398566246","0.04902973398566246"
"111462","0.0457439050078392","0.0457439050078392","0.0457439050078392"
"111526","0.042680613696575165","0.042680613696575165","0.042680613696575165"
"111538","0.056469496339559555","0.056469496339559555","0.056469496339559555"
"111540","0.05338895693421364","0.05338895693421364","0.05338895693421364"
"111570","0.05569765344262123","0.05569765344262123","0.05569765344262123"
"111660","0.0388483852148056","0.0388483852148056","0.0388483852148056"
"111665","0.05319466441869736","0.05319466441869736","0.05319466441869736"
"111667","0.0468180775642395","0.0468180775642395","0.0468180775642395"
"111673","0.030479758977890015","0.030479758977890015","0.030479758977890015"
"111677","0.0441928505897522","0.0441928505897522","0.0441928505897522"
"111711","0.03875555098056793","0.03875555098056793","0.03875555098056793"
"111731","0.0675780326128006","0.0675780326128006","0.0675780326128006"
"111733","0.03338770568370819","0.03338770568370819","0.03338770568370819"
"111787","0.039321787655353546","0.039321787655353546","0.039321787655353546"
"111834","0.06058097258210182","0.06058097258210182","0.06058097258210182"
"111874","0.059221379458904266","0.059221379458904266","0.059221379458904266"
"111882","0.06522472947835922","0.06522472947835922","0.06522472947835922"
"112019","0.05106319487094879","0.05106319487094879","0.05106319487094879"
"112059","0.03816217556595802","0.03816217556595802","0.03816217556595802"
"112087","0.03837954252958298","0.03837954252958298","0.03837954252958298"
"112102","0.04527632147073746","0.04527632147073746","0.04527632147073746"
"112137","0.0548425056040287","0.0548425056040287","0.0548425056040287"
"112138","0.05317137762904167","0.05317137762904167","0.05317137762904167"
"112149","0.0474298931658268","0.0474298931658268","0.0474298931658268"
"112165","0.046714816242456436","0.046714816242456436","0.046714816242456436"
"112167","0.0648626834154129","0.0648626834154129","0.0648626834154129"
"112196","0.04874228313565254","0.04874228313565254","0.04874228313565254"
"112276","0.04333987832069397","0.04333987832069397","0.04333987832069397"
"112305","0.051947735249996185","0.051947735249996185","0.051947735249996185"
"112357","0.04510454460978508","0.04510454460978508","0.04510454460978508"
"112374","0.03709282726049423","0.03709282726049423","0.03709282726049423"
"112386","0.06925438344478607","0.06925438344478607","0.06925438344478607"
"112406","0.039858441799879074","0.039858441799879074","0.039858441799879074"
"112445","0.04014652222394943","0.04014652222394943","0.04014652222394943"
"112467","0.04921620339155197","0.04921620339155197","0.04921620339155197"
"112471","0.03640211746096611","0.03640211746096611","0.03640211746096611"
"112532","0.04769379273056984","0.04769379273056984","0.04769379273056984"
"112539","0.05719752609729767","0.05719752609729767","0.05719752609729767"
"112544","0.03233640640974045","0.03233640640974045","0.03233640640974045"
"112545","0.04306745156645775","0.04306745156645775","0.04306745156645775"
"112546","0.04087507724761963","0.04087507724761963","0.04087507724761963"
"112566","0.06838204711675644","0.06838204711675644","0.06838204711675644"
"112576","0.03608635812997818","0.03608635812997818","0.03608635812997818"
"112589","0.04780460521578789","0.04780460521578789","0.04780460521578789"
"112603","0.049772851169109344","0.049772851169109344","0.049772851169109344"
"112646","0.05147948116064072","0.05147948116064072","0.05147948116064072"
"112667","0.032869864255189896","0.032869864255189896","0.032869864255189896"
"112697","0.04374246299266815","0.04374246299266815","0.04374246299266815"
"112701","0.05310286581516266","0.05310286581516266","0.05310286581516266"
"112744","0.03409600257873535","0.03409600257873535","0.03409600257873535"
"112768","0.041992269456386566","0.041992269456386566","0.041992269456386566"
"112797","0.03960952162742615","0.03960952162742615","0.03960952162742615"
"112814","0.06645731627941132","0.06645731627941132","0.06645731627941132"
"112856","0.03734784573316574","0.03734784573316574","0.03734784573316574"
"112886","0.03566101938486099","0.03566101938486099","0.03566101938486099"
"112891","0.049807362258434296","0.049807362258434296","0.049807362258434296"
"112913","0.04031534865498543","0.04031534865498543","0.04031534865498543"
"112919","0.06942158192396164","0.06942158192396164","0.06942158192396164"
"112920","0.04896412417292595","0.04896412417292595","0.04896412417292595"
"112983","0.04212649166584015","0.04212649166584015","0.04212649166584015"
"113034","0.05542575195431709","0.05542575195431709","0.05542575195431709"
"113073","0.03795715793967247","0.03795715793967247","0.03795715793967247"
"113139","0.03028905764222145","0.03028905764222145","0.03028905764222145"
"113249","0.04396865889430046","0.04396865889430046","0.04396865889430046"
"113256","0.043170105665922165","0.043170105665922165","0.043170105665922165"
"113276","0.04416022077202797","0.04416022077202797","0.04416022077202797"
"113284","0.030553309246897697","0.030553309246897697","0.030553309246897697"
"113290","0.05750035494565964","0.05750035494565964","0.05750035494565964"
"113305","0.047314707189798355","0.047314707189798355","0.047314707189798355"
"113329","0.04856111481785774","0.04856111481785774","0.04856111481785774"
"113416","0.04131632670760155","0.04131632670760155","0.04131632670760155"
"113422","0.03826333209872246","0.03826333209872246","0.03826333209872246"
"113430","0.06442049890756607","0.06442049890756607","0.06442049890756607"
"113518","0.05654510110616684","0.05654510110616684","0.05654510110616684"
"113569","0.04356532543897629","0.04356532543897629","0.04356532543897629"
"113571","0.045745644718408585","0.045745644718408585","0.045745644718408585"
"113583","0.04535236209630966","0.04535236209630966","0.04535236209630966"
"113593","0.04879484698176384","0.04879484698176384","0.04879484698176384"
"113631","0.03801717609167099","0.03801717609167099","0.03801717609167099"
"113640","0.042904701083898544","0.042904701083898544","0.042904701083898544"
"113648","0.07109993696212769","0.07109993696212769","0.07109993696212769"
"113656","0.04909653961658478","0.04909653961658478","0.04909653961658478"
"113699","0.031911659985780716","0.031911659985780716","0.031911659985780716"
"113701","0.06338576972484589","0.06338576972484589","0.06338576972484589"
"113708","0.039593420922756195","0.039593420922756195","0.039593420922756195"
"113709","0.04262389615178108","0.04262389615178108","0.04262389615178108"
"113710","0.0446963757276535","0.0446963757276535","0.0446963757276535"
"113731","0.04006513953208923","0.04006513953208923","0.04006513953208923"
"113773","0.03972771018743515","0.03972771018743515","0.03972771018743515"
"113784","0.030586227774620056","0.030586227774620056","0.030586227774620056"
"113822","0.04818176105618477","0.04818176105618477","0.04818176105618477"
"113832","0.05833668261766434","0.05833668261766434","0.05833668261766434"
"113837","0.04554923623800278","0.04554923623800278","0.04554923623800278"
"113846","0.041268639266490936","0.041268639266490936","0.041268639266490936"
"113893","0.0360245406627655","0.0360245406627655","0.0360245406627655"
"113927","0.05994020402431488","0.05994020402431488","0.05994020402431488"
"113933","0.05086306482553482","0.05086306482553482","0.05086306482553482"
"113934","0.05476469174027443","0.05476469174027443","0.05476469174027443"
"113943","0.049889907240867615","0.049889907240867615","0.049889907240867615"
"113985","0.04102332517504692","0.04102332517504692","0.04102332517504692"
"114000","0.052784036844968796","0.052784036844968796","0.052784036844968796"
"114031","0.04291428625583649","0.04291428625583649","0.04291428625583649"
"114059","0.04258554428815842","0.04258554428815842","0.04258554428815842"
"114080","0.04720178246498108","0.04720178246498108","0.04720178246498108"
"114123","0.03418289124965668","0.03418289124965668","0.03418289124965668"
"114143","0.05738872289657593","0.05738872289657593","0.05738872289657593"
"114160","0.0486711785197258","0.0486711785197258","0.0486711785197258"
"114251","0.047945331782102585","0.047945331782102585","0.047945331782102585"
"114268","0.0497705340385437","0.0497705340385437","0.0497705340385437"
"114273","0.04277319088578224","0.04277319088578224","0.04277319088578224"
"114287","0.047490887343883514","0.047490887343883514","0.047490887343883514"
"114310","0.05422511696815491","0.05422511696815491","0.05422511696815491"
"114373","0.042574625462293625","0.042574625462293625","0.042574625462293625"
"114385","0.04566014185547829","0.04566014185547829","0.04566014185547829"
"114389","0.06832866370677948","0.06832866370677948","0.06832866370677948"
"114410","0.0328562892973423","0.0328562892973423","0.0328562892973423"
"114475","0.04710220918059349","0.04710220918059349","0.04710220918059349"
"114494","0.04060565307736397","0.04060565307736397","0.04060565307736397"
"114530","0.05935829132795334","0.05935829132795334","0.05935829132795334"
"114531","0.05345354229211807","0.05345354229211807","0.05345354229211807"
"114537","0.0381414070725441","0.0381414070725441","0.0381414070725441"
"114576","0.034883152693510056","0.034883152693510056","0.034883152693510056"
"114595","0.043482281267642975","0.043482281267642975","0.043482281267642975"
"114596","0.03940674662590027","0.03940674662590027","0.03940674662590027"
"114601","0.055345065891742706","0.055345065891742706","0.055345065891742706"
"114612","0.0412798672914505","0.0412798672914505","0.0412798672914505"
"114619","0.06258802860975266","0.06258802860975266","0.06258802860975266"
"114660","0.06002151221036911","0.06002151221036911","0.06002151221036911"
"114666","0.042772077023983","0.042772077023983","0.042772077023983"
"114691","0.03641577810049057","0.03641577810049057","0.03641577810049057"
"114712","0.03801589086651802","0.03801589086651802","0.03801589086651802"
"114740","0.05021938309073448","0.05021938309073448","0.05021938309073448"
"114802","0.051403798162937164","0.051403798162937164","0.051403798162937164"
"114804","0.04372372105717659","0.04372372105717659","0.04372372105717659"
"114817","0.06306590884923935","0.06306590884923935","0.06306590884923935"
"114826","0.038404226303100586","0.038404226303100586","0.038404226303100586"
"114855","0.06317215412855148","0.06317215412855148","0.06317215412855148"
"114860","0.04345385730266571","0.04345385730266571","0.04345385730266571"
"114869","0.0348188616335392","0.0348188616335392","0.0348188616335392"
"114877","0.04714483022689819","0.04714483022689819","0.04714483022689819"
"114924","0.03917213901877403","0.03917213901877403","0.03917213901877403"
"114962","0.03954930976033211","0.03954930976033211","0.03954930976033211"
"114984","0.04877230525016785","0.04877230525016785","0.04877230525016785"
"115028","0.054238997399806976","0.054238997399806976","0.054238997399806976"
"115049","0.060519132763147354","0.060519132763147354","0.060519132763147354"
"115055","0.06196330860257149","0.06196330860257149","0.06196330860257149"
"115065","0.028617775067687035","0.028617775067687035","0.028617775067687035"
"115096","0.05628925561904907","0.05628925561904907","0.05628925561904907"
"115100","0.051475368440151215","0.051475368440151215","0.051475368440151215"
"115134","0.05324724316596985","0.05324724316596985","0.05324724316596985"
"115138","0.05550422519445419","0.05550422519445419","0.05550422519445419"
"115165","0.049978502094745636","0.049978502094745636","0.049978502094745636"
"115169","0.05621032044291496","0.05621032044291496","0.05621032044291496"
"115180","0.04375813156366348","0.04375813156366348","0.04375813156366348"
"115294","0.04570784419775009","0.04570784419775009","0.04570784419775009"
"115302","0.04797874391078949","0.04797874391078949","0.04797874391078949"
"115307","0.05198335275053978","0.05198335275053978","0.05198335275053978"
"115315","0.047154441475868225","0.047154441475868225","0.047154441475868225"
"115320","0.04688885807991028","0.04688885807991028","0.04688885807991028"
"115329","0.0413791686296463","0.0413791686296463","0.0413791686296463"
"115349","0.04214555025100708","0.04214555025100708","0.04214555025100708"
"115444","0.030169270932674408","0.030169270932674408","0.030169270932674408"
"115477","0.04924381524324417","0.04924381524324417","0.04924381524324417"
"115513","0.05063222721219063","0.05063222721219063","0.05063222721219063"
"115519","0.04764706641435623","0.04764706641435623","0.04764706641435623"
"115527","0.031550273299217224","0.031550273299217224","0.031550273299217224"
"115542","0.04378770291805267","0.04378770291805267","0.04378770291805267"
"115573","0.07430733740329742","0.07430733740329742","0.07430733740329742"
"115580","0.039958756417036057","0.039958756417036057","0.039958756417036057"
"115583","0.05446182191371918","0.05446182191371918","0.05446182191371918"
"115597","0.042928580194711685","0.042928580194711685","0.042928580194711685"
"115645","0.05323919281363487","0.05323919281363487","0.05323919281363487"
"115652","0.06422083079814911","0.06422083079814911","0.06422083079814911"
"115669","0.06262756139039993","0.06262756139039993","0.06262756139039993"
"115672","0.041581377387046814","0.041581377387046814","0.041581377387046814"
"115718","0.06526876986026764","0.06526876986026764","0.06526876986026764"
"115721","0.04443133622407913","0.04443133622407913","0.04443133622407913"
"115728","0.05051017180085182","0.05051017180085182","0.05051017180085182"
"115753","0.04042254760861397","0.04042254760861397","0.04042254760861397"
"115809","0.05544630438089371","0.05544630438089371","0.05544630438089371"
"115837","0.05410170182585716","0.05410170182585716","0.05410170182585716"
"115872","0.03568139299750328","0.03568139299750328","0.03568139299750328"
"115884","0.03920513764023781","0.03920513764023781","0.03920513764023781"
"115891","0.04549605771899223","0.04549605771899223","0.04549605771899223"
"115911","0.043781720101833344","0.043781720101833344","0.043781720101833344"
"115917","0.04705323278903961","0.04705323278903961","0.04705323278903961"
"115932","0.05175328999757767","0.05175328999757767","0.05175328999757767"
"115963","0.04745473340153694","0.04745473340153694","0.04745473340153694"
"115984","0.056657180190086365","0.056657180190086365","0.056657180190086365"
"116004","0.031297169625759125","0.031297169625759125","0.031297169625759125"
"116048","0.06069790944457054","0.06069790944457054","0.06069790944457054"
"116068","0.04773012548685074","0.04773012548685074","0.04773012548685074"
"116083","0.05961580201983452","0.05961580201983452","0.05961580201983452"
"116106","0.05587295442819595","0.05587295442819595","0.05587295442819595"
"116123","0.059093177318573","0.059093177318573","0.059093177318573"
"116141","0.04135705530643463","0.04135705530643463","0.04135705530643463"
"116152","0.032286252826452255","0.032286252826452255","0.032286252826452255"
"116204","0.05206506699323654","0.05206506699323654","0.05206506699323654"
"116243","0.06570139527320862","0.06570139527320862","0.06570139527320862"
"116244","0.06468797475099564","0.06468797475099564","0.06468797475099564"
"116248","0.036394670605659485","0.036394670605659485","0.036394670605659485"
"116266","0.05442932993173599","0.05442932993173599","0.05442932993173599"
"116294","0.05753481760621071","0.05753481760621071","0.05753481760621071"
"116298","0.04079828038811684","0.04079828038811684","0.04079828038811684"
"116316","0.04271065443754196","0.04271065443754196","0.04271065443754196"
"116350","0.03838959336280823","0.03838959336280823","0.03838959336280823"
"116359","0.04586906358599663","0.04586906358599663","0.04586906358599663"
"116412","0.06903642416000366","0.06903642416000366","0.06903642416000366"
"116424","0.03392874449491501","0.03392874449491501","0.03392874449491501"
"116488","0.04268345981836319","0.04268345981836319","0.04268345981836319"
"116519","0.07547523081302643","0.07547523081302643","0.07547523081302643"
"116534","0.05030808970332146","0.05030808970332146","0.05030808970332146"
"116559","0.054339565336704254","0.054339565336704254","0.054339565336704254"
"116616","0.031221337616443634","0.031221337616443634","0.031221337616443634"
"116675","0.05558115616440773","0.05558115616440773","0.05558115616440773"
"116685","0.052578315138816833","0.052578315138816833","0.052578315138816833"
"116695","0.051190704107284546","0.051190704107284546","0.051190704107284546"
"116707","0.05987066030502319","0.05987066030502319","0.05987066030502319"
"116723","0.057986069470644","0.057986069470644","0.057986069470644"
"116757","0.05752076208591461","0.05752076208591461","0.05752076208591461"
"116813","0.04888615012168884","0.04888615012168884","0.04888615012168884"
"116814","0.03616078570485115","0.03616078570485115","0.03616078570485115"
"116815","0.057729288935661316","0.057729288935661316","0.057729288935661316"
"116821","0.052440837025642395","0.052440837025642395","0.052440837025642395"
"116868","0.05079317092895508","0.05079317092895508","0.05079317092895508"
"116874","0.042396463453769684","0.042396463453769684","0.042396463453769684"
"116899","0.0537688210606575","0.0537688210606575","0.0537688210606575"
"116954","0.03879639506340027","0.03879639506340027","0.03879639506340027"
"116965","0.061064355075359344","0.061064355075359344","0.061064355075359344"
"116981","0.045076727867126465","0.045076727867126465","0.045076727867126465"
"116990","0.05458933115005493","0.05458933115005493","0.05458933115005493"
"117002","0.05842054635286331","0.05842054635286331","0.05842054635286331"
"117027","0.05472731590270996","0.05472731590270996","0.05472731590270996"
"117085","0.03381038457155228","0.03381038457155228","0.03381038457155228"
"117104","0.036359261721372604","0.036359261721372604","0.036359261721372604"
"117190","0.04260607808828354","0.04260607808828354","0.04260607808828354"
"117257","0.054942142218351364","0.054942142218351364","0.054942142218351364"
"117292","0.03523578494787216","0.03523578494787216","0.03523578494787216"
"117320","0.04739614576101303","0.04739614576101303","0.04739614576101303"
"117323","0.04273900017142296","0.04273900017142296","0.04273900017142296"
"117363","0.046778228133916855","0.046778228133916855","0.046778228133916855"
"117371","0.06351451575756073","0.06351451575756073","0.06351451575756073"
"117372","0.07216858863830566","0.07216858863830566","0.07216858863830566"
"117374","0.041175343096256256","0.041175343096256256","0.041175343096256256"
"117426","0.046437907963991165","0.046437907963991165","0.046437907963991165"
"117462","0.05500310659408569","0.05500310659408569","0.05500310659408569"
"117492","0.06794170290231705","0.06794170290231705","0.06794170290231705"
"117541","0.06161091849207878","0.06161091849207878","0.06161091849207878"
"117553","0.04969269782304764","0.04969269782304764","0.04969269782304764"
"117573","0.05248425155878067","0.05248425155878067","0.05248425155878067"
"117618","0.03474874421954155","0.03474874421954155","0.03474874421954155"
"117643","0.044956959784030914","0.044956959784030914","0.044956959784030914"
"117659","0.027057312428951263","0.027057312428951263","0.027057312428951263"
"117671","0.052845925092697144","0.052845925092697144","0.052845925092697144"
"117681","0.04959055036306381","0.04959055036306381","0.04959055036306381"
"117703","0.043972570449113846","0.043972570449113846","0.043972570449113846"
"117705","0.04664185643196106","0.04664185643196106","0.04664185643196106"
"117720","0.03937189653515816","0.03937189653515816","0.03937189653515816"
"117746","0.04438678175210953","0.04438678175210953","0.04438678175210953"
"117778","0.038998741656541824","0.038998741656541824","0.038998741656541824"
"117783","0.040380604565143585","0.040380604565143585","0.040380604565143585"
"117805","0.05494064837694168","0.05494064837694168","0.05494064837694168"
"117902","0.06553247570991516","0.06553247570991516","0.06553247570991516"
"117905","0.03848002105951309","0.03848002105951309","0.03848002105951309"
"117915","0.05779997631907463","0.05779997631907463","0.05779997631907463"
"117974","0.055889446288347244","0.055889446288347244","0.055889446288347244"
"118031","0.05427972972393036","0.05427972972393036","0.05427972972393036"
"118082","0.03867045044898987","0.03867045044898987","0.03867045044898987"
"118092","0.05735710635781288","0.05735710635781288","0.05735710635781288"
"118120","0.03961775451898575","0.03961775451898575","0.03961775451898575"
"118131","0.060550130903720856","0.060550130903720856","0.060550130903720856"
"118159","0.05179890990257263","0.05179890990257263","0.05179890990257263"
"118192","0.06084567308425903","0.06084567308425903","0.06084567308425903"
"118212","0.056198906153440475","0.056198906153440475","0.056198906153440475"
"118267","0.048602886497974396","0.048602886497974396","0.048602886497974396"
"118275","0.051701806485652924","0.051701806485652924","0.051701806485652924"
"118308","0.0519835390150547","0.0519835390150547","0.0519835390150547"
"118325","0.047639213502407074","0.047639213502407074","0.047639213502407074"
"118380","0.053560372442007065","0.053560372442007065","0.053560372442007065"
"118395","0.06456224620342255","0.06456224620342255","0.06456224620342255"
"118435","0.04541485756635666","0.04541485756635666","0.04541485756635666"
"118450","0.056667886674404144","0.056667886674404144","0.056667886674404144"
"118465","0.051544852554798126","0.051544852554798126","0.051544852554798126"
"118482","0.040186863392591476","0.040186863392591476","0.040186863392591476"
"118511","0.03290238231420517","0.03290238231420517","0.03290238231420517"
"118526","0.04729623347520828","0.04729623347520828","0.04729623347520828"
"118547","0.057513557374477386","0.057513557374477386","0.057513557374477386"
"118580","0.040925439447164536","0.040925439447164536","0.040925439447164536"
"118582","0.05317346751689911","0.05317346751689911","0.05317346751689911"
"118588","0.05041366070508957","0.05041366070508957","0.05041366070508957"
"118637","0.0534592941403389","0.0534592941403389","0.0534592941403389"
"118642","0.0635957196354866","0.0635957196354866","0.0635957196354866"
"118659","0.05372641235589981","0.05372641235589981","0.05372641235589981"
"118661","0.04498821124434471","0.04498821124434471","0.04498821124434471"
"118694","0.060133542865514755","0.060133542865514755","0.060133542865514755"
"118712","0.05520692467689514","0.05520692467689514","0.05520692467689514"
"118737","0.05454442650079727","0.05454442650079727","0.05454442650079727"
"118833","0.031141240149736404","0.031141240149736404","0.031141240149736404"
"118841","0.04052256792783737","0.04052256792783737","0.04052256792783737"
"118848","0.05037310719490051","0.05037310719490051","0.05037310719490051"
"118853","0.04968896508216858","0.04968896508216858","0.04968896508216858"
"118877","0.045542217791080475","0.045542217791080475","0.045542217791080475"
"118907","0.06396737694740295","0.06396737694740295","0.06396737694740295"
"118988","0.03663913905620575","0.03663913905620575","0.03663913905620575"
"118992","0.03263024613261223","0.03263024613261223","0.03263024613261223"
"119018","0.06026069447398186","0.06026069447398186","0.06026069447398186"
"119027","0.0480685755610466","0.0480685755610466","0.0480685755610466"
"119036","0.04993095621466637","0.04993095621466637","0.04993095621466637"
"119040","0.04464772343635559","0.04464772343635559","0.04464772343635559"
"119045","0.04353177919983864","0.04353177919983864","0.04353177919983864"
"119073","0.04342946037650108","0.04342946037650108","0.04342946037650108"
"119075","0.03528032824397087","0.03528032824397087","0.03528032824397087"
"119103","0.04400347173213959","0.04400347173213959","0.04400347173213959"
"119147","0.05919035151600838","0.05919035151600838","0.05919035151600838"
"119155","0.04473288729786873","0.04473288729786873","0.04473288729786873"
"119224","0.05616288259625435","0.05616288259625435","0.05616288259625435"
"119237","0.05062619596719742","0.05062619596719742","0.05062619596719742"
"119249","0.037883516401052475","0.037883516401052475","0.037883516401052475"
"119252","0.06656754016876221","0.06656754016876221","0.06656754016876221"
"119277","0.03028658591210842","0.03028658591210842","0.03028658591210842"
"119282","0.04673171043395996","0.04673171043395996","0.04673171043395996"
"119292","0.050403743982315063","0.050403743982315063","0.050403743982315063"
"119316","0.0386275015771389","0.0386275015771389","0.0386275015771389"
"119336","0.03959834948182106","0.03959834948182106","0.03959834948182106"
"119347","0.039051249623298645","0.039051249623298645","0.039051249623298645"
"119368","0.06085798889398575","0.06085798889398575","0.06085798889398575"
"119374","0.07392866909503937","0.07392866909503937","0.07392866909503937"
"119412","0.03790290281176567","0.03790290281176567","0.03790290281176567"
"119425","0.0541410893201828","0.0541410893201828","0.0541410893201828"
"119448","0.05656229704618454","0.05656229704618454","0.05656229704618454"
"119468","0.05818220227956772","0.05818220227956772","0.05818220227956772"
"119629","0.051741741597652435","0.051741741597652435","0.051741741597652435"
"119632","0.05098184198141098","0.05098184198141098","0.05098184198141098"
"119638","0.04204133152961731","0.04204133152961731","0.04204133152961731"
"119642","0.05658883601427078","0.05658883601427078","0.05658883601427078"
"119645","0.06586612015962601","0.06586612015962601","0.06586612015962601"
"119655","0.04941143840551376","0.04941143840551376","0.04941143840551376"
"119696","0.06850282847881317","0.06850282847881317","0.06850282847881317"
"119704","0.0503949336707592","0.0503949336707592","0.0503949336707592"
"119711","0.040160562843084335","0.040160562843084335","0.040160562843084335"
"119718","0.03538106009364128","0.03538106009364128","0.03538106009364128"
"119732","0.04058711975812912","0.04058711975812912","0.04058711975812912"
"119753","0.03854839503765106","0.03854839503765106","0.03854839503765106"
"119788","0.0404488779604435","0.0404488779604435","0.0404488779604435"
"119795","0.046842366456985474","0.046842366456985474","0.046842366456985474"
"119821","0.05959096550941467","0.05959096550941467","0.05959096550941467"
"119823","0.0501323863863945","0.0501323863863945","0.0501323863863945"
"119828","0.04456262290477753","0.04456262290477753","0.04456262290477753"
"119831","0.055910080671310425","0.055910080671310425","0.055910080671310425"
"119832","0.036223527044057846","0.036223527044057846","0.036223527044057846"
"119837","0.069974884390831","0.069974884390831","0.069974884390831"
"119892","0.03865756466984749","0.03865756466984749","0.03865756466984749"
"119894","0.05381648987531662","0.05381648987531662","0.05381648987531662"
"119923","0.061789680272340775","0.061789680272340775","0.061789680272340775"
"119971","0.06198544055223465","0.06198544055223465","0.06198544055223465"
"119975","0.04608890786767006","0.04608890786767006","0.04608890786767006"
"120027","0.056769855320453644","0.056769855320453644","0.056769855320453644"
"120038","0.034915074706077576","0.034915074706077576","0.034915074706077576"
"120052","0.03374685347080231","0.03374685347080231","0.03374685347080231"
"120068","0.047477222979068756","0.047477222979068756","0.047477222979068756"
"120115","0.06254053860902786","0.06254053860902786","0.06254053860902786"
"120118","0.04170660674571991","0.04170660674571991","0.04170660674571991"
"120134","0.0424472950398922","0.0424472950398922","0.0424472950398922"
"120166","0.03743334859609604","0.03743334859609604","0.03743334859609604"
"120207","0.0689985379576683","0.0689985379576683","0.0689985379576683"
"120304","0.040778666734695435","0.040778666734695435","0.040778666734695435"
"120311","0.05691009759902954","0.05691009759902954","0.05691009759902954"
"120313","0.03673588111996651","0.03673588111996651","0.03673588111996651"
"120320","0.0730084627866745","0.0730084627866745","0.0730084627866745"
"120334","0.043020784854888916","0.043020784854888916","0.043020784854888916"
"120343","0.032585933804512024","0.032585933804512024","0.032585933804512024"
"120447","0.04361264780163765","0.04361264780163765","0.04361264780163765"
"120467","0.036077287048101425","0.036077287048101425","0.036077287048101425"
"120483","0.04317808896303177","0.04317808896303177","0.04317808896303177"
"120490","0.04131929576396942","0.04131929576396942","0.04131929576396942"
"120531","0.053546223789453506","0.053546223789453506","0.053546223789453506"
"120535","0.04063514247536659","0.04063514247536659","0.04063514247536659"
"120558","0.043834928423166275","0.043834928423166275","0.043834928423166275"
"120601","0.0528695210814476","0.0528695210814476","0.0528695210814476"
"120632","0.03855826333165169","0.03855826333165169","0.03855826333165169"
"120683","0.045213617384433746","0.045213617384433746","0.045213617384433746"
"120745","0.04060724750161171","0.04060724750161171","0.04060724750161171"
"120797","0.040561266243457794","0.040561266243457794","0.040561266243457794"
"120818","0.03740130364894867","0.03740130364894867","0.03740130364894867"
"120821","0.047068510204553604","0.047068510204553604","0.047068510204553604"
"120847","0.044787660241127014","0.044787660241127014","0.044787660241127014"
"120862","0.04995957016944885","0.04995957016944885","0.04995957016944885"
"120880","0.06369192898273468","0.06369192898273468","0.06369192898273468"
"120969","0.04824347048997879","0.04824347048997879","0.04824347048997879"
"120981","0.05789092928171158","0.05789092928171158","0.05789092928171158"
"120985","0.04841045290231705","0.04841045290231705","0.04841045290231705"
"120995","0.039804618805646896","0.039804618805646896","0.039804618805646896"
"121006","0.057495538145303726","0.057495538145303726","0.057495538145303726"
"121055","0.05294371396303177","0.05294371396303177","0.05294371396303177"
"121058","0.0377456434071064","0.0377456434071064","0.0377456434071064"
"121065","0.06457576155662537","0.06457576155662537","0.06457576155662537"
"121070","0.044200196862220764","0.044200196862220764","0.044200196862220764"
"121087","0.03925342112779617","0.03925342112779617","0.03925342112779617"
"121094","0.0485304519534111","0.0485304519534111","0.0485304519534111"
"121146","0.03748559579253197","0.03748559579253197","0.03748559579253197"
"121162","0.0413227453827858","0.0413227453827858","0.0413227453827858"
"121174","0.045859433710575104","0.045859433710575104","0.045859433710575104"
"121178","0.03474147245287895","0.03474147245287895","0.03474147245287895"
"121188","0.05427474156022072","0.05427474156022072","0.05427474156022072"
"121194","0.05978547781705856","0.05978547781705856","0.05978547781705856"
"121204","0.04888084530830383","0.04888084530830383","0.04888084530830383"
"121210","0.037141166627407074","0.037141166627407074","0.037141166627407074"
"121218","0.044547855854034424","0.044547855854034424","0.044547855854034424"
"121249","0.056536540389060974","0.056536540389060974","0.056536540389060974"
"121262","0.03723764419555664","0.03723764419555664","0.03723764419555664"
"121263","0.040818292647600174","0.040818292647600174","0.040818292647600174"
"121266","0.03640959411859512","0.03640959411859512","0.03640959411859512"
"121269","0.03877243027091026","0.03877243027091026","0.03877243027091026"
"121282","0.05086803063750267","0.05086803063750267","0.05086803063750267"
"121294","0.050095945596694946","0.050095945596694946","0.050095945596694946"
"121306","0.04157591611146927","0.04157591611146927","0.04157591611146927"
"121315","0.05608072131872177","0.05608072131872177","0.05608072131872177"
"121367","0.052031826227903366","0.052031826227903366","0.052031826227903366"
"121385","0.05682151019573212","0.05682151019573212","0.05682151019573212"
"121397","0.03273860365152359","0.03273860365152359","0.03273860365152359"
"121420","0.04491337761282921","0.04491337761282921","0.04491337761282921"
"121449","0.059208326041698456","0.059208326041698456","0.059208326041698456"
"121451","0.05220203101634979","0.05220203101634979","0.05220203101634979"
"121542","0.04717254638671875","0.04717254638671875","0.04717254638671875"
"121580","0.04006355255842209","0.04006355255842209","0.04006355255842209"
"121583","0.06710021197795868","0.06710021197795868","0.06710021197795868"
"121597","0.04854235798120499","0.04854235798120499","0.04854235798120499"
"121598","0.045524097979068756","0.045524097979068756","0.045524097979068756"
"121620","0.05657355487346649","0.05657355487346649","0.05657355487346649"
"121623","0.038167938590049744","0.038167938590049744","0.038167938590049744"
"121632","0.038724713027477264","0.038724713027477264","0.038724713027477264"
"121644","0.05689159408211708","0.05689159408211708","0.05689159408211708"
"121647","0.04319169372320175","0.04319169372320175","0.04319169372320175"
"121651","0.0465276762843132","0.0465276762843132","0.0465276762843132"
"121670","0.026174910366535187","0.026174910366535187","0.026174910366535187"
"121789","0.049499526619911194","0.049499526619911194","0.049499526619911194"
"121802","0.061131447553634644","0.061131447553634644","0.061131447553634644"
"121842","0.04064730927348137","0.04064730927348137","0.04064730927348137"
"121867","0.057708147913217545","0.057708147913217545","0.057708147913217545"
"121876","0.04497789219021797","0.04497789219021797","0.04497789219021797"
"121968","0.039471566677093506","0.039471566677093506","0.039471566677093506"
"121984","0.06761018186807632","0.06761018186807632","0.06761018186807632"
"121991","0.048836007714271545","0.048836007714271545","0.048836007714271545"
"122010","0.04821239411830902","0.04821239411830902","0.04821239411830902"
"122045","0.04226873815059662","0.04226873815059662","0.04226873815059662"
"122054","0.060751911252737045","0.060751911252737045","0.060751911252737045"
"122059","0.058339543640613556","0.058339543640613556","0.058339543640613556"
"122109","0.05762631073594093","0.05762631073594093","0.05762631073594093"
"122125","0.05542082339525223","0.05542082339525223","0.05542082339525223"
"122162","0.05242650955915451","0.05242650955915451","0.05242650955915451"
"122165","0.05982305854558945","0.05982305854558945","0.05982305854558945"
"122175","0.05332113057374954","0.05332113057374954","0.05332113057374954"
"122181","0.06676454842090607","0.06676454842090607","0.06676454842090607"
"122218","0.06652895361185074","0.06652895361185074","0.06652895361185074"
"122224","0.0639779344201088","0.0639779344201088","0.0639779344201088"
"122279","0.05210132151842117","0.05210132151842117","0.05210132151842117"
"122327","0.05588412284851074","0.05588412284851074","0.05588412284851074"
"122342","0.048112086951732635","0.048112086951732635","0.048112086951732635"
"122350","0.06957399845123291","0.06957399845123291","0.06957399845123291"
"122352","0.04187376797199249","0.04187376797199249","0.04187376797199249"
"122357","0.03965297341346741","0.03965297341346741","0.03965297341346741"
"122400","0.05404728278517723","0.05404728278517723","0.05404728278517723"
"122404","0.046668823808431625","0.046668823808431625","0.046668823808431625"
"122524","0.06771014630794525","0.06771014630794525","0.06771014630794525"
"122537","0.04167195409536362","0.04167195409536362","0.04167195409536362"
"122584","0.048717111349105835","0.048717111349105835","0.048717111349105835"
"122593","0.0431101955473423","0.0431101955473423","0.0431101955473423"
"122624","0.047331877052783966","0.047331877052783966","0.047331877052783966"
"122630","0.05290664732456207","0.05290664732456207","0.05290664732456207"
"122642","0.035825639963150024","0.035825639963150024","0.035825639963150024"
"122649","0.0416426844894886","0.0416426844894886","0.0416426844894886"
"122659","0.03914988413453102","0.03914988413453102","0.03914988413453102"
"122678","0.057263970375061035","0.057263970375061035","0.057263970375061035"
"122752","0.06177794933319092","0.06177794933319092","0.06177794933319092"
"122754","0.04135742038488388","0.04135742038488388","0.04135742038488388"
"122778","0.04732765257358551","0.04732765257358551","0.04732765257358551"
"122806","0.04163605719804764","0.04163605719804764","0.04163605719804764"
"122816","0.0607573539018631","0.0607573539018631","0.0607573539018631"
"122840","0.04279131814837456","0.04279131814837456","0.04279131814837456"
"122842","0.057514555752277374","0.057514555752277374","0.057514555752277374"
"122887","0.037408918142318726","0.037408918142318726","0.037408918142318726"
"122940","0.05491279065608978","0.05491279065608978","0.05491279065608978"
"123031","0.03219381719827652","0.03219381719827652","0.03219381719827652"
"123035","0.040987782180309296","0.040987782180309296","0.040987782180309296"
"123039","0.04045180231332779","0.04045180231332779","0.04045180231332779"
"123057","0.059980057179927826","0.059980057179927826","0.059980057179927826"
"123067","0.044365305453538895","0.044365305453538895","0.044365305453538895"
"123076","0.047395482659339905","0.047395482659339905","0.047395482659339905"
"123097","0.03388281166553497","0.03388281166553497","0.03388281166553497"
"123116","0.04761269688606262","0.04761269688606262","0.04761269688606262"
"123124","0.04470421373844147","0.04470421373844147","0.04470421373844147"
"123180","0.04313676059246063","0.04313676059246063","0.04313676059246063"
"123210","0.05533876270055771","0.05533876270055771","0.05533876270055771"
"123234","0.04593341797590256","0.04593341797590256","0.04593341797590256"
"123306","0.0587724894285202","0.0587724894285202","0.0587724894285202"
"123316","0.04580340161919594","0.04580340161919594","0.04580340161919594"
"123320","0.0634625107049942","0.0634625107049942","0.0634625107049942"
"123342","0.06444744765758514","0.06444744765758514","0.06444744765758514"
"123354","0.044598288834095","0.044598288834095","0.044598288834095"
"123379","0.055922262370586395","0.055922262370586395","0.055922262370586395"
"123388","0.05808046832680702","0.05808046832680702","0.05808046832680702"
"123394","0.03394036740064621","0.03394036740064621","0.03394036740064621"
"123435","0.03573688864707947","0.03573688864707947","0.03573688864707947"
"123445","0.05497565492987633","0.05497565492987633","0.05497565492987633"
"123457","0.03169341757893562","0.03169341757893562","0.03169341757893562"
"123463","0.030993890017271042","0.030993890017271042","0.030993890017271042"
"123480","0.03250914439558983","0.03250914439558983","0.03250914439558983"
"123525","0.044307220727205276","0.044307220727205276","0.044307220727205276"
"123621","0.049524225294589996","0.049524225294589996","0.049524225294589996"
"123645","0.051420606672763824","0.051420606672763824","0.051420606672763824"
"123693","0.04090750962495804","0.04090750962495804","0.04090750962495804"
"123799","0.06588663905858994","0.06588663905858994","0.06588663905858994"
"123802","0.035476893186569214","0.035476893186569214","0.035476893186569214"
"123810","0.05529702454805374","0.05529702454805374","0.05529702454805374"
"123813","0.042706429958343506","0.042706429958343506","0.042706429958343506"
"123858","0.04464110732078552","0.04464110732078552","0.04464110732078552"
"123860","0.056616783142089844","0.056616783142089844","0.056616783142089844"
"123900","0.05311822146177292","0.05311822146177292","0.05311822146177292"
"123915","0.043451376259326935","0.043451376259326935","0.043451376259326935"
"123918","0.05178384855389595","0.05178384855389595","0.05178384855389595"
"123923","0.04325712472200394","0.04325712472200394","0.04325712472200394"
"123932","0.06379568576812744","0.06379568576812744","0.06379568576812744"
"123947","0.06783810257911682","0.06783810257911682","0.06783810257911682"
"123973","0.03655560314655304","0.03655560314655304","0.03655560314655304"
"123979","0.07518653571605682","0.07518653571605682","0.07518653571605682"
"123992","0.030237574130296707","0.030237574130296707","0.030237574130296707"
"124007","0.06087547168135643","0.06087547168135643","0.06087547168135643"
"124066","0.06412028521299362","0.06412028521299362","0.06412028521299362"
"124083","0.06328561902046204","0.06328561902046204","0.06328561902046204"
"124093","0.046571776270866394","0.046571776270866394","0.046571776270866394"
"124168","0.056757885962724686","0.056757885962724686","0.056757885962724686"
"124197","0.056508224457502365","0.056508224457502365","0.056508224457502365"
"124199","0.05367506295442581","0.05367506295442581","0.05367506295442581"
"124204","0.037513263523578644","0.037513263523578644","0.037513263523578644"
"124209","0.04104148596525192","0.04104148596525192","0.04104148596525192"
"124210","0.04270683228969574","0.04270683228969574","0.04270683228969574"
"124243","0.04618210345506668","0.04618210345506668","0.04618210345506668"
"124248","0.041243210434913635","0.041243210434913635","0.041243210434913635"
"124270","0.05582013353705406","0.05582013353705406","0.05582013353705406"
"124338","0.043152451515197754","0.043152451515197754","0.043152451515197754"
"124361","0.05525609850883484","0.05525609850883484","0.05525609850883484"
"124372","0.03793711960315704","0.03793711960315704","0.03793711960315704"
"124388","0.039296459406614304","0.039296459406614304","0.039296459406614304"
"124396","0.05184007063508034","0.05184007063508034","0.05184007063508034"
"124432","0.0423983633518219","0.0423983633518219","0.0423983633518219"
"124455","0.048792410641908646","0.048792410641908646","0.048792410641908646"
"124467","0.04691276699304581","0.04691276699304581","0.04691276699304581"
"124468","0.05938315391540527","0.05938315391540527","0.05938315391540527"
"124505","0.04142748937010765","0.04142748937010765","0.04142748937010765"
"124517","0.030808916315436363","0.030808916315436363","0.030808916315436363"
"124585","0.0549381747841835","0.0549381747841835","0.0549381747841835"
"124599","0.05160164088010788","0.05160164088010788","0.05160164088010788"
"124661","0.05432965233922005","0.05432965233922005","0.05432965233922005"
"124696","0.06571075320243835","0.06571075320243835","0.06571075320243835"
"124699","0.04404040426015854","0.04404040426015854","0.04404040426015854"
"124733","0.047882676124572754","0.047882676124572754","0.047882676124572754"
"124761","0.049811799079179764","0.049811799079179764","0.049811799079179764"
"124764","0.02559160627424717","0.02559160627424717","0.02559160627424717"
"124780","0.047662489116191864","0.047662489116191864","0.047662489116191864"
"124785","0.035163622349500656","0.035163622349500656","0.035163622349500656"
"124806","0.04259691387414932","0.04259691387414932","0.04259691387414932"
"124823","0.05396386981010437","0.05396386981010437","0.05396386981010437"
"124884","0.053312938660383224","0.053312938660383224","0.053312938660383224"
"124889","0.045351698994636536","0.045351698994636536","0.045351698994636536"
"124913","0.05338020622730255","0.05338020622730255","0.05338020622730255"
"124924","0.04956243932247162","0.04956243932247162","0.04956243932247162"
"124943","0.030641715973615646","0.030641715973615646","0.030641715973615646"
"124953","0.06774356961250305","0.06774356961250305","0.06774356961250305"
"124970","0.044423747807741165","0.044423747807741165","0.044423747807741165"
"124986","0.03847737982869148","0.03847737982869148","0.03847737982869148"
"125005","0.04606793820858002","0.04606793820858002","0.04606793820858002"
"125020","0.04826109856367111","0.04826109856367111","0.04826109856367111"
"125033","0.049582622945308685","0.049582622945308685","0.049582622945308685"
"125049","0.0701807290315628","0.0701807290315628","0.0701807290315628"
"125104","0.04452810063958168","0.04452810063958168","0.04452810063958168"
"125108","0.023393776267766953","0.023393776267766953","0.023393776267766953"
"125128","0.05656289681792259","0.05656289681792259","0.05656289681792259"
"125131","0.044069357216358185","0.044069357216358185","0.044069357216358185"
"125166","0.025252046063542366","0.025252046063542366","0.025252046063542366"
"125174","0.051572203636169434","0.051572203636169434","0.051572203636169434"
"125197","0.04148640111088753","0.04148640111088753","0.04148640111088753"
"125213","0.04470183700323105","0.04470183700323105","0.04470183700323105"
"125267","0.03462435305118561","0.03462435305118561","0.03462435305118561"
"125270","0.03590315207839012","0.03590315207839012","0.03590315207839012"
"125271","0.044247910380363464","0.044247910380363464","0.044247910380363464"
"125292","0.06729753315448761","0.06729753315448761","0.06729753315448761"
"125335","0.04472454637289047","0.04472454637289047","0.04472454637289047"
"125363","0.062060389667749405","0.062060389667749405","0.062060389667749405"
"125375","0.04843909293413162","0.04843909293413162","0.04843909293413162"
"125398","0.05154913291335106","0.05154913291335106","0.05154913291335106"
"125451","0.03905463591217995","0.03905463591217995","0.03905463591217995"
"125460","0.0481044203042984","0.0481044203042984","0.0481044203042984"
"125462","0.059145595878362656","0.059145595878362656","0.059145595878362656"
"125488","0.04892359673976898","0.04892359673976898","0.04892359673976898"
"125558","0.04944857209920883","0.04944857209920883","0.04944857209920883"
"125577","0.037159375846385956","0.037159375846385956","0.037159375846385956"
"125594","0.04842936247587204","0.04842936247587204","0.04842936247587204"
"125614","0.044694576412439346","0.044694576412439346","0.044694576412439346"
"125658","0.0440535694360733","0.0440535694360733","0.0440535694360733"
"125692","0.04914439469575882","0.04914439469575882","0.04914439469575882"
"125728","0.07903061807155609","0.07903061807155609","0.07903061807155609"
"125756","0.04855041950941086","0.04855041950941086","0.04855041950941086"
"125807","0.03287713974714279","0.03287713974714279","0.03287713974714279"
"125811","0.03675796091556549","0.03675796091556549","0.03675796091556549"
"125812","0.04856260493397713","0.04856260493397713","0.04856260493397713"
"125821","0.04958115518093109","0.04958115518093109","0.04958115518093109"
"125825","0.052716899663209915","0.052716899663209915","0.052716899663209915"
"125846","0.05260370671749115","0.05260370671749115","0.05260370671749115"
"125884","0.05796057730913162","0.05796057730913162","0.05796057730913162"
"125896","0.06468075513839722","0.06468075513839722","0.06468075513839722"
"125902","0.04282185435295105","0.04282185435295105","0.04282185435295105"
"125918","0.05540245398879051","0.05540245398879051","0.05540245398879051"
"125929","0.06006290763616562","0.06006290763616562","0.06006290763616562"
"125936","0.03963644057512283","0.03963644057512283","0.03963644057512283"
"125938","0.053254205733537674","0.053254205733537674","0.053254205733537674"
"125954","0.05332409590482712","0.05332409590482712","0.05332409590482712"
"125955","0.049341700971126556","0.049341700971126556","0.049341700971126556"
"126031","0.07021735608577728","0.07021735608577728","0.07021735608577728"
"126096","0.0370292067527771","0.0370292067527771","0.0370292067527771"
"126102","0.04482366889715195","0.04482366889715195","0.04482366889715195"
"126144","0.04748329147696495","0.04748329147696495","0.04748329147696495"
"126145","0.04586447775363922","0.04586447775363922","0.04586447775363922"
"126155","0.05024120211601257","0.05024120211601257","0.05024120211601257"
"126157","0.04738235846161842","0.04738235846161842","0.04738235846161842"
"126243","0.04923789203166962","0.04923789203166962","0.04923789203166962"
"126275","0.04191175475716591","0.04191175475716591","0.04191175475716591"
"126278","0.044399674981832504","0.044399674981832504","0.044399674981832504"
"126291","0.04432190954685211","0.04432190954685211","0.04432190954685211"
"126300","0.038678739219903946","0.038678739219903946","0.038678739219903946"
"126322","0.043089672923088074","0.043089672923088074","0.043089672923088074"
"126338","0.03956150636076927","0.03956150636076927","0.03956150636076927"
"126363","0.02860877476632595","0.02860877476632595","0.02860877476632595"
"126368","0.03733212873339653","0.03733212873339653","0.03733212873339653"
"126398","0.042205873876810074","0.042205873876810074","0.042205873876810074"
"126428","0.049697063863277435","0.049697063863277435","0.049697063863277435"
"126519","0.05860720947384834","0.05860720947384834","0.05860720947384834"
"126536","0.046144574880599976","0.046144574880599976","0.046144574880599976"
"126568","0.04852503910660744","0.04852503910660744","0.04852503910660744"
"126578","0.046356189996004105","0.046356189996004105","0.046356189996004105"
"126627","0.04340953379869461","0.04340953379869461","0.04340953379869461"
"126639","0.06675693392753601","0.06675693392753601","0.06675693392753601"
"126670","0.04711440950632095","0.04711440950632095","0.04711440950632095"
"126671","0.03655418008565903","0.03655418008565903","0.03655418008565903"
"126685","0.04356934130191803","0.04356934130191803","0.04356934130191803"
"126695","0.041107043623924255","0.041107043623924255","0.041107043623924255"
"126705","0.030271271243691444","0.030271271243691444","0.030271271243691444"
"126714","0.02810857817530632","0.02810857817530632","0.02810857817530632"
"126719","0.03361314535140991","0.03361314535140991","0.03361314535140991"
"126732","0.04005426913499832","0.04005426913499832","0.04005426913499832"
"126745","0.059475332498550415","0.059475332498550415","0.059475332498550415"
"126792","0.062465738505125046","0.062465738505125046","0.062465738505125046"
"126884","0.043304480612277985","0.043304480612277985","0.043304480612277985"
"126886","0.0418100506067276","0.0418100506067276","0.0418100506067276"
"126960","0.038348741829395294","0.038348741829395294","0.038348741829395294"
"127076","0.04133247956633568","0.04133247956633568","0.04133247956633568"
"127130","0.05220283567905426","0.05220283567905426","0.05220283567905426"
"127136","0.05691683292388916","0.05691683292388916","0.05691683292388916"
"127138","0.049762062728405","0.049762062728405","0.049762062728405"
"127209","0.06560046970844269","0.06560046970844269","0.06560046970844269"
"127255","0.07613624632358551","0.07613624632358551","0.07613624632358551"
"127274","0.04671230912208557","0.04671230912208557","0.04671230912208557"
"127311","0.029131215065717697","0.029131215065717697","0.029131215065717697"
"127326","0.054116327315568924","0.054116327315568924","0.054116327315568924"
"127335","0.0720481425523758","0.0720481425523758","0.0720481425523758"
"127367","0.051207534968853","0.051207534968853","0.051207534968853"
"127378","0.03971762955188751","0.03971762955188751","0.03971762955188751"
"127404","0.04252920299768448","0.04252920299768448","0.04252920299768448"
"127421","0.03474590927362442","0.03474590927362442","0.03474590927362442"
"127422","0.040817297995090485","0.040817297995090485","0.040817297995090485"
"127443","0.044027179479599","0.044027179479599","0.044027179479599"
"127457","0.052648674696683884","0.052648674696683884","0.052648674696683884"
"127482","0.04030419886112213","0.04030419886112213","0.04030419886112213"
"127501","0.03835155814886093","0.03835155814886093","0.03835155814886093"
"127511","0.03714189678430557","0.03714189678430557","0.03714189678430557"
"127518","0.05912710353732109","0.05912710353732109","0.05912710353732109"
"127534","0.03509610518813133","0.03509610518813133","0.03509610518813133"
"127535","0.03476523980498314","0.03476523980498314","0.03476523980498314"
"127541","0.06638006865978241","0.06638006865978241","0.06638006865978241"
"127598","0.043568242341279984","0.043568242341279984","0.043568242341279984"
"127599","0.054264090955257416","0.054264090955257416","0.054264090955257416"
"127620","0.051882289350032806","0.051882289350032806","0.051882289350032806"
"127641","0.0687093660235405","0.0687093660235405","0.0687093660235405"
"127649","0.045532066375017166","0.045532066375017166","0.045532066375017166"
"127675","0.03813258931040764","0.03813258931040764","0.03813258931040764"
"127695","0.05159115418791771","0.05159115418791771","0.05159115418791771"
"127730","0.04440172389149666","0.04440172389149666","0.04440172389149666"
"127739","0.04641158506274223","0.04641158506274223","0.04641158506274223"
"127807","0.04567448049783707","0.04567448049783707","0.04567448049783707"
"127811","0.06127229332923889","0.06127229332923889","0.06127229332923889"
"127863","0.04943675920367241","0.04943675920367241","0.04943675920367241"
"127912","0.04580842703580856","0.04580842703580856","0.04580842703580856"
"127929","0.05116801708936691","0.05116801708936691","0.05116801708936691"
"127930","0.059360723942518234","0.059360723942518234","0.059360723942518234"
"127931","0.046673282980918884","0.046673282980918884","0.046673282980918884"
"127949","0.047582242637872696","0.047582242637872696","0.047582242637872696"
"127960","0.0503639355301857","0.0503639355301857","0.0503639355301857"
"127963","0.0760607123374939","0.0760607123374939","0.0760607123374939"
"127969","0.04820359870791435","0.04820359870791435","0.04820359870791435"
"127987","0.052909668534994125","0.052909668534994125","0.052909668534994125"
"127997","0.04983290284872055","0.04983290284872055","0.04983290284872055"
"127999","0.05048668757081032","0.05048668757081032","0.05048668757081032"
"128065","0.03504025563597679","0.03504025563597679","0.03504025563597679"
"128071","0.043959446251392365","0.043959446251392365","0.043959446251392365"
"128084","0.040306732058525085","0.040306732058525085","0.040306732058525085"
"128129","0.049022700637578964","0.049022700637578964","0.049022700637578964"
"128158","0.044193483889102936","0.044193483889102936","0.044193483889102936"
"128160","0.05131845921278","0.05131845921278","0.05131845921278"
"128205","0.041070811450481415","0.041070811450481415","0.041070811450481415"
"128209","0.04744160920381546","0.04744160920381546","0.04744160920381546"
"128251","0.054362647235393524","0.054362647235393524","0.054362647235393524"
"128255","0.03591650351881981","0.03591650351881981","0.03591650351881981"
"128326","0.0473630391061306","0.0473630391061306","0.0473630391061306"
"128329","0.04889243468642235","0.04889243468642235","0.04889243468642235"
"128361","0.049530647695064545","0.049530647695064545","0.049530647695064545"
"128394","0.04600595682859421","0.04600595682859421","0.04600595682859421"
"128459","0.05207723751664162","0.05207723751664162","0.05207723751664162"
"128464","0.03074563294649124","0.03074563294649124","0.03074563294649124"
"128466","0.04959292337298393","0.04959292337298393","0.04959292337298393"
"128469","0.04957794025540352","0.04957794025540352","0.04957794025540352"
"128471","0.04696451872587204","0.04696451872587204","0.04696451872587204"
"128562","0.05280374735593796","0.05280374735593796","0.05280374735593796"
"128572","0.05499240756034851","0.05499240756034851","0.05499240756034851"
"128590","0.05539890378713608","0.05539890378713608","0.05539890378713608"
"128601","0.04449153319001198","0.04449153319001198","0.04449153319001198"
"128608","0.05988800525665283","0.05988800525665283","0.05988800525665283"
"128634","0.04053640365600586","0.04053640365600586","0.04053640365600586"
"128646","0.04080057889223099","0.04080057889223099","0.04080057889223099"
"128657","0.06524600088596344","0.06524600088596344","0.06524600088596344"
"128704","0.043854888528585434","0.043854888528585434","0.043854888528585434"
"128705","0.041366055607795715","0.041366055607795715","0.041366055607795715"
"128741","0.044588640332221985","0.044588640332221985","0.044588640332221985"
"128748","0.030903592705726624","0.030903592705726624","0.030903592705726624"
"128758","0.03756394982337952","0.03756394982337952","0.03756394982337952"
"128759","0.0481482669711113","0.0481482669711113","0.0481482669711113"
"128787","0.06128397583961487","0.06128397583961487","0.06128397583961487"
"128794","0.06879514455795288","0.06879514455795288","0.06879514455795288"
"128860","0.03566547483205795","0.03566547483205795","0.03566547483205795"
"128873","0.06647022068500519","0.06647022068500519","0.06647022068500519"
"128916","0.04202016815543175","0.04202016815543175","0.04202016815543175"
"128929","0.044339947402477264","0.044339947402477264","0.044339947402477264"
"128931","0.040681131184101105","0.040681131184101105","0.040681131184101105"
"128938","0.061754435300827026","0.061754435300827026","0.061754435300827026"
"128948","0.04920888692140579","0.04920888692140579","0.04920888692140579"
"128949","0.046054381877183914","0.046054381877183914","0.046054381877183914"
"128988","0.05933939665555954","0.05933939665555954","0.05933939665555954"
"129016","0.03550976887345314","0.03550976887345314","0.03550976887345314"
"129045","0.0469440221786499","0.0469440221786499","0.0469440221786499"
"129101","0.05194760486483574","0.05194760486483574","0.05194760486483574"
"129103","0.05399367958307266","0.05399367958307266","0.05399367958307266"
"129111","0.024994006380438805","0.024994006380438805","0.024994006380438805"
"129121","0.05480356141924858","0.05480356141924858","0.05480356141924858"
"129169","0.05066099390387535","0.05066099390387535","0.05066099390387535"
"129244","0.034549713134765625","0.034549713134765625","0.034549713134765625"
"129259","0.046339333057403564","0.046339333057403564","0.046339333057403564"
"129280","0.05367593094706535","0.05367593094706535","0.05367593094706535"
"129371","0.06222162023186684","0.06222162023186684","0.06222162023186684"
"129379","0.05261643975973129","0.05261643975973129","0.05261643975973129"
"129458","0.04346681386232376","0.04346681386232376","0.04346681386232376"
"129460","0.056866541504859924","0.056866541504859924","0.056866541504859924"
"129473","0.051681824028491974","0.051681824028491974","0.051681824028491974"
"129504","0.040967367589473724","0.040967367589473724","0.040967367589473724"
"129505","0.033754125237464905","0.033754125237464905","0.033754125237464905"
"129532","0.036223337054252625","0.036223337054252625","0.036223337054252625"
"129588","0.03138464316725731","0.03138464316725731","0.03138464316725731"
"129622","0.05285351723432541","0.05285351723432541","0.05285351723432541"
"129641","0.05072528123855591","0.05072528123855591","0.05072528123855591"
"129662","0.04180729389190674","0.04180729389190674","0.04180729389190674"
"129687","0.03297214210033417","0.03297214210033417","0.03297214210033417"
"129737","0.03443724289536476","0.03443724289536476","0.03443724289536476"
"129745","0.045765139162540436","0.045765139162540436","0.045765139162540436"
"129798","0.03791933134198189","0.03791933134198189","0.03791933134198189"
"129818","0.04920867085456848","0.04920867085456848","0.04920867085456848"
"129842","0.052481867372989655","0.052481867372989655","0.052481867372989655"
"129856","0.03548765927553177","0.03548765927553177","0.03548765927553177"
"129868","0.051970068365335464","0.051970068365335464","0.051970068365335464"
"129876","0.03655540943145752","0.03655540943145752","0.03655540943145752"
"129890","0.043049946427345276","0.043049946427345276","0.043049946427345276"
"129959","0.054222848266363144","0.054222848266363144","0.054222848266363144"
"129991","0.048290692269802094","0.048290692269802094","0.048290692269802094"
"130031","0.05745203420519829","0.05745203420519829","0.05745203420519829"
"130075","0.04092145711183548","0.04092145711183548","0.04092145711183548"
"130098","0.06907174736261368","0.06907174736261368","0.06907174736261368"
"130104","0.04194526746869087","0.04194526746869087","0.04194526746869087"
"130108","0.041400808840990067","0.041400808840990067","0.041400808840990067"
"130114","0.0391257107257843","0.0391257107257843","0.0391257107257843"
"130220","0.03906365483999252","0.03906365483999252","0.03906365483999252"
"130222","0.0635315477848053","0.0635315477848053","0.0635315477848053"
"130224","0.06043046712875366","0.06043046712875366","0.06043046712875366"
"130272","0.040893182158470154","0.040893182158470154","0.040893182158470154"
"130302","0.04686661809682846","0.04686661809682846","0.04686661809682846"
"130406","0.04669436067342758","0.04669436067342758","0.04669436067342758"
"130483","0.04563390091061592","0.04563390091061592","0.04563390091061592"
"130498","0.054632388055324554","0.054632388055324554","0.054632388055324554"
"130520","0.04972977563738823","0.04972977563738823","0.04972977563738823"
"130527","0.03722672909498215","0.03722672909498215","0.03722672909498215"
"130531","0.06388935446739197","0.06388935446739197","0.06388935446739197"
"130538","0.05939672142267227","0.05939672142267227","0.05939672142267227"
"130595","0.04812629520893097","0.04812629520893097","0.04812629520893097"
"130602","0.047545310109853745","0.047545310109853745","0.047545310109853745"
"130629","0.037342168390750885","0.037342168390750885","0.037342168390750885"
"130630","0.05682764947414398","0.05682764947414398","0.05682764947414398"
"130659","0.03959439694881439","0.03959439694881439","0.03959439694881439"
"130731","0.03861885517835617","0.03861885517835617","0.03861885517835617"
"130760","0.055841729044914246","0.055841729044914246","0.055841729044914246"
"130802","0.08551348745822906","0.08551348745822906","0.08551348745822906"
"130828","0.05998152121901512","0.05998152121901512","0.05998152121901512"
"130874","0.05401834100484848","0.05401834100484848","0.05401834100484848"
"130880","0.05330780893564224","0.05330780893564224","0.05330780893564224"
"130887","0.044269952923059464","0.044269952923059464","0.044269952923059464"
"130922","0.0516628623008728","0.0516628623008728","0.0516628623008728"
"130944","0.05086159706115723","0.05086159706115723","0.05086159706115723"
"131011","0.04232074320316315","0.04232074320316315","0.04232074320316315"
"131018","0.0421966090798378","0.0421966090798378","0.0421966090798378"
"131023","0.05083389952778816","0.05083389952778816","0.05083389952778816"
"131024","0.052966777235269547","0.052966777235269547","0.052966777235269547"
"131041","0.05346331745386124","0.05346331745386124","0.05346331745386124"
"131058","0.044601209461688995","0.044601209461688995","0.044601209461688995"
"131076","0.04647858813405037","0.04647858813405037","0.04647858813405037"
"131085","0.05350838601589203","0.05350838601589203","0.05350838601589203"
"131136","0.04977656900882721","0.04977656900882721","0.04977656900882721"
"131147","0.04358171671628952","0.04358171671628952","0.04358171671628952"
"131167","0.038021087646484375","0.038021087646484375","0.038021087646484375"
"131169","0.03717779740691185","0.03717779740691185","0.03717779740691185"
"131186","0.0371653214097023","0.0371653214097023","0.0371653214097023"
"131327","0.03300275653600693","0.03300275653600693","0.03300275653600693"
"131334","0.05400998145341873","0.05400998145341873","0.05400998145341873"
"131393","0.04189462959766388","0.04189462959766388","0.04189462959766388"
"131418","0.037320904433727264","0.037320904433727264","0.037320904433727264"
"131436","0.058023691177368164","0.058023691177368164","0.058023691177368164"
"131476","0.031227808445692062","0.031227808445692062","0.031227808445692062"
"131519","0.042004406452178955","0.042004406452178955","0.042004406452178955"
"131524","0.05654674768447876","0.05654674768447876","0.05654674768447876"
"131550","0.039642006158828735","0.039642006158828735","0.039642006158828735"
"131594","0.04699712619185448","0.04699712619185448","0.04699712619185448"
"131617","0.045700013637542725","0.045700013637542725","0.045700013637542725"
"131669","0.0400138795375824","0.0400138795375824","0.0400138795375824"
"131687","0.05859847366809845","0.05859847366809845","0.05859847366809845"
"131730","0.028211457654833794","0.028211457654833794","0.028211457654833794"
"131793","0.03712888062000275","0.03712888062000275","0.03712888062000275"
"131795","0.05381195619702339","0.05381195619702339","0.05381195619702339"
"131801","0.05716251581907272","0.05716251581907272","0.05716251581907272"
"131809","0.04718536511063576","0.04718536511063576","0.04718536511063576"
"131822","0.04660957306623459","0.04660957306623459","0.04660957306623459"
"131836","0.041250549256801605","0.041250549256801605","0.041250549256801605"
"131876","0.046353377401828766","0.046353377401828766","0.046353377401828766"
"131917","0.05408672243356705","0.05408672243356705","0.05408672243356705"
"131927","0.03630092367529869","0.03630092367529869","0.03630092367529869"
"131943","0.04217346012592316","0.04217346012592316","0.04217346012592316"
"132001","0.0516640767455101","0.0516640767455101","0.0516640767455101"
"132005","0.057166218757629395","0.057166218757629395","0.057166218757629395"
"132019","0.035395052284002304","0.035395052284002304","0.035395052284002304"
"132036","0.06273921579122543","0.06273921579122543","0.06273921579122543"
"132048","0.0410110205411911","0.0410110205411911","0.0410110205411911"
"132120","0.04550677165389061","0.04550677165389061","0.04550677165389061"
"132121","0.06782855093479156","0.06782855093479156","0.06782855093479156"
"132156","0.04368535429239273","0.04368535429239273","0.04368535429239273"
"132219","0.04801517724990845","0.04801517724990845","0.04801517724990845"
"132232","0.03478210046887398","0.03478210046887398","0.03478210046887398"
"132288","0.06348967552185059","0.06348967552185059","0.06348967552185059"
"132292","0.05067255347967148","0.05067255347967148","0.05067255347967148"
"132317","0.061939358711242676","0.061939358711242676","0.061939358711242676"
"132330","0.039771098643541336","0.039771098643541336","0.039771098643541336"
"132352","0.039375998079776764","0.039375998079776764","0.039375998079776764"
"132364","0.059107255190610886","0.059107255190610886","0.059107255190610886"
"132390","0.032701276242733","0.032701276242733","0.032701276242733"
"132413","0.04449424520134926","0.04449424520134926","0.04449424520134926"
"132420","0.05290759354829788","0.05290759354829788","0.05290759354829788"
"132449","0.06468486040830612","0.06468486040830612","0.06468486040830612"
"132454","0.0410270169377327","0.0410270169377327","0.0410270169377327"
"132482","0.04408687725663185","0.04408687725663185","0.04408687725663185"
"132533","0.053045131266117096","0.053045131266117096","0.053045131266117096"
"132579","0.038460731506347656","0.038460731506347656","0.038460731506347656"
"132587","0.03493856266140938","0.03493856266140938","0.03493856266140938"
"132606","0.03197944909334183","0.03197944909334183","0.03197944909334183"
"132673","0.05004436522722244","0.05004436522722244","0.05004436522722244"
"132751","0.0408024787902832","0.0408024787902832","0.0408024787902832"
"132774","0.057464804500341415","0.057464804500341415","0.057464804500341415"
"132817","0.05196868255734444","0.05196868255734444","0.05196868255734444"
"132852","0.05924861133098602","0.05924861133098602","0.05924861133098602"
"132865","0.05306240916252136","0.05306240916252136","0.05306240916252136"
"132881","0.05676710605621338","0.05676710605621338","0.05676710605621338"
"132896","0.05508073419332504","0.05508073419332504","0.05508073419332504"
"132926","0.056042954325675964","0.056042954325675964","0.056042954325675964"
"132947","0.03516817465424538","0.03516817465424538","0.03516817465424538"
"132993","0.03088335692882538","0.03088335692882538","0.03088335692882538"
"133010","0.04811038076877594","0.04811038076877594","0.04811038076877594"
"133041","0.03506824001669884","0.03506824001669884","0.03506824001669884"
"133055","0.0422232486307621","0.0422232486307621","0.0422232486307621"
"133119","0.04325645789504051","0.04325645789504051","0.04325645789504051"
"133148","0.052107781171798706","0.052107781171798706","0.052107781171798706"
"133173","0.04757064953446388","0.04757064953446388","0.04757064953446388"
"133190","0.05763188377022743","0.05763188377022743","0.05763188377022743"
"133201","0.06036575138568878","0.06036575138568878","0.06036575138568878"
"133228","0.04763319343328476","0.04763319343328476","0.04763319343328476"
"133262","0.03230343759059906","0.03230343759059906","0.03230343759059906"
"133269","0.061409227550029755","0.061409227550029755","0.061409227550029755"
"133278","0.04880881682038307","0.04880881682038307","0.04880881682038307"
"133297","0.0791299045085907","0.0791299045085907","0.0791299045085907"
"133312","0.04751099646091461","0.04751099646091461","0.04751099646091461"
"133363","0.045512229204177856","0.045512229204177856","0.045512229204177856"
"133398","0.04078441113233566","0.04078441113233566","0.04078441113233566"
"133401","0.059240080416202545","0.059240080416202545","0.059240080416202545"
"133424","0.06361381709575653","0.06361381709575653","0.06361381709575653"
"133490","0.06754638999700546","0.06754638999700546","0.06754638999700546"
"133508","0.04558568075299263","0.04558568075299263","0.04558568075299263"
"133563","0.06786221265792847","0.06786221265792847","0.06786221265792847"
"133600","0.07294874638319016","0.07294874638319016","0.07294874638319016"
"133611","0.03710508719086647","0.03710508719086647","0.03710508719086647"
"133621","0.0474952794611454","0.0474952794611454","0.0474952794611454"
"133645","0.042043089866638184","0.042043089866638184","0.042043089866638184"
"133662","0.06258734315633774","0.06258734315633774","0.06258734315633774"
"133732","0.04505625367164612","0.04505625367164612","0.04505625367164612"
"133735","0.03714607656002045","0.03714607656002045","0.03714607656002045"
"133759","0.0703214555978775","0.0703214555978775","0.0703214555978775"
"133798","0.05088711157441139","0.05088711157441139","0.05088711157441139"
"133802","0.0532783567905426","0.0532783567905426","0.0532783567905426"
"133811","0.055534735321998596","0.055534735321998596","0.055534735321998596"
"133823","0.02876311168074608","0.02876311168074608","0.02876311168074608"
"133880","0.035322386771440506","0.035322386771440506","0.035322386771440506"
"133885","0.06613427400588989","0.06613427400588989","0.06613427400588989"
"133930","0.036225657910108566","0.036225657910108566","0.036225657910108566"
"133974","0.03963556885719299","0.03963556885719299","0.03963556885719299"
"134010","0.042179156094789505","0.042179156094789505","0.042179156094789505"
"134049","0.03720426559448242","0.03720426559448242","0.03720426559448242"
"134123","0.04715503007173538","0.04715503007173538","0.04715503007173538"
"134154","0.05844362452626228","0.05844362452626228","0.05844362452626228"
"134155","0.045231617987155914","0.045231617987155914","0.045231617987155914"
"134156","0.04784446209669113","0.04784446209669113","0.04784446209669113"
"134236","0.04678382724523544","0.04678382724523544","0.04678382724523544"
"134285","0.037351928651332855","0.037351928651332855","0.037351928651332855"
"134296","0.050394456833601","0.050394456833601","0.050394456833601"
"134311","0.04704516381025314","0.04704516381025314","0.04704516381025314"
"134313","0.042117416858673096","0.042117416858673096","0.042117416858673096"
"134317","0.0583982840180397","0.0583982840180397","0.0583982840180397"
"134327","0.03591756522655487","0.03591756522655487","0.03591756522655487"
"134355","0.06626707315444946","0.06626707315444946","0.06626707315444946"
"134418","0.04731278121471405","0.04731278121471405","0.04731278121471405"
"134419","0.07367681711912155","0.07367681711912155","0.07367681711912155"
"134462","0.047425124794244766","0.047425124794244766","0.047425124794244766"
"134499","0.03641100600361824","0.03641100600361824","0.03641100600361824"
"134503","0.035957131534814835","0.035957131534814835","0.035957131534814835"
"134504","0.04585675522685051","0.04585675522685051","0.04585675522685051"
"134553","0.04287479817867279","0.04287479817867279","0.04287479817867279"
"134581","0.055882494896650314","0.055882494896650314","0.055882494896650314"
"134604","0.037984635680913925","0.037984635680913925","0.037984635680913925"
"134653","0.03834879770874977","0.03834879770874977","0.03834879770874977"
"134690","0.04093104973435402","0.04093104973435402","0.04093104973435402"
"134702","0.06392802298069","0.06392802298069","0.06392802298069"
"134809","0.050040967762470245","0.050040967762470245","0.050040967762470245"
"134824","0.05140040069818497","0.05140040069818497","0.05140040069818497"
"134829","0.03903501480817795","0.03903501480817795","0.03903501480817795"
"134875","0.038108840584754944","0.038108840584754944","0.038108840584754944"
"134882","0.04271594434976578","0.04271594434976578","0.04271594434976578"
"134933","0.04887711629271507","0.04887711629271507","0.04887711629271507"
"134953","0.041594162583351135","0.041594162583351135","0.041594162583351135"
"134954","0.05062437430024147","0.05062437430024147","0.05062437430024147"
"134968","0.05669282376766205","0.05669282376766205","0.05669282376766205"
"134983","0.04713237285614014","0.04713237285614014","0.04713237285614014"
"134997","0.04637281969189644","0.04637281969189644","0.04637281969189644"
"135011","0.04312882944941521","0.04312882944941521","0.04312882944941521"
"135028","0.05515246093273163","0.05515246093273163","0.05515246093273163"
"135033","0.04458506405353546","0.04458506405353546","0.04458506405353546"
"135037","0.06471040099859238","0.06471040099859238","0.06471040099859238"
"135047","0.04840054363012314","0.04840054363012314","0.04840054363012314"
"135105","0.035740695893764496","0.035740695893764496","0.035740695893764496"
"135146","0.04245654493570328","0.04245654493570328","0.04245654493570328"
"135153","0.06253492832183838","0.06253492832183838","0.06253492832183838"
"135175","0.04160156846046448","0.04160156846046448","0.04160156846046448"
"135194","0.05198404937982559","0.05198404937982559","0.05198404937982559"
"135205","0.06045831739902496","0.06045831739902496","0.06045831739902496"
"135309","0.055422525852918625","0.055422525852918625","0.055422525852918625"
"135338","0.04775357246398926","0.04775357246398926","0.04775357246398926"
"135365","0.04404158890247345","0.04404158890247345","0.04404158890247345"
"135389","0.03766077011823654","0.03766077011823654","0.03766077011823654"
"135400","0.038704708218574524","0.038704708218574524","0.038704708218574524"
"135442","0.04535631090402603","0.04535631090402603","0.04535631090402603"
"135506","0.056255243718624115","0.056255243718624115","0.056255243718624115"
"135539","0.03889564424753189","0.03889564424753189","0.03889564424753189"
"135574","0.04943770915269852","0.04943770915269852","0.04943770915269852"
"135612","0.061352089047431946","0.061352089047431946","0.061352089047431946"
"135648","0.04947821795940399","0.04947821795940399","0.04947821795940399"
"135687","0.03945687413215637","0.03945687413215637","0.03945687413215637"
"135739","0.04539122432470322","0.04539122432470322","0.04539122432470322"
"135755","0.025273222476243973","0.025273222476243973","0.025273222476243973"
"135788","0.058005474507808685","0.058005474507808685","0.058005474507808685"
"135859","0.02721318230032921","0.02721318230032921","0.02721318230032921"
"135961","0.0432446226477623","0.0432446226477623","0.0432446226477623"
"135992","0.06594625115394592","0.06594625115394592","0.06594625115394592"
"135993","0.04361266642808914","0.04361266642808914","0.04361266642808914"
"136006","0.04858370125293732","0.04858370125293732","0.04858370125293732"
"136015","0.04061345383524895","0.04061345383524895","0.04061345383524895"
"136044","0.059671200811862946","0.059671200811862946","0.059671200811862946"
"136046","0.048336002975702286","0.048336002975702286","0.048336002975702286"
"136054","0.03249771147966385","0.03249771147966385","0.03249771147966385"
"136067","0.04851854592561722","0.04851854592561722","0.04851854592561722"
"136162","0.06380899995565414","0.06380899995565414","0.06380899995565414"
"136169","0.046197518706321716","0.046197518706321716","0.046197518706321716"
"136186","0.03790338337421417","0.03790338337421417","0.03790338337421417"
"136199","0.03565392643213272","0.03565392643213272","0.03565392643213272"
"136216","0.05049719661474228","0.05049719661474228","0.05049719661474228"
"136220","0.045091547071933746","0.045091547071933746","0.045091547071933746"
"136224","0.044671304523944855","0.044671304523944855","0.044671304523944855"
"136225","0.06977503001689911","0.06977503001689911","0.06977503001689911"
"136256","0.03837248682975769","0.03837248682975769","0.03837248682975769"
"136274","0.04164450615644455","0.04164450615644455","0.04164450615644455"
"136295","0.07002229988574982","0.07002229988574982","0.07002229988574982"
"136316","0.03841666132211685","0.03841666132211685","0.03841666132211685"
"136355","0.026226356625556946","0.026226356625556946","0.026226356625556946"
"136485","0.04473831504583359","0.04473831504583359","0.04473831504583359"
"136504","0.042196594178676605","0.042196594178676605","0.042196594178676605"
"136551","0.04017632454633713","0.04017632454633713","0.04017632454633713"
"136558","0.05124395713210106","0.05124395713210106","0.05124395713210106"
"136570","0.03692173212766647","0.03692173212766647","0.03692173212766647"
"136578","0.05331818759441376","0.05331818759441376","0.05331818759441376"
"136580","0.03557328134775162","0.03557328134775162","0.03557328134775162"
"136592","0.058963872492313385","0.058963872492313385","0.058963872492313385"
"136606","0.0481724850833416","0.0481724850833416","0.0481724850833416"
"136641","0.03662121295928955","0.03662121295928955","0.03662121295928955"
"136642","0.0428849533200264","0.0428849533200264","0.0428849533200264"
"136662","0.05374349653720856","0.05374349653720856","0.05374349653720856"
"136686","0.058392979204654694","0.058392979204654694","0.058392979204654694"
"136709","0.04567901790142059","0.04567901790142059","0.04567901790142059"
"136734","0.04383913800120354","0.04383913800120354","0.04383913800120354"
"136762","0.05229342356324196","0.05229342356324196","0.05229342356324196"
"136770","0.05118577182292938","0.05118577182292938","0.05118577182292938"
"136791","0.06362564116716385","0.06362564116716385","0.06362564116716385"
"136796","0.050012387335300446","0.050012387335300446","0.050012387335300446"
"136814","0.04890477657318115","0.04890477657318115","0.04890477657318115"
"136837","0.05915811285376549","0.05915811285376549","0.05915811285376549"
"136894","0.04637927934527397","0.04637927934527397","0.04637927934527397"
"136960","0.054696060717105865","0.054696060717105865","0.054696060717105865"
"136962","0.05842210352420807","0.05842210352420807","0.05842210352420807"
"137003","0.029981102794408798","0.029981102794408798","0.029981102794408798"
"137022","0.053237251937389374","0.053237251937389374","0.053237251937389374"
"137025","0.02975444495677948","0.02975444495677948","0.02975444495677948"
"137047","0.05132734775543213","0.05132734775543213","0.05132734775543213"
"137092","0.06702619791030884","0.06702619791030884","0.06702619791030884"
"137125","0.04111354798078537","0.04111354798078537","0.04111354798078537"
"137130","0.053446173667907715","0.053446173667907715","0.053446173667907715"
"137153","0.04778937250375748","0.04778937250375748","0.04778937250375748"
"137168","0.04849708825349808","0.04849708825349808","0.04849708825349808"
"137178","0.03265570104122162","0.03265570104122162","0.03265570104122162"
"137202","0.062486253678798676","0.062486253678798676","0.062486253678798676"
"137209","0.04523877799510956","0.04523877799510956","0.04523877799510956"
"137233","0.041201766580343246","0.041201766580343246","0.041201766580343246"
"137254","0.058091819286346436","0.058091819286346436","0.058091819286346436"
"137260","0.05537494271993637","0.05537494271993637","0.05537494271993637"
"137333","0.0637037456035614","0.0637037456035614","0.0637037456035614"
"137383","0.044064849615097046","0.044064849615097046","0.044064849615097046"
"137418","0.026729485020041466","0.026729485020041466","0.026729485020041466"
"137446","0.053494568914175034","0.053494568914175034","0.053494568914175034"
"137453","0.04230280965566635","0.04230280965566635","0.04230280965566635"
"137482","0.0586208738386631","0.0586208738386631","0.0586208738386631"
"137485","0.048705391585826874","0.048705391585826874","0.048705391585826874"
"137487","0.04624675586819649","0.04624675586819649","0.04624675586819649"
"137490","0.05678176507353783","0.05678176507353783","0.05678176507353783"
"137497","0.051756396889686584","0.051756396889686584","0.051756396889686584"
"137543","0.04115237295627594","0.04115237295627594","0.04115237295627594"
"137553","0.06479476392269135","0.06479476392269135","0.06479476392269135"
"137578","0.05125206708908081","0.05125206708908081","0.05125206708908081"
"137602","0.04556599259376526","0.04556599259376526","0.04556599259376526"
"137606","0.047681331634521484","0.047681331634521484","0.047681331634521484"
"137611","0.05736522376537323","0.05736522376537323","0.05736522376537323"
"137632","0.04452047124505043","0.04452047124505043","0.04452047124505043"
"137655","0.03848929703235626","0.03848929703235626","0.03848929703235626"
"137676","0.05920839309692383","0.05920839309692383","0.05920839309692383"
"137692","0.04490062966942787","0.04490062966942787","0.04490062966942787"
"137732","0.05591268837451935","0.05591268837451935","0.05591268837451935"
"137785","0.048110850155353546","0.048110850155353546","0.048110850155353546"
"137793","0.07717548310756683","0.07717548310756683","0.07717548310756683"
"137810","0.04111163318157196","0.04111163318157196","0.04111163318157196"
"137836","0.0432097353041172","0.0432097353041172","0.0432097353041172"
"137859","0.044949889183044434","0.044949889183044434","0.044949889183044434"
"137869","0.04414676874876022","0.04414676874876022","0.04414676874876022"
"137910","0.06447096168994904","0.06447096168994904","0.06447096168994904"
"137919","0.04832041263580322","0.04832041263580322","0.04832041263580322"
"137925","0.0523686558008194","0.0523686558008194","0.0523686558008194"
"137937","0.047384921461343765","0.047384921461343765","0.047384921461343765"
"138020","0.0320904441177845","0.0320904441177845","0.0320904441177845"
"138043","0.03471875563263893","0.03471875563263893","0.03471875563263893"
"138048","0.043717849999666214","0.043717849999666214","0.043717849999666214"
"138084","0.03722598776221275","0.03722598776221275","0.03722598776221275"
"138108","0.0473221056163311","0.0473221056163311","0.0473221056163311"
"138136","0.04063454642891884","0.04063454642891884","0.04063454642891884"
"138213","0.03874478489160538","0.03874478489160538","0.03874478489160538"
"138232","0.046873025596141815","0.046873025596141815","0.046873025596141815"
"138238","0.052945710718631744","0.052945710718631744","0.052945710718631744"
"138259","0.04206345975399017","0.04206345975399017","0.04206345975399017"
"138285","0.04826786369085312","0.04826786369085312","0.04826786369085312"
"138296","0.06074502319097519","0.06074502319097519","0.06074502319097519"
"138379","0.07243575155735016","0.07243575155735016","0.07243575155735016"
"138399","0.048668134957551956","0.048668134957551956","0.048668134957551956"
"138406","0.04641254246234894","0.04641254246234894","0.04641254246234894"
"138448","0.04010593518614769","0.04010593518614769","0.04010593518614769"
"138480","0.03306080773472786","0.03306080773472786","0.03306080773472786"
"138486","0.04454120248556137","0.04454120248556137","0.04454120248556137"
"138489","0.03538045287132263","0.03538045287132263","0.03538045287132263"
"138503","0.05652713403105736","0.05652713403105736","0.05652713403105736"
"138525","0.04257835075259209","0.04257835075259209","0.04257835075259209"
"138532","0.05397064611315727","0.05397064611315727","0.05397064611315727"
"138561","0.04857495427131653","0.04857495427131653","0.04857495427131653"
"138583","0.06378486752510071","0.06378486752510071","0.06378486752510071"
"138615","0.060215357691049576","0.060215357691049576","0.060215357691049576"
"138655","0.045689575374126434","0.045689575374126434","0.045689575374126434"
"138663","0.04635968804359436","0.04635968804359436","0.04635968804359436"
"138688","0.03933761268854141","0.03933761268854141","0.03933761268854141"
"138705","0.037162814289331436","0.037162814289331436","0.037162814289331436"
"138734","0.05865476652979851","0.05865476652979851","0.05865476652979851"
"138739","0.0301942378282547","0.0301942378282547","0.0301942378282547"
"138762","0.040739864110946655","0.040739864110946655","0.040739864110946655"
"138823","0.04141700640320778","0.04141700640320778","0.04141700640320778"
"138871","0.0633019506931305","0.0633019506931305","0.0633019506931305"
"138937","0.06207304820418358","0.06207304820418358","0.06207304820418358"
"138945","0.0425439178943634","0.0425439178943634","0.0425439178943634"
"138958","0.04525190219283104","0.04525190219283104","0.04525190219283104"
"138996","0.056062642484903336","0.056062642484903336","0.056062642484903336"
"138997","0.04713348299264908","0.04713348299264908","0.04713348299264908"
"139036","0.04141857475042343","0.04141857475042343","0.04141857475042343"
"139057","0.036891788244247437","0.036891788244247437","0.036891788244247437"
"139063","0.08432696014642715","0.08432696014642715","0.08432696014642715"
"139069","0.06223553791642189","0.06223553791642189","0.06223553791642189"
"139097","0.031401775777339935","0.031401775777339935","0.031401775777339935"
"139121","0.08601851761341095","0.08601851761341095","0.08601851761341095"
"139236","0.05230570212006569","0.05230570212006569","0.05230570212006569"
"139279","0.0371922105550766","0.0371922105550766","0.0371922105550766"
"139281","0.060858264565467834","0.060858264565467834","0.060858264565467834"
"139299","0.05415083467960358","0.05415083467960358","0.05415083467960358"
"139339","0.04675803706049919","0.04675803706049919","0.04675803706049919"
"139443","0.03847333416342735","0.03847333416342735","0.03847333416342735"
"139451","0.04413613677024841","0.04413613677024841","0.04413613677024841"
"139455","0.05575273185968399","0.05575273185968399","0.05575273185968399"
"139461","0.046168264001607895","0.046168264001607895","0.046168264001607895"
"139476","0.04389962553977966","0.04389962553977966","0.04389962553977966"
"139478","0.03886343538761139","0.03886343538761139","0.03886343538761139"
"139515","0.03397832438349724","0.03397832438349724","0.03397832438349724"
"139547","0.05812401324510574","0.05812401324510574","0.05812401324510574"
"139585","0.04203731566667557","0.04203731566667557","0.04203731566667557"
"139645","0.04231633245944977","0.04231633245944977","0.04231633245944977"
"139653","0.051586829125881195","0.051586829125881195","0.051586829125881195"
"139660","0.05640995875000954","0.05640995875000954","0.05640995875000954"
"139675","0.046788617968559265","0.046788617968559265","0.046788617968559265"
"139695","0.043013736605644226","0.043013736605644226","0.043013736605644226"
"139703","0.06845416128635406","0.06845416128635406","0.06845416128635406"
"139729","0.06082488223910332","0.06082488223910332","0.06082488223910332"
"139742","0.052818700671195984","0.052818700671195984","0.052818700671195984"
"139752","0.03468843176960945","0.03468843176960945","0.03468843176960945"
"139760","0.0472036674618721","0.0472036674618721","0.0472036674618721"
"139772","0.0431809164583683","0.0431809164583683","0.0431809164583683"
"139794","0.035000331699848175","0.035000331699848175","0.035000331699848175"
"139821","0.048503585159778595","0.048503585159778595","0.048503585159778595"
"139826","0.03246026486158371","0.03246026486158371","0.03246026486158371"
"139855","0.06602882593870163","0.06602882593870163","0.06602882593870163"
"139869","0.03786921128630638","0.03786921128630638","0.03786921128630638"
"139889","0.042884182184934616","0.042884182184934616","0.042884182184934616"
"139912","0.07079320400953293","0.07079320400953293","0.07079320400953293"
"139920","0.05562397837638855","0.05562397837638855","0.05562397837638855"
"139955","0.03258375823497772","0.03258375823497772","0.03258375823497772"
"139975","0.03674788773059845","0.03674788773059845","0.03674788773059845"
"139999","0.059082068502902985","0.059082068502902985","0.059082068502902985"
"140007","0.03858569264411926","0.03858569264411926","0.03858569264411926"
"140036","0.06372817605733871","0.06372817605733871","0.06372817605733871"
"140118","0.06831508874893188","0.06831508874893188","0.06831508874893188"
"140121","0.04266757145524025","0.04266757145524025","0.04266757145524025"
"140123","0.038224849849939346","0.038224849849939346","0.038224849849939346"
"140138","0.05357588827610016","0.05357588827610016","0.05357588827610016"
"140150","0.07677727937698364","0.07677727937698364","0.07677727937698364"
"140153","0.0354803204536438","0.0354803204536438","0.0354803204536438"
"140161","0.07189445197582245","0.07189445197582245","0.07189445197582245"
"140163","0.037303533405065536","0.037303533405065536","0.037303533405065536"
"140165","0.03919204697012901","0.03919204697012901","0.03919204697012901"
"140196","0.0603049211204052","0.0603049211204052","0.0603049211204052"
"140214","0.04433726519346237","0.04433726519346237","0.04433726519346237"
"140241","0.04891565069556236","0.04891565069556236","0.04891565069556236"
"140280","0.04155723378062248","0.04155723378062248","0.04155723378062248"
"140350","0.05109737440943718","0.05109737440943718","0.05109737440943718"
"140356","0.03858388960361481","0.03858388960361481","0.03858388960361481"
"140379","0.05906016752123833","0.05906016752123833","0.05906016752123833"
"140386","0.05360487103462219","0.05360487103462219","0.05360487103462219"
"140393","0.03505817800760269","0.03505817800760269","0.03505817800760269"
"140396","0.049678437411785126","0.049678437411785126","0.049678437411785126"
"140493","0.0414862185716629","0.0414862185716629","0.0414862185716629"
"140500","0.05642825365066528","0.05642825365066528","0.05642825365066528"
"140531","0.03812806308269501","0.03812806308269501","0.03812806308269501"
"140593","0.05267252027988434","0.05267252027988434","0.05267252027988434"
"140598","0.04844725877046585","0.04844725877046585","0.04844725877046585"
"140658","0.0490618571639061","0.0490618571639061","0.0490618571639061"
"140715","0.0419275239109993","0.0419275239109993","0.0419275239109993"
"140726","0.04004954919219017","0.04004954919219017","0.04004954919219017"
"140746","0.04518550634384155","0.04518550634384155","0.04518550634384155"
"140777","0.05084087699651718","0.05084087699651718","0.05084087699651718"
"140785","0.035925738513469696","0.035925738513469696","0.035925738513469696"
"140797","0.04155424237251282","0.04155424237251282","0.04155424237251282"
"140824","0.05514046922326088","0.05514046922326088","0.05514046922326088"
"140830","0.04960845410823822","0.04960845410823822","0.04960845410823822"
"140837","0.04749171435832977","0.04749171435832977","0.04749171435832977"
"140926","0.039105549454689026","0.039105549454689026","0.039105549454689026"
"140939","0.045396849513053894","0.045396849513053894","0.045396849513053894"
"140968","0.05152343213558197","0.05152343213558197","0.05152343213558197"
"140984","0.04224523901939392","0.04224523901939392","0.04224523901939392"
"140989","0.030296027660369873","0.030296027660369873","0.030296027660369873"
"140993","0.04978741705417633","0.04978741705417633","0.04978741705417633"
"141018","0.05680620297789574","0.05680620297789574","0.05680620297789574"
"141053","0.06554140895605087","0.06554140895605087","0.06554140895605087"
"141093","0.05089431628584862","0.05089431628584862","0.05089431628584862"
"141102","0.046002697199583054","0.046002697199583054","0.046002697199583054"
"141164","0.04326101392507553","0.04326101392507553","0.04326101392507553"
"141166","0.054121196269989014","0.054121196269989014","0.054121196269989014"
"141191","0.06377393752336502","0.06377393752336502","0.06377393752336502"
"141207","0.056510891765356064","0.056510891765356064","0.056510891765356064"
"141217","0.030709154903888702","0.030709154903888702","0.030709154903888702"
"141220","0.05865304172039032","0.05865304172039032","0.05865304172039032"
"141235","0.04905581846833229","0.04905581846833229","0.04905581846833229"
"141271","0.05169183760881424","0.05169183760881424","0.05169183760881424"
"141307","0.0493716225028038","0.0493716225028038","0.0493716225028038"
"141347","0.043103139847517014","0.043103139847517014","0.043103139847517014"
"141380","0.058431707322597504","0.058431707322597504","0.058431707322597504"
"141436","0.06564735621213913","0.06564735621213913","0.06564735621213913"
"141437","0.04909753054380417","0.04909753054380417","0.04909753054380417"
"141438","0.037505634129047394","0.037505634129047394","0.037505634129047394"
"141490","0.06442716717720032","0.06442716717720032","0.06442716717720032"
"141491","0.03231196850538254","0.03231196850538254","0.03231196850538254"
"141496","0.044866833835840225","0.044866833835840225","0.044866833835840225"
"141510","0.044896796345710754","0.044896796345710754","0.044896796345710754"
"141539","0.03864184021949768","0.03864184021949768","0.03864184021949768"
"141551","0.055636726319789886","0.055636726319789886","0.055636726319789886"
"141557","0.050618208944797516","0.050618208944797516","0.050618208944797516"
"141559","0.05838527902960777","0.05838527902960777","0.05838527902960777"
"141571","0.05718574672937393","0.05718574672937393","0.05718574672937393"
"141582","0.04206407442688942","0.04206407442688942","0.04206407442688942"
"141589","0.0294780433177948","0.0294780433177948","0.0294780433177948"
"141632","0.061024315655231476","0.061024315655231476","0.061024315655231476"
"141640","0.05087152123451233","0.05087152123451233","0.05087152123451233"
"141660","0.04096078500151634","0.04096078500151634","0.04096078500151634"
"141691","0.05069369822740555","0.05069369822740555","0.05069369822740555"
"141699","0.04336553066968918","0.04336553066968918","0.04336553066968918"
"141720","0.05260476469993591","0.05260476469993591","0.05260476469993591"
"141726","0.041758447885513306","0.041758447885513306","0.041758447885513306"
"141730","0.044692959636449814","0.044692959636449814","0.044692959636449814"
"141775","0.04657621309161186","0.04657621309161186","0.04657621309161186"
"141798","0.03463472053408623","0.03463472053408623","0.03463472053408623"
"141848","0.06269004940986633","0.06269004940986633","0.06269004940986633"
"141853","0.03752725571393967","0.03752725571393967","0.03752725571393967"
"141860","0.027797672897577286","0.027797672897577286","0.027797672897577286"
"141861","0.04175449162721634","0.04175449162721634","0.04175449162721634"
"141900","0.028965286910533905","0.028965286910533905","0.028965286910533905"
"141929","0.044105008244514465","0.044105008244514465","0.044105008244514465"
"141950","0.05124697834253311","0.05124697834253311","0.05124697834253311"
"141951","0.044133298099040985","0.044133298099040985","0.044133298099040985"
"141959","0.039219263941049576","0.039219263941049576","0.039219263941049576"
"142010","0.047625355422496796","0.047625355422496796","0.047625355422496796"
"142016","0.04354798048734665","0.04354798048734665","0.04354798048734665"
"142022","0.04611038416624069","0.04611038416624069","0.04611038416624069"
"142036","0.06252172589302063","0.06252172589302063","0.06252172589302063"
"142037","0.030919501557946205","0.030919501557946205","0.030919501557946205"
"142055","0.04206795245409012","0.04206795245409012","0.04206795245409012"
"142117","0.03531297296285629","0.03531297296285629","0.03531297296285629"
"142169","0.0614047572016716","0.0614047572016716","0.0614047572016716"
"142210","0.04306338354945183","0.04306338354945183","0.04306338354945183"
"142244","0.05708460137248039","0.05708460137248039","0.05708460137248039"
"142265","0.045214638113975525","0.045214638113975525","0.045214638113975525"
"142321","0.041525498032569885","0.041525498032569885","0.041525498032569885"
"142353","0.05229640007019043","0.05229640007019043","0.05229640007019043"
"142382","0.03617255762219429","0.03617255762219429","0.03617255762219429"
"142437","0.047207366675138474","0.047207366675138474","0.047207366675138474"
"142505","0.034492991864681244","0.034492991864681244","0.034492991864681244"
"142535","0.062311239540576935","0.062311239540576935","0.062311239540576935"
"142547","0.03713183104991913","0.03713183104991913","0.03713183104991913"
"142554","0.06509549170732498","0.06509549170732498","0.06509549170732498"
"142625","0.04863499104976654","0.04863499104976654","0.04863499104976654"
"142631","0.04019748046994209","0.04019748046994209","0.04019748046994209"
"142647","0.04147673398256302","0.04147673398256302","0.04147673398256302"
"142660","0.05980737507343292","0.05980737507343292","0.05980737507343292"
"142719","0.040950074791908264","0.040950074791908264","0.040950074791908264"
"142732","0.042531490325927734","0.042531490325927734","0.042531490325927734"
"142757","0.06476689875125885","0.06476689875125885","0.06476689875125885"
"142810","0.03427964076399803","0.03427964076399803","0.03427964076399803"
"142832","0.04732578247785568","0.04732578247785568","0.04732578247785568"
"142900","0.04108865559101105","0.04108865559101105","0.04108865559101105"
"142907","0.04261539876461029","0.04261539876461029","0.04261539876461029"
"142919","0.04618841037154198","0.04618841037154198","0.04618841037154198"
"142960","0.05603263899683952","0.05603263899683952","0.05603263899683952"
"142970","0.04319678619503975","0.04319678619503975","0.04319678619503975"
"142974","0.053566157817840576","0.053566157817840576","0.053566157817840576"
"142976","0.03812408447265625","0.03812408447265625","0.03812408447265625"
"143031","0.048782046884298325","0.048782046884298325","0.048782046884298325"
"143033","0.036947958171367645","0.036947958171367645","0.036947958171367645"
"143067","0.03381465747952461","0.03381465747952461","0.03381465747952461"
"143074","0.04284500703215599","0.04284500703215599","0.04284500703215599"
"143087","0.03961300477385521","0.03961300477385521","0.03961300477385521"
"143144","0.03755539655685425","0.03755539655685425","0.03755539655685425"
"143159","0.06170561537146568","0.06170561537146568","0.06170561537146568"
"143172","0.05188867449760437","0.05188867449760437","0.05188867449760437"
"143177","0.04438042640686035","0.04438042640686035","0.04438042640686035"
"143180","0.038713112473487854","0.038713112473487854","0.038713112473487854"
"143194","0.042781949043273926","0.042781949043273926","0.042781949043273926"
"143239","0.03786793351173401","0.03786793351173401","0.03786793351173401"
"143256","0.059293195605278015","0.059293195605278015","0.059293195605278015"
"143303","0.060641802847385406","0.060641802847385406","0.060641802847385406"
"143319","0.05455901473760605","0.05455901473760605","0.05455901473760605"
"143335","0.031508754938840866","0.031508754938840866","0.031508754938840866"
"143344","0.03387289494276047","0.03387289494276047","0.03387289494276047"
"143475","0.03997243940830231","0.03997243940830231","0.03997243940830231"
"143514","0.04544449970126152","0.04544449970126152","0.04544449970126152"
"143586","0.054686449468135834","0.054686449468135834","0.054686449468135834"
"143599","0.05578982084989548","0.05578982084989548","0.05578982084989548"
"143638","0.04943006485700607","0.04943006485700607","0.04943006485700607"
"143640","0.04388507455587387","0.04388507455587387","0.04388507455587387"
"143649","0.048730265349149704","0.048730265349149704","0.048730265349149704"
"143667","0.026907319203019142","0.026907319203019142","0.026907319203019142"
"143678","0.04775606840848923","0.04775606840848923","0.04775606840848923"
"143683","0.04757482931017876","0.04757482931017876","0.04757482931017876"
"143692","0.022511782124638557","0.022511782124638557","0.022511782124638557"
"143694","0.08120832592248917","0.08120832592248917","0.08120832592248917"
"143747","0.05693962424993515","0.05693962424993515","0.05693962424993515"
"143757","0.04503010958433151","0.04503010958433151","0.04503010958433151"
"143776","0.03875403106212616","0.03875403106212616","0.03875403106212616"
"143828","0.063595250248909","0.063595250248909","0.063595250248909"
"143849","0.058929458260536194","0.058929458260536194","0.058929458260536194"
"143850","0.03835788741707802","0.03835788741707802","0.03835788741707802"
"143918","0.03236303851008415","0.03236303851008415","0.03236303851008415"
"143942","0.035478100180625916","0.035478100180625916","0.035478100180625916"
"143952","0.05232100188732147","0.05232100188732147","0.05232100188732147"
"143961","0.04921282082796097","0.04921282082796097","0.04921282082796097"
"143971","0.04011407494544983","0.04011407494544983","0.04011407494544983"
"144013","0.04309043288230896","0.04309043288230896","0.04309043288230896"
"144015","0.04097816348075867","0.04097816348075867","0.04097816348075867"
"144016","0.04751083627343178","0.04751083627343178","0.04751083627343178"
"144030","0.04764457046985626","0.04764457046985626","0.04764457046985626"
"144046","0.0385710671544075","0.0385710671544075","0.0385710671544075"
"144050","0.051164545118808746","0.051164545118808746","0.051164545118808746"
"144131","0.044939860701560974","0.044939860701560974","0.044939860701560974"
"144140","0.051390521228313446","0.051390521228313446","0.051390521228313446"
"144146","0.041927434504032135","0.041927434504032135","0.041927434504032135"
"144150","0.03450913727283478","0.03450913727283478","0.03450913727283478"
"144161","0.062443189322948456","0.062443189322948456","0.062443189322948456"
"144162","0.044164448976516724","0.044164448976516724","0.044164448976516724"
"144196","0.041314177215099335","0.041314177215099335","0.041314177215099335"
"144213","0.04291882365942001","0.04291882365942001","0.04291882365942001"
"144262","0.042806293815374374","0.042806293815374374","0.042806293815374374"
"144302","0.035370953381061554","0.035370953381061554","0.035370953381061554"
"144303","0.04451735317707062","0.04451735317707062","0.04451735317707062"
"144316","0.03857482969760895","0.03857482969760895","0.03857482969760895"
"144362","0.038759928196668625","0.038759928196668625","0.038759928196668625"
"144411","0.04685720056295395","0.04685720056295395","0.04685720056295395"
"144446","0.033344902098178864","0.033344902098178864","0.033344902098178864"
"144488","0.04611878842115402","0.04611878842115402","0.04611878842115402"
"144494","0.03542046621441841","0.03542046621441841","0.03542046621441841"
"144512","0.0524408258497715","0.0524408258497715","0.0524408258497715"
"144518","0.04909445345401764","0.04909445345401764","0.04909445345401764"
"144534","0.04469858855009079","0.04469858855009079","0.04469858855009079"
"144574","0.047626201063394547","0.047626201063394547","0.047626201063394547"
"144616","0.054036833345890045","0.054036833345890045","0.054036833345890045"
"144623","0.04952121153473854","0.04952121153473854","0.04952121153473854"
"144630","0.04740623012185097","0.04740623012185097","0.04740623012185097"
"144633","0.048744965344667435","0.048744965344667435","0.048744965344667435"
"144650","0.060954999178647995","0.060954999178647995","0.060954999178647995"
"144680","0.05297287553548813","0.05297287553548813","0.05297287553548813"
"144683","0.04142021760344505","0.04142021760344505","0.04142021760344505"
"144691","0.032019611448049545","0.032019611448049545","0.032019611448049545"
"144734","0.049202948808670044","0.049202948808670044","0.049202948808670044"
"144736","0.05159696936607361","0.05159696936607361","0.05159696936607361"
"144743","0.04289887100458145","0.04289887100458145","0.04289887100458145"
"144748","0.04321447014808655","0.04321447014808655","0.04321447014808655"
"144769","0.04234267771244049","0.04234267771244049","0.04234267771244049"
"144802","0.05407632142305374","0.05407632142305374","0.05407632142305374"
"144814","0.04911497235298157","0.04911497235298157","0.04911497235298157"
"144859","0.046477653086185455","0.046477653086185455","0.046477653086185455"
"144869","0.03567127510905266","0.03567127510905266","0.03567127510905266"
"144874","0.04675530642271042","0.04675530642271042","0.04675530642271042"
"144891","0.04471193253993988","0.04471193253993988","0.04471193253993988"
"144941","0.06779010593891144","0.06779010593891144","0.06779010593891144"
"144996","0.05409051105380058","0.05409051105380058","0.05409051105380058"
"145003","0.0455864742398262","0.0455864742398262","0.0455864742398262"
"145007","0.06478340923786163","0.06478340923786163","0.06478340923786163"
"145009","0.059416212141513824","0.059416212141513824","0.059416212141513824"
"145014","0.04840552806854248","0.04840552806854248","0.04840552806854248"
"145020","0.04344720020890236","0.04344720020890236","0.04344720020890236"
"145035","0.049163032323122025","0.049163032323122025","0.049163032323122025"
"145076","0.040124304592609406","0.040124304592609406","0.040124304592609406"
"145095","0.06284759938716888","0.06284759938716888","0.06284759938716888"
"145096","0.04653684049844742","0.04653684049844742","0.04653684049844742"
"145105","0.03495670109987259","0.03495670109987259","0.03495670109987259"
"145114","0.059690237045288086","0.059690237045288086","0.059690237045288086"
"145125","0.04783131927251816","0.04783131927251816","0.04783131927251816"
"145130","0.03117455542087555","0.03117455542087555","0.03117455542087555"
"145149","0.05415548384189606","0.05415548384189606","0.05415548384189606"
"145157","0.024079514667391777","0.024079514667391777","0.024079514667391777"
"145171","0.04491404443979263","0.04491404443979263","0.04491404443979263"
"145176","0.0558771938085556","0.0558771938085556","0.0558771938085556"
"145205","0.052636634558439255","0.052636634558439255","0.052636634558439255"
"145226","0.03788109868764877","0.03788109868764877","0.03788109868764877"
"145301","0.06759428977966309","0.06759428977966309","0.06759428977966309"
"145361","0.05103065073490143","0.05103065073490143","0.05103065073490143"
"145402","0.05006895959377289","0.05006895959377289","0.05006895959377289"
"145446","0.056862570345401764","0.056862570345401764","0.056862570345401764"
"145448","0.037999227643013","0.037999227643013","0.037999227643013"
"145474","0.05586111545562744","0.05586111545562744","0.05586111545562744"
"145528","0.05130117014050484","0.05130117014050484","0.05130117014050484"
"145542","0.05713578686118126","0.05713578686118126","0.05713578686118126"
"145548","0.04384296014904976","0.04384296014904976","0.04384296014904976"
"145561","0.03031269833445549","0.03031269833445549","0.03031269833445549"
"145589","0.04921221360564232","0.04921221360564232","0.04921221360564232"
"145590","0.04743695631623268","0.04743695631623268","0.04743695631623268"
"145593","0.04497024416923523","0.04497024416923523","0.04497024416923523"
"145598","0.041201263666152954","0.041201263666152954","0.041201263666152954"
"145599","0.036619145423173904","0.036619145423173904","0.036619145423173904"
"145624","0.0401403084397316","0.0401403084397316","0.0401403084397316"
"145625","0.06375420838594437","0.06375420838594437","0.06375420838594437"
"145636","0.04062860831618309","0.04062860831618309","0.04062860831618309"
"145658","0.044958263635635376","0.044958263635635376","0.044958263635635376"
"145679","0.05190858244895935","0.05190858244895935","0.05190858244895935"
"145687","0.04686421900987625","0.04686421900987625","0.04686421900987625"
"145730","0.04253154993057251","0.04253154993057251","0.04253154993057251"
"145800","0.04982713609933853","0.04982713609933853","0.04982713609933853"
"145806","0.04101484641432762","0.04101484641432762","0.04101484641432762"
"145838","0.040976591408252716","0.040976591408252716","0.040976591408252716"
"145851","0.040922146290540695","0.040922146290540695","0.040922146290540695"
"145852","0.05301788076758385","0.05301788076758385","0.05301788076758385"
"145882","0.05268893018364906","0.05268893018364906","0.05268893018364906"
"145935","0.053111135959625244","0.053111135959625244","0.053111135959625244"
"145943","0.0456191711127758","0.0456191711127758","0.0456191711127758"
"145952","0.05337192118167877","0.05337192118167877","0.05337192118167877"
"145962","0.057956352829933167","0.057956352829933167","0.057956352829933167"
"145987","0.0319952592253685","0.0319952592253685","0.0319952592253685"
"146019","0.06792107224464417","0.06792107224464417","0.06792107224464417"
"146059","0.05475137382745743","0.05475137382745743","0.05475137382745743"
"146061","0.044058188796043396","0.044058188796043396","0.044058188796043396"
"146095","0.04755372181534767","0.04755372181534767","0.04755372181534767"
"146116","0.05702485144138336","0.05702485144138336","0.05702485144138336"
"146121","0.03277964144945145","0.03277964144945145","0.03277964144945145"
"146122","0.04560208320617676","0.04560208320617676","0.04560208320617676"
"146127","0.05204212665557861","0.05204212665557861","0.05204212665557861"
"146129","0.05814896896481514","0.05814896896481514","0.05814896896481514"
"146140","0.05327287316322327","0.05327287316322327","0.05327287316322327"
"146162","0.04847259074449539","0.04847259074449539","0.04847259074449539"
"146168","0.029070919379591942","0.029070919379591942","0.029070919379591942"
"146169","0.040991075336933136","0.040991075336933136","0.040991075336933136"
"146172","0.047369085252285004","0.047369085252285004","0.047369085252285004"
"146199","0.053360119462013245","0.053360119462013245","0.053360119462013245"
"146281","0.04236000403761864","0.04236000403761864","0.04236000403761864"
"146311","0.037541430443525314","0.037541430443525314","0.037541430443525314"
"146336","0.06772078573703766","0.06772078573703766","0.06772078573703766"
"146374","0.036306239664554596","0.036306239664554596","0.036306239664554596"
"146382","0.05174481123685837","0.05174481123685837","0.05174481123685837"
"146387","0.058383435010910034","0.058383435010910034","0.058383435010910034"
"146414","0.05449548363685608","0.05449548363685608","0.05449548363685608"
"146429","0.05809705704450607","0.05809705704450607","0.05809705704450607"
"146447","0.05905192345380783","0.05905192345380783","0.05905192345380783"
"146448","0.04834721237421036","0.04834721237421036","0.04834721237421036"
"146458","0.050854865461587906","0.050854865461587906","0.050854865461587906"
"146466","0.03585342690348625","0.03585342690348625","0.03585342690348625"
"146500","0.04872284084558487","0.04872284084558487","0.04872284084558487"
"146503","0.03061000071465969","0.03061000071465969","0.03061000071465969"
"146525","0.039754170924425125","0.039754170924425125","0.039754170924425125"
"146552","0.045228324830532074","0.045228324830532074","0.045228324830532074"
"146557","0.05023331195116043","0.05023331195116043","0.05023331195116043"
"146586","0.04150407761335373","0.04150407761335373","0.04150407761335373"
"146628","0.04501526802778244","0.04501526802778244","0.04501526802778244"
"146639","0.038519009947776794","0.038519009947776794","0.038519009947776794"
"146652","0.03550145775079727","0.03550145775079727","0.03550145775079727"
"146700","0.048622116446495056","0.048622116446495056","0.048622116446495056"
"146743","0.04317737743258476","0.04317737743258476","0.04317737743258476"
"146752","0.037294257432222366","0.037294257432222366","0.037294257432222366"
"146776","0.06517039239406586","0.06517039239406586","0.06517039239406586"
"146795","0.04957244545221329","0.04957244545221329","0.04957244545221329"
"146832","0.03713461011648178","0.03713461011648178","0.03713461011648178"
"146836","0.05377211421728134","0.05377211421728134","0.05377211421728134"
"146874","0.03214466571807861","0.03214466571807861","0.03214466571807861"
"146887","0.0529194213449955","0.0529194213449955","0.0529194213449955"
"146983","0.0412808433175087","0.0412808433175087","0.0412808433175087"
"146988","0.04596415534615517","0.04596415534615517","0.04596415534615517"
"147060","0.03571268916130066","0.03571268916130066","0.03571268916130066"
"147071","0.04413580149412155","0.04413580149412155","0.04413580149412155"
"147104","0.04895768314599991","0.04895768314599991","0.04895768314599991"
"147114","0.04622836038470268","0.04622836038470268","0.04622836038470268"
"147138","0.04303251951932907","0.04303251951932907","0.04303251951932907"
"147170","0.043750762939453125","0.043750762939453125","0.043750762939453125"
"147172","0.046761855483055115","0.046761855483055115","0.046761855483055115"
"147200","0.05148099362850189","0.05148099362850189","0.05148099362850189"
"147214","0.05202411860227585","0.05202411860227585","0.05202411860227585"
"147285","0.05502103641629219","0.05502103641629219","0.05502103641629219"
"147339","0.06154376268386841","0.06154376268386841","0.06154376268386841"
"147344","0.07120653986930847","0.07120653986930847","0.07120653986930847"
"147348","0.04638579487800598","0.04638579487800598","0.04638579487800598"
"147350","0.03468744829297066","0.03468744829297066","0.03468744829297066"
"147352","0.05266372859477997","0.05266372859477997","0.05266372859477997"
"147413","0.025274934247136116","0.025274934247136116","0.025274934247136116"
"147417","0.02394573763012886","0.02394573763012886","0.02394573763012886"
"147421","0.03844792768359184","0.03844792768359184","0.03844792768359184"
"147441","0.05443132668733597","0.05443132668733597","0.05443132668733597"
"147462","0.051477327942848206","0.051477327942848206","0.051477327942848206"
"147496","0.05364510044455528","0.05364510044455528","0.05364510044455528"
"147530","0.043874822556972504","0.043874822556972504","0.043874822556972504"
"147531","0.042523786425590515","0.042523786425590515","0.042523786425590515"
"147532","0.03405404090881348","0.03405404090881348","0.03405404090881348"
"147561","0.06233980506658554","0.06233980506658554","0.06233980506658554"
"147579","0.04022044688463211","0.04022044688463211","0.04022044688463211"
"147581","0.04628508538007736","0.04628508538007736","0.04628508538007736"
"147589","0.058977849781513214","0.058977849781513214","0.058977849781513214"
"147602","0.054871026426553726","0.054871026426553726","0.054871026426553726"
"147657","0.040780507028102875","0.040780507028102875","0.040780507028102875"
"147676","0.05936483293771744","0.05936483293771744","0.05936483293771744"
"147681","0.03589143976569176","0.03589143976569176","0.03589143976569176"
"147693","0.03955276682972908","0.03955276682972908","0.03955276682972908"
"147731","0.04386883229017258","0.04386883229017258","0.04386883229017258"
"147742","0.04947503283619881","0.04947503283619881","0.04947503283619881"
"147816","0.042896054685115814","0.042896054685115814","0.042896054685115814"
"147826","0.057903923094272614","0.057903923094272614","0.057903923094272614"
"147839","0.05108189582824707","0.05108189582824707","0.05108189582824707"
"147845","0.03428174555301666","0.03428174555301666","0.03428174555301666"
"147852","0.050741903483867645","0.050741903483867645","0.050741903483867645"
"147878","0.02926427312195301","0.02926427312195301","0.02926427312195301"
"147890","0.040776293724775314","0.040776293724775314","0.040776293724775314"
"147900","0.04791896417737007","0.04791896417737007","0.04791896417737007"
"147921","0.06342776119709015","0.06342776119709015","0.06342776119709015"
"147970","0.05105477571487427","0.05105477571487427","0.05105477571487427"
"148008","0.045459501445293427","0.045459501445293427","0.045459501445293427"
"148039","0.04471632093191147","0.04471632093191147","0.04471632093191147"
"148077","0.04544474929571152","0.04544474929571152","0.04544474929571152"
"148087","0.053989849984645844","0.053989849984645844","0.053989849984645844"
"148120","0.0314575657248497","0.0314575657248497","0.0314575657248497"
"148150","0.05772832781076431","0.05772832781076431","0.05772832781076431"
"148153","0.043165601789951324","0.043165601789951324","0.043165601789951324"
"148158","0.04929373785853386","0.04929373785853386","0.04929373785853386"
"148174","0.043558649718761444","0.043558649718761444","0.043558649718761444"
"148206","0.04690001159906387","0.04690001159906387","0.04690001159906387"
"148216","0.03776028752326965","0.03776028752326965","0.03776028752326965"
"148222","0.04215314984321594","0.04215314984321594","0.04215314984321594"
"148245","0.04986956715583801","0.04986956715583801","0.04986956715583801"
"148248","0.05536194518208504","0.05536194518208504","0.05536194518208504"
"148256","0.05274461209774017","0.05274461209774017","0.05274461209774017"
"148312","0.03467588871717453","0.03467588871717453","0.03467588871717453"
"148336","0.04805026203393936","0.04805026203393936","0.04805026203393936"
"148380","0.045709673315286636","0.045709673315286636","0.045709673315286636"
"148386","0.04330984503030777","0.04330984503030777","0.04330984503030777"
"148431","0.0326082706451416","0.0326082706451416","0.0326082706451416"
"148437","0.0527690090239048","0.0527690090239048","0.0527690090239048"
"148452","0.0521165132522583","0.0521165132522583","0.0521165132522583"
"148503","0.03947276249527931","0.03947276249527931","0.03947276249527931"
"148534","0.04203636571764946","0.04203636571764946","0.04203636571764946"
"148552","0.05781673267483711","0.05781673267483711","0.05781673267483711"
"148572","0.05570214241743088","0.05570214241743088","0.05570214241743088"
"148575","0.05088945850729942","0.05088945850729942","0.05088945850729942"
"148591","0.051127124577760696","0.051127124577760696","0.051127124577760696"
"148597","0.0533038005232811","0.0533038005232811","0.0533038005232811"
"148612","0.04161166027188301","0.04161166027188301","0.04161166027188301"
"148614","0.037507057189941406","0.037507057189941406","0.037507057189941406"
"148628","0.027106402441859245","0.027106402441859245","0.027106402441859245"
"148632","0.048834096640348434","0.048834096640348434","0.048834096640348434"
"148640","0.0404214933514595","0.0404214933514595","0.0404214933514595"
"148644","0.04387377202510834","0.04387377202510834","0.04387377202510834"
"148649","0.05345530062913895","0.05345530062913895","0.05345530062913895"
"148671","0.04974355176091194","0.04974355176091194","0.04974355176091194"
"148692","0.042662113904953","0.042662113904953","0.042662113904953"
"148702","0.052859771996736526","0.052859771996736526","0.052859771996736526"
"148729","0.048288214951753616","0.048288214951753616","0.048288214951753616"
"148733","0.04827476292848587","0.04827476292848587","0.04827476292848587"
"148758","0.05790092796087265","0.05790092796087265","0.05790092796087265"
"148760","0.04255112633109093","0.04255112633109093","0.04255112633109093"
"148768","0.04961010813713074","0.04961010813713074","0.04961010813713074"
"148783","0.03608627989888191","0.03608627989888191","0.03608627989888191"
"148904","0.061466943472623825","0.061466943472623825","0.061466943472623825"
"148914","0.03416501358151436","0.03416501358151436","0.03416501358151436"
"148923","0.048220232129096985","0.048220232129096985","0.048220232129096985"
"148955","0.05553961172699928","0.05553961172699928","0.05553961172699928"
"149017","0.04117198660969734","0.04117198660969734","0.04117198660969734"
"149023","0.041732966899871826","0.041732966899871826","0.041732966899871826"
"149060","0.059472568333148956","0.059472568333148956","0.059472568333148956"
"149093","0.07363729178905487","0.07363729178905487","0.07363729178905487"
"149217","0.0468546524643898","0.0468546524643898","0.0468546524643898"
"149228","0.06297025084495544","0.06297025084495544","0.06297025084495544"
"149249","0.048390183597803116","0.048390183597803116","0.048390183597803116"
"149255","0.043922945857048035","0.043922945857048035","0.043922945857048035"
"149256","0.05984588712453842","0.05984588712453842","0.05984588712453842"
"149258","0.05093937739729881","0.05093937739729881","0.05093937739729881"
"149283","0.04183049499988556","0.04183049499988556","0.04183049499988556"
"149293","0.03691478818655014","0.03691478818655014","0.03691478818655014"
"149306","0.0425717756152153","0.0425717756152153","0.0425717756152153"
"149325","0.04558875784277916","0.04558875784277916","0.04558875784277916"
"149327","0.02981417067348957","0.02981417067348957","0.02981417067348957"
"149328","0.037382256239652634","0.037382256239652634","0.037382256239652634"
"149338","0.06702779233455658","0.06702779233455658","0.06702779233455658"
"149353","0.052717164158821106","0.052717164158821106","0.052717164158821106"
"149375","0.05507040396332741","0.05507040396332741","0.05507040396332741"
"149376","0.04934780299663544","0.04934780299663544","0.04934780299663544"
"149386","0.05880647152662277","0.05880647152662277","0.05880647152662277"
"149422","0.04325159639120102","0.04325159639120102","0.04325159639120102"
"149436","0.05270945653319359","0.05270945653319359","0.05270945653319359"
"149483","0.038681913167238235","0.038681913167238235","0.038681913167238235"
"149493","0.039350271224975586","0.039350271224975586","0.039350271224975586"
"149522","0.0412277914583683","0.0412277914583683","0.0412277914583683"
"149563","0.039374493062496185","0.039374493062496185","0.039374493062496185"
"149584","0.038379061967134476","0.038379061967134476","0.038379061967134476"
"149643","0.05155669152736664","0.05155669152736664","0.05155669152736664"
"149659","0.04635854810476303","0.04635854810476303","0.04635854810476303"
"149698","0.06895261257886887","0.06895261257886887","0.06895261257886887"
"149724","0.05104818567633629","0.05104818567633629","0.05104818567633629"
"149769","0.044285524636507034","0.044285524636507034","0.044285524636507034"
"149789","0.048412732779979706","0.048412732779979706","0.048412732779979706"
"149811","0.040135107934474945","0.040135107934474945","0.040135107934474945"
"149828","0.05499457195401192","0.05499457195401192","0.05499457195401192"
"149862","0.02693362906575203","0.02693362906575203","0.02693362906575203"
"149867","0.04520083963871002","0.04520083963871002","0.04520083963871002"
"149899","0.04278864711523056","0.04278864711523056","0.04278864711523056"
"149946","0.032263193279504776","0.032263193279504776","0.032263193279504776"
"149999","0.05391264334321022","0.05391264334321022","0.05391264334321022"
"150017","0.03681514039635658","0.03681514039635658","0.03681514039635658"
"150042","0.044087596237659454","0.044087596237659454","0.044087596237659454"
"150052","0.03720933198928833","0.03720933198928833","0.03720933198928833"
"150083","0.04506886750459671","0.04506886750459671","0.04506886750459671"
"150095","0.036587104201316833","0.036587104201316833","0.036587104201316833"
"150108","0.03689698874950409","0.03689698874950409","0.03689698874950409"
"150165","0.0547768697142601","0.0547768697142601","0.0547768697142601"
"150187","0.05063210055232048","0.05063210055232048","0.05063210055232048"
"150191","0.03695914149284363","0.03695914149284363","0.03695914149284363"
"150198","0.061949849128723145","0.061949849128723145","0.061949849128723145"
"150213","0.06248993054032326","0.06248993054032326","0.06248993054032326"
"150225","0.02701217494904995","0.02701217494904995","0.02701217494904995"
"150259","0.04731249809265137","0.04731249809265137","0.04731249809265137"
"150261","0.03263964131474495","0.03263964131474495","0.03263964131474495"
"150323","0.0495891310274601","0.0495891310274601","0.0495891310274601"
"150338","0.04925241321325302","0.04925241321325302","0.04925241321325302"
"150352","0.07120915502309799","0.07120915502309799","0.07120915502309799"
"150365","0.06005367636680603","0.06005367636680603","0.06005367636680603"
"150413","0.03702489286661148","0.03702489286661148","0.03702489286661148"
"150420","0.04364626109600067","0.04364626109600067","0.04364626109600067"
"150433","0.038818392902612686","0.038818392902612686","0.038818392902612686"
"150435","0.03987666592001915","0.03987666592001915","0.03987666592001915"
"150446","0.04593243449926376","0.04593243449926376","0.04593243449926376"
"150449","0.04326985403895378","0.04326985403895378","0.04326985403895378"
"150464","0.05753794685006142","0.05753794685006142","0.05753794685006142"
"150478","0.04726863279938698","0.04726863279938698","0.04726863279938698"
"150511","0.033674903213977814","0.033674903213977814","0.033674903213977814"
"150526","0.03766760975122452","0.03766760975122452","0.03766760975122452"
"150538","0.044977784156799316","0.044977784156799316","0.044977784156799316"
"150554","0.03405965119600296","0.03405965119600296","0.03405965119600296"
"150559","0.05125773698091507","0.05125773698091507","0.05125773698091507"
"150560","0.028220202773809433","0.028220202773809433","0.028220202773809433"
"150584","0.0584779754281044","0.0584779754281044","0.0584779754281044"
"150625","0.04402924329042435","0.04402924329042435","0.04402924329042435"
"150637","0.058985330164432526","0.058985330164432526","0.058985330164432526"
"150649","0.039137084037065506","0.039137084037065506","0.039137084037065506"
"150659","0.06168524920940399","0.06168524920940399","0.06168524920940399"
"150679","0.05313879996538162","0.05313879996538162","0.05313879996538162"
"150722","0.023797988891601562","0.023797988891601562","0.023797988891601562"
"150807","0.04305557161569595","0.04305557161569595","0.04305557161569595"
"150822","0.04657157137989998","0.04657157137989998","0.04657157137989998"
"150840","0.04779079183936119","0.04779079183936119","0.04779079183936119"
"150842","0.05112297832965851","0.05112297832965851","0.05112297832965851"
"150852","0.031251631677150726","0.031251631677150726","0.031251631677150726"
"150865","0.04713258147239685","0.04713258147239685","0.04713258147239685"
"150894","0.06039171665906906","0.06039171665906906","0.06039171665906906"
"150913","0.04483660310506821","0.04483660310506821","0.04483660310506821"
"150917","0.054705001413822174","0.054705001413822174","0.054705001413822174"
"150929","0.038474664092063904","0.038474664092063904","0.038474664092063904"
"150930","0.04693417251110077","0.04693417251110077","0.04693417251110077"
"150954","0.056922025978565216","0.056922025978565216","0.056922025978565216"
"150994","0.061598386615514755","0.061598386615514755","0.061598386615514755"
"151006","0.043146874755620956","0.043146874755620956","0.043146874755620956"
"151034","0.0609247088432312","0.0609247088432312","0.0609247088432312"
"151045","0.03794930502772331","0.03794930502772331","0.03794930502772331"
"151052","0.04670742154121399","0.04670742154121399","0.04670742154121399"
"151078","0.042062707245349884","0.042062707245349884","0.042062707245349884"
"151113","0.045833032578229904","0.045833032578229904","0.045833032578229904"
"151115","0.06350164860486984","0.06350164860486984","0.06350164860486984"
"151127","0.04718983173370361","0.04718983173370361","0.04718983173370361"
"151172","0.03842121362686157","0.03842121362686157","0.03842121362686157"
"151191","0.05141236260533333","0.05141236260533333","0.05141236260533333"
"151201","0.052814796566963196","0.052814796566963196","0.052814796566963196"
"151202","0.036382146179676056","0.036382146179676056","0.036382146179676056"
"151204","0.04251281917095184","0.04251281917095184","0.04251281917095184"
"151225","0.06895142793655396","0.06895142793655396","0.06895142793655396"
"151229","0.05766409635543823","0.05766409635543823","0.05766409635543823"
"151247","0.04015987366437912","0.04015987366437912","0.04015987366437912"
"151255","0.04558517411351204","0.04558517411351204","0.04558517411351204"
"151271","0.058472465723752975","0.058472465723752975","0.058472465723752975"
"151325","0.05654919520020485","0.05654919520020485","0.05654919520020485"
"151332","0.06309562921524048","0.06309562921524048","0.06309562921524048"
"151368","0.03844389319419861","0.03844389319419861","0.03844389319419861"
"151386","0.06264714151620865","0.06264714151620865","0.06264714151620865"
"151389","0.0585329532623291","0.0585329532623291","0.0585329532623291"
"151392","0.04613777995109558","0.04613777995109558","0.04613777995109558"
"151410","0.052113503217697144","0.052113503217697144","0.052113503217697144"
"151429","0.039110004901885986","0.039110004901885986","0.039110004901885986"
"151457","0.039735399186611176","0.039735399186611176","0.039735399186611176"
"151500","0.043835580348968506","0.043835580348968506","0.043835580348968506"
"151506","0.061674393713474274","0.061674393713474274","0.061674393713474274"
"151511","0.04543760418891907","0.04543760418891907","0.04543760418891907"
"151536","0.05216110497713089","0.05216110497713089","0.05216110497713089"
"151539","0.03999675437808037","0.03999675437808037","0.03999675437808037"
"151556","0.049409184604883194","0.049409184604883194","0.049409184604883194"
"151562","0.049663297832012177","0.049663297832012177","0.049663297832012177"
"151564","0.04739396274089813","0.04739396274089813","0.04739396274089813"
"151565","0.05256848782300949","0.05256848782300949","0.05256848782300949"
"151603","0.04173072427511215","0.04173072427511215","0.04173072427511215"
"151636","0.05351974815130234","0.05351974815130234","0.05351974815130234"
"151678","0.05411629378795624","0.05411629378795624","0.05411629378795624"
"151681","0.05176515877246857","0.05176515877246857","0.05176515877246857"
"151733","0.03694075345993042","0.03694075345993042","0.03694075345993042"
"151734","0.04587238281965256","0.04587238281965256","0.04587238281965256"
"151773","0.048938773572444916","0.048938773572444916","0.048938773572444916"
"151816","0.04089444503188133","0.04089444503188133","0.04089444503188133"
"151886","0.03427094221115112","0.03427094221115112","0.03427094221115112"
"151902","0.02892848290503025","0.02892848290503025","0.02892848290503025"
"151911","0.0590287521481514","0.0590287521481514","0.0590287521481514"
"151934","0.024636615067720413","0.024636615067720413","0.024636615067720413"
"151949","0.042532335966825485","0.042532335966825485","0.042532335966825485"
"151983","0.03464999049901962","0.03464999049901962","0.03464999049901962"
"151989","0.0512966513633728","0.0512966513633728","0.0512966513633728"
"151991","0.0588456429541111","0.0588456429541111","0.0588456429541111"
"151993","0.059561338275671005","0.059561338275671005","0.059561338275671005"
"152005","0.04022453725337982","0.04022453725337982","0.04022453725337982"
"152007","0.03757273405790329","0.03757273405790329","0.03757273405790329"
"152010","0.03883355110883713","0.03883355110883713","0.03883355110883713"
"152033","0.050463221967220306","0.050463221967220306","0.050463221967220306"
"152034","0.042133111506700516","0.042133111506700516","0.042133111506700516"
"152069","0.05983734130859375","0.05983734130859375","0.05983734130859375"
"152081","0.04665914550423622","0.04665914550423622","0.04665914550423622"
"152131","0.04494272544980049","0.04494272544980049","0.04494272544980049"
"152222","0.05428226292133331","0.05428226292133331","0.05428226292133331"
"152251","0.04640672355890274","0.04640672355890274","0.04640672355890274"
"152285","0.057612091302871704","0.057612091302871704","0.057612091302871704"
"152288","0.054058246314525604","0.054058246314525604","0.054058246314525604"
"152308","0.04609169811010361","0.04609169811010361","0.04609169811010361"
"152345","0.027761980891227722","0.027761980891227722","0.027761980891227722"
"152375","0.059579767286777496","0.059579767286777496","0.059579767286777496"
"152394","0.04624119773507118","0.04624119773507118","0.04624119773507118"
"152426","0.050986744463443756","0.050986744463443756","0.050986744463443756"
"152491","0.047692954540252686","0.047692954540252686","0.047692954540252686"
"152499","0.03155257925391197","0.03155257925391197","0.03155257925391197"
"152511","0.04164176061749458","0.04164176061749458","0.04164176061749458"
"152597","0.04330192506313324","0.04330192506313324","0.04330192506313324"
"152640","0.03912682831287384","0.03912682831287384","0.03912682831287384"
"152687","0.03727869689464569","0.03727869689464569","0.03727869689464569"
"152702","0.048156291246414185","0.048156291246414185","0.048156291246414185"
"152763","0.05249360203742981","0.05249360203742981","0.05249360203742981"
"152776","0.04656118154525757","0.04656118154525757","0.04656118154525757"
"152784","0.04963070899248123","0.04963070899248123","0.04963070899248123"
"152825","0.039825357496738434","0.039825357496738434","0.039825357496738434"
"152861","0.04292739927768707","0.04292739927768707","0.04292739927768707"
"152865","0.05616100877523422","0.05616100877523422","0.05616100877523422"
"152866","0.029364395886659622","0.029364395886659622","0.029364395886659622"
"152869","0.04377339035272598","0.04377339035272598","0.04377339035272598"
"152901","0.046658776700496674","0.046658776700496674","0.046658776700496674"
"152909","0.04436001554131508","0.04436001554131508","0.04436001554131508"
"152912","0.04449686408042908","0.04449686408042908","0.04449686408042908"
"152921","0.03242264688014984","0.03242264688014984","0.03242264688014984"
"152939","0.04836675524711609","0.04836675524711609","0.04836675524711609"
"152948","0.05369625985622406","0.05369625985622406","0.05369625985622406"
"152952","0.045295506715774536","0.045295506715774536","0.045295506715774536"
"152981","0.03393489867448807","0.03393489867448807","0.03393489867448807"
"153015","0.05477241426706314","0.05477241426706314","0.05477241426706314"
"153027","0.04247951880097389","0.04247951880097389","0.04247951880097389"
"153063","0.04337181895971298","0.04337181895971298","0.04337181895971298"
"153097","0.028640981763601303","0.028640981763601303","0.028640981763601303"
"153098","0.05194981396198273","0.05194981396198273","0.05194981396198273"
"153110","0.0333578921854496","0.0333578921854496","0.0333578921854496"
"153145","0.027597762644290924","0.027597762644290924","0.027597762644290924"
"153168","0.0650356188416481","0.0650356188416481","0.0650356188416481"
"153192","0.06334385275840759","0.06334385275840759","0.06334385275840759"
"153195","0.03894825652241707","0.03894825652241707","0.03894825652241707"
"153208","0.05514580011367798","0.05514580011367798","0.05514580011367798"
"153224","0.035249847918748856","0.035249847918748856","0.035249847918748856"
"153290","0.038402799516916275","0.038402799516916275","0.038402799516916275"
"153293","0.042829569429159164","0.042829569429159164","0.042829569429159164"
"153296","0.0401650108397007","0.0401650108397007","0.0401650108397007"
"153308","0.03892219811677933","0.03892219811677933","0.03892219811677933"
"153333","0.0433293953537941","0.0433293953537941","0.0433293953537941"
"153338","0.05244226008653641","0.05244226008653641","0.05244226008653641"
"153365","0.040537457913160324","0.040537457913160324","0.040537457913160324"
"153416","0.06623479723930359","0.06623479723930359","0.06623479723930359"
"153430","0.03789475932717323","0.03789475932717323","0.03789475932717323"
"153477","0.03991549089550972","0.03991549089550972","0.03991549089550972"
"153507","0.05336029455065727","0.05336029455065727","0.05336029455065727"
"153527","0.05213400721549988","0.05213400721549988","0.05213400721549988"
"153542","0.05785389244556427","0.05785389244556427","0.05785389244556427"
"153593","0.0574251189827919","0.0574251189827919","0.0574251189827919"
"153603","0.05222604423761368","0.05222604423761368","0.05222604423761368"
"153615","0.0433867871761322","0.0433867871761322","0.0433867871761322"
"153648","0.04981769621372223","0.04981769621372223","0.04981769621372223"
"153652","0.049470894038677216","0.049470894038677216","0.049470894038677216"
"153660","0.048220861703157425","0.048220861703157425","0.048220861703157425"
"153692","0.04411427676677704","0.04411427676677704","0.04411427676677704"
"153728","0.03990571200847626","0.03990571200847626","0.03990571200847626"
"153754","0.05056748911738396","0.05056748911738396","0.05056748911738396"
"153758","0.043084628880023956","0.043084628880023956","0.043084628880023956"
"153760","0.05288498103618622","0.05288498103618622","0.05288498103618622"
"153769","0.060854069888591766","0.060854069888591766","0.060854069888591766"
"153779","0.04666205868124962","0.04666205868124962","0.04666205868124962"
"153820","0.03633126616477966","0.03633126616477966","0.03633126616477966"
"153824","0.04594555124640465","0.04594555124640465","0.04594555124640465"
"153836","0.05031368508934975","0.05031368508934975","0.05031368508934975"
"153868","0.03978333994746208","0.03978333994746208","0.03978333994746208"
"153874","0.052316538989543915","0.052316538989543915","0.052316538989543915"
"153897","0.022200774401426315","0.022200774401426315","0.022200774401426315"
"153955","0.04716683179140091","0.04716683179140091","0.04716683179140091"
"154005","0.042041778564453125","0.042041778564453125","0.042041778564453125"
"154043","0.03652828931808472","0.03652828931808472","0.03652828931808472"
"154048","0.02347034215927124","0.02347034215927124","0.02347034215927124"
"154102","0.045506566762924194","0.045506566762924194","0.045506566762924194"
"154132","0.025882447138428688","0.025882447138428688","0.025882447138428688"
"154166","0.04290349781513214","0.04290349781513214","0.04290349781513214"
"154170","0.057169415056705475","0.057169415056705475","0.057169415056705475"
"154181","0.07119977474212646","0.07119977474212646","0.07119977474212646"
"154192","0.042059700936079025","0.042059700936079025","0.042059700936079025"
"154239","0.04557935893535614","0.04557935893535614","0.04557935893535614"
"154244","0.04019039124250412","0.04019039124250412","0.04019039124250412"
"154278","0.04829360917210579","0.04829360917210579","0.04829360917210579"
"154279","0.05257324129343033","0.05257324129343033","0.05257324129343033"
"154295","0.04319944977760315","0.04319944977760315","0.04319944977760315"
"154299","0.03829260170459747","0.03829260170459747","0.03829260170459747"
"154373","0.061969030648469925","0.061969030648469925","0.061969030648469925"
"154374","0.058691754937171936","0.058691754937171936","0.058691754937171936"
"154411","0.056818414479494095","0.056818414479494095","0.056818414479494095"
"154412","0.03201232850551605","0.03201232850551605","0.03201232850551605"
"154424","0.03964724391698837","0.03964724391698837","0.03964724391698837"
"154441","0.047210291028022766","0.047210291028022766","0.047210291028022766"
"154445","0.05675322934985161","0.05675322934985161","0.05675322934985161"
"154458","0.04736427217721939","0.04736427217721939","0.04736427217721939"
"154497","0.03561602905392647","0.03561602905392647","0.03561602905392647"
"154542","0.04627615213394165","0.04627615213394165","0.04627615213394165"
"154551","0.04281593859195709","0.04281593859195709","0.04281593859195709"
"154557","0.04048597812652588","0.04048597812652588","0.04048597812652588"
"154570","0.0402156263589859","0.0402156263589859","0.0402156263589859"
"154610","0.04541345685720444","0.04541345685720444","0.04541345685720444"
"154631","0.04610943794250488","0.04610943794250488","0.04610943794250488"
"154658","0.041569847613573074","0.041569847613573074","0.041569847613573074"
"154683","0.053621020168066025","0.053621020168066025","0.053621020168066025"
"154711","0.04969680309295654","0.04969680309295654","0.04969680309295654"
"154721","0.036666423082351685","0.036666423082351685","0.036666423082351685"
"154726","0.07620271295309067","0.07620271295309067","0.07620271295309067"
"154747","0.0479496493935585","0.0479496493935585","0.0479496493935585"
"154799","0.04581817612051964","0.04581817612051964","0.04581817612051964"
"154800","0.05315021425485611","0.05315021425485611","0.05315021425485611"
"154837","0.039602819830179214","0.039602819830179214","0.039602819830179214"
"154865","0.06546197831630707","0.06546197831630707","0.06546197831630707"
"154878","0.043581731617450714","0.043581731617450714","0.043581731617450714"
"154919","0.04173528403043747","0.04173528403043747","0.04173528403043747"
"154925","0.06680827587842941","0.06680827587842941","0.06680827587842941"
"154969","0.037062253803014755","0.037062253803014755","0.037062253803014755"
"154987","0.0689629465341568","0.0689629465341568","0.0689629465341568"
"155043","0.07111667096614838","0.07111667096614838","0.07111667096614838"
"155091","0.04091900587081909","0.04091900587081909","0.04091900587081909"
"155130","0.06489413976669312","0.06489413976669312","0.06489413976669312"
"155141","0.035755109041929245","0.035755109041929245","0.035755109041929245"
"155225","0.04108215123414993","0.04108215123414993","0.04108215123414993"
"155240","0.04050568491220474","0.04050568491220474","0.04050568491220474"
"155262","0.04063980281352997","0.04063980281352997","0.04063980281352997"
"155281","0.052139412611722946","0.052139412611722946","0.052139412611722946"
"155296","0.05787695571780205","0.05787695571780205","0.05787695571780205"
"155297","0.040934525430202484","0.040934525430202484","0.040934525430202484"
"155321","0.045713573694229126","0.045713573694229126","0.045713573694229126"
"155329","0.04456810653209686","0.04456810653209686","0.04456810653209686"
"155334","0.04401838034391403","0.04401838034391403","0.04401838034391403"
"155345","0.04303084313869476","0.04303084313869476","0.04303084313869476"
"155404","0.048129379749298096","0.048129379749298096","0.048129379749298096"
"155443","0.056121401488780975","0.056121401488780975","0.056121401488780975"
"155466","0.05428820103406906","0.05428820103406906","0.05428820103406906"
"155480","0.04190488159656525","0.04190488159656525","0.04190488159656525"
"155505","0.05888156220316887","0.05888156220316887","0.05888156220316887"
"155513","0.03649403899908066","0.03649403899908066","0.03649403899908066"
"155610","0.05057176947593689","0.05057176947593689","0.05057176947593689"
"155621","0.06405580043792725","0.06405580043792725","0.06405580043792725"
"155653","0.060266949236392975","0.060266949236392975","0.060266949236392975"
"155678","0.06073574721813202","0.06073574721813202","0.06073574721813202"
"155734","0.04237319529056549","0.04237319529056549","0.04237319529056549"
"155739","0.05169106274843216","0.05169106274843216","0.05169106274843216"
"155754","0.038908056914806366","0.038908056914806366","0.038908056914806366"
"155841","0.05574093014001846","0.05574093014001846","0.05574093014001846"
"155843","0.06267456710338593","0.06267456710338593","0.06267456710338593"
"155875","0.05039498955011368","0.05039498955011368","0.05039498955011368"
"155914","0.05741637572646141","0.05741637572646141","0.05741637572646141"
"155938","0.06211619824171066","0.06211619824171066","0.06211619824171066"
"155961","0.04746516793966293","0.04746516793966293","0.04746516793966293"
"155992","0.06639811396598816","0.06639811396598816","0.06639811396598816"
"156012","0.05320100113749504","0.05320100113749504","0.05320100113749504"
"156050","0.05230419710278511","0.05230419710278511","0.05230419710278511"
"156057","0.03976181149482727","0.03976181149482727","0.03976181149482727"
"156082","0.03757118433713913","0.03757118433713913","0.03757118433713913"
"156101","0.05167059972882271","0.05167059972882271","0.05167059972882271"
"156119","0.05550363287329674","0.05550363287329674","0.05550363287329674"
"156170","0.033709049224853516","0.033709049224853516","0.033709049224853516"
"156177","0.05755051225423813","0.05755051225423813","0.05755051225423813"
"156192","0.03490137308835983","0.03490137308835983","0.03490137308835983"
"156208","0.04804229736328125","0.04804229736328125","0.04804229736328125"
"156216","0.05197519063949585","0.05197519063949585","0.05197519063949585"
"156259","0.06160150468349457","0.06160150468349457","0.06160150468349457"
"156284","0.03821948915719986","0.03821948915719986","0.03821948915719986"
"156287","0.046714719384908676","0.046714719384908676","0.046714719384908676"
"156313","0.04663250967860222","0.04663250967860222","0.04663250967860222"
"156329","0.03675656020641327","0.03675656020641327","0.03675656020641327"
"156348","0.056177593767642975","0.056177593767642975","0.056177593767642975"
"156365","0.05841826647520065","0.05841826647520065","0.05841826647520065"
"156377","0.04074029251933098","0.04074029251933098","0.04074029251933098"
"156413","0.052873626351356506","0.052873626351356506","0.052873626351356506"
"156434","0.05732662230730057","0.05732662230730057","0.05732662230730057"
"156460","0.04519186541438103","0.04519186541438103","0.04519186541438103"
"156469","0.04734432324767113","0.04734432324767113","0.04734432324767113"
"156493","0.04075460880994797","0.04075460880994797","0.04075460880994797"
"156495","0.04601818323135376","0.04601818323135376","0.04601818323135376"
"156497","0.03093809261918068","0.03093809261918068","0.03093809261918068"
"156499","0.06672614067792892","0.06672614067792892","0.06672614067792892"
"156526","0.046357348561286926","0.046357348561286926","0.046357348561286926"
"156543","0.03376004099845886","0.03376004099845886","0.03376004099845886"
"156566","0.024453094229102135","0.024453094229102135","0.024453094229102135"
"156571","0.0476602241396904","0.0476602241396904","0.0476602241396904"
"156630","0.027630578726530075","0.027630578726530075","0.027630578726530075"
"156679","0.03507436066865921","0.03507436066865921","0.03507436066865921"
"156693","0.026734929531812668","0.026734929531812668","0.026734929531812668"
"156697","0.05238717421889305","0.05238717421889305","0.05238717421889305"
"156703","0.045707494020462036","0.045707494020462036","0.045707494020462036"
"156704","0.0730413943529129","0.0730413943529129","0.0730413943529129"
"156793","0.028160663321614265","0.028160663321614265","0.028160663321614265"
"156804","0.0429825633764267","0.0429825633764267","0.0429825633764267"
"156819","0.06805969774723053","0.06805969774723053","0.06805969774723053"
"156832","0.03317298740148544","0.03317298740148544","0.03317298740148544"
"156839","0.04451039433479309","0.04451039433479309","0.04451039433479309"
"156876","0.04205574840307236","0.04205574840307236","0.04205574840307236"
"156891","0.06366074085235596","0.06366074085235596","0.06366074085235596"
"156907","0.054820623248815536","0.054820623248815536","0.054820623248815536"
"156912","0.04985269904136658","0.04985269904136658","0.04985269904136658"
"156934","0.032367609441280365","0.032367609441280365","0.032367609441280365"
"156938","0.04941634088754654","0.04941634088754654","0.04941634088754654"
"156951","0.04528767615556717","0.04528767615556717","0.04528767615556717"
"156954","0.04566752910614014","0.04566752910614014","0.04566752910614014"
"157020","0.04482881724834442","0.04482881724834442","0.04482881724834442"
"157041","0.05067310109734535","0.05067310109734535","0.05067310109734535"
"157086","0.0430493988096714","0.0430493988096714","0.0430493988096714"
"157091","0.03545492887496948","0.03545492887496948","0.03545492887496948"
"157122","0.041902806609869","0.041902806609869","0.041902806609869"
"157243","0.046991050243377686","0.046991050243377686","0.046991050243377686"
"157322","0.07256697118282318","0.07256697118282318","0.07256697118282318"
"157372","0.04448898136615753","0.04448898136615753","0.04448898136615753"
"157403","0.03433286398649216","0.03433286398649216","0.03433286398649216"
"157406","0.0485352985560894","0.0485352985560894","0.0485352985560894"
"157443","0.0343581922352314","0.0343581922352314","0.0343581922352314"
"157459","0.038887571543455124","0.038887571543455124","0.038887571543455124"
"157501","0.041478268802165985","0.041478268802165985","0.041478268802165985"
"157533","0.036893222481012344","0.036893222481012344","0.036893222481012344"
"157543","0.034450434148311615","0.034450434148311615","0.034450434148311615"
"157554","0.039189405739307404","0.039189405739307404","0.039189405739307404"
"157632","0.058619849383831024","0.058619849383831024","0.058619849383831024"
"157658","0.045646943151950836","0.045646943151950836","0.045646943151950836"
"157661","0.04234783351421356","0.04234783351421356","0.04234783351421356"
"157702","0.03916837275028229","0.03916837275028229","0.03916837275028229"
"157723","0.03602047264575958","0.03602047264575958","0.03602047264575958"
"157734","0.05473750829696655","0.05473750829696655","0.05473750829696655"
"157741","0.03801966458559036","0.03801966458559036","0.03801966458559036"
"157763","0.05230647325515747","0.05230647325515747","0.05230647325515747"
"157800","0.03506512567400932","0.03506512567400932","0.03506512567400932"
"157817","0.052559588104486465","0.052559588104486465","0.052559588104486465"
"157819","0.05844178795814514","0.05844178795814514","0.05844178795814514"
"157900","0.06436227262020111","0.06436227262020111","0.06436227262020111"
"157912","0.06457686424255371","0.06457686424255371","0.06457686424255371"
"157934","0.04210205748677254","0.04210205748677254","0.04210205748677254"
"157940","0.028256235644221306","0.028256235644221306","0.028256235644221306"
"157942","0.06731708347797394","0.06731708347797394","0.06731708347797394"
"157964","0.04666946828365326","0.04666946828365326","0.04666946828365326"
"157986","0.05996662750840187","0.05996662750840187","0.05996662750840187"
"157996","0.04477996379137039","0.04477996379137039","0.04477996379137039"
"158002","0.04304647445678711","0.04304647445678711","0.04304647445678711"
"158026","0.04638015106320381","0.04638015106320381","0.04638015106320381"
"158096","0.05137208104133606","0.05137208104133606","0.05137208104133606"
"158141","0.03807222470641136","0.03807222470641136","0.03807222470641136"
"158188","0.04789821431040764","0.04789821431040764","0.04789821431040764"
"158189","0.06864994764328003","0.06864994764328003","0.06864994764328003"
"158190","0.043749526143074036","0.043749526143074036","0.043749526143074036"
"158193","0.04547771066427231","0.04547771066427231","0.04547771066427231"
"158227","0.05454409867525101","0.05454409867525101","0.05454409867525101"
"158249","0.0524883009493351","0.0524883009493351","0.0524883009493351"
"158258","0.045133739709854126","0.045133739709854126","0.045133739709854126"
"158279","0.0553506538271904","0.0553506538271904","0.0553506538271904"
"158284","0.052740298211574554","0.052740298211574554","0.052740298211574554"
"158336","0.05939653515815735","0.05939653515815735","0.05939653515815735"
"158368","0.041436098515987396","0.041436098515987396","0.041436098515987396"
"158388","0.0432015024125576","0.0432015024125576","0.0432015024125576"
"158424","0.047212060540914536","0.047212060540914536","0.047212060540914536"
"158429","0.040522001683712006","0.040522001683712006","0.040522001683712006"
"158495","0.03477618843317032","0.03477618843317032","0.03477618843317032"
"158501","0.05228796601295471","0.05228796601295471","0.05228796601295471"
"158529","0.0488516166806221","0.0488516166806221","0.0488516166806221"
"158553","0.04566822573542595","0.04566822573542595","0.04566822573542595"
"158574","0.047702230513095856","0.047702230513095856","0.047702230513095856"
"158610","0.04608967527747154","0.04608967527747154","0.04608967527747154"
"158624","0.04812009632587433","0.04812009632587433","0.04812009632587433"
"158647","0.05020466074347496","0.05020466074347496","0.05020466074347496"
"158681","0.055772699415683746","0.055772699415683746","0.055772699415683746"
"158714","0.04463890194892883","0.04463890194892883","0.04463890194892883"
"158828","0.03803925961256027","0.03803925961256027","0.03803925961256027"
"158860","0.043565746396780014","0.043565746396780014","0.043565746396780014"
"158889","0.06128469854593277","0.06128469854593277","0.06128469854593277"
"158933","0.0591026172041893","0.0591026172041893","0.0591026172041893"
"158939","0.05493806302547455","0.05493806302547455","0.05493806302547455"
"158965","0.02513975463807583","0.02513975463807583","0.02513975463807583"
"158989","0.030016310513019562","0.030016310513019562","0.030016310513019562"
"158994","0.03664053976535797","0.03664053976535797","0.03664053976535797"
"159034","0.04512012377381325","0.04512012377381325","0.04512012377381325"
"159073","0.0623617060482502","0.0623617060482502","0.0623617060482502"
"159088","0.04018576443195343","0.04018576443195343","0.04018576443195343"
"159101","0.07730016112327576","0.07730016112327576","0.07730016112327576"
"159128","0.034584417939186096","0.034584417939186096","0.034584417939186096"
"159157","0.031183402985334396","0.031183402985334396","0.031183402985334396"
"159166","0.062364477664232254","0.062364477664232254","0.062364477664232254"
"159197","0.043660081923007965","0.043660081923007965","0.043660081923007965"
"159217","0.044455915689468384","0.044455915689468384","0.044455915689468384"
"159226","0.051967330276966095","0.051967330276966095","0.051967330276966095"
"159231","0.03812803328037262","0.03812803328037262","0.03812803328037262"
"159283","0.03814932331442833","0.03814932331442833","0.03814932331442833"
"159285","0.03776393458247185","0.03776393458247185","0.03776393458247185"
"159288","0.061517491936683655","0.061517491936683655","0.061517491936683655"
"159298","0.04209943860769272","0.04209943860769272","0.04209943860769272"
"159311","0.04199937358498573","0.04199937358498573","0.04199937358498573"
"159331","0.04421096295118332","0.04421096295118332","0.04421096295118332"
"159377","0.03219355642795563","0.03219355642795563","0.03219355642795563"
"159382","0.046275220811367035","0.046275220811367035","0.046275220811367035"
"159395","0.05036801099777222","0.05036801099777222","0.05036801099777222"
"159403","0.049485329538583755","0.049485329538583755","0.049485329538583755"
"159455","0.04911258816719055","0.04911258816719055","0.04911258816719055"
"159554","0.04583768546581268","0.04583768546581268","0.04583768546581268"
"159583","0.037196915596723557","0.037196915596723557","0.037196915596723557"
"159593","0.06335796415805817","0.06335796415805817","0.06335796415805817"
"159608","0.044168274849653244","0.044168274849653244","0.044168274849653244"
"159670","0.042680464684963226","0.042680464684963226","0.042680464684963226"
"159676","0.06093890219926834","0.06093890219926834","0.06093890219926834"
"159697","0.04750575125217438","0.04750575125217438","0.04750575125217438"
"159780","0.05768381059169769","0.05768381059169769","0.05768381059169769"
"159781","0.06780753284692764","0.06780753284692764","0.06780753284692764"
"159800","0.055027686059474945","0.055027686059474945","0.055027686059474945"
"159805","0.027137314900755882","0.027137314900755882","0.027137314900755882"
"159878","0.047426529228687286","0.047426529228687286","0.047426529228687286"
"159923","0.0544581338763237","0.0544581338763237","0.0544581338763237"
"159950","0.05117024853825569","0.05117024853825569","0.05117024853825569"
"160017","0.050998102873563766","0.050998102873563766","0.050998102873563766"
"160032","0.07389914244413376","0.07389914244413376","0.07389914244413376"
"160065","0.031124114990234375","0.031124114990234375","0.031124114990234375"
"160086","0.050484269857406616","0.050484269857406616","0.050484269857406616"
"160132","0.05300632864236832","0.05300632864236832","0.05300632864236832"
"160139","0.04174971580505371","0.04174971580505371","0.04174971580505371"
"160156","0.051409319043159485","0.051409319043159485","0.051409319043159485"
"160177","0.055799029767513275","0.055799029767513275","0.055799029767513275"
"160182","0.04304763674736023","0.04304763674736023","0.04304763674736023"
"160198","0.05195511505007744","0.05195511505007744","0.05195511505007744"
"160217","0.05475609377026558","0.05475609377026558","0.05475609377026558"
"160229","0.046955157071352005","0.046955157071352005","0.046955157071352005"
"160244","0.0472579151391983","0.0472579151391983","0.0472579151391983"
"160246","0.039725154638290405","0.039725154638290405","0.039725154638290405"
"160255","0.049020472913980484","0.049020472913980484","0.049020472913980484"
"160256","0.04379159212112427","0.04379159212112427","0.04379159212112427"
"160332","0.05423650145530701","0.05423650145530701","0.05423650145530701"
"160417","0.031448788940906525","0.031448788940906525","0.031448788940906525"
"160446","0.04823333024978638","0.04823333024978638","0.04823333024978638"
"160515","0.04723985493183136","0.04723985493183136","0.04723985493183136"
"160540","0.04179958254098892","0.04179958254098892","0.04179958254098892"
"160605","0.050143588334321976","0.050143588334321976","0.050143588334321976"
"160617","0.045777663588523865","0.045777663588523865","0.045777663588523865"
"160642","0.03552226722240448","0.03552226722240448","0.03552226722240448"
"160670","0.031915292143821716","0.031915292143821716","0.031915292143821716"
"160675","0.05018932372331619","0.05018932372331619","0.05018932372331619"
"160687","0.041597865521907806","0.041597865521907806","0.041597865521907806"
"160754","0.03851759433746338","0.03851759433746338","0.03851759433746338"
"160755","0.053623221814632416","0.053623221814632416","0.053623221814632416"
"160765","0.04379444569349289","0.04379444569349289","0.04379444569349289"
"160774","0.0631466880440712","0.0631466880440712","0.0631466880440712"
"160798","0.04244231805205345","0.04244231805205345","0.04244231805205345"
"160826","0.07371008396148682","0.07371008396148682","0.07371008396148682"
"160858","0.05907507985830307","0.05907507985830307","0.05907507985830307"
"160875","0.043844014406204224","0.043844014406204224","0.043844014406204224"
"160896","0.04289785027503967","0.04289785027503967","0.04289785027503967"
"160897","0.03598642349243164","0.03598642349243164","0.03598642349243164"
"160920","0.03493686765432358","0.03493686765432358","0.03493686765432358"
"160987","0.050472013652324677","0.050472013652324677","0.050472013652324677"
"160988","0.054244961589574814","0.054244961589574814","0.054244961589574814"
"161000","0.05251011252403259","0.05251011252403259","0.05251011252403259"
"161009","0.03778749331831932","0.03778749331831932","0.03778749331831932"
"161018","0.03703432157635689","0.03703432157635689","0.03703432157635689"
"161045","0.060753535479307175","0.060753535479307175","0.060753535479307175"
"161089","0.04719684273004532","0.04719684273004532","0.04719684273004532"
"161094","0.04798635095357895","0.04798635095357895","0.04798635095357895"
"161109","0.06656467914581299","0.06656467914581299","0.06656467914581299"
"161159","0.04716172069311142","0.04716172069311142","0.04716172069311142"
"161173","0.0415789857506752","0.0415789857506752","0.0415789857506752"
"161191","0.040031224489212036","0.040031224489212036","0.040031224489212036"
"161194","0.04652968794107437","0.04652968794107437","0.04652968794107437"
"161227","0.05825880542397499","0.05825880542397499","0.05825880542397499"
"161250","0.04710503667593002","0.04710503667593002","0.04710503667593002"
"161283","0.038314089179039","0.038314089179039","0.038314089179039"
"161297","0.0566590242087841","0.0566590242087841","0.0566590242087841"
"161304","0.048072449862957","0.048072449862957","0.048072449862957"
"161322","0.05339178815484047","0.05339178815484047","0.05339178815484047"
"161344","0.047016043215990067","0.047016043215990067","0.047016043215990067"
"161395","0.04425399377942085","0.04425399377942085","0.04425399377942085"
"161406","0.07275383174419403","0.07275383174419403","0.07275383174419403"
"161413","0.03257259726524353","0.03257259726524353","0.03257259726524353"
"161481","0.05060044303536415","0.05060044303536415","0.05060044303536415"
"161540","0.05727498605847359","0.05727498605847359","0.05727498605847359"
"161567","0.048405326902866364","0.048405326902866364","0.048405326902866364"
"161569","0.03718582168221474","0.03718582168221474","0.03718582168221474"
"161597","0.05097682774066925","0.05097682774066925","0.05097682774066925"
"161629","0.0548272430896759","0.0548272430896759","0.0548272430896759"
"161641","0.04596782103180885","0.04596782103180885","0.04596782103180885"
"161665","0.049285903573036194","0.049285903573036194","0.049285903573036194"
"161671","0.061600327491760254","0.061600327491760254","0.061600327491760254"
"161677","0.039424970746040344","0.039424970746040344","0.039424970746040344"
"161722","0.045545272529125214","0.045545272529125214","0.045545272529125214"
"161726","0.033821962773799896","0.033821962773799896","0.033821962773799896"
"161732","0.05284245312213898","0.05284245312213898","0.05284245312213898"
"161777","0.05598490312695503","0.05598490312695503","0.05598490312695503"
"161803","0.05224985629320145","0.05224985629320145","0.05224985629320145"
"161806","0.03502357751131058","0.03502357751131058","0.03502357751131058"
"161824","0.03621546924114227","0.03621546924114227","0.03621546924114227"
"161825","0.05748388171195984","0.05748388171195984","0.05748388171195984"
"161838","0.027698062360286713","0.027698062360286713","0.027698062360286713"
"161848","0.04294101148843765","0.04294101148843765","0.04294101148843765"
"161869","0.04321800172328949","0.04321800172328949","0.04321800172328949"
"161931","0.05143642798066139","0.05143642798066139","0.05143642798066139"
"161940","0.03509414941072464","0.03509414941072464","0.03509414941072464"
"161943","0.06272228062152863","0.06272228062152863","0.06272228062152863"
"161950","0.04947619140148163","0.04947619140148163","0.04947619140148163"
"161951","0.04483025521039963","0.04483025521039963","0.04483025521039963"
"161986","0.05100888013839722","0.05100888013839722","0.05100888013839722"
"161994","0.06283560395240784","0.06283560395240784","0.06283560395240784"
"161998","0.049023061990737915","0.049023061990737915","0.049023061990737915"
"162081","0.048897042870521545","0.048897042870521545","0.048897042870521545"
"162095","0.050769731402397156","0.050769731402397156","0.050769731402397156"
"162104","0.03738286718726158","0.03738286718726158","0.03738286718726158"
"162131","0.03682137280702591","0.03682137280702591","0.03682137280702591"
"162150","0.0631970539689064","0.0631970539689064","0.0631970539689064"
"162163","0.05858653783798218","0.05858653783798218","0.05858653783798218"
"162191","0.03758972883224487","0.03758972883224487","0.03758972883224487"
"162213","0.04315315932035446","0.04315315932035446","0.04315315932035446"
"162225","0.05657004192471504","0.05657004192471504","0.05657004192471504"
"162238","0.03775978833436966","0.03775978833436966","0.03775978833436966"
"162264","0.05565193295478821","0.05565193295478821","0.05565193295478821"
"162265","0.034634556621313095","0.034634556621313095","0.034634556621313095"
"162275","0.04549180716276169","0.04549180716276169","0.04549180716276169"
"162282","0.05940262973308563","0.05940262973308563","0.05940262973308563"
"162293","0.049499452114105225","0.049499452114105225","0.049499452114105225"
"162359","0.0389036200940609","0.0389036200940609","0.0389036200940609"
"162369","0.050267938524484634","0.050267938524484634","0.050267938524484634"
"162423","0.040583040565252304","0.040583040565252304","0.040583040565252304"
"162449","0.03412746265530586","0.03412746265530586","0.03412746265530586"
"162463","0.050059787929058075","0.050059787929058075","0.050059787929058075"
"162464","0.04368598759174347","0.04368598759174347","0.04368598759174347"
"162470","0.057287685573101044","0.057287685573101044","0.057287685573101044"
"162473","0.05165551230311394","0.05165551230311394","0.05165551230311394"
"162479","0.04587862640619278","0.04587862640619278","0.04587862640619278"
"162520","0.05858572572469711","0.05858572572469711","0.05858572572469711"
"162522","0.055522799491882324","0.055522799491882324","0.055522799491882324"
"162596","0.05294071510434151","0.05294071510434151","0.05294071510434151"
"162610","0.07549501955509186","0.07549501955509186","0.07549501955509186"
"162615","0.04704291373491287","0.04704291373491287","0.04704291373491287"
"162632","0.04437529668211937","0.04437529668211937","0.04437529668211937"
"162678","0.04327547550201416","0.04327547550201416","0.04327547550201416"
"162697","0.05751466006040573","0.05751466006040573","0.05751466006040573"
"162729","0.03088529407978058","0.03088529407978058","0.03088529407978058"
"162749","0.054384052753448486","0.054384052753448486","0.054384052753448486"
"162759","0.03685714676976204","0.03685714676976204","0.03685714676976204"
"162827","0.05697072297334671","0.05697072297334671","0.05697072297334671"
"162885","0.0540054589509964","0.0540054589509964","0.0540054589509964"
"162899","0.030557215213775635","0.030557215213775635","0.030557215213775635"
"162900","0.041948430240154266","0.041948430240154266","0.041948430240154266"
"162904","0.058166950941085815","0.058166950941085815","0.058166950941085815"
"162915","0.06236661970615387","0.06236661970615387","0.06236661970615387"
"162939","0.05204268544912338","0.05204268544912338","0.05204268544912338"
"162948","0.05100801959633827","0.05100801959633827","0.05100801959633827"
"162985","0.035515181720256805","0.035515181720256805","0.035515181720256805"
"162991","0.04993433505296707","0.04993433505296707","0.04993433505296707"
"163008","0.04169127345085144","0.04169127345085144","0.04169127345085144"
"163029","0.05117598548531532","0.05117598548531532","0.05117598548531532"
"163077","0.054796215146780014","0.054796215146780014","0.054796215146780014"
"163083","0.04245235025882721","0.04245235025882721","0.04245235025882721"
"163096","0.037776798009872437","0.037776798009872437","0.037776798009872437"
"163129","0.06745495647192001","0.06745495647192001","0.06745495647192001"
"163201","0.050495587289333344","0.050495587289333344","0.050495587289333344"
"163209","0.06308965384960175","0.06308965384960175","0.06308965384960175"
"163233","0.04275646060705185","0.04275646060705185","0.04275646060705185"
"163279","0.05695304647088051","0.05695304647088051","0.05695304647088051"
"163291","0.05286162719130516","0.05286162719130516","0.05286162719130516"
"163297","0.053166087716817856","0.053166087716817856","0.053166087716817856"
"163298","0.05635250359773636","0.05635250359773636","0.05635250359773636"
"163353","0.038334921002388","0.038334921002388","0.038334921002388"
"163355","0.03785376623272896","0.03785376623272896","0.03785376623272896"
"163373","0.04377834126353264","0.04377834126353264","0.04377834126353264"
"163377","0.06489523500204086","0.06489523500204086","0.06489523500204086"
"163385","0.028335386887192726","0.028335386887192726","0.028335386887192726"
"163386","0.058286815881729126","0.058286815881729126","0.058286815881729126"
"163390","0.04601660743355751","0.04601660743355751","0.04601660743355751"
"163406","0.04526238515973091","0.04526238515973091","0.04526238515973091"
"163433","0.044627994298934937","0.044627994298934937","0.044627994298934937"
"163518","0.043365560472011566","0.043365560472011566","0.043365560472011566"
"163538","0.07175850868225098","0.07175850868225098","0.07175850868225098"
"163583","0.03025088831782341","0.03025088831782341","0.03025088831782341"
"163587","0.03159978613257408","0.03159978613257408","0.03159978613257408"
"163591","0.03660362958908081","0.03660362958908081","0.03660362958908081"
"163606","0.0635635107755661","0.0635635107755661","0.0635635107755661"
"163624","0.04761490225791931","0.04761490225791931","0.04761490225791931"
"163653","0.048205457627773285","0.048205457627773285","0.048205457627773285"
"163678","0.05673670768737793","0.05673670768737793","0.05673670768737793"
"163711","0.05751337110996246","0.05751337110996246","0.05751337110996246"
"163713","0.029928453266620636","0.029928453266620636","0.029928453266620636"
"163717","0.05299177020788193","0.05299177020788193","0.05299177020788193"
"163724","0.04423963278532028","0.04423963278532028","0.04423963278532028"
"163735","0.04246295243501663","0.04246295243501663","0.04246295243501663"
"163758","0.08097296953201294","0.08097296953201294","0.08097296953201294"
"163836","0.05113597586750984","0.05113597586750984","0.05113597586750984"
"163852","0.05121782422065735","0.05121782422065735","0.05121782422065735"
"163913","0.07562113553285599","0.07562113553285599","0.07562113553285599"
"163938","0.04403312876820564","0.04403312876820564","0.04403312876820564"
"163940","0.04144549369812012","0.04144549369812012","0.04144549369812012"
"163958","0.041021037846803665","0.041021037846803665","0.041021037846803665"
"163968","0.04177369177341461","0.04177369177341461","0.04177369177341461"
"163998","0.03042598068714142","0.03042598068714142","0.03042598068714142"
"164003","0.037927526980638504","0.037927526980638504","0.037927526980638504"
"164094","0.04540114104747772","0.04540114104747772","0.04540114104747772"
"164105","0.037725839763879776","0.037725839763879776","0.037725839763879776"
"164128","0.046060960739851","0.046060960739851","0.046060960739851"
"164150","0.038634128868579865","0.038634128868579865","0.038634128868579865"
"164161","0.029497504234313965","0.029497504234313965","0.029497504234313965"
"164178","0.0521695539355278","0.0521695539355278","0.0521695539355278"
"164182","0.0481722429394722","0.0481722429394722","0.0481722429394722"
"164214","0.03966330736875534","0.03966330736875534","0.03966330736875534"
"164224","0.05327428877353668","0.05327428877353668","0.05327428877353668"
"164228","0.037241481244564056","0.037241481244564056","0.037241481244564056"
"164232","0.042005155235528946","0.042005155235528946","0.042005155235528946"
"164270","0.03756154328584671","0.03756154328584671","0.03756154328584671"
"164281","0.03455169498920441","0.03455169498920441","0.03455169498920441"
"164309","0.042959313839673996","0.042959313839673996","0.042959313839673996"
"164316","0.05034736171364784","0.05034736171364784","0.05034736171364784"
"164374","0.045989371836185455","0.045989371836185455","0.045989371836185455"
"164431","0.027443518862128258","0.027443518862128258","0.027443518862128258"
"164435","0.039319753646850586","0.039319753646850586","0.039319753646850586"
"164444","0.035897623747587204","0.035897623747587204","0.035897623747587204"
"164454","0.0467996820807457","0.0467996820807457","0.0467996820807457"
"164456","0.03950027376413345","0.03950027376413345","0.03950027376413345"
"164528","0.048462025821208954","0.048462025821208954","0.048462025821208954"
"164613","0.05296928063035011","0.05296928063035011","0.05296928063035011"
"164704","0.041051313281059265","0.041051313281059265","0.041051313281059265"
"164711","0.05113419517874718","0.05113419517874718","0.05113419517874718"
"164723","0.051823899149894714","0.051823899149894714","0.051823899149894714"
"164765","0.05490320920944214","0.05490320920944214","0.05490320920944214"
"164781","0.03752580285072327","0.03752580285072327","0.03752580285072327"
"164796","0.03508388251066208","0.03508388251066208","0.03508388251066208"
"164800","0.05604691058397293","0.05604691058397293","0.05604691058397293"
"164858","0.04750332981348038","0.04750332981348038","0.04750332981348038"
"164889","0.04229283705353737","0.04229283705353737","0.04229283705353737"
"164931","0.03230667486786842","0.03230667486786842","0.03230667486786842"
"164933","0.05019645020365715","0.05019645020365715","0.05019645020365715"
"164934","0.031064249575138092","0.031064249575138092","0.031064249575138092"
"164935","0.06526044756174088","0.06526044756174088","0.06526044756174088"
"165009","0.0380701906979084","0.0380701906979084","0.0380701906979084"
"165025","0.0355345755815506","0.0355345755815506","0.0355345755815506"
"165040","0.04649079218506813","0.04649079218506813","0.04649079218506813"
"165080","0.05553080514073372","0.05553080514073372","0.05553080514073372"
"165100","0.04852946847677231","0.04852946847677231","0.04852946847677231"
"165106","0.04851773381233215","0.04851773381233215","0.04851773381233215"
"165117","0.039073728024959564","0.039073728024959564","0.039073728024959564"
"165150","0.05739758163690567","0.05739758163690567","0.05739758163690567"
"165203","0.05281352996826172","0.05281352996826172","0.05281352996826172"
"165231","0.05932480841875076","0.05932480841875076","0.05932480841875076"
"165280","0.04588589072227478","0.04588589072227478","0.04588589072227478"
"165290","0.042002350091934204","0.042002350091934204","0.042002350091934204"
"165306","0.05395154282450676","0.05395154282450676","0.05395154282450676"
"165315","0.031006062403321266","0.031006062403321266","0.031006062403321266"
"165352","0.059032976627349854","0.059032976627349854","0.059032976627349854"
"165360","0.055386561900377274","0.055386561900377274","0.055386561900377274"
"165372","0.057258252054452896","0.057258252054452896","0.057258252054452896"
"165405","0.04007161408662796","0.04007161408662796","0.04007161408662796"
"165438","0.045590538531541824","0.045590538531541824","0.045590538531541824"
"165455","0.0430053174495697","0.0430053174495697","0.0430053174495697"
"165505","0.035076215863227844","0.035076215863227844","0.035076215863227844"
"165524","0.047508321702480316","0.047508321702480316","0.047508321702480316"
"165531","0.05058576539158821","0.05058576539158821","0.05058576539158821"
"165549","0.046775832772254944","0.046775832772254944","0.046775832772254944"
"165562","0.04799176752567291","0.04799176752567291","0.04799176752567291"
"165586","0.04582266882061958","0.04582266882061958","0.04582266882061958"
"165626","0.04231927543878555","0.04231927543878555","0.04231927543878555"
"165629","0.060417503118515015","0.060417503118515015","0.060417503118515015"
"165641","0.08169183880090714","0.08169183880090714","0.08169183880090714"
"165672","0.05275749787688255","0.05275749787688255","0.05275749787688255"
"165683","0.03611822426319122","0.03611822426319122","0.03611822426319122"
"165692","0.043000586330890656","0.043000586330890656","0.043000586330890656"
"165706","0.06022810935974121","0.06022810935974121","0.06022810935974121"
"165716","0.057817425578832626","0.057817425578832626","0.057817425578832626"
"165717","0.05091939494013786","0.05091939494013786","0.05091939494013786"
"165803","0.04084688425064087","0.04084688425064087","0.04084688425064087"
"165806","0.05867592245340347","0.05867592245340347","0.05867592245340347"
"165940","0.05779753252863884","0.05779753252863884","0.05779753252863884"
"165944","0.044543132185935974","0.044543132185935974","0.044543132185935974"
"165950","0.048973921686410904","0.048973921686410904","0.048973921686410904"
"165959","0.05074990540742874","0.05074990540742874","0.05074990540742874"
"165974","0.03247188404202461","0.03247188404202461","0.03247188404202461"
"165976","0.061041075736284256","0.061041075736284256","0.061041075736284256"
"165981","0.04791582375764847","0.04791582375764847","0.04791582375764847"
"165989","0.05928231030702591","0.05928231030702591","0.05928231030702591"
"166029","0.05105156451463699","0.05105156451463699","0.05105156451463699"
"166053","0.04131152853369713","0.04131152853369713","0.04131152853369713"
"166066","0.05284610390663147","0.05284610390663147","0.05284610390663147"
"166072","0.051058486104011536","0.051058486104011536","0.051058486104011536"
"166103","0.03932560235261917","0.03932560235261917","0.03932560235261917"
"166128","0.06204104423522949","0.06204104423522949","0.06204104423522949"
"166158","0.046828415244817734","0.046828415244817734","0.046828415244817734"
"166165","0.033060457557439804","0.033060457557439804","0.033060457557439804"
"166194","0.05087825655937195","0.05087825655937195","0.05087825655937195"
"166197","0.04645188897848129","0.04645188897848129","0.04645188897848129"
"166203","0.05790669098496437","0.05790669098496437","0.05790669098496437"
"166214","0.06309639662504196","0.06309639662504196","0.06309639662504196"
"166215","0.06492733210325241","0.06492733210325241","0.06492733210325241"
"166239","0.05148079991340637","0.05148079991340637","0.05148079991340637"
"166243","0.047874175012111664","0.047874175012111664","0.047874175012111664"
"166247","0.04868239164352417","0.04868239164352417","0.04868239164352417"
"166276","0.048212915658950806","0.048212915658950806","0.048212915658950806"
"166296","0.04284324496984482","0.04284324496984482","0.04284324496984482"
"166308","0.04507581144571304","0.04507581144571304","0.04507581144571304"
"166315","0.048372916877269745","0.048372916877269745","0.048372916877269745"
"166348","0.03650030493736267","0.03650030493736267","0.03650030493736267"
"166385","0.02861737087368965","0.02861737087368965","0.02861737087368965"
"166393","0.05946526676416397","0.05946526676416397","0.05946526676416397"
"166416","0.0728767141699791","0.0728767141699791","0.0728767141699791"
"166428","0.04704791679978371","0.04704791679978371","0.04704791679978371"
"166445","0.03678825497627258","0.03678825497627258","0.03678825497627258"
"166504","0.05368036776781082","0.05368036776781082","0.05368036776781082"
"166521","0.07211688160896301","0.07211688160896301","0.07211688160896301"
"166524","0.06477823108434677","0.06477823108434677","0.06477823108434677"
"166546","0.04930879548192024","0.04930879548192024","0.04930879548192024"
"166561","0.05627766624093056","0.05627766624093056","0.05627766624093056"
"166612","0.05401913821697235","0.05401913821697235","0.05401913821697235"
"166626","0.04895707964897156","0.04895707964897156","0.04895707964897156"
"166644","0.05155056715011597","0.05155056715011597","0.05155056715011597"
"166670","0.05155404657125473","0.05155404657125473","0.05155404657125473"
"166676","0.04390664026141167","0.04390664026141167","0.04390664026141167"
"166711","0.04357948899269104","0.04357948899269104","0.04357948899269104"
"166716","0.03458385914564133","0.03458385914564133","0.03458385914564133"
"166760","0.035773880779743195","0.035773880779743195","0.035773880779743195"
"166776","0.03852332755923271","0.03852332755923271","0.03852332755923271"
"166779","0.04070308059453964","0.04070308059453964","0.04070308059453964"
"166883","0.0298899095505476","0.0298899095505476","0.0298899095505476"
"166896","0.03885277733206749","0.03885277733206749","0.03885277733206749"
"166904","0.040342770516872406","0.040342770516872406","0.040342770516872406"
"166931","0.05825502425432205","0.05825502425432205","0.05825502425432205"
"166950","0.04108619689941406","0.04108619689941406","0.04108619689941406"
"166994","0.04908289760351181","0.04908289760351181","0.04908289760351181"
"167021","0.0706847757101059","0.0706847757101059","0.0706847757101059"
"167035","0.06056247651576996","0.06056247651576996","0.06056247651576996"
"167042","0.05304495617747307","0.05304495617747307","0.05304495617747307"
"167052","0.045166775584220886","0.045166775584220886","0.045166775584220886"
"167072","0.05071750283241272","0.05071750283241272","0.05071750283241272"
"167073","0.05349098891019821","0.05349098891019821","0.05349098891019821"
"167097","0.048023294657468796","0.048023294657468796","0.048023294657468796"
"167130","0.04617638140916824","0.04617638140916824","0.04617638140916824"
"167133","0.0433298796415329","0.0433298796415329","0.0433298796415329"
"167186","0.05170377343893051","0.05170377343893051","0.05170377343893051"
"167244","0.05778840556740761","0.05778840556740761","0.05778840556740761"
"167245","0.053685106337070465","0.053685106337070465","0.053685106337070465"
"167262","0.04490066319704056","0.04490066319704056","0.04490066319704056"
"167280","0.05255670100450516","0.05255670100450516","0.05255670100450516"
"167285","0.053864866495132446","0.053864866495132446","0.053864866495132446"
"167306","0.05842626839876175","0.05842626839876175","0.05842626839876175"
"167311","0.04793567210435867","0.04793567210435867","0.04793567210435867"
"167320","0.03681671991944313","0.03681671991944313","0.03681671991944313"
"167324","0.06512577831745148","0.06512577831745148","0.06512577831745148"
"167331","0.04073503240942955","0.04073503240942955","0.04073503240942955"
"167335","0.038872379809617996","0.038872379809617996","0.038872379809617996"
"167338","0.060947079211473465","0.060947079211473465","0.060947079211473465"
"167351","0.04506653919816017","0.04506653919816017","0.04506653919816017"
"167363","0.051609914749860764","0.051609914749860764","0.051609914749860764"
"167370","0.04434714466333389","0.04434714466333389","0.04434714466333389"
"167410","0.053378671407699585","0.053378671407699585","0.053378671407699585"
"167451","0.06256043910980225","0.06256043910980225","0.06256043910980225"
"167470","0.05297905579209328","0.05297905579209328","0.05297905579209328"
"167474","0.06617727875709534","0.06617727875709534","0.06617727875709534"
"167498","0.061883751302957535","0.061883751302957535","0.061883751302957535"
"167505","0.06250851601362228","0.06250851601362228","0.06250851601362228"
"167507","0.03993764519691467","0.03993764519691467","0.03993764519691467"
"167515","0.03621828556060791","0.03621828556060791","0.03621828556060791"
"167536","0.05563219636678696","0.05563219636678696","0.05563219636678696"
"167537","0.0398310050368309","0.0398310050368309","0.0398310050368309"
"167634","0.03674602136015892","0.03674602136015892","0.03674602136015892"
"167664","0.03802536800503731","0.03802536800503731","0.03802536800503731"
"167688","0.03344352915883064","0.03344352915883064","0.03344352915883064"
"167696","0.061250053346157074","0.061250053346157074","0.061250053346157074"
"167773","0.05427837371826172","0.05427837371826172","0.05427837371826172"
"167780","0.04083697870373726","0.04083697870373726","0.04083697870373726"
"167781","0.058092620223760605","0.058092620223760605","0.058092620223760605"
"167789","0.0397946760058403","0.0397946760058403","0.0397946760058403"
"167931","0.05510007590055466","0.05510007590055466","0.05510007590055466"
"167944","0.04822932928800583","0.04822932928800583","0.04822932928800583"
"167959","0.04639021307229996","0.04639021307229996","0.04639021307229996"
"167991","0.044228870421648026","0.044228870421648026","0.044228870421648026"
"168022","0.04061450436711311","0.04061450436711311","0.04061450436711311"
"168105","0.03737848997116089","0.03737848997116089","0.03737848997116089"
"168136","0.03771652281284332","0.03771652281284332","0.03771652281284332"
"168141","0.0447210893034935","0.0447210893034935","0.0447210893034935"
"168172","0.050663985311985016","0.050663985311985016","0.050663985311985016"
"168207","0.04101678356528282","0.04101678356528282","0.04101678356528282"
"168267","0.04656068980693817","0.04656068980693817","0.04656068980693817"
"168269","0.03285136818885803","0.03285136818885803","0.03285136818885803"
"168295","0.04888041689991951","0.04888041689991951","0.04888041689991951"
"168309","0.06524360924959183","0.06524360924959183","0.06524360924959183"
"168446","0.06806619465351105","0.06806619465351105","0.06806619465351105"
"168466","0.043060123920440674","0.043060123920440674","0.043060123920440674"
"168473","0.07127774506807327","0.07127774506807327","0.07127774506807327"
"168489","0.04176074266433716","0.04176074266433716","0.04176074266433716"
"168548","0.05484095215797424","0.05484095215797424","0.05484095215797424"
"168559","0.046101927757263184","0.046101927757263184","0.046101927757263184"
"168562","0.06231323629617691","0.06231323629617691","0.06231323629617691"
"168614","0.04338279739022255","0.04338279739022255","0.04338279739022255"
"168642","0.04318111762404442","0.04318111762404442","0.04318111762404442"
"168646","0.045864418148994446","0.045864418148994446","0.045864418148994446"
"168678","0.04403572902083397","0.04403572902083397","0.04403572902083397"
"168727","0.047857969999313354","0.047857969999313354","0.047857969999313354"
"168747","0.05520639941096306","0.05520639941096306","0.05520639941096306"
"168759","0.06811529397964478","0.06811529397964478","0.06811529397964478"
"168803","0.04850813001394272","0.04850813001394272","0.04850813001394272"
"168815","0.06162470206618309","0.06162470206618309","0.06162470206618309"
"168826","0.056016288697719574","0.056016288697719574","0.056016288697719574"
"168827","0.051102571189403534","0.051102571189403534","0.051102571189403534"
"168844","0.04027366638183594","0.04027366638183594","0.04027366638183594"
"168847","0.046494051814079285","0.046494051814079285","0.046494051814079285"
"168854","0.05910245701670647","0.05910245701670647","0.05910245701670647"
"168859","0.042808596044778824","0.042808596044778824","0.042808596044778824"
"168863","0.05278395861387253","0.05278395861387253","0.05278395861387253"
"168886","0.044047899544239044","0.044047899544239044","0.044047899544239044"
"168889","0.03545617684721947","0.03545617684721947","0.03545617684721947"
"168899","0.061828047037124634","0.061828047037124634","0.061828047037124634"
"168940","0.0646568089723587","0.0646568089723587","0.0646568089723587"
"168989","0.039610300213098526","0.039610300213098526","0.039610300213098526"
"168995","0.06608039140701294","0.06608039140701294","0.06608039140701294"
"169022","0.05605217069387436","0.05605217069387436","0.05605217069387436"
"169081","0.03072497621178627","0.03072497621178627","0.03072497621178627"
"169102","0.05003705993294716","0.05003705993294716","0.05003705993294716"
"169131","0.0366494357585907","0.0366494357585907","0.0366494357585907"
"169137","0.03886135667562485","0.03886135667562485","0.03886135667562485"
"169153","0.054166607558727264","0.054166607558727264","0.054166607558727264"
"169169","0.04694783687591553","0.04694783687591553","0.04694783687591553"
"169172","0.06829189509153366","0.06829189509153366","0.06829189509153366"
"169173","0.03632054850459099","0.03632054850459099","0.03632054850459099"
"169180","0.05046522244811058","0.05046522244811058","0.05046522244811058"
"169192","0.03950345888733864","0.03950345888733864","0.03950345888733864"
"169201","0.057508520781993866","0.057508520781993866","0.057508520781993866"
"169234","0.03142154589295387","0.03142154589295387","0.03142154589295387"
"169251","0.0447826012969017","0.0447826012969017","0.0447826012969017"
"169254","0.038007307797670364","0.038007307797670364","0.038007307797670364"
"169259","0.048379190266132355","0.048379190266132355","0.048379190266132355"
"169261","0.04580942541360855","0.04580942541360855","0.04580942541360855"
"169276","0.06981517374515533","0.06981517374515533","0.06981517374515533"
"169289","0.054784633219242096","0.054784633219242096","0.054784633219242096"
"169297","0.037417858839035034","0.037417858839035034","0.037417858839035034"
"169306","0.036332711577415466","0.036332711577415466","0.036332711577415466"
"169327","0.042508434504270554","0.042508434504270554","0.042508434504270554"
"169376","0.05950550734996796","0.05950550734996796","0.05950550734996796"
"169417","0.035446733236312866","0.035446733236312866","0.035446733236312866"
"169456","0.03772467374801636","0.03772467374801636","0.03772467374801636"
"169517","0.0467289462685585","0.0467289462685585","0.0467289462685585"
"169548","0.04523063078522682","0.04523063078522682","0.04523063078522682"
"169572","0.027714451774954796","0.027714451774954796","0.027714451774954796"
"169584","0.051137156784534454","0.051137156784534454","0.051137156784534454"
"169635","0.051249872893095016","0.051249872893095016","0.051249872893095016"
"169675","0.03007262945175171","0.03007262945175171","0.03007262945175171"
"169677","0.052771586924791336","0.052771586924791336","0.052771586924791336"
"169695","0.05998992919921875","0.05998992919921875","0.05998992919921875"
"169707","0.03526484593749046","0.03526484593749046","0.03526484593749046"
"169731","0.044709738343954086","0.044709738343954086","0.044709738343954086"
"169745","0.044641993939876556","0.044641993939876556","0.044641993939876556"
"169747","0.05028821527957916","0.05028821527957916","0.05028821527957916"
"169757","0.05208584666252136","0.05208584666252136","0.05208584666252136"
"169768","0.04296186566352844","0.04296186566352844","0.04296186566352844"
"169780","0.041067857295274734","0.041067857295274734","0.041067857295274734"
"169796","0.03964225575327873","0.03964225575327873","0.03964225575327873"
"169817","0.040169768035411835","0.040169768035411835","0.040169768035411835"
"169845","0.042222555726766586","0.042222555726766586","0.042222555726766586"
"169922","0.051262930035591125","0.051262930035591125","0.051262930035591125"
"169937","0.05419006943702698","0.05419006943702698","0.05419006943702698"
"169969","0.04940013214945793","0.04940013214945793","0.04940013214945793"
"169978","0.05324504151940346","0.05324504151940346","0.05324504151940346"
"170002","0.05570477992296219","0.05570477992296219","0.05570477992296219"
"170034","0.04290524870157242","0.04290524870157242","0.04290524870157242"
"170087","0.04669981822371483","0.04669981822371483","0.04669981822371483"
"170110","0.042142968624830246","0.042142968624830246","0.042142968624830246"
"170122","0.07092857360839844","0.07092857360839844","0.07092857360839844"
"170134","0.05644380301237106","0.05644380301237106","0.05644380301237106"
"170154","0.05639059096574783","0.05639059096574783","0.05639059096574783"
"170157","0.03308390453457832","0.03308390453457832","0.03308390453457832"
"170163","0.03658929839730263","0.03658929839730263","0.03658929839730263"
"170199","0.0642918050289154","0.0642918050289154","0.0642918050289154"
"170207","0.039116229861974716","0.039116229861974716","0.039116229861974716"
"170215","0.0658324807882309","0.0658324807882309","0.0658324807882309"
"170232","0.05071602389216423","0.05071602389216423","0.05071602389216423"
"170237","0.055041827261447906","0.055041827261447906","0.055041827261447906"
"170241","0.027062151581048965","0.027062151581048965","0.027062151581048965"
"170251","0.04933682829141617","0.04933682829141617","0.04933682829141617"
"170261","0.055087774991989136","0.055087774991989136","0.055087774991989136"
"170270","0.0502474308013916","0.0502474308013916","0.0502474308013916"
"170305","0.04663366079330444","0.04663366079330444","0.04663366079330444"
"170321","0.04217807948589325","0.04217807948589325","0.04217807948589325"
"170341","0.05118190497159958","0.05118190497159958","0.05118190497159958"
"170406","0.058814406394958496","0.058814406394958496","0.058814406394958496"
"170438","0.04628411680459976","0.04628411680459976","0.04628411680459976"
"170452","0.03508880361914635","0.03508880361914635","0.03508880361914635"
"170464","0.03718741238117218","0.03718741238117218","0.03718741238117218"
"170471","0.035671744495630264","0.035671744495630264","0.035671744495630264"
"170509","0.03148345649242401","0.03148345649242401","0.03148345649242401"
"170530","0.05610271915793419","0.05610271915793419","0.05610271915793419"
"170562","0.03983632102608681","0.03983632102608681","0.03983632102608681"
"170629","0.03588707745075226","0.03588707745075226","0.03588707745075226"
"170653","0.045297831296920776","0.045297831296920776","0.045297831296920776"
"170662","0.03864188864827156","0.03864188864827156","0.03864188864827156"
"170671","0.031291596591472626","0.031291596591472626","0.031291596591472626"
"170716","0.07268789410591125","0.07268789410591125","0.07268789410591125"
"170759","0.03644225001335144","0.03644225001335144","0.03644225001335144"
"170762","0.03790485858917236","0.03790485858917236","0.03790485858917236"
"170803","0.04343126714229584","0.04343126714229584","0.04343126714229584"
"170815","0.04858151823282242","0.04858151823282242","0.04858151823282242"
"170821","0.057920705527067184","0.057920705527067184","0.057920705527067184"
"170829","0.04521951824426651","0.04521951824426651","0.04521951824426651"
"170839","0.0409088134765625","0.0409088134765625","0.0409088134765625"
"170849","0.043623559176921844","0.043623559176921844","0.043623559176921844"
"170854","0.05321354418992996","0.05321354418992996","0.05321354418992996"
"170855","0.05183059722185135","0.05183059722185135","0.05183059722185135"
"170862","0.036565110087394714","0.036565110087394714","0.036565110087394714"
"170922","0.06174178048968315","0.06174178048968315","0.06174178048968315"
"170935","0.03866051509976387","0.03866051509976387","0.03866051509976387"
"170948","0.05883312225341797","0.05883312225341797","0.05883312225341797"
"170981","0.06620661169290543","0.06620661169290543","0.06620661169290543"
"171044","0.04665859788656235","0.04665859788656235","0.04665859788656235"
"171144","0.04082968831062317","0.04082968831062317","0.04082968831062317"
"171210","0.048110783100128174","0.048110783100128174","0.048110783100128174"
"171239","0.05163387954235077","0.05163387954235077","0.05163387954235077"
"171247","0.054447807371616364","0.054447807371616364","0.054447807371616364"
"171251","0.04864024743437767","0.04864024743437767","0.04864024743437767"
"171272","0.05463966727256775","0.05463966727256775","0.05463966727256775"
"171304","0.043980613350868225","0.043980613350868225","0.043980613350868225"
"171408","0.03686646372079849","0.03686646372079849","0.03686646372079849"
"171481","0.03265032172203064","0.03265032172203064","0.03265032172203064"
"171508","0.046786829829216","0.046786829829216","0.046786829829216"
"171515","0.036174967885017395","0.036174967885017395","0.036174967885017395"
"171527","0.05394606292247772","0.05394606292247772","0.05394606292247772"
"171533","0.04975983500480652","0.04975983500480652","0.04975983500480652"
"171547","0.044857874512672424","0.044857874512672424","0.044857874512672424"
"171617","0.04174293205142021","0.04174293205142021","0.04174293205142021"
"171670","0.042201198637485504","0.042201198637485504","0.042201198637485504"
"171685","0.03220890462398529","0.03220890462398529","0.03220890462398529"
"171704","0.045029617846012115","0.045029617846012115","0.045029617846012115"
"171710","0.03989047557115555","0.03989047557115555","0.03989047557115555"
"171718","0.05715718865394592","0.05715718865394592","0.05715718865394592"
"171719","0.05515596643090248","0.05515596643090248","0.05515596643090248"
"171762","0.04608776792883873","0.04608776792883873","0.04608776792883873"
"171795","0.04574776068329811","0.04574776068329811","0.04574776068329811"
"171818","0.04098762199282646","0.04098762199282646","0.04098762199282646"
"171839","0.03698527812957764","0.03698527812957764","0.03698527812957764"
"171850","0.04467758908867836","0.04467758908867836","0.04467758908867836"
"171891","0.04204711690545082","0.04204711690545082","0.04204711690545082"
"171939","0.034296296536922455","0.034296296536922455","0.034296296536922455"
"171968","0.050659969449043274","0.050659969449043274","0.050659969449043274"
"171990","0.05842268466949463","0.05842268466949463","0.05842268466949463"
"172008","0.04289725795388222","0.04289725795388222","0.04289725795388222"
"172015","0.06361403316259384","0.06361403316259384","0.06361403316259384"
"172017","0.05350136011838913","0.05350136011838913","0.05350136011838913"
"172042","0.046407148241996765","0.046407148241996765","0.046407148241996765"
"172057","0.05159739404916763","0.05159739404916763","0.05159739404916763"
"172102","0.045712269842624664","0.045712269842624664","0.045712269842624664"
"172123","0.04140026867389679","0.04140026867389679","0.04140026867389679"
"172145","0.03551802039146423","0.03551802039146423","0.03551802039146423"
"172150","0.03390693664550781","0.03390693664550781","0.03390693664550781"
"172159","0.05018612742424011","0.05018612742424011","0.05018612742424011"
"172173","0.06213781237602234","0.06213781237602234","0.06213781237602234"
"172193","0.056727923452854156","0.056727923452854156","0.056727923452854156"
"172209","0.03678488731384277","0.03678488731384277","0.03678488731384277"
"172214","0.05720283091068268","0.05720283091068268","0.05720283091068268"
"172265","0.05638694018125534","0.05638694018125534","0.05638694018125534"
"172267","0.06142551079392433","0.06142551079392433","0.06142551079392433"
"172294","0.05899376422166824","0.05899376422166824","0.05899376422166824"
"172302","0.03759923577308655","0.03759923577308655","0.03759923577308655"
"172394","0.04801969230175018","0.04801969230175018","0.04801969230175018"
"172396","0.05115525424480438","0.05115525424480438","0.05115525424480438"
"172397","0.040888700634241104","0.040888700634241104","0.040888700634241104"
"172408","0.04614730179309845","0.04614730179309845","0.04614730179309845"
"172437","0.08209869265556335","0.08209869265556335","0.08209869265556335"
"172438","0.04257964342832565","0.04257964342832565","0.04257964342832565"
"172477","0.05001239478588104","0.05001239478588104","0.05001239478588104"
"172484","0.04402349889278412","0.04402349889278412","0.04402349889278412"
"172516","0.04852678254246712","0.04852678254246712","0.04852678254246712"
"172529","0.052817486226558685","0.052817486226558685","0.052817486226558685"
"172533","0.036249056458473206","0.036249056458473206","0.036249056458473206"
"172557","0.05738045275211334","0.05738045275211334","0.05738045275211334"
"172569","0.04125816747546196","0.04125816747546196","0.04125816747546196"
"172571","0.03565452992916107","0.03565452992916107","0.03565452992916107"
"172574","0.07008790969848633","0.07008790969848633","0.07008790969848633"
"172583","0.052178479731082916","0.052178479731082916","0.052178479731082916"
"172610","0.04818377271294594","0.04818377271294594","0.04818377271294594"
"172669","0.037479594349861145","0.037479594349861145","0.037479594349861145"
"172690","0.04514592885971069","0.04514592885971069","0.04514592885971069"
"172750","0.06421159207820892","0.06421159207820892","0.06421159207820892"
"172763","0.055209025740623474","0.055209025740623474","0.055209025740623474"
"172770","0.03183191269636154","0.03183191269636154","0.03183191269636154"
"172775","0.03661996126174927","0.03661996126174927","0.03661996126174927"
"172794","0.02908296138048172","0.02908296138048172","0.02908296138048172"
"172798","0.046632204204797745","0.046632204204797745","0.046632204204797745"
"172812","0.06483455002307892","0.06483455002307892","0.06483455002307892"
"172822","0.027526192367076874","0.027526192367076874","0.027526192367076874"
"172829","0.05536936968564987","0.05536936968564987","0.05536936968564987"
"172850","0.05280298739671707","0.05280298739671707","0.05280298739671707"
"172852","0.05325847491621971","0.05325847491621971","0.05325847491621971"
"172864","0.04568551480770111","0.04568551480770111","0.04568551480770111"
"172943","0.04929402470588684","0.04929402470588684","0.04929402470588684"
"172944","0.04795132577419281","0.04795132577419281","0.04795132577419281"
"172951","0.06374955177307129","0.06374955177307129","0.06374955177307129"
"172985","0.04827073961496353","0.04827073961496353","0.04827073961496353"
"173028","0.04937491938471794","0.04937491938471794","0.04937491938471794"
"173029","0.031590960919857025","0.031590960919857025","0.031590960919857025"
"173034","0.04183303937315941","0.04183303937315941","0.04183303937315941"
"173036","0.055612947791814804","0.055612947791814804","0.055612947791814804"
"173049","0.05759136751294136","0.05759136751294136","0.05759136751294136"
"173051","0.04948944225907326","0.04948944225907326","0.04948944225907326"
"173068","0.04949214309453964","0.04949214309453964","0.04949214309453964"
"173077","0.03835432976484299","0.03835432976484299","0.03835432976484299"
"173084","0.04446255415678024","0.04446255415678024","0.04446255415678024"
"173136","0.055416591465473175","0.055416591465473175","0.055416591465473175"
"173165","0.05385442078113556","0.05385442078113556","0.05385442078113556"
"173182","0.06984713673591614","0.06984713673591614","0.06984713673591614"
"173276","0.05460743606090546","0.05460743606090546","0.05460743606090546"
"173335","0.051507867872714996","0.051507867872714996","0.051507867872714996"
"173347","0.041849132627248764","0.041849132627248764","0.041849132627248764"
"173352","0.0744732916355133","0.0744732916355133","0.0744732916355133"
"173404","0.04378308355808258","0.04378308355808258","0.04378308355808258"
"173450","0.05053006112575531","0.05053006112575531","0.05053006112575531"
"173457","0.05147264897823334","0.05147264897823334","0.05147264897823334"
"173476","0.050253257155418396","0.050253257155418396","0.050253257155418396"
"173495","0.04422002658247948","0.04422002658247948","0.04422002658247948"
"173549","0.042676255106925964","0.042676255106925964","0.042676255106925964"
"173558","0.046218205243349075","0.046218205243349075","0.046218205243349075"
"173581","0.03527829051017761","0.03527829051017761","0.03527829051017761"
"173599","0.06442633271217346","0.06442633271217346","0.06442633271217346"
"173665","0.03959627076983452","0.03959627076983452","0.03959627076983452"
"173674","0.058232635259628296","0.058232635259628296","0.058232635259628296"
"173679","0.03158211708068848","0.03158211708068848","0.03158211708068848"
"173711","0.05588667839765549","0.05588667839765549","0.05588667839765549"
"173847","0.031168419867753983","0.031168419867753983","0.031168419867753983"
"173868","0.04979752376675606","0.04979752376675606","0.04979752376675606"
"173882","0.04624325409531593","0.04624325409531593","0.04624325409531593"
"173887","0.029239585623145103","0.029239585623145103","0.029239585623145103"
"173900","0.06420232355594635","0.06420232355594635","0.06420232355594635"
"173923","0.03384207561612129","0.03384207561612129","0.03384207561612129"
"173924","0.02939736284315586","0.02939736284315586","0.02939736284315586"
"173944","0.05334080755710602","0.05334080755710602","0.05334080755710602"
"173957","0.060154542326927185","0.060154542326927185","0.060154542326927185"
"173982","0.058021023869514465","0.058021023869514465","0.058021023869514465"
"173990","0.041034989058971405","0.041034989058971405","0.041034989058971405"
"174004","0.05668322741985321","0.05668322741985321","0.05668322741985321"
"174037","0.052206799387931824","0.052206799387931824","0.052206799387931824"
"174053","0.044756680727005005","0.044756680727005005","0.044756680727005005"
"174122","0.04395997151732445","0.04395997151732445","0.04395997151732445"
"174124","0.0472034253180027","0.0472034253180027","0.0472034253180027"
"174145","0.04324577748775482","0.04324577748775482","0.04324577748775482"
"174185","0.04351258650422096","0.04351258650422096","0.04351258650422096"
"174196","0.03417152166366577","0.03417152166366577","0.03417152166366577"
"174209","0.035685695707798004","0.035685695707798004","0.035685695707798004"
"174210","0.03946564719080925","0.03946564719080925","0.03946564719080925"
"174242","0.04514692723751068","0.04514692723751068","0.04514692723751068"
"174257","0.04036213830113411","0.04036213830113411","0.04036213830113411"
"174278","0.04654607176780701","0.04654607176780701","0.04654607176780701"
"174339","0.0523780882358551","0.0523780882358551","0.0523780882358551"
"174368","0.04825538769364357","0.04825538769364357","0.04825538769364357"
"174442","0.04920525103807449","0.04920525103807449","0.04920525103807449"
"174444","0.04620109125971794","0.04620109125971794","0.04620109125971794"
"174466","0.0514274463057518","0.0514274463057518","0.0514274463057518"
"174551","0.05085223168134689","0.05085223168134689","0.05085223168134689"
"174553","0.03098525106906891","0.03098525106906891","0.03098525106906891"
"174561","0.041311927139759064","0.041311927139759064","0.041311927139759064"
"174580","0.046291645616292953","0.046291645616292953","0.046291645616292953"
"174635","0.03880630433559418","0.03880630433559418","0.03880630433559418"
"174655","0.04094581678509712","0.04094581678509712","0.04094581678509712"
"174661","0.035481106489896774","0.035481106489896774","0.035481106489896774"
"174679","0.03624216467142105","0.03624216467142105","0.03624216467142105"
"174701","0.05988387018442154","0.05988387018442154","0.05988387018442154"
"174752","0.02809787355363369","0.02809787355363369","0.02809787355363369"
"174782","0.0590658038854599","0.0590658038854599","0.0590658038854599"
"174784","0.044543780386447906","0.044543780386447906","0.044543780386447906"
"174786","0.04731022194027901","0.04731022194027901","0.04731022194027901"
"174801","0.059493307024240494","0.059493307024240494","0.059493307024240494"
"174807","0.047765471041202545","0.047765471041202545","0.047765471041202545"
"174815","0.050734877586364746","0.050734877586364746","0.050734877586364746"
"174855","0.05905938148498535","0.05905938148498535","0.05905938148498535"
"174882","0.06284023076295853","0.06284023076295853","0.06284023076295853"
"174915","0.048146702349185944","0.048146702349185944","0.048146702349185944"
"175014","0.03884247690439224","0.03884247690439224","0.03884247690439224"
"175018","0.038752056658267975","0.038752056658267975","0.038752056658267975"
"175019","0.0701613575220108","0.0701613575220108","0.0701613575220108"
"175032","0.053394779562950134","0.053394779562950134","0.053394779562950134"
"175035","0.03751503676176071","0.03751503676176071","0.03751503676176071"
"175062","0.035824306309223175","0.035824306309223175","0.035824306309223175"
"175105","0.04513091593980789","0.04513091593980789","0.04513091593980789"
"175111","0.04157518595457077","0.04157518595457077","0.04157518595457077"
"175177","0.0356355682015419","0.0356355682015419","0.0356355682015419"
"175182","0.04177930951118469","0.04177930951118469","0.04177930951118469"
"175278","0.059019625186920166","0.059019625186920166","0.059019625186920166"
"175325","0.03887350484728813","0.03887350484728813","0.03887350484728813"
"175372","0.040612176060676575","0.040612176060676575","0.040612176060676575"
"175417","0.0482916533946991","0.0482916533946991","0.0482916533946991"
"175422","0.05802068114280701","0.05802068114280701","0.05802068114280701"
"175433","0.06242511421442032","0.06242511421442032","0.06242511421442032"
"175439","0.045681267976760864","0.045681267976760864","0.045681267976760864"
"175447","0.04182959720492363","0.04182959720492363","0.04182959720492363"
"175457","0.06821523606777191","0.06821523606777191","0.06821523606777191"
"175459","0.062470823526382446","0.062470823526382446","0.062470823526382446"
"175465","0.06235211342573166","0.06235211342573166","0.06235211342573166"
"175503","0.04022485390305519","0.04022485390305519","0.04022485390305519"
"175603","0.038455016911029816","0.038455016911029816","0.038455016911029816"
"175614","0.053727082908153534","0.053727082908153534","0.053727082908153534"
"175678","0.04792593792080879","0.04792593792080879","0.04792593792080879"
"175679","0.05457880347967148","0.05457880347967148","0.05457880347967148"
"175716","0.03783683478832245","0.03783683478832245","0.03783683478832245"
"175754","0.054422929883003235","0.054422929883003235","0.054422929883003235"
"175771","0.03396202623844147","0.03396202623844147","0.03396202623844147"
"175782","0.06319129467010498","0.06319129467010498","0.06319129467010498"
"175806","0.04774334654211998","0.04774334654211998","0.04774334654211998"
"175829","0.04719890281558037","0.04719890281558037","0.04719890281558037"
"175832","0.06480028480291367","0.06480028480291367","0.06480028480291367"
"175845","0.07607041299343109","0.07607041299343109","0.07607041299343109"
"175847","0.0412621945142746","0.0412621945142746","0.0412621945142746"
"175875","0.05172250419855118","0.05172250419855118","0.05172250419855118"
"175916","0.055495817214250565","0.055495817214250565","0.055495817214250565"
"175918","0.06809867918491364","0.06809867918491364","0.06809867918491364"
"175958","0.054475583136081696","0.054475583136081696","0.054475583136081696"
"176042","0.0423092395067215","0.0423092395067215","0.0423092395067215"
"176056","0.0795617550611496","0.0795617550611496","0.0795617550611496"
"176076","0.03734356164932251","0.03734356164932251","0.03734356164932251"
"176087","0.03702544420957565","0.03702544420957565","0.03702544420957565"
"176090","0.03559506684541702","0.03559506684541702","0.03559506684541702"
"176106","0.05104310065507889","0.05104310065507889","0.05104310065507889"
"176129","0.05583280697464943","0.05583280697464943","0.05583280697464943"
"176166","0.046092450618743896","0.046092450618743896","0.046092450618743896"
"176192","0.03758857026696205","0.03758857026696205","0.03758857026696205"
"176198","0.039715901017189026","0.039715901017189026","0.039715901017189026"
"176201","0.05053041875362396","0.05053041875362396","0.05053041875362396"
"176216","0.04680609703063965","0.04680609703063965","0.04680609703063965"
"176231","0.03933807089924812","0.03933807089924812","0.03933807089924812"
"176246","0.03630392998456955","0.03630392998456955","0.03630392998456955"
"176263","0.03929862380027771","0.03929862380027771","0.03929862380027771"
"176266","0.050272248685359955","0.050272248685359955","0.050272248685359955"
"176271","0.0495285838842392","0.0495285838842392","0.0495285838842392"
"176285","0.046031802892684937","0.046031802892684937","0.046031802892684937"
"176296","0.06165766716003418","0.06165766716003418","0.06165766716003418"
"176315","0.04854179918766022","0.04854179918766022","0.04854179918766022"
"176373","0.04978552460670471","0.04978552460670471","0.04978552460670471"
"176401","0.053899094462394714","0.053899094462394714","0.053899094462394714"
"176426","0.03508754074573517","0.03508754074573517","0.03508754074573517"
"176437","0.040868129581213","0.040868129581213","0.040868129581213"
"176476","0.049811989068984985","0.049811989068984985","0.049811989068984985"
"176492","0.06465982645750046","0.06465982645750046","0.06465982645750046"
"176534","0.04114389047026634","0.04114389047026634","0.04114389047026634"
"176553","0.04435498267412186","0.04435498267412186","0.04435498267412186"
"176575","0.032959312200546265","0.032959312200546265","0.032959312200546265"
"176601","0.04914117604494095","0.04914117604494095","0.04914117604494095"
"176633","0.0519377626478672","0.0519377626478672","0.0519377626478672"
"176634","0.05448310077190399","0.05448310077190399","0.05448310077190399"
"176641","0.04047766327857971","0.04047766327857971","0.04047766327857971"
"176646","0.06869938969612122","0.06869938969612122","0.06869938969612122"
"176695","0.05017458647489548","0.05017458647489548","0.05017458647489548"
"176708","0.036785662174224854","0.036785662174224854","0.036785662174224854"
"176712","0.08056040853261948","0.08056040853261948","0.08056040853261948"
"176719","0.0370858870446682","0.0370858870446682","0.0370858870446682"
"176733","0.05686740577220917","0.05686740577220917","0.05686740577220917"
"176747","0.04865732416510582","0.04865732416510582","0.04865732416510582"
"176757","0.04769815132021904","0.04769815132021904","0.04769815132021904"
"176768","0.046151384711265564","0.046151384711265564","0.046151384711265564"
"176772","0.07696758210659027","0.07696758210659027","0.07696758210659027"
"176784","0.051613036543130875","0.051613036543130875","0.051613036543130875"
"176798","0.035397641360759735","0.035397641360759735","0.035397641360759735"
"176812","0.04714719578623772","0.04714719578623772","0.04714719578623772"
"176871","0.05429740995168686","0.05429740995168686","0.05429740995168686"
"176952","0.04175291582942009","0.04175291582942009","0.04175291582942009"
"176957","0.03796476498246193","0.03796476498246193","0.03796476498246193"
"177030","0.054527122527360916","0.054527122527360916","0.054527122527360916"
"177082","0.04237131401896477","0.04237131401896477","0.04237131401896477"
"177083","0.03287532180547714","0.03287532180547714","0.03287532180547714"
"177095","0.05314892902970314","0.05314892902970314","0.05314892902970314"
"177113","0.03569211810827255","0.03569211810827255","0.03569211810827255"
"177130","0.0320301316678524","0.0320301316678524","0.0320301316678524"
"177153","0.05733782798051834","0.05733782798051834","0.05733782798051834"
"177162","0.055046603083610535","0.055046603083610535","0.055046603083610535"
"177179","0.05326744168996811","0.05326744168996811","0.05326744168996811"
"177190","0.04210883006453514","0.04210883006453514","0.04210883006453514"
"177199","0.05765942111611366","0.05765942111611366","0.05765942111611366"
"177204","0.0458776019513607","0.0458776019513607","0.0458776019513607"
"177211","0.03230605274438858","0.03230605274438858","0.03230605274438858"
"177273","0.035846322774887085","0.035846322774887085","0.035846322774887085"
"177275","0.04401948302984238","0.04401948302984238","0.04401948302984238"
"177395","0.06814024597406387","0.06814024597406387","0.06814024597406387"
"177448","0.03846555948257446","0.03846555948257446","0.03846555948257446"
"177454","0.04130709916353226","0.04130709916353226","0.04130709916353226"
"177470","0.03722178936004639","0.03722178936004639","0.03722178936004639"
"177488","0.0579286590218544","0.0579286590218544","0.0579286590218544"
"177493","0.041530806571245193","0.041530806571245193","0.041530806571245193"
"177526","0.05040496587753296","0.05040496587753296","0.05040496587753296"
"177546","0.03980192169547081","0.03980192169547081","0.03980192169547081"
"177585","0.054250963032245636","0.054250963032245636","0.054250963032245636"
"177600","0.037258319556713104","0.037258319556713104","0.037258319556713104"
"177636","0.038844503462314606","0.038844503462314606","0.038844503462314606"
"177658","0.052091002464294434","0.052091002464294434","0.052091002464294434"
"177663","0.046571727842092514","0.046571727842092514","0.046571727842092514"
"177665","0.04262305051088333","0.04262305051088333","0.04262305051088333"
"177673","0.04743329435586929","0.04743329435586929","0.04743329435586929"
"177675","0.04857045039534569","0.04857045039534569","0.04857045039534569"
"177688","0.04760593920946121","0.04760593920946121","0.04760593920946121"
"177696","0.047217730432748795","0.047217730432748795","0.047217730432748795"
"177704","0.039258092641830444","0.039258092641830444","0.039258092641830444"
"177707","0.05038350448012352","0.05038350448012352","0.05038350448012352"
"177712","0.0434756875038147","0.0434756875038147","0.0434756875038147"
"177713","0.046808578073978424","0.046808578073978424","0.046808578073978424"
"177758","0.04673917219042778","0.04673917219042778","0.04673917219042778"
"177776","0.047275982797145844","0.047275982797145844","0.047275982797145844"
"177874","0.035028621554374695","0.035028621554374695","0.035028621554374695"
"177877","0.03714365139603615","0.03714365139603615","0.03714365139603615"
"177983","0.058377478271722794","0.058377478271722794","0.058377478271722794"
"177987","0.06388267129659653","0.06388267129659653","0.06388267129659653"
"177993","0.053260426968336105","0.053260426968336105","0.053260426968336105"
"178013","0.04264117777347565","0.04264117777347565","0.04264117777347565"
"178016","0.03415688872337341","0.03415688872337341","0.03415688872337341"
"178050","0.038420941680669785","0.038420941680669785","0.038420941680669785"
"178055","0.048887867480516434","0.048887867480516434","0.048887867480516434"
"178056","0.041695982217788696","0.041695982217788696","0.041695982217788696"
"178067","0.05108322948217392","0.05108322948217392","0.05108322948217392"
"178100","0.053154852241277695","0.053154852241277695","0.053154852241277695"
"178105","0.055303413420915604","0.055303413420915604","0.055303413420915604"
"178113","0.06678000092506409","0.06678000092506409","0.06678000092506409"
"178123","0.04279471933841705","0.04279471933841705","0.04279471933841705"
"178132","0.035078536719083786","0.035078536719083786","0.035078536719083786"
"178134","0.054816871881484985","0.054816871881484985","0.054816871881484985"
"178156","0.06468167901039124","0.06468167901039124","0.06468167901039124"
"178242","0.033218398690223694","0.033218398690223694","0.033218398690223694"
"178284","0.035127297043800354","0.035127297043800354","0.035127297043800354"
"178303","0.034859612584114075","0.034859612584114075","0.034859612584114075"
"178306","0.054122403264045715","0.054122403264045715","0.054122403264045715"
"178341","0.06137171760201454","0.06137171760201454","0.06137171760201454"
"178351","0.03487837314605713","0.03487837314605713","0.03487837314605713"
"178381","0.04439755529165268","0.04439755529165268","0.04439755529165268"
"178407","0.050663650035858154","0.050663650035858154","0.050663650035858154"
"178408","0.035231221467256546","0.035231221467256546","0.035231221467256546"
"178410","0.05263016000390053","0.05263016000390053","0.05263016000390053"
"178412","0.04504287987947464","0.04504287987947464","0.04504287987947464"
"178419","0.04880993068218231","0.04880993068218231","0.04880993068218231"
"178455","0.05248573422431946","0.05248573422431946","0.05248573422431946"
"178485","0.04533388093113899","0.04533388093113899","0.04533388093113899"
"178491","0.054599739611148834","0.054599739611148834","0.054599739611148834"
"178609","0.0745590403676033","0.0745590403676033","0.0745590403676033"
"178627","0.0391811765730381","0.0391811765730381","0.0391811765730381"
"178660","0.05948804318904877","0.05948804318904877","0.05948804318904877"
"178709","0.043554164469242096","0.043554164469242096","0.043554164469242096"
"178755","0.05719010531902313","0.05719010531902313","0.05719010531902313"
"178761","0.03812108188867569","0.03812108188867569","0.03812108188867569"
"178787","0.05102373659610748","0.05102373659610748","0.05102373659610748"
"178793","0.052914902567863464","0.052914902567863464","0.052914902567863464"
"178808","0.053373899310827255","0.053373899310827255","0.053373899310827255"
"178819","0.07088767737150192","0.07088767737150192","0.07088767737150192"
"178823","0.031631238758563995","0.031631238758563995","0.031631238758563995"
"178863","0.035057902336120605","0.035057902336120605","0.035057902336120605"
"178884","0.03571116924285889","0.03571116924285889","0.03571116924285889"
"178900","0.05377216637134552","0.05377216637134552","0.05377216637134552"
"178956","0.03754815459251404","0.03754815459251404","0.03754815459251404"
"178957","0.04623516649007797","0.04623516649007797","0.04623516649007797"
"178970","0.04628514125943184","0.04628514125943184","0.04628514125943184"
"178984","0.051042817533016205","0.051042817533016205","0.051042817533016205"
"178989","0.06627234071493149","0.06627234071493149","0.06627234071493149"
"179001","0.070042185485363","0.070042185485363","0.070042185485363"
"179029","0.04335574433207512","0.04335574433207512","0.04335574433207512"
"179039","0.0506603866815567","0.0506603866815567","0.0506603866815567"
"179042","0.04964141175150871","0.04964141175150871","0.04964141175150871"
"179056","0.06696496903896332","0.06696496903896332","0.06696496903896332"
"179064","0.03585390746593475","0.03585390746593475","0.03585390746593475"
"179101","0.06091085076332092","0.06091085076332092","0.06091085076332092"
"179110","0.03797290101647377","0.03797290101647377","0.03797290101647377"
"179169","0.04151065647602081","0.04151065647602081","0.04151065647602081"
"179175","0.02905455231666565","0.02905455231666565","0.02905455231666565"
"179176","0.026569770649075508","0.026569770649075508","0.026569770649075508"
"179193","0.04260663688182831","0.04260663688182831","0.04260663688182831"
"179195","0.02499316819012165","0.02499316819012165","0.02499316819012165"
"179286","0.0533967986702919","0.0533967986702919","0.0533967986702919"
"179296","0.04614606499671936","0.04614606499671936","0.04614606499671936"
"179300","0.039476655423641205","0.039476655423641205","0.039476655423641205"
"179311","0.035371508449316025","0.035371508449316025","0.035371508449316025"
"179354","0.04539387673139572","0.04539387673139572","0.04539387673139572"
"179362","0.037796907126903534","0.037796907126903534","0.037796907126903534"
"179365","0.056916337460279465","0.056916337460279465","0.056916337460279465"
"179370","0.07318183034658432","0.07318183034658432","0.07318183034658432"
"179375","0.030704841017723083","0.030704841017723083","0.030704841017723083"
"179379","0.04792611673474312","0.04792611673474312","0.04792611673474312"
"179383","0.04905442148447037","0.04905442148447037","0.04905442148447037"
"179385","0.051335882395505905","0.051335882395505905","0.051335882395505905"
"179397","0.046688012778759","0.046688012778759","0.046688012778759"
"179398","0.03130161762237549","0.03130161762237549","0.03130161762237549"
"179399","0.041444774717092514","0.041444774717092514","0.041444774717092514"
"179435","0.04105401039123535","0.04105401039123535","0.04105401039123535"
"179456","0.045095767825841904","0.045095767825841904","0.045095767825841904"
"179460","0.04874074459075928","0.04874074459075928","0.04874074459075928"
"179498","0.05529709532856941","0.05529709532856941","0.05529709532856941"
"179510","0.03895815089344978","0.03895815089344978","0.03895815089344978"
"179526","0.04527359455823898","0.04527359455823898","0.04527359455823898"
"179534","0.03859724849462509","0.03859724849462509","0.03859724849462509"
"179587","0.05400826036930084","0.05400826036930084","0.05400826036930084"
"179621","0.04820547252893448","0.04820547252893448","0.04820547252893448"
"179629","0.03904908150434494","0.03904908150434494","0.03904908150434494"
"179632","0.06374425441026688","0.06374425441026688","0.06374425441026688"
"179633","0.04098665714263916","0.04098665714263916","0.04098665714263916"
"179678","0.04631461203098297","0.04631461203098297","0.04631461203098297"
"179687","0.05043432489037514","0.05043432489037514","0.05043432489037514"
"179689","0.06089397892355919","0.06089397892355919","0.06089397892355919"
"179708","0.047281086444854736","0.047281086444854736","0.047281086444854736"
"179745","0.04338131844997406","0.04338131844997406","0.04338131844997406"
"179758","0.04171273857355118","0.04171273857355118","0.04171273857355118"
"179776","0.04413483291864395","0.04413483291864395","0.04413483291864395"
"179794","0.05399557203054428","0.05399557203054428","0.05399557203054428"
"179815","0.04213135316967964","0.04213135316967964","0.04213135316967964"
"179823","0.04318838566541672","0.04318838566541672","0.04318838566541672"
"179831","0.04921358823776245","0.04921358823776245","0.04921358823776245"
"179864","0.04855286702513695","0.04855286702513695","0.04855286702513695"
"179865","0.03058716468513012","0.03058716468513012","0.03058716468513012"
"179899","0.08095841854810715","0.08095841854810715","0.08095841854810715"
"180007","0.04160918667912483","0.04160918667912483","0.04160918667912483"
"180020","0.061548955738544464","0.061548955738544464","0.061548955738544464"
"180044","0.04847779870033264","0.04847779870033264","0.04847779870033264"
"180049","0.04749220237135887","0.04749220237135887","0.04749220237135887"
"180081","0.04662370681762695","0.04662370681762695","0.04662370681762695"
"180171","0.03729390352964401","0.03729390352964401","0.03729390352964401"
"180180","0.052425459027290344","0.052425459027290344","0.052425459027290344"
"180210","0.05853720381855965","0.05853720381855965","0.05853720381855965"
"180286","0.033990971744060516","0.033990971744060516","0.033990971744060516"
"180305","0.03752251714468002","0.03752251714468002","0.03752251714468002"
"180311","0.043201152235269547","0.043201152235269547","0.043201152235269547"
"180343","0.027577662840485573","0.027577662840485573","0.027577662840485573"
"180361","0.05842366814613342","0.05842366814613342","0.05842366814613342"
"180411","0.04990214854478836","0.04990214854478836","0.04990214854478836"
"180419","0.052352916449308395","0.052352916449308395","0.052352916449308395"
"180427","0.0463399738073349","0.0463399738073349","0.0463399738073349"
"180465","0.045972421765327454","0.045972421765327454","0.045972421765327454"
"180486","0.03844179958105087","0.03844179958105087","0.03844179958105087"
"180505","0.05775142088532448","0.05775142088532448","0.05775142088532448"
"180512","0.03643833100795746","0.03643833100795746","0.03643833100795746"
"180519","0.03975240886211395","0.03975240886211395","0.03975240886211395"
"180529","0.03879682347178459","0.03879682347178459","0.03879682347178459"
"180545","0.03933318331837654","0.03933318331837654","0.03933318331837654"
"180576","0.047224678099155426","0.047224678099155426","0.047224678099155426"
"180628","0.05681247264146805","0.05681247264146805","0.05681247264146805"
"180633","0.05472573637962341","0.05472573637962341","0.05472573637962341"
"180637","0.05309794843196869","0.05309794843196869","0.05309794843196869"
"180648","0.03721093013882637","0.03721093013882637","0.03721093013882637"
"180664","0.040609829127788544","0.040609829127788544","0.040609829127788544"
"180667","0.043517567217350006","0.043517567217350006","0.043517567217350006"
"180687","0.034113675355911255","0.034113675355911255","0.034113675355911255"
"180710","0.05636214092373848","0.05636214092373848","0.05636214092373848"
"180719","0.05435185879468918","0.05435185879468918","0.05435185879468918"
"180733","0.048764146864414215","0.048764146864414215","0.048764146864414215"
"180756","0.038343776017427444","0.038343776017427444","0.038343776017427444"
"180788","0.04730754718184471","0.04730754718184471","0.04730754718184471"
"180796","0.055433034896850586","0.055433034896850586","0.055433034896850586"
"180802","0.050354041159152985","0.050354041159152985","0.050354041159152985"
"180814","0.046842578798532486","0.046842578798532486","0.046842578798532486"
"180821","0.05917666479945183","0.05917666479945183","0.05917666479945183"
"180832","0.038557760417461395","0.038557760417461395","0.038557760417461395"
"180846","0.049494773149490356","0.049494773149490356","0.049494773149490356"
"180866","0.040995195508003235","0.040995195508003235","0.040995195508003235"
"180882","0.040824323892593384","0.040824323892593384","0.040824323892593384"
"180888","0.05685218423604965","0.05685218423604965","0.05685218423604965"
"180920","0.05017582327127457","0.05017582327127457","0.05017582327127457"
"180992","0.062200307846069336","0.062200307846069336","0.062200307846069336"
"180994","0.05350643768906593","0.05350643768906593","0.05350643768906593"
"181028","0.04682215675711632","0.04682215675711632","0.04682215675711632"
"181080","0.04483489319682121","0.04483489319682121","0.04483489319682121"
"181100","0.051504116505384445","0.051504116505384445","0.051504116505384445"
"181172","0.04419532045722008","0.04419532045722008","0.04419532045722008"
"181206","0.0459921695291996","0.0459921695291996","0.0459921695291996"
"181240","0.05622873827815056","0.05622873827815056","0.05622873827815056"
"181253","0.03343721479177475","0.03343721479177475","0.03343721479177475"
"181271","0.05161576718091965","0.05161576718091965","0.05161576718091965"
"181302","0.053031984716653824","0.053031984716653824","0.053031984716653824"
"181305","0.05186678096652031","0.05186678096652031","0.05186678096652031"
"181309","0.03708679974079132","0.03708679974079132","0.03708679974079132"
"181315","0.03498195856809616","0.03498195856809616","0.03498195856809616"
"181345","0.047627031803131104","0.047627031803131104","0.047627031803131104"
"181394","0.06053720787167549","0.06053720787167549","0.06053720787167549"
"181476","0.05032547563314438","0.05032547563314438","0.05032547563314438"
"181477","0.029948128387331963","0.029948128387331963","0.029948128387331963"
"181489","0.041089076548814774","0.041089076548814774","0.041089076548814774"
"181533","0.04504310339689255","0.04504310339689255","0.04504310339689255"
"181565","0.04254933446645737","0.04254933446645737","0.04254933446645737"
"181569","0.03841247037053108","0.03841247037053108","0.03841247037053108"
"181570","0.06849753111600876","0.06849753111600876","0.06849753111600876"
"181586","0.06147869676351547","0.06147869676351547","0.06147869676351547"
"181594","0.03888515383005142","0.03888515383005142","0.03888515383005142"
"181664","0.05841761827468872","0.05841761827468872","0.05841761827468872"
"181674","0.03252825140953064","0.03252825140953064","0.03252825140953064"
"181690","0.059929464012384415","0.059929464012384415","0.059929464012384415"
"181717","0.03192158043384552","0.03192158043384552","0.03192158043384552"
"181731","0.037191055715084076","0.037191055715084076","0.037191055715084076"
"181773","0.04289077967405319","0.04289077967405319","0.04289077967405319"
"181803","0.05489373207092285","0.05489373207092285","0.05489373207092285"
"181811","0.06164246052503586","0.06164246052503586","0.06164246052503586"
"181822","0.03875286504626274","0.03875286504626274","0.03875286504626274"
"181850","0.05070008710026741","0.05070008710026741","0.05070008710026741"
"181877","0.05834968388080597","0.05834968388080597","0.05834968388080597"
"181881","0.06193498522043228","0.06193498522043228","0.06193498522043228"
"181898","0.05814157798886299","0.05814157798886299","0.05814157798886299"
"181899","0.044815175235271454","0.044815175235271454","0.044815175235271454"
"181908","0.03323233127593994","0.03323233127593994","0.03323233127593994"
"181937","0.045558616518974304","0.045558616518974304","0.045558616518974304"
"181992","0.06086946651339531","0.06086946651339531","0.06086946651339531"
"182013","0.04327978193759918","0.04327978193759918","0.04327978193759918"
"182026","0.04331811144948006","0.04331811144948006","0.04331811144948006"
"182035","0.03930851072072983","0.03930851072072983","0.03930851072072983"
"182042","0.0661739856004715","0.0661739856004715","0.0661739856004715"
"182043","0.053735218942165375","0.053735218942165375","0.053735218942165375"
"182057","0.0564512275159359","0.0564512275159359","0.0564512275159359"
"182060","0.04294804111123085","0.04294804111123085","0.04294804111123085"
"182081","0.0388733372092247","0.0388733372092247","0.0388733372092247"
"182095","0.04618620127439499","0.04618620127439499","0.04618620127439499"
"182125","0.04690931737422943","0.04690931737422943","0.04690931737422943"
"182185","0.0653713271021843","0.0653713271021843","0.0653713271021843"
"182188","0.05106908082962036","0.05106908082962036","0.05106908082962036"
"182196","0.05057661980390549","0.05057661980390549","0.05057661980390549"
"182204","0.04300825297832489","0.04300825297832489","0.04300825297832489"
"182224","0.06320996582508087","0.06320996582508087","0.06320996582508087"
"182234","0.05401846021413803","0.05401846021413803","0.05401846021413803"
"182246","0.04385136067867279","0.04385136067867279","0.04385136067867279"
"182261","0.061774272471666336","0.061774272471666336","0.061774272471666336"
"182265","0.04795515537261963","0.04795515537261963","0.04795515537261963"
"182300","0.045275282114744186","0.045275282114744186","0.045275282114744186"
"182310","0.03792019933462143","0.03792019933462143","0.03792019933462143"
"182337","0.040793996304273605","0.040793996304273605","0.040793996304273605"
"182355","0.05723273754119873","0.05723273754119873","0.05723273754119873"
"182367","0.054361678659915924","0.054361678659915924","0.054361678659915924"
"182405","0.04235270246863365","0.04235270246863365","0.04235270246863365"
"182502","0.05575370043516159","0.05575370043516159","0.05575370043516159"
"182507","0.04476737231016159","0.04476737231016159","0.04476737231016159"
"182522","0.08320283889770508","0.08320283889770508","0.08320283889770508"
"182536","0.04872988164424896","0.04872988164424896","0.04872988164424896"
"182565","0.05069819092750549","0.05069819092750549","0.05069819092750549"
"182621","0.04380965232849121","0.04380965232849121","0.04380965232849121"
"182623","0.03983432054519653","0.03983432054519653","0.03983432054519653"
"182686","0.05176420137286186","0.05176420137286186","0.05176420137286186"
"182697","0.03493907302618027","0.03493907302618027","0.03493907302618027"
"182712","0.03499668836593628","0.03499668836593628","0.03499668836593628"
"182746","0.033338725566864014","0.033338725566864014","0.033338725566864014"
"182751","0.041009288281202316","0.041009288281202316","0.041009288281202316"
"182770","0.04532574862241745","0.04532574862241745","0.04532574862241745"
"182795","0.059794578701257706","0.059794578701257706","0.059794578701257706"
"182807","0.03429180383682251","0.03429180383682251","0.03429180383682251"
"182811","0.04461372643709183","0.04461372643709183","0.04461372643709183"
"182833","0.04694994539022446","0.04694994539022446","0.04694994539022446"
"182907","0.05155901610851288","0.05155901610851288","0.05155901610851288"
"182949","0.05896709859371185","0.05896709859371185","0.05896709859371185"
"182964","0.05358503758907318","0.05358503758907318","0.05358503758907318"
"183011","0.0340314619243145","0.0340314619243145","0.0340314619243145"
"183032","0.06968984007835388","0.06968984007835388","0.06968984007835388"
"183059","0.05717459321022034","0.05717459321022034","0.05717459321022034"
"183075","0.04788536578416824","0.04788536578416824","0.04788536578416824"
"183089","0.053053900599479675","0.053053900599479675","0.053053900599479675"
"183135","0.056429482996463776","0.056429482996463776","0.056429482996463776"
"183157","0.04307100176811218","0.04307100176811218","0.04307100176811218"
"183175","0.07040169090032578","0.07040169090032578","0.07040169090032578"
"183180","0.052828267216682434","0.052828267216682434","0.052828267216682434"
"183190","0.04259633272886276","0.04259633272886276","0.04259633272886276"
"183212","0.02918645553290844","0.02918645553290844","0.02918645553290844"
"183223","0.05632200092077255","0.05632200092077255","0.05632200092077255"
"183229","0.06914844363927841","0.06914844363927841","0.06914844363927841"
"183245","0.029970258474349976","0.029970258474349976","0.029970258474349976"
"183248","0.0422477051615715","0.0422477051615715","0.0422477051615715"
"183255","0.042640067636966705","0.042640067636966705","0.042640067636966705"
"183299","0.05117427930235863","0.05117427930235863","0.05117427930235863"
"183336","0.03941528499126434","0.03941528499126434","0.03941528499126434"
"183343","0.050451651215553284","0.050451651215553284","0.050451651215553284"
"183360","0.05715145915746689","0.05715145915746689","0.05715145915746689"
"183398","0.03757473826408386","0.03757473826408386","0.03757473826408386"
"183420","0.0395924374461174","0.0395924374461174","0.0395924374461174"
"183448","0.04887634888291359","0.04887634888291359","0.04887634888291359"
"183475","0.04367849975824356","0.04367849975824356","0.04367849975824356"
"183476","0.04209373891353607","0.04209373891353607","0.04209373891353607"
"183513","0.0628519356250763","0.0628519356250763","0.0628519356250763"
"183569","0.048284851014614105","0.048284851014614105","0.048284851014614105"
"183572","0.04103026166558266","0.04103026166558266","0.04103026166558266"
"183628","0.029983507469296455","0.029983507469296455","0.029983507469296455"
"183657","0.0838482603430748","0.0838482603430748","0.0838482603430748"
"183738","0.0548522025346756","0.0548522025346756","0.0548522025346756"
"183770","0.06470872461795807","0.06470872461795807","0.06470872461795807"
"183835","0.039165325462818146","0.039165325462818146","0.039165325462818146"
"183836","0.05852476879954338","0.05852476879954338","0.05852476879954338"
"183840","0.05122220516204834","0.05122220516204834","0.05122220516204834"
"183844","0.048176661133766174","0.048176661133766174","0.048176661133766174"
"183875","0.04181525483727455","0.04181525483727455","0.04181525483727455"
"183921","0.05175512284040451","0.05175512284040451","0.05175512284040451"
"183955","0.053174253553152084","0.053174253553152084","0.053174253553152084"
"183965","0.04430115595459938","0.04430115595459938","0.04430115595459938"
"184010","0.041044823825359344","0.041044823825359344","0.041044823825359344"
"184016","0.044794946908950806","0.044794946908950806","0.044794946908950806"
"184039","0.05144677311182022","0.05144677311182022","0.05144677311182022"
"184137","0.05355843901634216","0.05355843901634216","0.05355843901634216"
"184180","0.0576944574713707","0.0576944574713707","0.0576944574713707"
"184184","0.029960649088025093","0.029960649088025093","0.029960649088025093"
"184198","0.036429211497306824","0.036429211497306824","0.036429211497306824"
"184217","0.044580332934856415","0.044580332934856415","0.044580332934856415"
"184222","0.061080530285835266","0.061080530285835266","0.061080530285835266"
"184244","0.0539480485022068","0.0539480485022068","0.0539480485022068"
"184300","0.03699035942554474","0.03699035942554474","0.03699035942554474"
"184360","0.06483398377895355","0.06483398377895355","0.06483398377895355"
"184364","0.06143193691968918","0.06143193691968918","0.06143193691968918"
"184418","0.06069894880056381","0.06069894880056381","0.06069894880056381"
"184475","0.04474629461765289","0.04474629461765289","0.04474629461765289"
"184534","0.05049658939242363","0.05049658939242363","0.05049658939242363"
"184535","0.048591841012239456","0.048591841012239456","0.048591841012239456"
"184544","0.06624384224414825","0.06624384224414825","0.06624384224414825"
"184570","0.05326111614704132","0.05326111614704132","0.05326111614704132"
"184639","0.04792066663503647","0.04792066663503647","0.04792066663503647"
"184678","0.05853678658604622","0.05853678658604622","0.05853678658604622"
"184697","0.053398631513118744","0.053398631513118744","0.053398631513118744"
"184701","0.04934925585985184","0.04934925585985184","0.04934925585985184"
"184713","0.047069694846868515","0.047069694846868515","0.047069694846868515"
"184724","0.0432327538728714","0.0432327538728714","0.0432327538728714"
"184728","0.04214534908533096","0.04214534908533096","0.04214534908533096"
"184743","0.05824188143014908","0.05824188143014908","0.05824188143014908"
"184758","0.06897146999835968","0.06897146999835968","0.06897146999835968"
"184813","0.032260119915008545","0.032260119915008545","0.032260119915008545"
"184829","0.05179788917303085","0.05179788917303085","0.05179788917303085"
"184866","0.04052937775850296","0.04052937775850296","0.04052937775850296"
"184874","0.056533150374889374","0.056533150374889374","0.056533150374889374"
"184878","0.0492246150970459","0.0492246150970459","0.0492246150970459"
"184918","0.04327361285686493","0.04327361285686493","0.04327361285686493"
"184919","0.05490898713469505","0.05490898713469505","0.05490898713469505"
"184944","0.03847133368253708","0.03847133368253708","0.03847133368253708"
"185033","0.04255498945713043","0.04255498945713043","0.04255498945713043"
"185049","0.05132552236318588","0.05132552236318588","0.05132552236318588"
"185056","0.030225912109017372","0.030225912109017372","0.030225912109017372"
"185061","0.04920641705393791","0.04920641705393791","0.04920641705393791"
"185075","0.04405370354652405","0.04405370354652405","0.04405370354652405"
"185087","0.06578806042671204","0.06578806042671204","0.06578806042671204"
"185148","0.049486711621284485","0.049486711621284485","0.049486711621284485"
"185199","0.035007230937480927","0.035007230937480927","0.035007230937480927"
"185203","0.044671740382909775","0.044671740382909775","0.044671740382909775"
"185218","0.04813031852245331","0.04813031852245331","0.04813031852245331"
"185222","0.05429239571094513","0.05429239571094513","0.05429239571094513"
"185232","0.03936196118593216","0.03936196118593216","0.03936196118593216"
"185233","0.04373324662446976","0.04373324662446976","0.04373324662446976"
"185263","0.06735984236001968","0.06735984236001968","0.06735984236001968"
"185267","0.05925785005092621","0.05925785005092621","0.05925785005092621"
"185281","0.04033255577087402","0.04033255577087402","0.04033255577087402"
"185284","0.05046553909778595","0.05046553909778595","0.05046553909778595"
"185307","0.03134678304195404","0.03134678304195404","0.03134678304195404"
"185314","0.06835927069187164","0.06835927069187164","0.06835927069187164"
"185323","0.03799382969737053","0.03799382969737053","0.03799382969737053"
"185349","0.044100072234869","0.044100072234869","0.044100072234869"
"185412","0.039722077548503876","0.039722077548503876","0.039722077548503876"
"185431","0.04755984991788864","0.04755984991788864","0.04755984991788864"
"185438","0.042090632021427155","0.042090632021427155","0.042090632021427155"
"185449","0.0425235852599144","0.0425235852599144","0.0425235852599144"
"185458","0.0384623259305954","0.0384623259305954","0.0384623259305954"
"185460","0.05679386109113693","0.05679386109113693","0.05679386109113693"
"185461","0.045103125274181366","0.045103125274181366","0.045103125274181366"
"185465","0.047874439507722855","0.047874439507722855","0.047874439507722855"
"185512","0.03389505296945572","0.03389505296945572","0.03389505296945572"
"185526","0.04406672343611717","0.04406672343611717","0.04406672343611717"
"185529","0.050297755748033524","0.050297755748033524","0.050297755748033524"
"185589","0.07479742914438248","0.07479742914438248","0.07479742914438248"
"185595","0.0651487410068512","0.0651487410068512","0.0651487410068512"
"185625","0.044235773384571075","0.044235773384571075","0.044235773384571075"
"185730","0.060491930693387985","0.060491930693387985","0.060491930693387985"
"185760","0.05348934978246689","0.05348934978246689","0.05348934978246689"
"185764","0.0535513237118721","0.0535513237118721","0.0535513237118721"
"185767","0.053336285054683685","0.053336285054683685","0.053336285054683685"
"185773","0.04751189425587654","0.04751189425587654","0.04751189425587654"
"185819","0.04485426843166351","0.04485426843166351","0.04485426843166351"
"185894","0.0385698527097702","0.0385698527097702","0.0385698527097702"
"185913","0.042880523949861526","0.042880523949861526","0.042880523949861526"
"185918","0.04602964594960213","0.04602964594960213","0.04602964594960213"
"185931","0.047221988439559937","0.047221988439559937","0.047221988439559937"
"185964","0.05305865406990051","0.05305865406990051","0.05305865406990051"
"185968","0.0522020161151886","0.0522020161151886","0.0522020161151886"
"186002","0.04982726275920868","0.04982726275920868","0.04982726275920868"
"186007","0.050332386046648026","0.050332386046648026","0.050332386046648026"
"186138","0.046816691756248474","0.046816691756248474","0.046816691756248474"
"186202","0.034003131091594696","0.034003131091594696","0.034003131091594696"
"186229","0.07102713733911514","0.07102713733911514","0.07102713733911514"
"186232","0.04227527976036072","0.04227527976036072","0.04227527976036072"
"186236","0.04429958760738373","0.04429958760738373","0.04429958760738373"
"186328","0.037759654223918915","0.037759654223918915","0.037759654223918915"
"186352","0.0642407238483429","0.0642407238483429","0.0642407238483429"
"186353","0.050204355269670486","0.050204355269670486","0.050204355269670486"
"186387","0.034721940755844116","0.034721940755844116","0.034721940755844116"
"186392","0.040188759565353394","0.040188759565353394","0.040188759565353394"
"186440","0.0312152449041605","0.0312152449041605","0.0312152449041605"
"186459","0.042609505355358124","0.042609505355358124","0.042609505355358124"
"186496","0.04134384170174599","0.04134384170174599","0.04134384170174599"
"186506","0.04486653953790665","0.04486653953790665","0.04486653953790665"
"186517","0.03561057150363922","0.03561057150363922","0.03561057150363922"
"186548","0.04708084464073181","0.04708084464073181","0.04708084464073181"
"186584","0.03073672577738762","0.03073672577738762","0.03073672577738762"
"186598","0.0624082088470459","0.0624082088470459","0.0624082088470459"
"186633","0.05520295351743698","0.05520295351743698","0.05520295351743698"
"186655","0.05393674224615097","0.05393674224615097","0.05393674224615097"
"186676","0.0551806204020977","0.0551806204020977","0.0551806204020977"
"186677","0.038392409682273865","0.038392409682273865","0.038392409682273865"
"186699","0.047700151801109314","0.047700151801109314","0.047700151801109314"
"186718","0.05671856179833412","0.05671856179833412","0.05671856179833412"
"186733","0.06848596036434174","0.06848596036434174","0.06848596036434174"
"186765","0.03494427353143692","0.03494427353143692","0.03494427353143692"
"186766","0.04170424863696098","0.04170424863696098","0.04170424863696098"
"186817","0.03605923801660538","0.03605923801660538","0.03605923801660538"
"186839","0.04562085121870041","0.04562085121870041","0.04562085121870041"
"186890","0.05300379544496536","0.05300379544496536","0.05300379544496536"
"186965","0.060841064900159836","0.060841064900159836","0.060841064900159836"
"186967","0.04053575545549393","0.04053575545549393","0.04053575545549393"
"186968","0.05885760486125946","0.05885760486125946","0.05885760486125946"
"186971","0.06884286552667618","0.06884286552667618","0.06884286552667618"
"186975","0.05005152150988579","0.05005152150988579","0.05005152150988579"
"186997","0.06947412341833115","0.06947412341833115","0.06947412341833115"
"187012","0.04518206790089607","0.04518206790089607","0.04518206790089607"
"187065","0.04874849319458008","0.04874849319458008","0.04874849319458008"
"187091","0.05424122512340546","0.05424122512340546","0.05424122512340546"
"187128","0.06861822307109833","0.06861822307109833","0.06861822307109833"
"187152","0.048853807151317596","0.048853807151317596","0.048853807151317596"
"187166","0.04599227011203766","0.04599227011203766","0.04599227011203766"
"187188","0.04702311009168625","0.04702311009168625","0.04702311009168625"
"187211","0.05295770615339279","0.05295770615339279","0.05295770615339279"
"187229","0.03323071822524071","0.03323071822524071","0.03323071822524071"
"187251","0.05422230809926987","0.05422230809926987","0.05422230809926987"
"187261","0.04283155873417854","0.04283155873417854","0.04283155873417854"
"187263","0.05725416913628578","0.05725416913628578","0.05725416913628578"
"187274","0.044444240629673004","0.044444240629673004","0.044444240629673004"
"187285","0.02925977297127247","0.02925977297127247","0.02925977297127247"
"187317","0.04327858239412308","0.04327858239412308","0.04327858239412308"
"187335","0.053584735840559006","0.053584735840559006","0.053584735840559006"
"187346","0.04768180102109909","0.04768180102109909","0.04768180102109909"
"187394","0.04000595957040787","0.04000595957040787","0.04000595957040787"
"187420","0.04563560709357262","0.04563560709357262","0.04563560709357262"
"187473","0.04008568823337555","0.04008568823337555","0.04008568823337555"
"187495","0.0347636416554451","0.0347636416554451","0.0347636416554451"
"187507","0.05223673954606056","0.05223673954606056","0.05223673954606056"
"187513","0.04301716387271881","0.04301716387271881","0.04301716387271881"
"187531","0.05711216852068901","0.05711216852068901","0.05711216852068901"
"187544","0.0509762167930603","0.0509762167930603","0.0509762167930603"
"187552","0.0560721792280674","0.0560721792280674","0.0560721792280674"
"187553","0.04463431239128113","0.04463431239128113","0.04463431239128113"
"187555","0.039698049426078796","0.039698049426078796","0.039698049426078796"
"187588","0.04420746862888336","0.04420746862888336","0.04420746862888336"
"187619","0.05158718675374985","0.05158718675374985","0.05158718675374985"
"187624","0.05553596466779709","0.05553596466779709","0.05553596466779709"
"187649","0.045523032546043396","0.045523032546043396","0.045523032546043396"
"187652","0.055785149335861206","0.055785149335861206","0.055785149335861206"
"187697","0.04325930401682854","0.04325930401682854","0.04325930401682854"
"187716","0.030361492186784744","0.030361492186784744","0.030361492186784744"
"187758","0.06615462154150009","0.06615462154150009","0.06615462154150009"
"187765","0.04362550005316734","0.04362550005316734","0.04362550005316734"
"187779","0.06133423000574112","0.06133423000574112","0.06133423000574112"
"187810","0.036937084048986435","0.036937084048986435","0.036937084048986435"
"187814","0.043092627078294754","0.043092627078294754","0.043092627078294754"
"187845","0.04495563358068466","0.04495563358068466","0.04495563358068466"
"187861","0.043768879026174545","0.043768879026174545","0.043768879026174545"
"187904","0.04734252765774727","0.04734252765774727","0.04734252765774727"
"187977","0.050707846879959106","0.050707846879959106","0.050707846879959106"
"187979","0.0672900602221489","0.0672900602221489","0.0672900602221489"
"188004","0.054562993347644806","0.054562993347644806","0.054562993347644806"
"188013","0.040479626506567","0.040479626506567","0.040479626506567"
"188017","0.03654384985566139","0.03654384985566139","0.03654384985566139"
"188033","0.03640683740377426","0.03640683740377426","0.03640683740377426"
"188047","0.06911036372184753","0.06911036372184753","0.06911036372184753"
"188052","0.030915409326553345","0.030915409326553345","0.030915409326553345"
"188070","0.056104712188243866","0.056104712188243866","0.056104712188243866"
"188090","0.05867668241262436","0.05867668241262436","0.05867668241262436"
"188093","0.0392170175909996","0.0392170175909996","0.0392170175909996"
"188129","0.050718024373054504","0.050718024373054504","0.050718024373054504"
"188133","0.05090441554784775","0.05090441554784775","0.05090441554784775"
"188164","0.04427295923233032","0.04427295923233032","0.04427295923233032"
"188185","0.05238419398665428","0.05238419398665428","0.05238419398665428"
"188223","0.04822850227355957","0.04822850227355957","0.04822850227355957"
"188248","0.04473334178328514","0.04473334178328514","0.04473334178328514"
"188265","0.04399402439594269","0.04399402439594269","0.04399402439594269"
"188293","0.03361618146300316","0.03361618146300316","0.03361618146300316"
"188301","0.03944281488656998","0.03944281488656998","0.03944281488656998"
"188337","0.05376112461090088","0.05376112461090088","0.05376112461090088"
"188340","0.043538376688957214","0.043538376688957214","0.043538376688957214"
"188379","0.03628990799188614","0.03628990799188614","0.03628990799188614"
"188396","0.052130430936813354","0.052130430936813354","0.052130430936813354"
"188420","0.053635966032743454","0.053635966032743454","0.053635966032743454"
"188423","0.03514169156551361","0.03514169156551361","0.03514169156551361"
"188475","0.0603390634059906","0.0603390634059906","0.0603390634059906"
"188486","0.0477568618953228","0.0477568618953228","0.0477568618953228"
"188517","0.04189541935920715","0.04189541935920715","0.04189541935920715"
"188524","0.050609149038791656","0.050609149038791656","0.050609149038791656"
"188535","0.038582779467105865","0.038582779467105865","0.038582779467105865"
"188551","0.051409367471933365","0.051409367471933365","0.051409367471933365"
"188553","0.03422313183546066","0.03422313183546066","0.03422313183546066"
"188559","0.04805358499288559","0.04805358499288559","0.04805358499288559"
"188635","0.041208162903785706","0.041208162903785706","0.041208162903785706"
"188690","0.03396637737751007","0.03396637737751007","0.03396637737751007"
"188702","0.06132981926202774","0.06132981926202774","0.06132981926202774"
"188713","0.0566851869225502","0.0566851869225502","0.0566851869225502"
"188736","0.04864847660064697","0.04864847660064697","0.04864847660064697"
"188742","0.057446256279945374","0.057446256279945374","0.057446256279945374"
"188806","0.03984663635492325","0.03984663635492325","0.03984663635492325"
"188824","0.06143411248922348","0.06143411248922348","0.06143411248922348"
"188844","0.048681989312171936","0.048681989312171936","0.048681989312171936"
"188852","0.03422441706061363","0.03422441706061363","0.03422441706061363"
"188853","0.031039118766784668","0.031039118766784668","0.031039118766784668"
"188895","0.03796098008751869","0.03796098008751869","0.03796098008751869"
"188898","0.05397096276283264","0.05397096276283264","0.05397096276283264"
"188908","0.03554714098572731","0.03554714098572731","0.03554714098572731"
"188920","0.05741734802722931","0.05741734802722931","0.05741734802722931"
"188947","0.03098400868475437","0.03098400868475437","0.03098400868475437"
"188966","0.06715552508831024","0.06715552508831024","0.06715552508831024"
"189043","0.03223779797554016","0.03223779797554016","0.03223779797554016"
"189069","0.035432420670986176","0.035432420670986176","0.035432420670986176"
"189085","0.06435742974281311","0.06435742974281311","0.06435742974281311"
"189091","0.039915502071380615","0.039915502071380615","0.039915502071380615"
"189105","0.04909359663724899","0.04909359663724899","0.04909359663724899"
"189160","0.04030870646238327","0.04030870646238327","0.04030870646238327"
"189173","0.03744993358850479","0.03744993358850479","0.03744993358850479"
"189237","0.05788052827119827","0.05788052827119827","0.05788052827119827"
"189242","0.04066494107246399","0.04066494107246399","0.04066494107246399"
"189280","0.055162616074085236","0.055162616074085236","0.055162616074085236"
"189305","0.053517986088991165","0.053517986088991165","0.053517986088991165"
"189332","0.0380285382270813","0.0380285382270813","0.0380285382270813"
"189360","0.028856800869107246","0.028856800869107246","0.028856800869107246"
"189390","0.05198737233877182","0.05198737233877182","0.05198737233877182"
"189397","0.06541122496128082","0.06541122496128082","0.06541122496128082"
"189398","0.05103188008069992","0.05103188008069992","0.05103188008069992"
"189400","0.05128433182835579","0.05128433182835579","0.05128433182835579"
"189435","0.03742712736129761","0.03742712736129761","0.03742712736129761"
"189513","0.05065857246518135","0.05065857246518135","0.05065857246518135"
"189556","0.0523885115981102","0.0523885115981102","0.0523885115981102"
"189566","0.04157060384750366","0.04157060384750366","0.04157060384750366"
"189607","0.04246322810649872","0.04246322810649872","0.04246322810649872"
"189625","0.03283600136637688","0.03283600136637688","0.03283600136637688"
"189673","0.04067319259047508","0.04067319259047508","0.04067319259047508"
"189694","0.03500642254948616","0.03500642254948616","0.03500642254948616"
"189723","0.04374825581908226","0.04374825581908226","0.04374825581908226"
"189742","0.03683523088693619","0.03683523088693619","0.03683523088693619"
"189757","0.03472485393285751","0.03472485393285751","0.03472485393285751"
"189782","0.043083153665065765","0.043083153665065765","0.043083153665065765"
"189785","0.0445152223110199","0.0445152223110199","0.0445152223110199"
"189840","0.05082367733120918","0.05082367733120918","0.05082367733120918"
"189850","0.04454833269119263","0.04454833269119263","0.04454833269119263"
"189905","0.027814149856567383","0.027814149856567383","0.027814149856567383"
"189922","0.047155413776636124","0.047155413776636124","0.047155413776636124"
"189927","0.045096442103385925","0.045096442103385925","0.045096442103385925"
"189945","0.046510495245456696","0.046510495245456696","0.046510495245456696"
"189974","0.051695339381694794","0.051695339381694794","0.051695339381694794"
"189982","0.03450832888484001","0.03450832888484001","0.03450832888484001"
"189985","0.0433436818420887","0.0433436818420887","0.0433436818420887"
"190017","0.06813763827085495","0.06813763827085495","0.06813763827085495"
"190035","0.05203171819448471","0.05203171819448471","0.05203171819448471"
"190140","0.05188753455877304","0.05188753455877304","0.05188753455877304"
"190147","0.059525858610868454","0.059525858610868454","0.059525858610868454"
"190162","0.04316876083612442","0.04316876083612442","0.04316876083612442"
"190169","0.029924863949418068","0.029924863949418068","0.029924863949418068"
"190170","0.047506287693977356","0.047506287693977356","0.047506287693977356"
"190228","0.05379343777894974","0.05379343777894974","0.05379343777894974"
"190262","0.055819571018218994","0.055819571018218994","0.055819571018218994"
"190287","0.055339548736810684","0.055339548736810684","0.055339548736810684"
"190408","0.03997478634119034","0.03997478634119034","0.03997478634119034"
"190420","0.04912836477160454","0.04912836477160454","0.04912836477160454"
"190429","0.045780688524246216","0.045780688524246216","0.045780688524246216"
"190433","0.05541650205850601","0.05541650205850601","0.05541650205850601"
"190468","0.038277462124824524","0.038277462124824524","0.038277462124824524"
"190481","0.06072285771369934","0.06072285771369934","0.06072285771369934"
"190490","0.05097797140479088","0.05097797140479088","0.05097797140479088"
"190520","0.05118950456380844","0.05118950456380844","0.05118950456380844"
"190530","0.04754211753606796","0.04754211753606796","0.04754211753606796"
"190601","0.037951093167066574","0.037951093167066574","0.037951093167066574"
"190630","0.04750151187181473","0.04750151187181473","0.04750151187181473"
"190635","0.04737233370542526","0.04737233370542526","0.04737233370542526"
"190675","0.04070980101823807","0.04070980101823807","0.04070980101823807"
"190693","0.04160419479012489","0.04160419479012489","0.04160419479012489"
"190697","0.05052945390343666","0.05052945390343666","0.05052945390343666"
"190730","0.059473175555467606","0.059473175555467606","0.059473175555467606"
"190737","0.04687218368053436","0.04687218368053436","0.04687218368053436"
"190802","0.06432779133319855","0.06432779133319855","0.06432779133319855"
"190818","0.0406266525387764","0.0406266525387764","0.0406266525387764"
"190820","0.06126983463764191","0.06126983463764191","0.06126983463764191"
"190824","0.04664752632379532","0.04664752632379532","0.04664752632379532"
"190838","0.04104679822921753","0.04104679822921753","0.04104679822921753"
"190872","0.03705486282706261","0.03705486282706261","0.03705486282706261"
"190932","0.05958842486143112","0.05958842486143112","0.05958842486143112"
"190954","0.036239832639694214","0.036239832639694214","0.036239832639694214"
"190984","0.03739415109157562","0.03739415109157562","0.03739415109157562"
"190995","0.046112895011901855","0.046112895011901855","0.046112895011901855"
"191145","0.05209982022643089","0.05209982022643089","0.05209982022643089"
"191147","0.07010779529809952","0.07010779529809952","0.07010779529809952"
"191185","0.032030828297138214","0.032030828297138214","0.032030828297138214"
"191209","0.041621237993240356","0.041621237993240356","0.041621237993240356"
"191229","0.06145226210355759","0.06145226210355759","0.06145226210355759"
"191262","0.036205071955919266","0.036205071955919266","0.036205071955919266"
"191280","0.04852365702390671","0.04852365702390671","0.04852365702390671"
"191303","0.05602402240037918","0.05602402240037918","0.05602402240037918"
"191348","0.04002814739942551","0.04002814739942551","0.04002814739942551"
"191384","0.029900679364800453","0.029900679364800453","0.029900679364800453"
"191428","0.03730902820825577","0.03730902820825577","0.03730902820825577"
"191437","0.04362413287162781","0.04362413287162781","0.04362413287162781"
"191482","0.04633293300867081","0.04633293300867081","0.04633293300867081"
"191499","0.05552962049841881","0.05552962049841881","0.05552962049841881"
"191518","0.04111760854721069","0.04111760854721069","0.04111760854721069"
"191532","0.048915132880210876","0.048915132880210876","0.048915132880210876"
"191564","0.05454091727733612","0.05454091727733612","0.05454091727733612"
"191612","0.05191567540168762","0.05191567540168762","0.05191567540168762"
"191633","0.03831344097852707","0.03831344097852707","0.03831344097852707"
"191652","0.07194165885448456","0.07194165885448456","0.07194165885448456"
"191705","0.053585343062877655","0.053585343062877655","0.053585343062877655"
"191707","0.03569342568516731","0.03569342568516731","0.03569342568516731"
"191761","0.059242408722639084","0.059242408722639084","0.059242408722639084"
"191763","0.06330148875713348","0.06330148875713348","0.06330148875713348"
"191776","0.05561555549502373","0.05561555549502373","0.05561555549502373"
"191783","0.04167595133185387","0.04167595133185387","0.04167595133185387"
"191794","0.04377272352576256","0.04377272352576256","0.04377272352576256"
"191795","0.04921474680304527","0.04921474680304527","0.04921474680304527"
"191844","0.046219080686569214","0.046219080686569214","0.046219080686569214"
"191879","0.06464526057243347","0.06464526057243347","0.06464526057243347"
"191904","0.04606831818819046","0.04606831818819046","0.04606831818819046"
"191909","0.06087324768304825","0.06087324768304825","0.06087324768304825"
"191917","0.03523573279380798","0.03523573279380798","0.03523573279380798"
"191989","0.03456304222345352","0.03456304222345352","0.03456304222345352"
"192001","0.04685843735933304","0.04685843735933304","0.04685843735933304"
"192005","0.0550946369767189","0.0550946369767189","0.0550946369767189"
"192026","0.04592856019735336","0.04592856019735336","0.04592856019735336"
"192035","0.028313349932432175","0.028313349932432175","0.028313349932432175"
"192036","0.047994308173656464","0.047994308173656464","0.047994308173656464"
"192062","0.056089069694280624","0.056089069694280624","0.056089069694280624"
"192071","0.0571480430662632","0.0571480430662632","0.0571480430662632"
"192074","0.03528875112533569","0.03528875112533569","0.03528875112533569"
"192094","0.050368644297122955","0.050368644297122955","0.050368644297122955"
"192112","0.03687986731529236","0.03687986731529236","0.03687986731529236"
"192115","0.040748320519924164","0.040748320519924164","0.040748320519924164"
"192127","0.04776402935385704","0.04776402935385704","0.04776402935385704"
"192144","0.04508127272129059","0.04508127272129059","0.04508127272129059"
"192213","0.04445905238389969","0.04445905238389969","0.04445905238389969"
"192222","0.05077769607305527","0.05077769607305527","0.05077769607305527"
"192226","0.07240553200244904","0.07240553200244904","0.07240553200244904"
"192228","0.04723913222551346","0.04723913222551346","0.04723913222551346"
"192247","0.0679708868265152","0.0679708868265152","0.0679708868265152"
"192281","0.04974094033241272","0.04974094033241272","0.04974094033241272"
"192320","0.045416928827762604","0.045416928827762604","0.045416928827762604"
"192342","0.06079220026731491","0.06079220026731491","0.06079220026731491"
"192355","0.03119543194770813","0.03119543194770813","0.03119543194770813"
"192422","0.03695915266871452","0.03695915266871452","0.03695915266871452"
"192432","0.03381257876753807","0.03381257876753807","0.03381257876753807"
"192452","0.07268956303596497","0.07268956303596497","0.07268956303596497"
"192457","0.06750154495239258","0.06750154495239258","0.06750154495239258"
"192468","0.04213068634271622","0.04213068634271622","0.04213068634271622"
"192486","0.07195228338241577","0.07195228338241577","0.07195228338241577"
"192493","0.055306751281023026","0.055306751281023026","0.055306751281023026"
"192513","0.05641937628388405","0.05641937628388405","0.05641937628388405"
"192609","0.060643769800662994","0.060643769800662994","0.060643769800662994"
"192632","0.03725387156009674","0.03725387156009674","0.03725387156009674"
"192682","0.061378177255392075","0.061378177255392075","0.061378177255392075"
"192741","0.04447321221232414","0.04447321221232414","0.04447321221232414"
"192753","0.03970640152692795","0.03970640152692795","0.03970640152692795"
"192759","0.04967505484819412","0.04967505484819412","0.04967505484819412"
"192766","0.04109547659754753","0.04109547659754753","0.04109547659754753"
"192785","0.0459166094660759","0.0459166094660759","0.0459166094660759"
"192805","0.02882649376988411","0.02882649376988411","0.02882649376988411"
"192830","0.04817609488964081","0.04817609488964081","0.04817609488964081"
"192854","0.03172115236520767","0.03172115236520767","0.03172115236520767"
"192858","0.03886549174785614","0.03886549174785614","0.03886549174785614"
"192876","0.033026307821273804","0.033026307821273804","0.033026307821273804"
"192882","0.027181413024663925","0.027181413024663925","0.027181413024663925"
"192935","0.05657883360981941","0.05657883360981941","0.05657883360981941"
"192941","0.030831966549158096","0.030831966549158096","0.030831966549158096"
"192956","0.055485911667346954","0.055485911667346954","0.055485911667346954"
"192973","0.05415742099285126","0.05415742099285126","0.05415742099285126"
"193040","0.07272720336914062","0.07272720336914062","0.07272720336914062"
"193062","0.05890724062919617","0.05890724062919617","0.05890724062919617"
"193078","0.04791846498847008","0.04791846498847008","0.04791846498847008"
"193121","0.04778387397527695","0.04778387397527695","0.04778387397527695"
"193124","0.040106914937496185","0.040106914937496185","0.040106914937496185"
"193177","0.05325594171881676","0.05325594171881676","0.05325594171881676"
"193265","0.06044779345393181","0.06044779345393181","0.06044779345393181"
"193310","0.05608963221311569","0.05608963221311569","0.05608963221311569"
"193388","0.02500011771917343","0.02500011771917343","0.02500011771917343"
"193393","0.03946159780025482","0.03946159780025482","0.03946159780025482"
"193431","0.04622066766023636","0.04622066766023636","0.04622066766023636"
"193435","0.037550248205661774","0.037550248205661774","0.037550248205661774"
"193445","0.05707263574004173","0.05707263574004173","0.05707263574004173"
"193467","0.04872347414493561","0.04872347414493561","0.04872347414493561"
"193523","0.05194644629955292","0.05194644629955292","0.05194644629955292"
"193548","0.060207027941942215","0.060207027941942215","0.060207027941942215"
"193596","0.061367541551589966","0.061367541551589966","0.061367541551589966"
"193623","0.04426579177379608","0.04426579177379608","0.04426579177379608"
"193637","0.06094565987586975","0.06094565987586975","0.06094565987586975"
"193665","0.05131104215979576","0.05131104215979576","0.05131104215979576"
"193685","0.04933721944689751","0.04933721944689751","0.04933721944689751"
"193692","0.050102222710847855","0.050102222710847855","0.050102222710847855"
"193697","0.06926333904266357","0.06926333904266357","0.06926333904266357"
"193724","0.06083511561155319","0.06083511561155319","0.06083511561155319"
"193729","0.04636627435684204","0.04636627435684204","0.04636627435684204"
"193743","0.04216555878520012","0.04216555878520012","0.04216555878520012"
"193768","0.0548984594643116","0.0548984594643116","0.0548984594643116"
"193793","0.07121896743774414","0.07121896743774414","0.07121896743774414"
"193822","0.04309067130088806","0.04309067130088806","0.04309067130088806"
"193836","0.05953439325094223","0.05953439325094223","0.05953439325094223"
"193861","0.04496514052152634","0.04496514052152634","0.04496514052152634"
"193867","0.051375363022089005","0.051375363022089005","0.051375363022089005"
"193868","0.051044974476099014","0.051044974476099014","0.051044974476099014"
"193891","0.049285195767879486","0.049285195767879486","0.049285195767879486"
"193953","0.04802083969116211","0.04802083969116211","0.04802083969116211"
"194011","0.05850858986377716","0.05850858986377716","0.05850858986377716"
"194024","0.04141804575920105","0.04141804575920105","0.04141804575920105"
"194032","0.04470458999276161","0.04470458999276161","0.04470458999276161"
"194068","0.04534514620900154","0.04534514620900154","0.04534514620900154"
"194094","0.04248472675681114","0.04248472675681114","0.04248472675681114"
"194130","0.0475391149520874","0.0475391149520874","0.0475391149520874"
"194161","0.04332645982503891","0.04332645982503891","0.04332645982503891"
"194272","0.05005372688174248","0.05005372688174248","0.05005372688174248"
"194295","0.0374593622982502","0.0374593622982502","0.0374593622982502"
"194301","0.06411904096603394","0.06411904096603394","0.06411904096603394"
"194303","0.05107511579990387","0.05107511579990387","0.05107511579990387"
"194310","0.03939365968108177","0.03939365968108177","0.03939365968108177"
"194321","0.05279869958758354","0.05279869958758354","0.05279869958758354"
"194344","0.06184922158718109","0.06184922158718109","0.06184922158718109"
"194353","0.05015832930803299","0.05015832930803299","0.05015832930803299"
"194357","0.04520346596837044","0.04520346596837044","0.04520346596837044"
"194403","0.04203218221664429","0.04203218221664429","0.04203218221664429"
"194422","0.06713248789310455","0.06713248789310455","0.06713248789310455"
"194465","0.0455663725733757","0.0455663725733757","0.0455663725733757"
"194481","0.038916684687137604","0.038916684687137604","0.038916684687137604"
"194504","0.04805867373943329","0.04805867373943329","0.04805867373943329"
"194531","0.05455873906612396","0.05455873906612396","0.05455873906612396"
"194547","0.0457124225795269","0.0457124225795269","0.0457124225795269"
"194560","0.06722331792116165","0.06722331792116165","0.06722331792116165"
"194591","0.044409140944480896","0.044409140944480896","0.044409140944480896"
"194599","0.04050274193286896","0.04050274193286896","0.04050274193286896"
"194632","0.03995528444647789","0.03995528444647789","0.03995528444647789"
"194652","0.04739673063158989","0.04739673063158989","0.04739673063158989"
"194660","0.05457504093647003","0.05457504093647003","0.05457504093647003"
"194669","0.054572656750679016","0.054572656750679016","0.054572656750679016"
"194692","0.029809730127453804","0.029809730127453804","0.029809730127453804"
"194750","0.05958535149693489","0.05958535149693489","0.05958535149693489"
"194779","0.052841488271951675","0.052841488271951675","0.052841488271951675"
"194791","0.049459218978881836","0.049459218978881836","0.049459218978881836"
"194797","0.04928366094827652","0.04928366094827652","0.04928366094827652"
"194800","0.0366753414273262","0.0366753414273262","0.0366753414273262"
"194805","0.03335808590054512","0.03335808590054512","0.03335808590054512"
"194821","0.07054408639669418","0.07054408639669418","0.07054408639669418"
"194872","0.0534684956073761","0.0534684956073761","0.0534684956073761"
"194945","0.055118899792432785","0.055118899792432785","0.055118899792432785"
"194962","0.06038787215948105","0.06038787215948105","0.06038787215948105"
"194967","0.046183496713638306","0.046183496713638306","0.046183496713638306"
"194982","0.06012646108865738","0.06012646108865738","0.06012646108865738"
"194997","0.04185992479324341","0.04185992479324341","0.04185992479324341"
"194998","0.06404784321784973","0.06404784321784973","0.06404784321784973"
"195001","0.03972907364368439","0.03972907364368439","0.03972907364368439"
"195035","0.0615493580698967","0.0615493580698967","0.0615493580698967"
"195073","0.03972656652331352","0.03972656652331352","0.03972656652331352"
"195080","0.03739923983812332","0.03739923983812332","0.03739923983812332"
"195085","0.040808603167533875","0.040808603167533875","0.040808603167533875"
"195094","0.041663579642772675","0.041663579642772675","0.041663579642772675"
"195184","0.0499798059463501","0.0499798059463501","0.0499798059463501"
"195186","0.04346625506877899","0.04346625506877899","0.04346625506877899"
"195220","0.06241892650723457","0.06241892650723457","0.06241892650723457"
"195238","0.03895629197359085","0.03895629197359085","0.03895629197359085"
"195334","0.0423426553606987","0.0423426553606987","0.0423426553606987"
"195346","0.04557037353515625","0.04557037353515625","0.04557037353515625"
"195359","0.05019780993461609","0.05019780993461609","0.05019780993461609"
"195412","0.04702914506196976","0.04702914506196976","0.04702914506196976"
"195452","0.03692013770341873","0.03692013770341873","0.03692013770341873"
"195453","0.05073080584406853","0.05073080584406853","0.05073080584406853"
"195473","0.047241777181625366","0.047241777181625366","0.047241777181625366"
"195490","0.04157005995512009","0.04157005995512009","0.04157005995512009"
"195504","0.05308812856674194","0.05308812856674194","0.05308812856674194"
"195538","0.05345441773533821","0.05345441773533821","0.05345441773533821"
"195624","0.05951856076717377","0.05951856076717377","0.05951856076717377"
"195627","0.04944518208503723","0.04944518208503723","0.04944518208503723"
"195686","0.024124424904584885","0.024124424904584885","0.024124424904584885"
"195692","0.0317843034863472","0.0317843034863472","0.0317843034863472"
"195695","0.038605231791734695","0.038605231791734695","0.038605231791734695"
"195715","0.058394260704517365","0.058394260704517365","0.058394260704517365"
"195724","0.04667718708515167","0.04667718708515167","0.04667718708515167"
"195755","0.04619523882865906","0.04619523882865906","0.04619523882865906"
"195758","0.050159845501184464","0.050159845501184464","0.050159845501184464"
"195760","0.04710574075579643","0.04710574075579643","0.04710574075579643"
"195761","0.05223739892244339","0.05223739892244339","0.05223739892244339"
"195789","0.04603207856416702","0.04603207856416702","0.04603207856416702"
"195802","0.05725691467523575","0.05725691467523575","0.05725691467523575"
"195833","0.05084662139415741","0.05084662139415741","0.05084662139415741"
"195877","0.052129339426755905","0.052129339426755905","0.052129339426755905"
"195887","0.03855316713452339","0.03855316713452339","0.03855316713452339"
"195908","0.051569052040576935","0.051569052040576935","0.051569052040576935"
"195934","0.0445094108581543","0.0445094108581543","0.0445094108581543"
"195955","0.05344045162200928","0.05344045162200928","0.05344045162200928"
"195957","0.05104491859674454","0.05104491859674454","0.05104491859674454"
"195975","0.06134369596838951","0.06134369596838951","0.06134369596838951"
"196006","0.050021253526210785","0.050021253526210785","0.050021253526210785"
"196039","0.049196191132068634","0.049196191132068634","0.049196191132068634"
"196079","0.036259934306144714","0.036259934306144714","0.036259934306144714"
"196109","0.04804631322622299","0.04804631322622299","0.04804631322622299"
"196125","0.044158950448036194","0.044158950448036194","0.044158950448036194"
"196126","0.04027147218585014","0.04027147218585014","0.04027147218585014"
"196187","0.03802036494016647","0.03802036494016647","0.03802036494016647"
"196194","0.031240221112966537","0.031240221112966537","0.031240221112966537"
"196216","0.06078549847006798","0.06078549847006798","0.06078549847006798"
"196248","0.04380379617214203","0.04380379617214203","0.04380379617214203"
"196296","0.038641251623630524","0.038641251623630524","0.038641251623630524"
"196330","0.04133881628513336","0.04133881628513336","0.04133881628513336"
"196401","0.04999625310301781","0.04999625310301781","0.04999625310301781"
"196423","0.04227089509367943","0.04227089509367943","0.04227089509367943"
"196435","0.045574165880680084","0.045574165880680084","0.045574165880680084"
"196471","0.05720583349466324","0.05720583349466324","0.05720583349466324"
"196517","0.04285765066742897","0.04285765066742897","0.04285765066742897"
"196537","0.036705780774354935","0.036705780774354935","0.036705780774354935"
"196544","0.040675707161426544","0.040675707161426544","0.040675707161426544"
"196547","0.0353262759745121","0.0353262759745121","0.0353262759745121"
"196600","0.04120943695306778","0.04120943695306778","0.04120943695306778"
"196655","0.034720443189144135","0.034720443189144135","0.034720443189144135"
"196666","0.040561921894550323","0.040561921894550323","0.040561921894550323"
"196678","0.06587941199541092","0.06587941199541092","0.06587941199541092"
"196679","0.05341041460633278","0.05341041460633278","0.05341041460633278"
"196699","0.05291236191987991","0.05291236191987991","0.05291236191987991"
"196713","0.05108380317687988","0.05108380317687988","0.05108380317687988"
"196714","0.03711922466754913","0.03711922466754913","0.03711922466754913"
"196733","0.03884159028530121","0.03884159028530121","0.03884159028530121"
"196769","0.03457333892583847","0.03457333892583847","0.03457333892583847"
"196788","0.04480190575122833","0.04480190575122833","0.04480190575122833"
"196791","0.036966413259506226","0.036966413259506226","0.036966413259506226"
"196849","0.042775414884090424","0.042775414884090424","0.042775414884090424"
"196850","0.05764840543270111","0.05764840543270111","0.05764840543270111"
"196861","0.053594786673784256","0.053594786673784256","0.053594786673784256"
"196878","0.055999401956796646","0.055999401956796646","0.055999401956796646"
"196931","0.037665288895368576","0.037665288895368576","0.037665288895368576"
"196937","0.06898912787437439","0.06898912787437439","0.06898912787437439"
"196940","0.033932436257600784","0.033932436257600784","0.033932436257600784"
"196946","0.05598954111337662","0.05598954111337662","0.05598954111337662"
"196951","0.04128269478678703","0.04128269478678703","0.04128269478678703"
"197066","0.03299499303102493","0.03299499303102493","0.03299499303102493"
"197074","0.05400867387652397","0.05400867387652397","0.05400867387652397"
"197111","0.036785274744033813","0.036785274744033813","0.036785274744033813"
"197112","0.03347022086381912","0.03347022086381912","0.03347022086381912"
"197139","0.03543640673160553","0.03543640673160553","0.03543640673160553"
"197192","0.061559926718473434","0.061559926718473434","0.061559926718473434"
"197251","0.05576002970337868","0.05576002970337868","0.05576002970337868"
"197292","0.06262334436178207","0.06262334436178207","0.06262334436178207"
"197307","0.04047001153230667","0.04047001153230667","0.04047001153230667"
"197309","0.059107646346092224","0.059107646346092224","0.059107646346092224"
"197356","0.042545534670352936","0.042545534670352936","0.042545534670352936"
"197375","0.03560616075992584","0.03560616075992584","0.03560616075992584"
"197387","0.05443853139877319","0.05443853139877319","0.05443853139877319"
"197418","0.05226461589336395","0.05226461589336395","0.05226461589336395"
"197473","0.06570903211832047","0.06570903211832047","0.06570903211832047"
"197504","0.054899074137210846","0.054899074137210846","0.054899074137210846"
"197508","0.058044277131557465","0.058044277131557465","0.058044277131557465"
"197511","0.04665307700634003","0.04665307700634003","0.04665307700634003"
"197569","0.03954283893108368","0.03954283893108368","0.03954283893108368"
"197580","0.04077604413032532","0.04077604413032532","0.04077604413032532"
"197599","0.04867527633905411","0.04867527633905411","0.04867527633905411"
"197623","0.0365772545337677","0.0365772545337677","0.0365772545337677"
"197694","0.04612087085843086","0.04612087085843086","0.04612087085843086"
"197712","0.04638059437274933","0.04638059437274933","0.04638059437274933"
"197719","0.05895937979221344","0.05895937979221344","0.05895937979221344"
"197730","0.04991719871759415","0.04991719871759415","0.04991719871759415"
"197811","0.06178149953484535","0.06178149953484535","0.06178149953484535"
"197860","0.03963751718401909","0.03963751718401909","0.03963751718401909"
"197890","0.04028158634901047","0.04028158634901047","0.04028158634901047"
"197898","0.07778685539960861","0.07778685539960861","0.07778685539960861"
"197921","0.04107803851366043","0.04107803851366043","0.04107803851366043"
"197945","0.03158783167600632","0.03158783167600632","0.03158783167600632"
"197967","0.05011328309774399","0.05011328309774399","0.05011328309774399"
"197987","0.06670675426721573","0.06670675426721573","0.06670675426721573"
"198014","0.03205683454871178","0.03205683454871178","0.03205683454871178"
"198016","0.0487251952290535","0.0487251952290535","0.0487251952290535"
"198063","0.039102952927351","0.039102952927351","0.039102952927351"
"198092","0.040637027472257614","0.040637027472257614","0.040637027472257614"
"198112","0.03690275922417641","0.03690275922417641","0.03690275922417641"
"198181","0.043790899217128754","0.043790899217128754","0.043790899217128754"
"198182","0.055089786648750305","0.055089786648750305","0.055089786648750305"
"198202","0.07006984204053879","0.07006984204053879","0.07006984204053879"
"198204","0.04857640713453293","0.04857640713453293","0.04857640713453293"
"198206","0.05264831334352493","0.05264831334352493","0.05264831334352493"
"198211","0.05193287879228592","0.05193287879228592","0.05193287879228592"
"198255","0.05184047296643257","0.05184047296643257","0.05184047296643257"
"198272","0.067452073097229","0.067452073097229","0.067452073097229"
"198277","0.055049195885658264","0.055049195885658264","0.055049195885658264"
"198299","0.06442049145698547","0.06442049145698547","0.06442049145698547"
"198310","0.046789780259132385","0.046789780259132385","0.046789780259132385"
"198351","0.040883369743824005","0.040883369743824005","0.040883369743824005"
"198356","0.045690879225730896","0.045690879225730896","0.045690879225730896"
"198357","0.0482182502746582","0.0482182502746582","0.0482182502746582"
"198378","0.04190346971154213","0.04190346971154213","0.04190346971154213"
"198390","0.048203930258750916","0.048203930258750916","0.048203930258750916"
"198395","0.060290299355983734","0.060290299355983734","0.060290299355983734"
"198398","0.06957101821899414","0.06957101821899414","0.06957101821899414"
"198433","0.03833538293838501","0.03833538293838501","0.03833538293838501"
"198470","0.055157579481601715","0.055157579481601715","0.055157579481601715"
"198490","0.04996616393327713","0.04996616393327713","0.04996616393327713"
"198505","0.040955934673547745","0.040955934673547745","0.040955934673547745"
"198526","0.0348375141620636","0.0348375141620636","0.0348375141620636"
"198536","0.037744417786598206","0.037744417786598206","0.037744417786598206"
"198563","0.04683087766170502","0.04683087766170502","0.04683087766170502"
"198575","0.04587877541780472","0.04587877541780472","0.04587877541780472"
"198600","0.053017064929008484","0.053017064929008484","0.053017064929008484"
"198614","0.06361464411020279","0.06361464411020279","0.06361464411020279"
"198626","0.03965616971254349","0.03965616971254349","0.03965616971254349"
"198645","0.03443687781691551","0.03443687781691551","0.03443687781691551"
"198683","0.05844533443450928","0.05844533443450928","0.05844533443450928"
"198744","0.0588223934173584","0.0588223934173584","0.0588223934173584"
"198755","0.044126007705926895","0.044126007705926895","0.044126007705926895"
"198758","0.0307107362896204","0.0307107362896204","0.0307107362896204"
"198811","0.06391741335391998","0.06391741335391998","0.06391741335391998"
"198825","0.048835206776857376","0.048835206776857376","0.048835206776857376"
"198827","0.055293288081884384","0.055293288081884384","0.055293288081884384"
"198855","0.05423588678240776","0.05423588678240776","0.05423588678240776"
"198892","0.047230012714862823","0.047230012714862823","0.047230012714862823"
"198955","0.04150629788637161","0.04150629788637161","0.04150629788637161"
"198968","0.044147178530693054","0.044147178530693054","0.044147178530693054"
"199063","0.0319889560341835","0.0319889560341835","0.0319889560341835"
"199078","0.05746724456548691","0.05746724456548691","0.05746724456548691"
"199111","0.03898489102721214","0.03898489102721214","0.03898489102721214"
"199145","0.03885236009955406","0.03885236009955406","0.03885236009955406"
"199235","0.052544817328453064","0.052544817328453064","0.052544817328453064"
"199237","0.0550057515501976","0.0550057515501976","0.0550057515501976"
"199258","0.06696920841932297","0.06696920841932297","0.06696920841932297"
"199269","0.05586730316281319","0.05586730316281319","0.05586730316281319"
"199327","0.05066198855638504","0.05066198855638504","0.05066198855638504"
"199369","0.04933001101016998","0.04933001101016998","0.04933001101016998"
"199436","0.055952463299036026","0.055952463299036026","0.055952463299036026"
"199467","0.030421484261751175","0.030421484261751175","0.030421484261751175"
"199515","0.0431523323059082","0.0431523323059082","0.0431523323059082"
"199545","0.051700495183467865","0.051700495183467865","0.051700495183467865"
"199549","0.04153897240757942","0.04153897240757942","0.04153897240757942"
"199562","0.046852562576532364","0.046852562576532364","0.046852562576532364"
"199566","0.04078596085309982","0.04078596085309982","0.04078596085309982"
"199568","0.04531009867787361","0.04531009867787361","0.04531009867787361"
"199586","0.04416863992810249","0.04416863992810249","0.04416863992810249"
"199602","0.027604876086115837","0.027604876086115837","0.027604876086115837"
"199604","0.035174865275621414","0.035174865275621414","0.035174865275621414"
"199619","0.029687147587537766","0.029687147587537766","0.029687147587537766"
"199621","0.06361714005470276","0.06361714005470276","0.06361714005470276"
"199644","0.04642081633210182","0.04642081633210182","0.04642081633210182"
"199645","0.06380489468574524","0.06380489468574524","0.06380489468574524"
"199661","0.034808218479156494","0.034808218479156494","0.034808218479156494"
"199673","0.03515103459358215","0.03515103459358215","0.03515103459358215"
"199674","0.053240157663822174","0.053240157663822174","0.053240157663822174"
"199685","0.040415048599243164","0.040415048599243164","0.040415048599243164"
"199718","0.06510511040687561","0.06510511040687561","0.06510511040687561"
"199758","0.01816585101187229","0.01816585101187229","0.01816585101187229"
"199804","0.058237917721271515","0.058237917721271515","0.058237917721271515"
"199827","0.05059650167822838","0.05059650167822838","0.05059650167822838"
"199828","0.054657839238643646","0.054657839238643646","0.054657839238643646"
"199853","0.056306175887584686","0.056306175887584686","0.056306175887584686"
"199873","0.0391530767083168","0.0391530767083168","0.0391530767083168"
"199911","0.045573022216558456","0.045573022216558456","0.045573022216558456"
"199928","0.04529369994997978","0.04529369994997978","0.04529369994997978"
"199939","0.0370214618742466","0.0370214618742466","0.0370214618742466"
"199963","0.06098848208785057","0.06098848208785057","0.06098848208785057"
"199970","0.03275926411151886","0.03275926411151886","0.03275926411151886"
"199986","0.045446231961250305","0.045446231961250305","0.045446231961250305"
"199995","0.06299226731061935","0.06299226731061935","0.06299226731061935"
"200039","0.06624335795640945","0.06624335795640945","0.06624335795640945"
"200051","0.04358822852373123","0.04358822852373123","0.04358822852373123"
"200058","0.036684222519397736","0.036684222519397736","0.036684222519397736"
"200125","0.030324773862957954","0.030324773862957954","0.030324773862957954"
"200154","0.03359220176935196","0.03359220176935196","0.03359220176935196"
"200197","0.060611382126808167","0.060611382126808167","0.060611382126808167"
"200208","0.06294219195842743","0.06294219195842743","0.06294219195842743"
"200234","0.04710996896028519","0.04710996896028519","0.04710996896028519"
"200248","0.0456375889480114","0.0456375889480114","0.0456375889480114"
"200259","0.034094974398612976","0.034094974398612976","0.034094974398612976"
"200311","0.043926045298576355","0.043926045298576355","0.043926045298576355"
"200313","0.04756075516343117","0.04756075516343117","0.04756075516343117"
"200331","0.03700718283653259","0.03700718283653259","0.03700718283653259"
"200335","0.045620255172252655","0.045620255172252655","0.045620255172252655"
"200355","0.058021631091833115","0.058021631091833115","0.058021631091833115"
"200357","0.035339899361133575","0.035339899361133575","0.035339899361133575"
"200367","0.04505780711770058","0.04505780711770058","0.04505780711770058"
"200391","0.0605366975069046","0.0605366975069046","0.0605366975069046"
"200394","0.03813827410340309","0.03813827410340309","0.03813827410340309"
"200406","0.045843664556741714","0.045843664556741714","0.045843664556741714"
"200438","0.04306982457637787","0.04306982457637787","0.04306982457637787"
"200447","0.03481300175189972","0.03481300175189972","0.03481300175189972"
"200456","0.051805779337882996","0.051805779337882996","0.051805779337882996"
"200460","0.05044284462928772","0.05044284462928772","0.05044284462928772"
"200479","0.053822413086891174","0.053822413086891174","0.053822413086891174"
"200481","0.05213746428489685","0.05213746428489685","0.05213746428489685"
"200486","0.052995048463344574","0.052995048463344574","0.052995048463344574"
"200500","0.04958266764879227","0.04958266764879227","0.04958266764879227"
"200551","0.03676389157772064","0.03676389157772064","0.03676389157772064"
"200552","0.04238865524530411","0.04238865524530411","0.04238865524530411"
"200558","0.04464026913046837","0.04464026913046837","0.04464026913046837"
"200563","0.0633474737405777","0.0633474737405777","0.0633474737405777"
"200680","0.040795471519231796","0.040795471519231796","0.040795471519231796"
"200706","0.05457057058811188","0.05457057058811188","0.05457057058811188"
"200783","0.05183976888656616","0.05183976888656616","0.05183976888656616"
"200942","0.061132725328207016","0.061132725328207016","0.061132725328207016"
"200943","0.04188624024391174","0.04188624024391174","0.04188624024391174"
"200945","0.05952462553977966","0.05952462553977966","0.05952462553977966"
"200987","0.05883438140153885","0.05883438140153885","0.05883438140153885"
"201022","0.07083757221698761","0.07083757221698761","0.07083757221698761"
"201030","0.05971699208021164","0.05971699208021164","0.05971699208021164"
"201062","0.04884781315922737","0.04884781315922737","0.04884781315922737"
"201119","0.05064956098794937","0.05064956098794937","0.05064956098794937"
"201124","0.04578441381454468","0.04578441381454468","0.04578441381454468"
"201169","0.048452459275722504","0.048452459275722504","0.048452459275722504"
"201183","0.048218417912721634","0.048218417912721634","0.048218417912721634"
"201191","0.0658155232667923","0.0658155232667923","0.0658155232667923"
"201202","0.04173910617828369","0.04173910617828369","0.04173910617828369"
"201215","0.04715590178966522","0.04715590178966522","0.04715590178966522"
"201225","0.07125541567802429","0.07125541567802429","0.07125541567802429"
"201230","0.03747274726629257","0.03747274726629257","0.03747274726629257"
"201241","0.05697222054004669","0.05697222054004669","0.05697222054004669"
"201252","0.0509674958884716","0.0509674958884716","0.0509674958884716"
"201258","0.04257568344473839","0.04257568344473839","0.04257568344473839"
"201279","0.04075929522514343","0.04075929522514343","0.04075929522514343"
"201284","0.047611676156520844","0.047611676156520844","0.047611676156520844"
"201291","0.05831332132220268","0.05831332132220268","0.05831332132220268"
"201295","0.02515684813261032","0.02515684813261032","0.02515684813261032"
"201299","0.03280600160360336","0.03280600160360336","0.03280600160360336"
"201336","0.03980713337659836","0.03980713337659836","0.03980713337659836"
"201371","0.03920856863260269","0.03920856863260269","0.03920856863260269"
"201418","0.040119580924510956","0.040119580924510956","0.040119580924510956"
"201421","0.04742997884750366","0.04742997884750366","0.04742997884750366"
"201429","0.043313976377248764","0.043313976377248764","0.043313976377248764"
"201458","0.030729908496141434","0.030729908496141434","0.030729908496141434"
"201467","0.046518076211214066","0.046518076211214066","0.046518076211214066"
"201469","0.04120645672082901","0.04120645672082901","0.04120645672082901"
"201504","0.04590413719415665","0.04590413719415665","0.04590413719415665"
"201553","0.07035043835639954","0.07035043835639954","0.07035043835639954"
"201560","0.05553272366523743","0.05553272366523743","0.05553272366523743"
"201565","0.05547114834189415","0.05547114834189415","0.05547114834189415"
"201611","0.03978390991687775","0.03978390991687775","0.03978390991687775"
"201648","0.055925436317920685","0.055925436317920685","0.055925436317920685"
"201657","0.03631084784865379","0.03631084784865379","0.03631084784865379"
"201658","0.049888648092746735","0.049888648092746735","0.049888648092746735"
"201692","0.031232688575983047","0.031232688575983047","0.031232688575983047"
"201698","0.05004969239234924","0.05004969239234924","0.05004969239234924"
"201737","0.05165473744273186","0.05165473744273186","0.05165473744273186"
"201746","0.04433266818523407","0.04433266818523407","0.04433266818523407"
"201784","0.048146024346351624","0.048146024346351624","0.048146024346351624"
"201788","0.05069747939705849","0.05069747939705849","0.05069747939705849"
"201806","0.027777686715126038","0.027777686715126038","0.027777686715126038"
"201885","0.06280509382486343","0.06280509382486343","0.06280509382486343"
"201920","0.05084659159183502","0.05084659159183502","0.05084659159183502"
"201947","0.05140267685055733","0.05140267685055733","0.05140267685055733"
"201963","0.05376022309064865","0.05376022309064865","0.05376022309064865"
"201981","0.026303807273507118","0.026303807273507118","0.026303807273507118"
"201984","0.0484069287776947","0.0484069287776947","0.0484069287776947"
"201990","0.05535934865474701","0.05535934865474701","0.05535934865474701"
"201997","0.050392162054777145","0.050392162054777145","0.050392162054777145"
"202058","0.06781412661075592","0.06781412661075592","0.06781412661075592"
"202077","0.05338023975491524","0.05338023975491524","0.05338023975491524"
"202112","0.05816970020532608","0.05816970020532608","0.05816970020532608"
"202145","0.04674752801656723","0.04674752801656723","0.04674752801656723"
"202325","0.05733383074402809","0.05733383074402809","0.05733383074402809"
"202382","0.04050373658537865","0.04050373658537865","0.04050373658537865"
"202386","0.04783882200717926","0.04783882200717926","0.04783882200717926"
"202420","0.06406132876873016","0.06406132876873016","0.06406132876873016"
"202423","0.04509342834353447","0.04509342834353447","0.04509342834353447"
"202426","0.04715825617313385","0.04715825617313385","0.04715825617313385"
"202440","0.05895770713686943","0.05895770713686943","0.05895770713686943"
"202463","0.03228892385959625","0.03228892385959625","0.03228892385959625"
"202471","0.05112440884113312","0.05112440884113312","0.05112440884113312"
"202487","0.05181284248828888","0.05181284248828888","0.05181284248828888"
"202494","0.040584057569503784","0.040584057569503784","0.040584057569503784"
"202498","0.058898262679576874","0.058898262679576874","0.058898262679576874"
"202543","0.044970132410526276","0.044970132410526276","0.044970132410526276"
"202551","0.04504745453596115","0.04504745453596115","0.04504745453596115"
"202557","0.055467765778303146","0.055467765778303146","0.055467765778303146"
"202629","0.05365407466888428","0.05365407466888428","0.05365407466888428"
"202639","0.05482139438390732","0.05482139438390732","0.05482139438390732"
"202666","0.03172250837087631","0.03172250837087631","0.03172250837087631"
"202701","0.04167846217751503","0.04167846217751503","0.04167846217751503"
"202711","0.05023684725165367","0.05023684725165367","0.05023684725165367"
"202715","0.04660120606422424","0.04660120606422424","0.04660120606422424"
"202718","0.05229178071022034","0.05229178071022034","0.05229178071022034"
"202725","0.05486159026622772","0.05486159026622772","0.05486159026622772"
"202762","0.036141179502010345","0.036141179502010345","0.036141179502010345"
"202772","0.03913041949272156","0.03913041949272156","0.03913041949272156"
"202778","0.04921954125165939","0.04921954125165939","0.04921954125165939"
"202780","0.037161074578762054","0.037161074578762054","0.037161074578762054"
"202788","0.048708073794841766","0.048708073794841766","0.048708073794841766"
"202818","0.04351913183927536","0.04351913183927536","0.04351913183927536"
"202827","0.07912333309650421","0.07912333309650421","0.07912333309650421"
"202846","0.04983246698975563","0.04983246698975563","0.04983246698975563"
"202893","0.04028724133968353","0.04028724133968353","0.04028724133968353"
"202898","0.039545025676488876","0.039545025676488876","0.039545025676488876"
"202913","0.044691525399684906","0.044691525399684906","0.044691525399684906"
"202917","0.04438148811459541","0.04438148811459541","0.04438148811459541"
"202956","0.059175342321395874","0.059175342321395874","0.059175342321395874"
"202958","0.03870941326022148","0.03870941326022148","0.03870941326022148"
"202965","0.040270786732435226","0.040270786732435226","0.040270786732435226"
"202979","0.06050538644194603","0.06050538644194603","0.06050538644194603"
"202998","0.05581970512866974","0.05581970512866974","0.05581970512866974"
"203012","0.04990052431821823","0.04990052431821823","0.04990052431821823"
"203030","0.06650574505329132","0.06650574505329132","0.06650574505329132"
"203096","0.05109325796365738","0.05109325796365738","0.05109325796365738"
"203124","0.06966377049684525","0.06966377049684525","0.06966377049684525"
"203125","0.05382298678159714","0.05382298678159714","0.05382298678159714"
"203165","0.03235679864883423","0.03235679864883423","0.03235679864883423"
"203208","0.04568596929311752","0.04568596929311752","0.04568596929311752"
"203214","0.036672793328762054","0.036672793328762054","0.036672793328762054"
"203267","0.03985112905502319","0.03985112905502319","0.03985112905502319"
"203271","0.03700660541653633","0.03700660541653633","0.03700660541653633"
"203313","0.04391121119260788","0.04391121119260788","0.04391121119260788"
"203331","0.03767012432217598","0.03767012432217598","0.03767012432217598"
"203340","0.055587101727724075","0.055587101727724075","0.055587101727724075"
"203380","0.034852832555770874","0.034852832555770874","0.034852832555770874"
"203431","0.04229355975985527","0.04229355975985527","0.04229355975985527"
"203442","0.04035165160894394","0.04035165160894394","0.04035165160894394"
"203448","0.04062671214342117","0.04062671214342117","0.04062671214342117"
"203459","0.05481751263141632","0.05481751263141632","0.05481751263141632"
"203468","0.050106216222047806","0.050106216222047806","0.050106216222047806"
"203482","0.05340060964226723","0.05340060964226723","0.05340060964226723"
"203559","0.050130780786275864","0.050130780786275864","0.050130780786275864"
"203576","0.04199092835187912","0.04199092835187912","0.04199092835187912"
"203603","0.043420471251010895","0.043420471251010895","0.043420471251010895"
"203616","0.06571678817272186","0.06571678817272186","0.06571678817272186"
"203622","0.05839870870113373","0.05839870870113373","0.05839870870113373"
"203689","0.03786551207304001","0.03786551207304001","0.03786551207304001"
"203690","0.0512264221906662","0.0512264221906662","0.0512264221906662"
"203719","0.041131455451250076","0.041131455451250076","0.041131455451250076"
"203738","0.0488596186041832","0.0488596186041832","0.0488596186041832"
"203746","0.0457456074655056","0.0457456074655056","0.0457456074655056"
"203797","0.06002746894955635","0.06002746894955635","0.06002746894955635"
"203812","0.040421806275844574","0.040421806275844574","0.040421806275844574"
"203840","0.033097803592681885","0.033097803592681885","0.033097803592681885"
"203859","0.05252682417631149","0.05252682417631149","0.05252682417631149"
"203924","0.059414803981781006","0.059414803981781006","0.059414803981781006"
"203955","0.05156255513429642","0.05156255513429642","0.05156255513429642"
"203956","0.05511905252933502","0.05511905252933502","0.05511905252933502"
"203957","0.04434462636709213","0.04434462636709213","0.04434462636709213"
"203965","0.06629789620637894","0.06629789620637894","0.06629789620637894"
"203967","0.03831414133310318","0.03831414133310318","0.03831414133310318"
"203980","0.053325582295656204","0.053325582295656204","0.053325582295656204"
"203987","0.056647591292858124","0.056647591292858124","0.056647591292858124"
"203990","0.03779805079102516","0.03779805079102516","0.03779805079102516"
"204011","0.04407428205013275","0.04407428205013275","0.04407428205013275"
"204049","0.062487635761499405","0.062487635761499405","0.062487635761499405"
"204188","0.032518114894628525","0.032518114894628525","0.032518114894628525"
"204190","0.027742985635995865","0.027742985635995865","0.027742985635995865"
"204195","0.06039641425013542","0.06039641425013542","0.06039641425013542"
"204215","0.048396095633506775","0.048396095633506775","0.048396095633506775"
"204220","0.034051887691020966","0.034051887691020966","0.034051887691020966"
"204222","0.06820830702781677","0.06820830702781677","0.06820830702781677"
"204236","0.04137133061885834","0.04137133061885834","0.04137133061885834"
"204268","0.044763676822185516","0.044763676822185516","0.044763676822185516"
"204304","0.0491943284869194","0.0491943284869194","0.0491943284869194"
"204347","0.046216122806072235","0.046216122806072235","0.046216122806072235"
"204369","0.05552750453352928","0.05552750453352928","0.05552750453352928"
"204374","0.03185750171542168","0.03185750171542168","0.03185750171542168"
"204399","0.04823262244462967","0.04823262244462967","0.04823262244462967"
"204415","0.05768375098705292","0.05768375098705292","0.05768375098705292"
"204437","0.04692556709051132","0.04692556709051132","0.04692556709051132"
"204458","0.04309535026550293","0.04309535026550293","0.04309535026550293"
"204472","0.0427154079079628","0.0427154079079628","0.0427154079079628"
"204475","0.03519376367330551","0.03519376367330551","0.03519376367330551"
"204506","0.03351689875125885","0.03351689875125885","0.03351689875125885"
"204509","0.038817476481199265","0.038817476481199265","0.038817476481199265"
"204535","0.031232794746756554","0.031232794746756554","0.031232794746756554"
"204543","0.04329448565840721","0.04329448565840721","0.04329448565840721"
"204544","0.049931600689888","0.049931600689888","0.049931600689888"
"204572","0.03752181679010391","0.03752181679010391","0.03752181679010391"
"204615","0.03500790521502495","0.03500790521502495","0.03500790521502495"
"204616","0.05619689077138901","0.05619689077138901","0.05619689077138901"
"204634","0.04334103316068649","0.04334103316068649","0.04334103316068649"
"204677","0.0556563064455986","0.0556563064455986","0.0556563064455986"
"204758","0.04755165055394173","0.04755165055394173","0.04755165055394173"
"204782","0.0461890734732151","0.0461890734732151","0.0461890734732151"
"204794","0.03641920164227486","0.03641920164227486","0.03641920164227486"
"204807","0.05759294331073761","0.05759294331073761","0.05759294331073761"
"204823","0.029600970447063446","0.029600970447063446","0.029600970447063446"
"204827","0.046842142939567566","0.046842142939567566","0.046842142939567566"
"204832","0.05051972717046738","0.05051972717046738","0.05051972717046738"
"204888","0.05465337634086609","0.05465337634086609","0.05465337634086609"
"204911","0.05031267926096916","0.05031267926096916","0.05031267926096916"
"204922","0.03956754505634308","0.03956754505634308","0.03956754505634308"
"204939","0.03890836611390114","0.03890836611390114","0.03890836611390114"
"204999","0.039039529860019684","0.039039529860019684","0.039039529860019684"
"205012","0.061684586107730865","0.061684586107730865","0.061684586107730865"
"205026","0.054238878190517426","0.054238878190517426","0.054238878190517426"
"205144","0.04391564056277275","0.04391564056277275","0.04391564056277275"
"205149","0.05111228674650192","0.05111228674650192","0.05111228674650192"
"205164","0.04019883647561073","0.04019883647561073","0.04019883647561073"
"205169","0.04052253067493439","0.04052253067493439","0.04052253067493439"
"205192","0.047038957476615906","0.047038957476615906","0.047038957476615906"
"205204","0.04896651953458786","0.04896651953458786","0.04896651953458786"
"205214","0.028888152912259102","0.028888152912259102","0.028888152912259102"
"205217","0.05050630122423172","0.05050630122423172","0.05050630122423172"
"205222","0.04764305055141449","0.04764305055141449","0.04764305055141449"
"205230","0.057672612369060516","0.057672612369060516","0.057672612369060516"
"205239","0.059932541102170944","0.059932541102170944","0.059932541102170944"
"205318","0.03335031121969223","0.03335031121969223","0.03335031121969223"
"205329","0.06801065802574158","0.06801065802574158","0.06801065802574158"
"205348","0.0732240229845047","0.0732240229845047","0.0732240229845047"
"205350","0.05304860696196556","0.05304860696196556","0.05304860696196556"
"205354","0.054557107388973236","0.054557107388973236","0.054557107388973236"
"205356","0.047360487282276154","0.047360487282276154","0.047360487282276154"
"205376","0.037308141589164734","0.037308141589164734","0.037308141589164734"
"205392","0.039283040910959244","0.039283040910959244","0.039283040910959244"
"205395","0.042301006615161896","0.042301006615161896","0.042301006615161896"
"205396","0.04584703966975212","0.04584703966975212","0.04584703966975212"
"205413","0.05073393136262894","0.05073393136262894","0.05073393136262894"
"205427","0.037020422518253326","0.037020422518253326","0.037020422518253326"
"205444","0.043643780052661896","0.043643780052661896","0.043643780052661896"
"205455","0.06811334937810898","0.06811334937810898","0.06811334937810898"
"205460","0.04341581091284752","0.04341581091284752","0.04341581091284752"
"205466","0.0425838939845562","0.0425838939845562","0.0425838939845562"
"205518","0.027394959703087807","0.027394959703087807","0.027394959703087807"
"205537","0.032475486397743225","0.032475486397743225","0.032475486397743225"
"205552","0.04554019868373871","0.04554019868373871","0.04554019868373871"
"205566","0.031099680811166763","0.031099680811166763","0.031099680811166763"
"205593","0.06745501607656479","0.06745501607656479","0.06745501607656479"
"205640","0.05893876776099205","0.05893876776099205","0.05893876776099205"
"205643","0.04709586873650551","0.04709586873650551","0.04709586873650551"
"205661","0.03743810951709747","0.03743810951709747","0.03743810951709747"
"205688","0.050279468297958374","0.050279468297958374","0.050279468297958374"
"205716","0.05885887145996094","0.05885887145996094","0.05885887145996094"
"205718","0.035007815808057785","0.035007815808057785","0.035007815808057785"
"205727","0.03527071326971054","0.03527071326971054","0.03527071326971054"
"205730","0.04057200625538826","0.04057200625538826","0.04057200625538826"
"205759","0.04300563037395477","0.04300563037395477","0.04300563037395477"
"205876","0.06160704046487808","0.06160704046487808","0.06160704046487808"
"205914","0.057879842817783356","0.057879842817783356","0.057879842817783356"
"205934","0.047992072999477386","0.047992072999477386","0.047992072999477386"
"205942","0.04464557021856308","0.04464557021856308","0.04464557021856308"
"205954","0.04631975293159485","0.04631975293159485","0.04631975293159485"
"206007","0.028236480429768562","0.028236480429768562","0.028236480429768562"
"206009","0.06300417333841324","0.06300417333841324","0.06300417333841324"
"206041","0.0425151027739048","0.0425151027739048","0.0425151027739048"
"206050","0.040423717349767685","0.040423717349767685","0.040423717349767685"
"206076","0.04923892021179199","0.04923892021179199","0.04923892021179199"
"206122","0.04158848524093628","0.04158848524093628","0.04158848524093628"
"206157","0.057997845113277435","0.057997845113277435","0.057997845113277435"
"206178","0.03426837921142578","0.03426837921142578","0.03426837921142578"
"206273","0.03126448020339012","0.03126448020339012","0.03126448020339012"
"206318","0.06288781762123108","0.06288781762123108","0.06288781762123108"
"206356","0.031165841966867447","0.031165841966867447","0.031165841966867447"
"206366","0.046047989279031754","0.046047989279031754","0.046047989279031754"
"206374","0.05421511456370354","0.05421511456370354","0.05421511456370354"
"206382","0.04595496505498886","0.04595496505498886","0.04595496505498886"
"206407","0.04747193306684494","0.04747193306684494","0.04747193306684494"
"206420","0.03372384235262871","0.03372384235262871","0.03372384235262871"
"206443","0.04159986972808838","0.04159986972808838","0.04159986972808838"
"206451","0.06957080960273743","0.06957080960273743","0.06957080960273743"
"206468","0.04321550950407982","0.04321550950407982","0.04321550950407982"
"206500","0.042440202087163925","0.042440202087163925","0.042440202087163925"
"206549","0.056682661175727844","0.056682661175727844","0.056682661175727844"
"206583","0.05287085101008415","0.05287085101008415","0.05287085101008415"
"206600","0.049977876245975494","0.049977876245975494","0.049977876245975494"
"206615","0.04588247090578079","0.04588247090578079","0.04588247090578079"
"206676","0.025746921077370644","0.025746921077370644","0.025746921077370644"
"206714","0.03477543219923973","0.03477543219923973","0.03477543219923973"
"206721","0.045216068625450134","0.045216068625450134","0.045216068625450134"
"206733","0.06604287773370743","0.06604287773370743","0.06604287773370743"
"206752","0.03336118534207344","0.03336118534207344","0.03336118534207344"
"206801","0.04332466796040535","0.04332466796040535","0.04332466796040535"
"206802","0.06881915032863617","0.06881915032863617","0.06881915032863617"
"206859","0.0618910938501358","0.0618910938501358","0.0618910938501358"
"206869","0.04544798657298088","0.04544798657298088","0.04544798657298088"
"206874","0.03945990651845932","0.03945990651845932","0.03945990651845932"
"206879","0.04803965240716934","0.04803965240716934","0.04803965240716934"
"206924","0.04789084941148758","0.04789084941148758","0.04789084941148758"
"206941","0.05690920352935791","0.05690920352935791","0.05690920352935791"
"206962","0.054324787110090256","0.054324787110090256","0.054324787110090256"
"207086","0.04587449133396149","0.04587449133396149","0.04587449133396149"
"207107","0.06782807409763336","0.06782807409763336","0.06782807409763336"
"207172","0.0673452615737915","0.0673452615737915","0.0673452615737915"
"207207","0.033911317586898804","0.033911317586898804","0.033911317586898804"
"207216","0.055152688175439835","0.055152688175439835","0.055152688175439835"
"207244","0.05488332360982895","0.05488332360982895","0.05488332360982895"
"207255","0.051169801503419876","0.051169801503419876","0.051169801503419876"
"207259","0.056775204837322235","0.056775204837322235","0.056775204837322235"
"207277","0.03803637623786926","0.03803637623786926","0.03803637623786926"
"207289","0.038976334035396576","0.038976334035396576","0.038976334035396576"
"207292","0.03547905385494232","0.03547905385494232","0.03547905385494232"
"207305","0.05793772637844086","0.05793772637844086","0.05793772637844086"
"207311","0.03605441004037857","0.03605441004037857","0.03605441004037857"
"207315","0.06310060620307922","0.06310060620307922","0.06310060620307922"
"207317","0.03917781636118889","0.03917781636118889","0.03917781636118889"
"207318","0.04895387589931488","0.04895387589931488","0.04895387589931488"
"207327","0.043552249670028687","0.043552249670028687","0.043552249670028687"
"207338","0.038616303354501724","0.038616303354501724","0.038616303354501724"
"207343","0.03691616654396057","0.03691616654396057","0.03691616654396057"
"207352","0.05049768090248108","0.05049768090248108","0.05049768090248108"
"207374","0.03309711441397667","0.03309711441397667","0.03309711441397667"
"207384","0.048886269330978394","0.048886269330978394","0.048886269330978394"
"207391","0.039735473692417145","0.039735473692417145","0.039735473692417145"
"207474","0.05147317424416542","0.05147317424416542","0.05147317424416542"
"207475","0.07171474397182465","0.07171474397182465","0.07171474397182465"
"207476","0.04805295169353485","0.04805295169353485","0.04805295169353485"
"207504","0.035830408334732056","0.035830408334732056","0.035830408334732056"
"207557","0.04888171702623367","0.04888171702623367","0.04888171702623367"
"207561","0.06556269526481628","0.06556269526481628","0.06556269526481628"
"207569","0.05601663887500763","0.05601663887500763","0.05601663887500763"
"207587","0.07343880832195282","0.07343880832195282","0.07343880832195282"
"207593","0.031230898573994637","0.031230898573994637","0.031230898573994637"
"207606","0.04065385088324547","0.04065385088324547","0.04065385088324547"
"207607","0.040714845061302185","0.040714845061302185","0.040714845061302185"
"207631","0.06205318123102188","0.06205318123102188","0.06205318123102188"
"207635","0.03539121896028519","0.03539121896028519","0.03539121896028519"
"207680","0.04469657316803932","0.04469657316803932","0.04469657316803932"
"207728","0.06603780388832092","0.06603780388832092","0.06603780388832092"
"207784","0.05722957104444504","0.05722957104444504","0.05722957104444504"
"207821","0.06554312258958817","0.06554312258958817","0.06554312258958817"
"207887","0.05150233209133148","0.05150233209133148","0.05150233209133148"
"207906","0.03620516508817673","0.03620516508817673","0.03620516508817673"
"207925","0.04939540475606918","0.04939540475606918","0.04939540475606918"
"207929","0.030862189829349518","0.030862189829349518","0.030862189829349518"
"207943","0.053343191742897034","0.053343191742897034","0.053343191742897034"
"207945","0.043557919561862946","0.043557919561862946","0.043557919561862946"
"207984","0.034095004200935364","0.034095004200935364","0.034095004200935364"
"207988","0.05936969816684723","0.05936969816684723","0.05936969816684723"
"207994","0.034799251705408096","0.034799251705408096","0.034799251705408096"
"207999","0.041400425136089325","0.041400425136089325","0.041400425136089325"
"208054","0.05952060967683792","0.05952060967683792","0.05952060967683792"
"208075","0.04555610567331314","0.04555610567331314","0.04555610567331314"
"208080","0.05837951600551605","0.05837951600551605","0.05837951600551605"
"208127","0.050398822873830795","0.050398822873830795","0.050398822873830795"
"208219","0.03469867259263992","0.03469867259263992","0.03469867259263992"
"208220","0.07504536211490631","0.07504536211490631","0.07504536211490631"
"208252","0.05691584199666977","0.05691584199666977","0.05691584199666977"
"208286","0.06975333392620087","0.06975333392620087","0.06975333392620087"
"208321","0.04601543769240379","0.04601543769240379","0.04601543769240379"
"208327","0.05061882361769676","0.05061882361769676","0.05061882361769676"
"208329","0.05105583369731903","0.05105583369731903","0.05105583369731903"
"208334","0.04169498383998871","0.04169498383998871","0.04169498383998871"
"208338","0.05067001283168793","0.05067001283168793","0.05067001283168793"
"208354","0.060292139649391174","0.060292139649391174","0.060292139649391174"
"208361","0.043473243713378906","0.043473243713378906","0.043473243713378906"
"208394","0.03986906632781029","0.03986906632781029","0.03986906632781029"
"208396","0.05867035686969757","0.05867035686969757","0.05867035686969757"
"208415","0.05399545654654503","0.05399545654654503","0.05399545654654503"
"208421","0.06987357139587402","0.06987357139587402","0.06987357139587402"
"208478","0.0549941323697567","0.0549941323697567","0.0549941323697567"
"208535","0.03499767184257507","0.03499767184257507","0.03499767184257507"
"208540","0.07674337923526764","0.07674337923526764","0.07674337923526764"
"208553","0.047492291778326035","0.047492291778326035","0.047492291778326035"
"208556","0.047590453177690506","0.047590453177690506","0.047590453177690506"
"208572","0.06733203679323196","0.06733203679323196","0.06733203679323196"
"208587","0.04792650416493416","0.04792650416493416","0.04792650416493416"
"208596","0.03603013604879379","0.03603013604879379","0.03603013604879379"
"208601","0.04519137740135193","0.04519137740135193","0.04519137740135193"
"208625","0.04061506688594818","0.04061506688594818","0.04061506688594818"
"208659","0.028960339725017548","0.028960339725017548","0.028960339725017548"
"208696","0.037537798285484314","0.037537798285484314","0.037537798285484314"
"208726","0.033605918288230896","0.033605918288230896","0.033605918288230896"
"208735","0.04452213644981384","0.04452213644981384","0.04452213644981384"
"208784","0.04086839407682419","0.04086839407682419","0.04086839407682419"
"208791","0.0379643440246582","0.0379643440246582","0.0379643440246582"
"208811","0.031503111124038696","0.031503111124038696","0.031503111124038696"
"208817","0.05183035880327225","0.05183035880327225","0.05183035880327225"
"208861","0.041184499859809875","0.041184499859809875","0.041184499859809875"
"208879","0.03950474038720131","0.03950474038720131","0.03950474038720131"
"208892","0.04493094980716705","0.04493094980716705","0.04493094980716705"
"208918","0.05163537710905075","0.05163537710905075","0.05163537710905075"
"208926","0.048307452350854874","0.048307452350854874","0.048307452350854874"
"208964","0.031184373423457146","0.031184373423457146","0.031184373423457146"
"208974","0.04370702803134918","0.04370702803134918","0.04370702803134918"
"208983","0.03674529865384102","0.03674529865384102","0.03674529865384102"
"209187","0.04762636870145798","0.04762636870145798","0.04762636870145798"
"209204","0.06006047874689102","0.06006047874689102","0.06006047874689102"
"209221","0.053794387727975845","0.053794387727975845","0.053794387727975845"
"209227","0.05587342381477356","0.05587342381477356","0.05587342381477356"
"209234","0.03772209212183952","0.03772209212183952","0.03772209212183952"
"209286","0.05092184245586395","0.05092184245586395","0.05092184245586395"
"209334","0.030052896589040756","0.030052896589040756","0.030052896589040756"
"209337","0.050142500549554825","0.050142500549554825","0.050142500549554825"
"209349","0.03671194985508919","0.03671194985508919","0.03671194985508919"
"209527","0.06947539746761322","0.06947539746761322","0.06947539746761322"
"209535","0.047389425337314606","0.047389425337314606","0.047389425337314606"
"209548","0.048002347350120544","0.048002347350120544","0.048002347350120544"
"209558","0.04677773267030716","0.04677773267030716","0.04677773267030716"
"209560","0.039782196283340454","0.039782196283340454","0.039782196283340454"
"209570","0.033735327422618866","0.033735327422618866","0.033735327422618866"
"209582","0.04099368304014206","0.04099368304014206","0.04099368304014206"
"209623","0.06715018302202225","0.06715018302202225","0.06715018302202225"
"209626","0.03940283879637718","0.03940283879637718","0.03940283879637718"
"209641","0.060279421508312225","0.060279421508312225","0.060279421508312225"
"209679","0.04968944191932678","0.04968944191932678","0.04968944191932678"
"209719","0.06384699046611786","0.06384699046611786","0.06384699046611786"
"209727","0.04896612465381622","0.04896612465381622","0.04896612465381622"
"209739","0.05966147780418396","0.05966147780418396","0.05966147780418396"
"209752","0.055709175765514374","0.055709175765514374","0.055709175765514374"
"209788","0.037575770169496536","0.037575770169496536","0.037575770169496536"
"209884","0.05630853772163391","0.05630853772163391","0.05630853772163391"
"209898","0.03908989205956459","0.03908989205956459","0.03908989205956459"
"209917","0.03296240419149399","0.03296240419149399","0.03296240419149399"
"209918","0.055231694132089615","0.055231694132089615","0.055231694132089615"
"209943","0.0655127540230751","0.0655127540230751","0.0655127540230751"
"209952","0.04317644238471985","0.04317644238471985","0.04317644238471985"
"209955","0.03969467431306839","0.03969467431306839","0.03969467431306839"
"209983","0.03236854076385498","0.03236854076385498","0.03236854076385498"
"209991","0.045371610671281815","0.045371610671281815","0.045371610671281815"
"210002","0.047062948346138","0.047062948346138","0.047062948346138"
"210047","0.05675893649458885","0.05675893649458885","0.05675893649458885"
"210054","0.05323118716478348","0.05323118716478348","0.05323118716478348"
"210081","0.03992206230759621","0.03992206230759621","0.03992206230759621"
"210087","0.03859938308596611","0.03859938308596611","0.03859938308596611"
"210105","0.051399871706962585","0.051399871706962585","0.051399871706962585"
"210138","0.06263541430234909","0.06263541430234909","0.06263541430234909"
"210163","0.053365323692560196","0.053365323692560196","0.053365323692560196"
"210172","0.045421451330184937","0.045421451330184937","0.045421451330184937"
"210191","0.04559557884931564","0.04559557884931564","0.04559557884931564"
"210200","0.05884728953242302","0.05884728953242302","0.05884728953242302"
"210215","0.04564482718706131","0.04564482718706131","0.04564482718706131"
"210225","0.029870513826608658","0.029870513826608658","0.029870513826608658"
"210228","0.06993626058101654","0.06993626058101654","0.06993626058101654"
"210296","0.04497705399990082","0.04497705399990082","0.04497705399990082"
"210332","0.046273499727249146","0.046273499727249146","0.046273499727249146"
"210344","0.045847564935684204","0.045847564935684204","0.045847564935684204"
"210376","0.04926387593150139","0.04926387593150139","0.04926387593150139"
"210377","0.04612666741013527","0.04612666741013527","0.04612666741013527"
"210392","0.048466410487890244","0.048466410487890244","0.048466410487890244"
"210399","0.0640859454870224","0.0640859454870224","0.0640859454870224"
"210406","0.04309709370136261","0.04309709370136261","0.04309709370136261"
"210427","0.055204618722200394","0.055204618722200394","0.055204618722200394"
"210450","0.060165420174598694","0.060165420174598694","0.060165420174598694"
"210455","0.046932101249694824","0.046932101249694824","0.046932101249694824"
"210465","0.027301765978336334","0.027301765978336334","0.027301765978336334"
"210486","0.043188534677028656","0.043188534677028656","0.043188534677028656"
"210507","0.059083808213472366","0.059083808213472366","0.059083808213472366"
"210564","0.03551223501563072","0.03551223501563072","0.03551223501563072"
"210577","0.053239449858665466","0.053239449858665466","0.053239449858665466"
"210581","0.05227848142385483","0.05227848142385483","0.05227848142385483"
"210601","0.03341866657137871","0.03341866657137871","0.03341866657137871"
"210603","0.05474317446351051","0.05474317446351051","0.05474317446351051"
"210607","0.037039242684841156","0.037039242684841156","0.037039242684841156"
"210619","0.057309091091156006","0.057309091091156006","0.057309091091156006"
"210622","0.039253853261470795","0.039253853261470795","0.039253853261470795"
"210634","0.04397152364253998","0.04397152364253998","0.04397152364253998"
"210659","0.04805134981870651","0.04805134981870651","0.04805134981870651"
"210677","0.05790944769978523","0.05790944769978523","0.05790944769978523"
"210682","0.04485896974802017","0.04485896974802017","0.04485896974802017"
"210713","0.042781900614500046","0.042781900614500046","0.042781900614500046"
"210734","0.04420347139239311","0.04420347139239311","0.04420347139239311"
"210740","0.03935316205024719","0.03935316205024719","0.03935316205024719"
"210754","0.05019133538007736","0.05019133538007736","0.05019133538007736"
"210814","0.07820885628461838","0.07820885628461838","0.07820885628461838"
"210825","0.07644952088594437","0.07644952088594437","0.07644952088594437"
"210831","0.04996689781546593","0.04996689781546593","0.04996689781546593"
"210864","0.04454371705651283","0.04454371705651283","0.04454371705651283"
"210875","0.04491202160716057","0.04491202160716057","0.04491202160716057"
"210900","0.08691230416297913","0.08691230416297913","0.08691230416297913"
"210925","0.049385685473680496","0.049385685473680496","0.049385685473680496"
"210948","0.05163513123989105","0.05163513123989105","0.05163513123989105"
"211033","0.033581364899873734","0.033581364899873734","0.033581364899873734"
"211036","0.03407952934503555","0.03407952934503555","0.03407952934503555"
"211041","0.05624798685312271","0.05624798685312271","0.05624798685312271"
"211120","0.03943042829632759","0.03943042829632759","0.03943042829632759"
"211161","0.03952070325613022","0.03952070325613022","0.03952070325613022"
"211180","0.055363889783620834","0.055363889783620834","0.055363889783620834"
"211202","0.03573940694332123","0.03573940694332123","0.03573940694332123"
"211226","0.05174180120229721","0.05174180120229721","0.05174180120229721"
"211227","0.05905730277299881","0.05905730277299881","0.05905730277299881"
"211284","0.044921644032001495","0.044921644032001495","0.044921644032001495"
"211296","0.05032346770167351","0.05032346770167351","0.05032346770167351"
"211307","0.03034648485481739","0.03034648485481739","0.03034648485481739"
"211311","0.05748244374990463","0.05748244374990463","0.05748244374990463"
"211320","0.04452298581600189","0.04452298581600189","0.04452298581600189"
"211342","0.05369633808732033","0.05369633808732033","0.05369633808732033"
"211388","0.05640079081058502","0.05640079081058502","0.05640079081058502"
"211391","0.04876015707850456","0.04876015707850456","0.04876015707850456"
"211417","0.04514597728848457","0.04514597728848457","0.04514597728848457"
"211431","0.04992970451712608","0.04992970451712608","0.04992970451712608"
"211453","0.046757765114307404","0.046757765114307404","0.046757765114307404"
"211461","0.04876888543367386","0.04876888543367386","0.04876888543367386"
"211466","0.030453752726316452","0.030453752726316452","0.030453752726316452"
"211469","0.05073288083076477","0.05073288083076477","0.05073288083076477"
"211485","0.030197137966752052","0.030197137966752052","0.030197137966752052"
"211488","0.05094554275274277","0.05094554275274277","0.05094554275274277"
"211509","0.038916297256946564","0.038916297256946564","0.038916297256946564"
"211518","0.039096735417842865","0.039096735417842865","0.039096735417842865"
"211538","0.03629487752914429","0.03629487752914429","0.03629487752914429"
"211630","0.0534588098526001","0.0534588098526001","0.0534588098526001"
"211638","0.05277238041162491","0.05277238041162491","0.05277238041162491"
"211676","0.0340280644595623","0.0340280644595623","0.0340280644595623"
"211708","0.06024215370416641","0.06024215370416641","0.06024215370416641"
"211775","0.03738715499639511","0.03738715499639511","0.03738715499639511"
"211789","0.04935581982135773","0.04935581982135773","0.04935581982135773"
"211800","0.04249773547053337","0.04249773547053337","0.04249773547053337"
"211810","0.040886521339416504","0.040886521339416504","0.040886521339416504"
"211876","0.057228974997997284","0.057228974997997284","0.057228974997997284"
"211881","0.053524427115917206","0.053524427115917206","0.053524427115917206"
"211891","0.06983848661184311","0.06983848661184311","0.06983848661184311"
"211954","0.03772718831896782","0.03772718831896782","0.03772718831896782"
"211965","0.05973362922668457","0.05973362922668457","0.05973362922668457"
"212024","0.07066041231155396","0.07066041231155396","0.07066041231155396"
"212025","0.04034404456615448","0.04034404456615448","0.04034404456615448"
"212026","0.050292279571294785","0.050292279571294785","0.050292279571294785"
"212100","0.049895722419023514","0.049895722419023514","0.049895722419023514"
"212133","0.06152962148189545","0.06152962148189545","0.06152962148189545"
"212140","0.041320353746414185","0.041320353746414185","0.041320353746414185"
"212166","0.04829184338450432","0.04829184338450432","0.04829184338450432"
"212178","0.028896087780594826","0.028896087780594826","0.028896087780594826"
"212236","0.04423655569553375","0.04423655569553375","0.04423655569553375"
"212253","0.06286793947219849","0.06286793947219849","0.06286793947219849"
"212291","0.0302741602063179","0.0302741602063179","0.0302741602063179"
"212297","0.06778550893068314","0.06778550893068314","0.06778550893068314"
"212298","0.057301439344882965","0.057301439344882965","0.057301439344882965"
"212326","0.05261344090104103","0.05261344090104103","0.05261344090104103"
"212331","0.029681000858545303","0.029681000858545303","0.029681000858545303"
"212334","0.04808657616376877","0.04808657616376877","0.04808657616376877"
"212354","0.06592711806297302","0.06592711806297302","0.06592711806297302"
"212367","0.03417959809303284","0.03417959809303284","0.03417959809303284"
"212373","0.06253393739461899","0.06253393739461899","0.06253393739461899"
"212421","0.053895846009254456","0.053895846009254456","0.053895846009254456"
"212472","0.035716451704502106","0.035716451704502106","0.035716451704502106"
"212489","0.04891550540924072","0.04891550540924072","0.04891550540924072"
"212517","0.058478549122810364","0.058478549122810364","0.058478549122810364"
"212531","0.055562373250722885","0.055562373250722885","0.055562373250722885"
"212539","0.05136771872639656","0.05136771872639656","0.05136771872639656"
"212568","0.03509778529405594","0.03509778529405594","0.03509778529405594"
"212575","0.05401569604873657","0.05401569604873657","0.05401569604873657"
"212581","0.032699450850486755","0.032699450850486755","0.032699450850486755"
"212591","0.06929060816764832","0.06929060816764832","0.06929060816764832"
"212609","0.05236431956291199","0.05236431956291199","0.05236431956291199"
"212614","0.046178873628377914","0.046178873628377914","0.046178873628377914"
"212622","0.033725276589393616","0.033725276589393616","0.033725276589393616"
"212623","0.03702891618013382","0.03702891618013382","0.03702891618013382"
"212626","0.03601705655455589","0.03601705655455589","0.03601705655455589"
"212630","0.03927970677614212","0.03927970677614212","0.03927970677614212"
"212697","0.03914772346615791","0.03914772346615791","0.03914772346615791"
"212735","0.035241179168224335","0.035241179168224335","0.035241179168224335"
"212736","0.03669044375419617","0.03669044375419617","0.03669044375419617"
"212740","0.030666567385196686","0.030666567385196686","0.030666567385196686"
"212743","0.045359473675489426","0.045359473675489426","0.045359473675489426"
"212748","0.071132592856884","0.071132592856884","0.071132592856884"
"212750","0.0349375456571579","0.0349375456571579","0.0349375456571579"
"212770","0.056574735790491104","0.056574735790491104","0.056574735790491104"
"212778","0.0534808523952961","0.0534808523952961","0.0534808523952961"
"212824","0.03554687276482582","0.03554687276482582","0.03554687276482582"
"212831","0.05771612748503685","0.05771612748503685","0.05771612748503685"
"212838","0.05101385712623596","0.05101385712623596","0.05101385712623596"
"212860","0.05848269909620285","0.05848269909620285","0.05848269909620285"
"212887","0.03514636307954788","0.03514636307954788","0.03514636307954788"
"212891","0.05216094106435776","0.05216094106435776","0.05216094106435776"
"212892","0.05389920994639397","0.05389920994639397","0.05389920994639397"
"212947","0.05389346182346344","0.05389346182346344","0.05389346182346344"
"212954","0.04883182793855667","0.04883182793855667","0.04883182793855667"
"212978","0.046987712383270264","0.046987712383270264","0.046987712383270264"
"212980","0.0499165803194046","0.0499165803194046","0.0499165803194046"
"212992","0.03677821904420853","0.03677821904420853","0.03677821904420853"
"212998","0.04416652023792267","0.04416652023792267","0.04416652023792267"
"213014","0.05027944594621658","0.05027944594621658","0.05027944594621658"
"213041","0.0433766134083271","0.0433766134083271","0.0433766134083271"
"213069","0.04037532955408096","0.04037532955408096","0.04037532955408096"
"213071","0.042935699224472046","0.042935699224472046","0.042935699224472046"
"213102","0.04193839803338051","0.04193839803338051","0.04193839803338051"
"213118","0.032365795224905014","0.032365795224905014","0.032365795224905014"
"213136","0.05012356862425804","0.05012356862425804","0.05012356862425804"
"213142","0.03508145734667778","0.03508145734667778","0.03508145734667778"
"213151","0.045645974576473236","0.045645974576473236","0.045645974576473236"
"213239","0.034531429409980774","0.034531429409980774","0.034531429409980774"
"213274","0.07322995364665985","0.07322995364665985","0.07322995364665985"
"213304","0.03595101460814476","0.03595101460814476","0.03595101460814476"
"213356","0.06701603531837463","0.06701603531837463","0.06701603531837463"
"213365","0.04147550091147423","0.04147550091147423","0.04147550091147423"
"213375","0.06320111453533173","0.06320111453533173","0.06320111453533173"
"213396","0.04264293611049652","0.04264293611049652","0.04264293611049652"
"213408","0.05069121718406677","0.05069121718406677","0.05069121718406677"
"213429","0.037461474537849426","0.037461474537849426","0.037461474537849426"
"213441","0.04075571894645691","0.04075571894645691","0.04075571894645691"
"213480","0.040548499673604965","0.040548499673604965","0.040548499673604965"
"213562","0.06556817889213562","0.06556817889213562","0.06556817889213562"
"213592","0.03279471769928932","0.03279471769928932","0.03279471769928932"
"213601","0.07014521956443787","0.07014521956443787","0.07014521956443787"
"213618","0.0472179539501667","0.0472179539501667","0.0472179539501667"
"213627","0.05532321333885193","0.05532321333885193","0.05532321333885193"
"213640","0.04618047922849655","0.04618047922849655","0.04618047922849655"
"213646","0.034468360245227814","0.034468360245227814","0.034468360245227814"
"213661","0.04052804410457611","0.04052804410457611","0.04052804410457611"
"213673","0.04386095330119133","0.04386095330119133","0.04386095330119133"
"213678","0.04396352916955948","0.04396352916955948","0.04396352916955948"
"213713","0.05810017138719559","0.05810017138719559","0.05810017138719559"
"213742","0.04752274602651596","0.04752274602651596","0.04752274602651596"
"213797","0.0553116574883461","0.0553116574883461","0.0553116574883461"
"213891","0.040561653673648834","0.040561653673648834","0.040561653673648834"
"213895","0.0595969557762146","0.0595969557762146","0.0595969557762146"
"213928","0.053002431988716125","0.053002431988716125","0.053002431988716125"
"213948","0.04427357017993927","0.04427357017993927","0.04427357017993927"
"214017","0.05120089650154114","0.05120089650154114","0.05120089650154114"
"214043","0.04289627820253372","0.04289627820253372","0.04289627820253372"
"214060","0.05472932755947113","0.05472932755947113","0.05472932755947113"
"214068","0.051153674721717834","0.051153674721717834","0.051153674721717834"
"214084","0.05181093513965607","0.05181093513965607","0.05181093513965607"
"214094","0.06772851943969727","0.06772851943969727","0.06772851943969727"
"214100","0.06238899379968643","0.06238899379968643","0.06238899379968643"
"214107","0.05297520011663437","0.05297520011663437","0.05297520011663437"
"214128","0.05847786366939545","0.05847786366939545","0.05847786366939545"
"214131","0.03914063423871994","0.03914063423871994","0.03914063423871994"
"214132","0.03381672501564026","0.03381672501564026","0.03381672501564026"
"214137","0.054987743496894836","0.054987743496894836","0.054987743496894836"
"214178","0.04019390046596527","0.04019390046596527","0.04019390046596527"
"214186","0.04500013589859009","0.04500013589859009","0.04500013589859009"
"214217","0.049953460693359375","0.049953460693359375","0.049953460693359375"
"214282","0.05605100840330124","0.05605100840330124","0.05605100840330124"
"214294","0.054507527500391006","0.054507527500391006","0.054507527500391006"
"214405","0.05103418603539467","0.05103418603539467","0.05103418603539467"
"214408","0.05067756772041321","0.05067756772041321","0.05067756772041321"
"214440","0.049563273787498474","0.049563273787498474","0.049563273787498474"
"214444","0.04636095464229584","0.04636095464229584","0.04636095464229584"
"214456","0.039615798741579056","0.039615798741579056","0.039615798741579056"
"214487","0.03885544836521149","0.03885544836521149","0.03885544836521149"
"214496","0.05844181030988693","0.05844181030988693","0.05844181030988693"
"214505","0.05255232751369476","0.05255232751369476","0.05255232751369476"
"214551","0.05697004497051239","0.05697004497051239","0.05697004497051239"
"214562","0.05580335855484009","0.05580335855484009","0.05580335855484009"
"214575","0.06023110821843147","0.06023110821843147","0.06023110821843147"
"214582","0.04279568791389465","0.04279568791389465","0.04279568791389465"
"214631","0.046275824308395386","0.046275824308395386","0.046275824308395386"
"214654","0.03574565798044205","0.03574565798044205","0.03574565798044205"
"214720","0.04740925133228302","0.04740925133228302","0.04740925133228302"
"214746","0.04058091714978218","0.04058091714978218","0.04058091714978218"
"214750","0.05153356492519379","0.05153356492519379","0.05153356492519379"
"214783","0.061018206179142","0.061018206179142","0.061018206179142"
"214845","0.032782651484012604","0.032782651484012604","0.032782651484012604"
"214853","0.0436190664768219","0.0436190664768219","0.0436190664768219"
"214879","0.04612381011247635","0.04612381011247635","0.04612381011247635"
"214880","0.05638929456472397","0.05638929456472397","0.05638929456472397"
"214914","0.0510285310447216","0.0510285310447216","0.0510285310447216"
"214920","0.04591285437345505","0.04591285437345505","0.04591285437345505"
"214949","0.0569286085665226","0.0569286085665226","0.0569286085665226"
"214980","0.04197093844413757","0.04197093844413757","0.04197093844413757"
"214993","0.0559745728969574","0.0559745728969574","0.0559745728969574"
"215002","0.04057198390364647","0.04057198390364647","0.04057198390364647"
"215023","0.044537462294101715","0.044537462294101715","0.044537462294101715"
"215030","0.04197366535663605","0.04197366535663605","0.04197366535663605"
"215057","0.04829084873199463","0.04829084873199463","0.04829084873199463"
"215098","0.06036226451396942","0.06036226451396942","0.06036226451396942"
"215104","0.06389516592025757","0.06389516592025757","0.06389516592025757"
"215131","0.03453484922647476","0.03453484922647476","0.03453484922647476"
"215137","0.0486743226647377","0.0486743226647377","0.0486743226647377"
"215200","0.05635799467563629","0.05635799467563629","0.05635799467563629"
"215217","0.04730355739593506","0.04730355739593506","0.04730355739593506"
"215219","0.0433996245265007","0.0433996245265007","0.0433996245265007"
"215262","0.0354512520134449","0.0354512520134449","0.0354512520134449"
"215310","0.03822317719459534","0.03822317719459534","0.03822317719459534"
"215312","0.0569637194275856","0.0569637194275856","0.0569637194275856"
"215343","0.03794483840465546","0.03794483840465546","0.03794483840465546"
"215346","0.041094571352005005","0.041094571352005005","0.041094571352005005"
"215354","0.03969189524650574","0.03969189524650574","0.03969189524650574"
"215399","0.03922173008322716","0.03922173008322716","0.03922173008322716"
"215405","0.05098076909780502","0.05098076909780502","0.05098076909780502"
"215436","0.04580140858888626","0.04580140858888626","0.04580140858888626"
"215440","0.046769384294748306","0.046769384294748306","0.046769384294748306"
"215473","0.05735944211483002","0.05735944211483002","0.05735944211483002"
"215501","0.03692584112286568","0.03692584112286568","0.03692584112286568"
"215527","0.03382968530058861","0.03382968530058861","0.03382968530058861"
"215576","0.04521327465772629","0.04521327465772629","0.04521327465772629"
"215588","0.04912109673023224","0.04912109673023224","0.04912109673023224"
"215600","0.05560791492462158","0.05560791492462158","0.05560791492462158"
"215603","0.03569653630256653","0.03569653630256653","0.03569653630256653"
"215624","0.06846307218074799","0.06846307218074799","0.06846307218074799"
"215646","0.05376856029033661","0.05376856029033661","0.05376856029033661"
"215650","0.04197359085083008","0.04197359085083008","0.04197359085083008"
"215693","0.048669226467609406","0.048669226467609406","0.048669226467609406"
"215699","0.04499436542391777","0.04499436542391777","0.04499436542391777"
"215712","0.055633336305618286","0.055633336305618286","0.055633336305618286"
"215721","0.040681324899196625","0.040681324899196625","0.040681324899196625"
"215725","0.03156755864620209","0.03156755864620209","0.03156755864620209"
"215731","0.037570953369140625","0.037570953369140625","0.037570953369140625"
"215747","0.04876571148633957","0.04876571148633957","0.04876571148633957"
"215761","0.0433947890996933","0.0433947890996933","0.0433947890996933"
"215796","0.03453635424375534","0.03453635424375534","0.03453635424375534"
"215805","0.04128750041127205","0.04128750041127205","0.04128750041127205"
"215808","0.042277902364730835","0.042277902364730835","0.042277902364730835"
"215830","0.04549945145845413","0.04549945145845413","0.04549945145845413"
"215847","0.05292568355798721","0.05292568355798721","0.05292568355798721"
"215855","0.03784460201859474","0.03784460201859474","0.03784460201859474"
"215869","0.04921358823776245","0.04921358823776245","0.04921358823776245"
"215883","0.0554080531001091","0.0554080531001091","0.0554080531001091"
"215937","0.041049525141716","0.041049525141716","0.041049525141716"
"215997","0.06803488731384277","0.06803488731384277","0.06803488731384277"
"216025","0.033701859414577484","0.033701859414577484","0.033701859414577484"
"216046","0.036052413284778595","0.036052413284778595","0.036052413284778595"
"216066","0.038800690323114395","0.038800690323114395","0.038800690323114395"
"216098","0.0533016175031662","0.0533016175031662","0.0533016175031662"
"216137","0.031615257263183594","0.031615257263183594","0.031615257263183594"
"216148","0.04250425472855568","0.04250425472855568","0.04250425472855568"
"216193","0.056519605219364166","0.056519605219364166","0.056519605219364166"
"216204","0.061003901064395905","0.061003901064395905","0.061003901064395905"
"216239","0.03663736954331398","0.03663736954331398","0.03663736954331398"
"216302","0.03938354551792145","0.03938354551792145","0.03938354551792145"
"216387","0.0466710701584816","0.0466710701584816","0.0466710701584816"
"216396","0.04248655587434769","0.04248655587434769","0.04248655587434769"
"216397","0.04795767739415169","0.04795767739415169","0.04795767739415169"
"216401","0.03970085829496384","0.03970085829496384","0.03970085829496384"
"216420","0.047695502638816833","0.047695502638816833","0.047695502638816833"
"216425","0.058685947209596634","0.058685947209596634","0.058685947209596634"
"216464","0.04569587856531143","0.04569587856531143","0.04569587856531143"
"216501","0.042701393365859985","0.042701393365859985","0.042701393365859985"
"216523","0.04962584748864174","0.04962584748864174","0.04962584748864174"
"216530","0.04805050045251846","0.04805050045251846","0.04805050045251846"
"216543","0.049083054065704346","0.049083054065704346","0.049083054065704346"
"216555","0.032664954662323","0.032664954662323","0.032664954662323"
"216592","0.07404710352420807","0.07404710352420807","0.07404710352420807"
"216603","0.06034649908542633","0.06034649908542633","0.06034649908542633"
"216616","0.04647696018218994","0.04647696018218994","0.04647696018218994"
"216644","0.04777032881975174","0.04777032881975174","0.04777032881975174"
"216665","0.031203493475914","0.031203493475914","0.031203493475914"
"216671","0.05915571749210358","0.05915571749210358","0.05915571749210358"
"216770","0.038014933466911316","0.038014933466911316","0.038014933466911316"
"216792","0.04983177036046982","0.04983177036046982","0.04983177036046982"
"216810","0.04626431316137314","0.04626431316137314","0.04626431316137314"
"216821","0.06305111199617386","0.06305111199617386","0.06305111199617386"
"216876","0.04383904114365578","0.04383904114365578","0.04383904114365578"
"216879","0.03735002875328064","0.03735002875328064","0.03735002875328064"
"216912","0.03305908665060997","0.03305908665060997","0.03305908665060997"
"216934","0.059016674757003784","0.059016674757003784","0.059016674757003784"
"216953","0.025821371003985405","0.025821371003985405","0.025821371003985405"
"217034","0.05173308402299881","0.05173308402299881","0.05173308402299881"
"217057","0.03909710794687271","0.03909710794687271","0.03909710794687271"
"217091","0.05035176873207092","0.05035176873207092","0.05035176873207092"
"217125","0.04537294805049896","0.04537294805049896","0.04537294805049896"
"217147","0.0389007031917572","0.0389007031917572","0.0389007031917572"
"217166","0.04632371664047241","0.04632371664047241","0.04632371664047241"
"217181","0.05066636949777603","0.05066636949777603","0.05066636949777603"
"217196","0.05673655495047569","0.05673655495047569","0.05673655495047569"
"217218","0.040999241173267365","0.040999241173267365","0.040999241173267365"
"217225","0.05606338381767273","0.05606338381767273","0.05606338381767273"
"217278","0.050469838082790375","0.050469838082790375","0.050469838082790375"
"217281","0.040163904428482056","0.040163904428482056","0.040163904428482056"
"217286","0.047018736600875854","0.047018736600875854","0.047018736600875854"
"217343","0.037551283836364746","0.037551283836364746","0.037551283836364746"
"217344","0.0315762422978878","0.0315762422978878","0.0315762422978878"
"217352","0.0506863072514534","0.0506863072514534","0.0506863072514534"
"217358","0.049965791404247284","0.049965791404247284","0.049965791404247284"
"217409","0.05207169055938721","0.05207169055938721","0.05207169055938721"
"217423","0.04170110821723938","0.04170110821723938","0.04170110821723938"
"217493","0.04780128598213196","0.04780128598213196","0.04780128598213196"
"217494","0.03274890035390854","0.03274890035390854","0.03274890035390854"
"217561","0.036123957484960556","0.036123957484960556","0.036123957484960556"
"217570","0.06567505747079849","0.06567505747079849","0.06567505747079849"
"217585","0.041701722890138626","0.041701722890138626","0.041701722890138626"
"217644","0.053612273186445236","0.053612273186445236","0.053612273186445236"
"217667","0.05009957030415535","0.05009957030415535","0.05009957030415535"
"217774","0.06642784923315048","0.06642784923315048","0.06642784923315048"
"217780","0.046701595187187195","0.046701595187187195","0.046701595187187195"
"217787","0.04812268540263176","0.04812268540263176","0.04812268540263176"
"217792","0.047654278576374054","0.047654278576374054","0.047654278576374054"
"217816","0.05369878560304642","0.05369878560304642","0.05369878560304642"
"217817","0.06099013611674309","0.06099013611674309","0.06099013611674309"
"217862","0.06358592957258224","0.06358592957258224","0.06358592957258224"
"217889","0.05878240615129471","0.05878240615129471","0.05878240615129471"
"217893","0.039525244385004044","0.039525244385004044","0.039525244385004044"
"217903","0.048772018402814865","0.048772018402814865","0.048772018402814865"
"217920","0.05303694307804108","0.05303694307804108","0.05303694307804108"
"217992","0.0654374361038208","0.0654374361038208","0.0654374361038208"
"218007","0.05228019878268242","0.05228019878268242","0.05228019878268242"
"218108","0.05189199000597","0.05189199000597","0.05189199000597"
"218137","0.04540577903389931","0.04540577903389931","0.04540577903389931"
"218148","0.048411786556243896","0.048411786556243896","0.048411786556243896"
"218163","0.044420115649700165","0.044420115649700165","0.044420115649700165"
"218192","0.04826810956001282","0.04826810956001282","0.04826810956001282"
"218193","0.0704745426774025","0.0704745426774025","0.0704745426774025"
"218221","0.06273522973060608","0.06273522973060608","0.06273522973060608"
"218279","0.04271591454744339","0.04271591454744339","0.04271591454744339"
"218323","0.0532105416059494","0.0532105416059494","0.0532105416059494"
"218337","0.04521273449063301","0.04521273449063301","0.04521273449063301"
"218345","0.05251796171069145","0.05251796171069145","0.05251796171069145"
"218360","0.0520380474627018","0.0520380474627018","0.0520380474627018"
"218452","0.05675288662314415","0.05675288662314415","0.05675288662314415"
"218470","0.03512696176767349","0.03512696176767349","0.03512696176767349"
"218497","0.05919605493545532","0.05919605493545532","0.05919605493545532"
"218505","0.03898843750357628","0.03898843750357628","0.03898843750357628"
"218558","0.03278765454888344","0.03278765454888344","0.03278765454888344"
"218565","0.0584721602499485","0.0584721602499485","0.0584721602499485"
"218575","0.035700760781764984","0.035700760781764984","0.035700760781764984"
"218587","0.06419488787651062","0.06419488787651062","0.06419488787651062"
"218636","0.045774705708026886","0.045774705708026886","0.045774705708026886"
"218643","0.04076837748289108","0.04076837748289108","0.04076837748289108"
"218669","0.06346458196640015","0.06346458196640015","0.06346458196640015"
"218687","0.047626130282878876","0.047626130282878876","0.047626130282878876"
"218707","0.04608512669801712","0.04608512669801712","0.04608512669801712"
"218708","0.03552264720201492","0.03552264720201492","0.03552264720201492"
"218710","0.034902993589639664","0.034902993589639664","0.034902993589639664"
"218773","0.042724914848804474","0.042724914848804474","0.042724914848804474"
"218798","0.03915053606033325","0.03915053606033325","0.03915053606033325"
"218799","0.033856190741062164","0.033856190741062164","0.033856190741062164"
"218807","0.04112132638692856","0.04112132638692856","0.04112132638692856"
"218850","0.03643546998500824","0.03643546998500824","0.03643546998500824"
"218892","0.05285913124680519","0.05285913124680519","0.05285913124680519"
"218898","0.03231072798371315","0.03231072798371315","0.03231072798371315"
"218952","0.03627284988760948","0.03627284988760948","0.03627284988760948"
"218978","0.03780727833509445","0.03780727833509445","0.03780727833509445"
"218991","0.06746071577072144","0.06746071577072144","0.06746071577072144"
"219020","0.038874685764312744","0.038874685764312744","0.038874685764312744"
"219030","0.04905413091182709","0.04905413091182709","0.04905413091182709"
"219034","0.04544282704591751","0.04544282704591751","0.04544282704591751"
"219048","0.05056029558181763","0.05056029558181763","0.05056029558181763"
"219134","0.026096343994140625","0.026096343994140625","0.026096343994140625"
"219147","0.05240046977996826","0.05240046977996826","0.05240046977996826"
"219153","0.058494146913290024","0.058494146913290024","0.058494146913290024"
"219166","0.04384773224592209","0.04384773224592209","0.04384773224592209"
"219170","0.0629817545413971","0.0629817545413971","0.0629817545413971"
"219186","0.0536043718457222","0.0536043718457222","0.0536043718457222"
"219196","0.030190395191311836","0.030190395191311836","0.030190395191311836"
"219200","0.03905826807022095","0.03905826807022095","0.03905826807022095"
"219238","0.03354571387171745","0.03354571387171745","0.03354571387171745"
"219260","0.04451366513967514","0.04451366513967514","0.04451366513967514"
"219268","0.05764535814523697","0.05764535814523697","0.05764535814523697"
"219276","0.042504891753196716","0.042504891753196716","0.042504891753196716"
"219373","0.04322284460067749","0.04322284460067749","0.04322284460067749"
"219375","0.031354546546936035","0.031354546546936035","0.031354546546936035"
"219422","0.03382395952939987","0.03382395952939987","0.03382395952939987"
"219449","0.03460810333490372","0.03460810333490372","0.03460810333490372"
"219460","0.057119883596897125","0.057119883596897125","0.057119883596897125"
"219464","0.043039470911026","0.043039470911026","0.043039470911026"
"219473","0.046273089945316315","0.046273089945316315","0.046273089945316315"
"219485","0.03661521524190903","0.03661521524190903","0.03661521524190903"
"219504","0.05276817828416824","0.05276817828416824","0.05276817828416824"
"219569","0.0381440743803978","0.0381440743803978","0.0381440743803978"
"219628","0.04842416197061539","0.04842416197061539","0.04842416197061539"
"219631","0.04120568931102753","0.04120568931102753","0.04120568931102753"
"219654","0.041687142103910446","0.041687142103910446","0.041687142103910446"
"219736","0.0434672050178051","0.0434672050178051","0.0434672050178051"
"219801","0.03501901030540466","0.03501901030540466","0.03501901030540466"
"219806","0.03831201419234276","0.03831201419234276","0.03831201419234276"
"219828","0.051089633256196976","0.051089633256196976","0.051089633256196976"
"219840","0.04498536139726639","0.04498536139726639","0.04498536139726639"
"219865","0.0493331216275692","0.0493331216275692","0.0493331216275692"
"219867","0.04820939153432846","0.04820939153432846","0.04820939153432846"
"219869","0.04444390535354614","0.04444390535354614","0.04444390535354614"
"219876","0.054781340062618256","0.054781340062618256","0.054781340062618256"
"219903","0.04213966056704521","0.04213966056704521","0.04213966056704521"
"219913","0.05758530646562576","0.05758530646562576","0.05758530646562576"
"219936","0.043928928673267365","0.043928928673267365","0.043928928673267365"
"219998","0.048412542790174484","0.048412542790174484","0.048412542790174484"
"220024","0.055354855954647064","0.055354855954647064","0.055354855954647064"
"220039","0.036814674735069275","0.036814674735069275","0.036814674735069275"
"220065","0.07113887369632721","0.07113887369632721","0.07113887369632721"
"220139","0.03637837618589401","0.03637837618589401","0.03637837618589401"
"220173","0.047688499093055725","0.047688499093055725","0.047688499093055725"
"220174","0.0619438961148262","0.0619438961148262","0.0619438961148262"
"220230","0.04519493505358696","0.04519493505358696","0.04519493505358696"
"220231","0.04834362119436264","0.04834362119436264","0.04834362119436264"
"220237","0.04444775730371475","0.04444775730371475","0.04444775730371475"
"220242","0.05373900383710861","0.05373900383710861","0.05373900383710861"
"220267","0.049338988959789276","0.049338988959789276","0.049338988959789276"
"220300","0.04597293585538864","0.04597293585538864","0.04597293585538864"
"220313","0.03984163701534271","0.03984163701534271","0.03984163701534271"
"220319","0.04475285857915878","0.04475285857915878","0.04475285857915878"
"220371","0.06096959114074707","0.06096959114074707","0.06096959114074707"
"220380","0.045608654618263245","0.045608654618263245","0.045608654618263245"
"220468","0.033298589289188385","0.033298589289188385","0.033298589289188385"
"220482","0.036626946181058884","0.036626946181058884","0.036626946181058884"
"220496","0.03126263618469238","0.03126263618469238","0.03126263618469238"
"220501","0.06698295474052429","0.06698295474052429","0.06698295474052429"
"220520","0.05535281077027321","0.05535281077027321","0.05535281077027321"
"220535","0.042038943618535995","0.042038943618535995","0.042038943618535995"
"220545","0.05181854963302612","0.05181854963302612","0.05181854963302612"
"220552","0.0381852462887764","0.0381852462887764","0.0381852462887764"
"220599","0.05785398930311203","0.05785398930311203","0.05785398930311203"
"220616","0.04098424315452576","0.04098424315452576","0.04098424315452576"
"220662","0.06188974529504776","0.06188974529504776","0.06188974529504776"
"220675","0.07496626675128937","0.07496626675128937","0.07496626675128937"
"220681","0.032463304698467255","0.032463304698467255","0.032463304698467255"
"220685","0.04191075265407562","0.04191075265407562","0.04191075265407562"
"220711","0.04909948632121086","0.04909948632121086","0.04909948632121086"
"220765","0.0686064064502716","0.0686064064502716","0.0686064064502716"
"220814","0.07559739053249359","0.07559739053249359","0.07559739053249359"
"220815","0.06832705438137054","0.06832705438137054","0.06832705438137054"
"220846","0.03404197096824646","0.03404197096824646","0.03404197096824646"
"220847","0.041075173765420914","0.041075173765420914","0.041075173765420914"
"220858","0.04348314180970192","0.04348314180970192","0.04348314180970192"
"220860","0.06614860147237778","0.06614860147237778","0.06614860147237778"
"220871","0.04484352469444275","0.04484352469444275","0.04484352469444275"
"220874","0.04599747806787491","0.04599747806787491","0.04599747806787491"
"220957","0.03346152603626251","0.03346152603626251","0.03346152603626251"
"220969","0.055081117898225784","0.055081117898225784","0.055081117898225784"
"221066","0.03695916384458542","0.03695916384458542","0.03695916384458542"
"221091","0.041391462087631226","0.041391462087631226","0.041391462087631226"
"221129","0.04076957330107689","0.04076957330107689","0.04076957330107689"
"221170","0.061123888939619064","0.061123888939619064","0.061123888939619064"
"221204","0.052886657416820526","0.052886657416820526","0.052886657416820526"
"221250","0.05374354124069214","0.05374354124069214","0.05374354124069214"
"221293","0.03974086791276932","0.03974086791276932","0.03974086791276932"
"221311","0.04268956184387207","0.04268956184387207","0.04268956184387207"
"221318","0.039452582597732544","0.039452582597732544","0.039452582597732544"
"221339","0.041847024112939835","0.041847024112939835","0.041847024112939835"
"221346","0.05539991706609726","0.05539991706609726","0.05539991706609726"
"221415","0.039140962064266205","0.039140962064266205","0.039140962064266205"
"221480","0.04936770722270012","0.04936770722270012","0.04936770722270012"
"221486","0.042376525700092316","0.042376525700092316","0.042376525700092316"
"221496","0.04102126508951187","0.04102126508951187","0.04102126508951187"
"221502","0.06769721210002899","0.06769721210002899","0.06769721210002899"
"221503","0.03788300231099129","0.03788300231099129","0.03788300231099129"
"221515","0.05220441520214081","0.05220441520214081","0.05220441520214081"
"221549","0.06964044272899628","0.06964044272899628","0.06964044272899628"
"221551","0.05288783088326454","0.05288783088326454","0.05288783088326454"
"221565","0.039701152592897415","0.039701152592897415","0.039701152592897415"
"221581","0.03662348911166191","0.03662348911166191","0.03662348911166191"
"221604","0.04486315697431564","0.04486315697431564","0.04486315697431564"
"221614","0.046261727809906006","0.046261727809906006","0.046261727809906006"
"221621","0.044371720403432846","0.044371720403432846","0.044371720403432846"
"221674","0.04186501353979111","0.04186501353979111","0.04186501353979111"
"221698","0.04423563554883003","0.04423563554883003","0.04423563554883003"
"221721","0.05874373018741608","0.05874373018741608","0.05874373018741608"
"221743","0.04944640398025513","0.04944640398025513","0.04944640398025513"
"221752","0.040241628885269165","0.040241628885269165","0.040241628885269165"
"221755","0.04683582857251167","0.04683582857251167","0.04683582857251167"
"221799","0.04749690368771553","0.04749690368771553","0.04749690368771553"
"221825","0.058318108320236206","0.058318108320236206","0.058318108320236206"
"221864","0.04382798448204994","0.04382798448204994","0.04382798448204994"
"221891","0.06120076775550842","0.06120076775550842","0.06120076775550842"
"221924","0.04606809839606285","0.04606809839606285","0.04606809839606285"
"221996","0.031224310398101807","0.031224310398101807","0.031224310398101807"
"222048","0.05458363518118858","0.05458363518118858","0.05458363518118858"
"222131","0.05305130034685135","0.05305130034685135","0.05305130034685135"
"222158","0.04411785304546356","0.04411785304546356","0.04411785304546356"
"222197","0.06075818091630936","0.06075818091630936","0.06075818091630936"
"222226","0.05869948863983154","0.05869948863983154","0.05869948863983154"
"222228","0.06123363971710205","0.06123363971710205","0.06123363971710205"
"222236","0.04644932597875595","0.04644932597875595","0.04644932597875595"
"222337","0.04919710010290146","0.04919710010290146","0.04919710010290146"
"222387","0.04289904236793518","0.04289904236793518","0.04289904236793518"
"222428","0.03864097595214844","0.03864097595214844","0.03864097595214844"
"222469","0.02214147336781025","0.02214147336781025","0.02214147336781025"
"222511","0.047117929905653","0.047117929905653","0.047117929905653"
"222518","0.06534963846206665","0.06534963846206665","0.06534963846206665"
"222559","0.057499028742313385","0.057499028742313385","0.057499028742313385"
"222564","0.04707268625497818","0.04707268625497818","0.04707268625497818"
"222577","0.041241928935050964","0.041241928935050964","0.041241928935050964"
"222601","0.05992158129811287","0.05992158129811287","0.05992158129811287"
"222625","0.03423368185758591","0.03423368185758591","0.03423368185758591"
"222635","0.0531301312148571","0.0531301312148571","0.0531301312148571"
"222639","0.0618009939789772","0.0618009939789772","0.0618009939789772"
"222653","0.040777839720249176","0.040777839720249176","0.040777839720249176"
"222657","0.03643811494112015","0.03643811494112015","0.03643811494112015"
"222671","0.04974883049726486","0.04974883049726486","0.04974883049726486"
"222728","0.033929768949747086","0.033929768949747086","0.033929768949747086"
"222731","0.03615214303135872","0.03615214303135872","0.03615214303135872"
"222742","0.049017030745744705","0.049017030745744705","0.049017030745744705"
"222746","0.04095601662993431","0.04095601662993431","0.04095601662993431"
"222754","0.06560637056827545","0.06560637056827545","0.06560637056827545"
"222762","0.05296630412340164","0.05296630412340164","0.05296630412340164"
"222873","0.06083410233259201","0.06083410233259201","0.06083410233259201"
"222875","0.05339369922876358","0.05339369922876358","0.05339369922876358"
"222905","0.05883064866065979","0.05883064866065979","0.05883064866065979"
"222960","0.053000252693891525","0.053000252693891525","0.053000252693891525"
"222984","0.053604286164045334","0.053604286164045334","0.053604286164045334"
"222997","0.04446231573820114","0.04446231573820114","0.04446231573820114"
"223007","0.04503810778260231","0.04503810778260231","0.04503810778260231"
"223087","0.047781962901353836","0.047781962901353836","0.047781962901353836"
"223126","0.05416031926870346","0.05416031926870346","0.05416031926870346"
"223131","0.058672741055488586","0.058672741055488586","0.058672741055488586"
"223146","0.046443916857242584","0.046443916857242584","0.046443916857242584"
"223192","0.06311897933483124","0.06311897933483124","0.06311897933483124"
"223202","0.039808206260204315","0.039808206260204315","0.039808206260204315"
"223223","0.052614785730838776","0.052614785730838776","0.052614785730838776"
"223225","0.04978756606578827","0.04978756606578827","0.04978756606578827"
"223242","0.03614138439297676","0.03614138439297676","0.03614138439297676"
"223243","0.04604820907115936","0.04604820907115936","0.04604820907115936"
"223244","0.05160310119390488","0.05160310119390488","0.05160310119390488"
"223246","0.04562000185251236","0.04562000185251236","0.04562000185251236"
"223271","0.03476518765091896","0.03476518765091896","0.03476518765091896"
"223290","0.035749223083257675","0.035749223083257675","0.035749223083257675"
"223302","0.0403166264295578","0.0403166264295578","0.0403166264295578"
"223306","0.05629805102944374","0.05629805102944374","0.05629805102944374"
"223327","0.046289101243019104","0.046289101243019104","0.046289101243019104"
"223331","0.03747173398733139","0.03747173398733139","0.03747173398733139"
"223332","0.033074308186769485","0.033074308186769485","0.033074308186769485"
"223367","0.04509149491786957","0.04509149491786957","0.04509149491786957"
"223368","0.043598756194114685","0.043598756194114685","0.043598756194114685"
"223369","0.05096764862537384","0.05096764862537384","0.05096764862537384"
"223372","0.05718361586332321","0.05718361586332321","0.05718361586332321"
"223401","0.033281050622463226","0.033281050622463226","0.033281050622463226"
"223419","0.049981676042079926","0.049981676042079926","0.049981676042079926"
"223424","0.04049189016222954","0.04049189016222954","0.04049189016222954"
"223487","0.048578210175037384","0.048578210175037384","0.048578210175037384"
"223512","0.06116858124732971","0.06116858124732971","0.06116858124732971"
"223518","0.0388309545814991","0.0388309545814991","0.0388309545814991"
"223589","0.04711661487817764","0.04711661487817764","0.04711661487817764"
"223595","0.06829503178596497","0.06829503178596497","0.06829503178596497"
"223652","0.039937667548656464","0.039937667548656464","0.039937667548656464"
"223664","0.04573890566825867","0.04573890566825867","0.04573890566825867"
"223675","0.05375473201274872","0.05375473201274872","0.05375473201274872"
"223720","0.05969221144914627","0.05969221144914627","0.05969221144914627"
"223767","0.05465389043092728","0.05465389043092728","0.05465389043092728"
"223853","0.048912376165390015","0.048912376165390015","0.048912376165390015"
"223861","0.047874730080366135","0.047874730080366135","0.047874730080366135"
"223865","0.05661129206418991","0.05661129206418991","0.05661129206418991"
"223896","0.04425709694623947","0.04425709694623947","0.04425709694623947"
"223932","0.03256562352180481","0.03256562352180481","0.03256562352180481"
"223959","0.06474181264638901","0.06474181264638901","0.06474181264638901"
"224084","0.04796644672751427","0.04796644672751427","0.04796644672751427"
"224137","0.04268423840403557","0.04268423840403557","0.04268423840403557"
"224210","0.033346232026815414","0.033346232026815414","0.033346232026815414"
"224233","0.051723968237638474","0.051723968237638474","0.051723968237638474"
"224239","0.06762706488370895","0.06762706488370895","0.06762706488370895"
"224256","0.05985235795378685","0.05985235795378685","0.05985235795378685"
"224295","0.0341663584113121","0.0341663584113121","0.0341663584113121"
"224304","0.0450868234038353","0.0450868234038353","0.0450868234038353"
"224342","0.05425865575671196","0.05425865575671196","0.05425865575671196"
"224408","0.05848429724574089","0.05848429724574089","0.05848429724574089"
"224440","0.03962664306163788","0.03962664306163788","0.03962664306163788"
"224452","0.05381359905004501","0.05381359905004501","0.05381359905004501"
"224467","0.06188565492630005","0.06188565492630005","0.06188565492630005"
"224499","0.0384368821978569","0.0384368821978569","0.0384368821978569"
"224520","0.049934081733226776","0.049934081733226776","0.049934081733226776"
"224529","0.04219694063067436","0.04219694063067436","0.04219694063067436"
"224541","0.06958924978971481","0.06958924978971481","0.06958924978971481"
"224543","0.053653065115213394","0.053653065115213394","0.053653065115213394"
"224554","0.043643757700920105","0.043643757700920105","0.043643757700920105"
"224559","0.04956521838903427","0.04956521838903427","0.04956521838903427"
"224568","0.052756886929273605","0.052756886929273605","0.052756886929273605"
"224573","0.034411292523145676","0.034411292523145676","0.034411292523145676"
"224645","0.05657302960753441","0.05657302960753441","0.05657302960753441"
"224664","0.058163318783044815","0.058163318783044815","0.058163318783044815"
"224667","0.05283354967832565","0.05283354967832565","0.05283354967832565"
"224668","0.04870019108057022","0.04870019108057022","0.04870019108057022"
"224693","0.06944788992404938","0.06944788992404938","0.06944788992404938"
"224737","0.05144265294075012","0.05144265294075012","0.05144265294075012"
"224750","0.05199512839317322","0.05199512839317322","0.05199512839317322"
"224769","0.0388956144452095","0.0388956144452095","0.0388956144452095"
"224790","0.039132386445999146","0.039132386445999146","0.039132386445999146"
"224815","0.07538555562496185","0.07538555562496185","0.07538555562496185"
"224851","0.04372236877679825","0.04372236877679825","0.04372236877679825"
"224862","0.05626707151532173","0.05626707151532173","0.05626707151532173"
"224939","0.04557885229587555","0.04557885229587555","0.04557885229587555"
"224971","0.060903117060661316","0.060903117060661316","0.060903117060661316"
"224972","0.046308502554893494","0.046308502554893494","0.046308502554893494"
"224994","0.04622236639261246","0.04622236639261246","0.04622236639261246"
"225026","0.07510273903608322","0.07510273903608322","0.07510273903608322"
"225070","0.0399588905274868","0.0399588905274868","0.0399588905274868"
"225131","0.03511887788772583","0.03511887788772583","0.03511887788772583"
"225168","0.03985665738582611","0.03985665738582611","0.03985665738582611"
"225193","0.02974724769592285","0.02974724769592285","0.02974724769592285"
"225207","0.04424085468053818","0.04424085468053818","0.04424085468053818"
"225209","0.03034582920372486","0.03034582920372486","0.03034582920372486"
"225253","0.058848652988672256","0.058848652988672256","0.058848652988672256"
"225256","0.059756264090538025","0.059756264090538025","0.059756264090538025"
"225284","0.04472881183028221","0.04472881183028221","0.04472881183028221"
"225286","0.052725210785865784","0.052725210785865784","0.052725210785865784"
"225291","0.04376412183046341","0.04376412183046341","0.04376412183046341"
"225297","0.05562010407447815","0.05562010407447815","0.05562010407447815"
"225298","0.03731904178857803","0.03731904178857803","0.03731904178857803"
"225311","0.06329125165939331","0.06329125165939331","0.06329125165939331"
"225348","0.04563601687550545","0.04563601687550545","0.04563601687550545"
"225353","0.05966847017407417","0.05966847017407417","0.05966847017407417"
"225383","0.04491139203310013","0.04491139203310013","0.04491139203310013"
"225404","0.0470619723200798","0.0470619723200798","0.0470619723200798"
"225424","0.033334240317344666","0.033334240317344666","0.033334240317344666"
"225431","0.039811067283153534","0.039811067283153534","0.039811067283153534"
"225464","0.05595538765192032","0.05595538765192032","0.05595538765192032"
"225478","0.04239889606833458","0.04239889606833458","0.04239889606833458"
"225498","0.03951678052544594","0.03951678052544594","0.03951678052544594"
"225511","0.03507682681083679","0.03507682681083679","0.03507682681083679"
"225520","0.04566868022084236","0.04566868022084236","0.04566868022084236"
"225547","0.05056219547986984","0.05056219547986984","0.05056219547986984"
"225583","0.040129948407411575","0.040129948407411575","0.040129948407411575"
"225590","0.05560324341058731","0.05560324341058731","0.05560324341058731"
"225609","0.04401358962059021","0.04401358962059021","0.04401358962059021"
"225611","0.06066928058862686","0.06066928058862686","0.06066928058862686"
"225647","0.04273104667663574","0.04273104667663574","0.04273104667663574"
"225660","0.0496712327003479","0.0496712327003479","0.0496712327003479"
"225724","0.04047590494155884","0.04047590494155884","0.04047590494155884"
"225751","0.0396110899746418","0.0396110899746418","0.0396110899746418"
"225790","0.05231586471199989","0.05231586471199989","0.05231586471199989"
"225791","0.04974290728569031","0.04974290728569031","0.04974290728569031"
"225862","0.06526683270931244","0.06526683270931244","0.06526683270931244"
"225870","0.03967984765768051","0.03967984765768051","0.03967984765768051"
"225898","0.04560483992099762","0.04560483992099762","0.04560483992099762"
"225899","0.05066213011741638","0.05066213011741638","0.05066213011741638"
"225906","0.044452328234910965","0.044452328234910965","0.044452328234910965"
"225928","0.031689248979091644","0.031689248979091644","0.031689248979091644"
"225966","0.05200041085481644","0.05200041085481644","0.05200041085481644"
"225984","0.048002079129219055","0.048002079129219055","0.048002079129219055"
"226015","0.03382915258407593","0.03382915258407593","0.03382915258407593"
"226023","0.05210438370704651","0.05210438370704651","0.05210438370704651"
"226024","0.06717711687088013","0.06717711687088013","0.06717711687088013"
"226054","0.05145198106765747","0.05145198106765747","0.05145198106765747"
"226084","0.05721956118941307","0.05721956118941307","0.05721956118941307"
"226091","0.03992621600627899","0.03992621600627899","0.03992621600627899"
"226096","0.05209839344024658","0.05209839344024658","0.05209839344024658"
"226149","0.06513457000255585","0.06513457000255585","0.06513457000255585"
"226218","0.055780574679374695","0.055780574679374695","0.055780574679374695"
"226220","0.057495906949043274","0.057495906949043274","0.057495906949043274"
"226227","0.03670954331755638","0.03670954331755638","0.03670954331755638"
"226245","0.04166039451956749","0.04166039451956749","0.04166039451956749"
"226251","0.06419859826564789","0.06419859826564789","0.06419859826564789"
"226254","0.0359729528427124","0.0359729528427124","0.0359729528427124"
"226267","0.04447145015001297","0.04447145015001297","0.04447145015001297"
"226270","0.04965765029191971","0.04965765029191971","0.04965765029191971"
"226298","0.050302695482969284","0.050302695482969284","0.050302695482969284"
"226314","0.05404113978147507","0.05404113978147507","0.05404113978147507"
"226325","0.0602334626019001","0.0602334626019001","0.0602334626019001"
"226336","0.05347254127264023","0.05347254127264023","0.05347254127264023"
"226352","0.046570971608161926","0.046570971608161926","0.046570971608161926"
"226361","0.05169134587049484","0.05169134587049484","0.05169134587049484"
"226441","0.039271775633096695","0.039271775633096695","0.039271775633096695"
"226453","0.05138581991195679","0.05138581991195679","0.05138581991195679"
"226457","0.04109229892492294","0.04109229892492294","0.04109229892492294"
"226503","0.044632866978645325","0.044632866978645325","0.044632866978645325"
"226511","0.05520946905016899","0.05520946905016899","0.05520946905016899"
"226514","0.04491592198610306","0.04491592198610306","0.04491592198610306"
"226520","0.044176362454891205","0.044176362454891205","0.044176362454891205"
"226532","0.04104141145944595","0.04104141145944595","0.04104141145944595"
"226541","0.04133733734488487","0.04133733734488487","0.04133733734488487"
"226552","0.06440708786249161","0.06440708786249161","0.06440708786249161"
"226587","0.04662963002920151","0.04662963002920151","0.04662963002920151"
"226700","0.04707552120089531","0.04707552120089531","0.04707552120089531"
"226799","0.03349713236093521","0.03349713236093521","0.03349713236093521"
"226843","0.05787019059062004","0.05787019059062004","0.05787019059062004"
"226874","0.04899734631180763","0.04899734631180763","0.04899734631180763"
"226876","0.04140966013073921","0.04140966013073921","0.04140966013073921"
"226928","0.05317535996437073","0.05317535996437073","0.05317535996437073"
"226941","0.050223201513290405","0.050223201513290405","0.050223201513290405"
"226945","0.05114878714084625","0.05114878714084625","0.05114878714084625"
"226958","0.04795077443122864","0.04795077443122864","0.04795077443122864"
"226968","0.039248667657375336","0.039248667657375336","0.039248667657375336"
"227009","0.059138037264347076","0.059138037264347076","0.059138037264347076"
"227044","0.0358738899230957","0.0358738899230957","0.0358738899230957"
"227072","0.06427381187677383","0.06427381187677383","0.06427381187677383"
"227086","0.05422665923833847","0.05422665923833847","0.05422665923833847"
"227114","0.06257116049528122","0.06257116049528122","0.06257116049528122"
"227204","0.05836864188313484","0.05836864188313484","0.05836864188313484"
"227229","0.03536025434732437","0.03536025434732437","0.03536025434732437"
"227270","0.044923000037670135","0.044923000037670135","0.044923000037670135"
"227317","0.045967958867549896","0.045967958867549896","0.045967958867549896"
"227346","0.053081873804330826","0.053081873804330826","0.053081873804330826"
"227348","0.04923196882009506","0.04923196882009506","0.04923196882009506"
"227386","0.04483020305633545","0.04483020305633545","0.04483020305633545"
"227410","0.04097172990441322","0.04097172990441322","0.04097172990441322"
"227428","0.03907938301563263","0.03907938301563263","0.03907938301563263"
"227513","0.03366158530116081","0.03366158530116081","0.03366158530116081"
"227514","0.06885697692632675","0.06885697692632675","0.06885697692632675"
"227515","0.039325639605522156","0.039325639605522156","0.039325639605522156"
"227518","0.037072815001010895","0.037072815001010895","0.037072815001010895"
"227528","0.05021165311336517","0.05021165311336517","0.05021165311336517"
"227582","0.04707647114992142","0.04707647114992142","0.04707647114992142"
"227584","0.052478644996881485","0.052478644996881485","0.052478644996881485"
"227602","0.041040126234292984","0.041040126234292984","0.041040126234292984"
"227740","0.05147336423397064","0.05147336423397064","0.05147336423397064"
"227830","0.04727138206362724","0.04727138206362724","0.04727138206362724"
"227838","0.06672805547714233","0.06672805547714233","0.06672805547714233"
"227845","0.034995488822460175","0.034995488822460175","0.034995488822460175"
"227902","0.04375702142715454","0.04375702142715454","0.04375702142715454"
"227922","0.03617623448371887","0.03617623448371887","0.03617623448371887"
"227925","0.0466465950012207","0.0466465950012207","0.0466465950012207"
"227934","0.05576199293136597","0.05576199293136597","0.05576199293136597"
"228000","0.040550295263528824","0.040550295263528824","0.040550295263528824"
"228026","0.04375259205698967","0.04375259205698967","0.04375259205698967"
"228029","0.06076621636748314","0.06076621636748314","0.06076621636748314"
"228072","0.07140366733074188","0.07140366733074188","0.07140366733074188"
"228076","0.05452721565961838","0.05452721565961838","0.05452721565961838"
"228092","0.03771544247865677","0.03771544247865677","0.03771544247865677"
"228129","0.03564684838056564","0.03564684838056564","0.03564684838056564"
"228143","0.0388849601149559","0.0388849601149559","0.0388849601149559"
"228240","0.02649804949760437","0.02649804949760437","0.02649804949760437"
"228251","0.05296318233013153","0.05296318233013153","0.05296318233013153"
"228258","0.042929694056510925","0.042929694056510925","0.042929694056510925"
"228309","0.0444742888212204","0.0444742888212204","0.0444742888212204"
"228330","0.04493243247270584","0.04493243247270584","0.04493243247270584"
"228344","0.03711485490202904","0.03711485490202904","0.03711485490202904"
"228363","0.041122086346149445","0.041122086346149445","0.041122086346149445"
"228385","0.03776984289288521","0.03776984289288521","0.03776984289288521"
"228412","0.037614256143569946","0.037614256143569946","0.037614256143569946"
"228430","0.04909607768058777","0.04909607768058777","0.04909607768058777"
"228478","0.06616081297397614","0.06616081297397614","0.06616081297397614"
"228517","0.04290924221277237","0.04290924221277237","0.04290924221277237"
"228531","0.05596280097961426","0.05596280097961426","0.05596280097961426"
"228548","0.037854649126529694","0.037854649126529694","0.037854649126529694"
"228594","0.036649189889431","0.036649189889431","0.036649189889431"
"228600","0.0414796844124794","0.0414796844124794","0.0414796844124794"
"228617","0.030157756060361862","0.030157756060361862","0.030157756060361862"
"228633","0.02950744703412056","0.02950744703412056","0.02950744703412056"
"228673","0.046747997403144836","0.046747997403144836","0.046747997403144836"
"228689","0.047579407691955566","0.047579407691955566","0.047579407691955566"
"228794","0.04610564559698105","0.04610564559698105","0.04610564559698105"
"228821","0.07015816867351532","0.07015816867351532","0.07015816867351532"
"228843","0.0838804766535759","0.0838804766535759","0.0838804766535759"
"228862","0.03472312539815903","0.03472312539815903","0.03472312539815903"
"228903","0.050633519887924194","0.050633519887924194","0.050633519887924194"
"228916","0.04877513647079468","0.04877513647079468","0.04877513647079468"
"228932","0.05923527479171753","0.05923527479171753","0.05923527479171753"
"228939","0.04144880548119545","0.04144880548119545","0.04144880548119545"
"228943","0.0304741058498621","0.0304741058498621","0.0304741058498621"
"228950","0.061101920902729034","0.061101920902729034","0.061101920902729034"
"228952","0.05910233035683632","0.05910233035683632","0.05910233035683632"
"228969","0.035777799785137177","0.035777799785137177","0.035777799785137177"
"229002","0.05016906559467316","0.05016906559467316","0.05016906559467316"
"229027","0.048035796731710434","0.048035796731710434","0.048035796731710434"
"229032","0.04731523245573044","0.04731523245573044","0.04731523245573044"
"229049","0.05401275306940079","0.05401275306940079","0.05401275306940079"
"229085","0.060496456921100616","0.060496456921100616","0.060496456921100616"
"229093","0.04333452880382538","0.04333452880382538","0.04333452880382538"
"229105","0.05331823602318764","0.05331823602318764","0.05331823602318764"
"229118","0.05294577777385712","0.05294577777385712","0.05294577777385712"
"229146","0.04594865068793297","0.04594865068793297","0.04594865068793297"
"229205","0.041969045996665955","0.041969045996665955","0.041969045996665955"
"229229","0.04040863364934921","0.04040863364934921","0.04040863364934921"
"229261","0.0524449422955513","0.0524449422955513","0.0524449422955513"
"229284","0.043175797909498215","0.043175797909498215","0.043175797909498215"
"229293","0.04357987642288208","0.04357987642288208","0.04357987642288208"
"229320","0.05604303628206253","0.05604303628206253","0.05604303628206253"
"229330","0.04404702037572861","0.04404702037572861","0.04404702037572861"
"229341","0.04867355525493622","0.04867355525493622","0.04867355525493622"
"229343","0.03343064710497856","0.03343064710497856","0.03343064710497856"
"229349","0.05522581562399864","0.05522581562399864","0.05522581562399864"
"229364","0.04142133891582489","0.04142133891582489","0.04142133891582489"
"229389","0.03609388321638107","0.03609388321638107","0.03609388321638107"
"229398","0.05145263671875","0.05145263671875","0.05145263671875"
"229400","0.03106825053691864","0.03106825053691864","0.03106825053691864"
"229408","0.046926748007535934","0.046926748007535934","0.046926748007535934"
"229428","0.03432322293519974","0.03432322293519974","0.03432322293519974"
"229511","0.05250508338212967","0.05250508338212967","0.05250508338212967"
"229521","0.04336776211857796","0.04336776211857796","0.04336776211857796"
"229549","0.03852865844964981","0.03852865844964981","0.03852865844964981"
"229589","0.02993207983672619","0.02993207983672619","0.02993207983672619"
"229609","0.051680561155080795","0.051680561155080795","0.051680561155080795"
"229622","0.04292292147874832","0.04292292147874832","0.04292292147874832"
"229651","0.06846912205219269","0.06846912205219269","0.06846912205219269"
"229653","0.05362456291913986","0.05362456291913986","0.05362456291913986"
"229660","0.04404044151306152","0.04404044151306152","0.04404044151306152"
"229661","0.03980373591184616","0.03980373591184616","0.03980373591184616"
"229698","0.04320380836725235","0.04320380836725235","0.04320380836725235"
"229768","0.0570661723613739","0.0570661723613739","0.0570661723613739"
"229808","0.054893121123313904","0.054893121123313904","0.054893121123313904"
"229835","0.03573985397815704","0.03573985397815704","0.03573985397815704"
"229860","0.046364057809114456","0.046364057809114456","0.046364057809114456"
"229862","0.029101647436618805","0.029101647436618805","0.029101647436618805"
"229871","0.05976606160402298","0.05976606160402298","0.05976606160402298"
"229876","0.0549103319644928","0.0549103319644928","0.0549103319644928"
"229883","0.039326831698417664","0.039326831698417664","0.039326831698417664"
"229889","0.060031093657016754","0.060031093657016754","0.060031093657016754"
"229918","0.04309793934226036","0.04309793934226036","0.04309793934226036"
"229924","0.045132532715797424","0.045132532715797424","0.045132532715797424"
"229925","0.05682600289583206","0.05682600289583206","0.05682600289583206"
"229933","0.04692481458187103","0.04692481458187103","0.04692481458187103"
"229940","0.05600378289818764","0.05600378289818764","0.05600378289818764"
"229950","0.02943638525903225","0.02943638525903225","0.02943638525903225"
"229955","0.03872499614953995","0.03872499614953995","0.03872499614953995"
"229971","0.03438336029648781","0.03438336029648781","0.03438336029648781"
"229996","0.050220031291246414","0.050220031291246414","0.050220031291246414"
"230060","0.039073869585990906","0.039073869585990906","0.039073869585990906"
"230099","0.0537513829767704","0.0537513829767704","0.0537513829767704"
"230106","0.03445376455783844","0.03445376455783844","0.03445376455783844"
"230127","0.0307169072329998","0.0307169072329998","0.0307169072329998"
"230141","0.04927978664636612","0.04927978664636612","0.04927978664636612"
"230147","0.055806390941143036","0.055806390941143036","0.055806390941143036"
"230200","0.03837785869836807","0.03837785869836807","0.03837785869836807"
"230201","0.0551113523542881","0.0551113523542881","0.0551113523542881"
"230239","0.05395122990012169","0.05395122990012169","0.05395122990012169"
"230241","0.057273320853710175","0.057273320853710175","0.057273320853710175"
"230263","0.03721470385789871","0.03721470385789871","0.03721470385789871"
"230272","0.041409313678741455","0.041409313678741455","0.041409313678741455"
"230286","0.03538181632757187","0.03538181632757187","0.03538181632757187"
"230288","0.05918056517839432","0.05918056517839432","0.05918056517839432"
"230304","0.040793728083372116","0.040793728083372116","0.040793728083372116"
"230314","0.06019783765077591","0.06019783765077591","0.06019783765077591"
"230324","0.032960496842861176","0.032960496842861176","0.032960496842861176"
"230330","0.04930402711033821","0.04930402711033821","0.04930402711033821"
"230345","0.07210376113653183","0.07210376113653183","0.07210376113653183"
"230346","0.0491044744849205","0.0491044744849205","0.0491044744849205"
"230355","0.05494248867034912","0.05494248867034912","0.05494248867034912"
"230405","0.05370098724961281","0.05370098724961281","0.05370098724961281"
"230448","0.04931661859154701","0.04931661859154701","0.04931661859154701"
"230453","0.040467336773872375","0.040467336773872375","0.040467336773872375"
"230466","0.042420655488967896","0.042420655488967896","0.042420655488967896"
"230477","0.04263851046562195","0.04263851046562195","0.04263851046562195"
"230509","0.05120849609375","0.05120849609375","0.05120849609375"
"230567","0.036362458020448685","0.036362458020448685","0.036362458020448685"
"230588","0.03659670799970627","0.03659670799970627","0.03659670799970627"
"230590","0.053288258612155914","0.053288258612155914","0.053288258612155914"
"230594","0.044346921145915985","0.044346921145915985","0.044346921145915985"
"230618","0.04910615459084511","0.04910615459084511","0.04910615459084511"
"230619","0.048994965851306915","0.048994965851306915","0.048994965851306915"
"230639","0.04843372851610184","0.04843372851610184","0.04843372851610184"
"230656","0.04203593730926514","0.04203593730926514","0.04203593730926514"
"230672","0.061610110104084015","0.061610110104084015","0.061610110104084015"
"230693","0.050577931106090546","0.050577931106090546","0.050577931106090546"
"230700","0.034499142318964005","0.034499142318964005","0.034499142318964005"
"230776","0.06087587773799896","0.06087587773799896","0.06087587773799896"
"230814","0.05692168325185776","0.05692168325185776","0.05692168325185776"
"230847","0.03486871346831322","0.03486871346831322","0.03486871346831322"
"230861","0.046699486672878265","0.046699486672878265","0.046699486672878265"
"230874","0.03763248771429062","0.03763248771429062","0.03763248771429062"
"230888","0.05367520451545715","0.05367520451545715","0.05367520451545715"
"230996","0.03503964841365814","0.03503964841365814","0.03503964841365814"
"231023","0.046205781400203705","0.046205781400203705","0.046205781400203705"
"231046","0.03776576370000839","0.03776576370000839","0.03776576370000839"
"231118","0.027795642614364624","0.027795642614364624","0.027795642614364624"
"231159","0.04945910722017288","0.04945910722017288","0.04945910722017288"
"231163","0.03237821161746979","0.03237821161746979","0.03237821161746979"
"231166","0.05984538793563843","0.05984538793563843","0.05984538793563843"
"231167","0.0347353033721447","0.0347353033721447","0.0347353033721447"
"231185","0.051909200847148895","0.051909200847148895","0.051909200847148895"
"231277","0.046906888484954834","0.046906888484954834","0.046906888484954834"
"231297","0.03271341323852539","0.03271341323852539","0.03271341323852539"
"231331","0.031448327004909515","0.031448327004909515","0.031448327004909515"
"231342","0.05001425743103027","0.05001425743103027","0.05001425743103027"
"231372","0.062142614275217056","0.062142614275217056","0.062142614275217056"
"231390","0.04601125419139862","0.04601125419139862","0.04601125419139862"
"231420","0.04890580475330353","0.04890580475330353","0.04890580475330353"
"231463","0.05386830121278763","0.05386830121278763","0.05386830121278763"
"231466","0.03218768164515495","0.03218768164515495","0.03218768164515495"
"231513","0.047124169766902924","0.047124169766902924","0.047124169766902924"
"231538","0.05511770397424698","0.05511770397424698","0.05511770397424698"
"231541","0.03916596248745918","0.03916596248745918","0.03916596248745918"
"231544","0.04794193059206009","0.04794193059206009","0.04794193059206009"
"231561","0.04326920211315155","0.04326920211315155","0.04326920211315155"
"231668","0.05867158621549606","0.05867158621549606","0.05867158621549606"
"231670","0.045057326555252075","0.045057326555252075","0.045057326555252075"
"231700","0.05672458931803703","0.05672458931803703","0.05672458931803703"
"231701","0.04319910332560539","0.04319910332560539","0.04319910332560539"
"231740","0.05274347960948944","0.05274347960948944","0.05274347960948944"
"231780","0.045768629759550095","0.045768629759550095","0.045768629759550095"
"231784","0.056716904044151306","0.056716904044151306","0.056716904044151306"
"231792","0.04984176158905029","0.04984176158905029","0.04984176158905029"
"231798","0.04816889762878418","0.04816889762878418","0.04816889762878418"
"231799","0.04778286814689636","0.04778286814689636","0.04778286814689636"
"231806","0.049379169940948486","0.049379169940948486","0.049379169940948486"
"231815","0.04444131255149841","0.04444131255149841","0.04444131255149841"
"231833","0.0464228130877018","0.0464228130877018","0.0464228130877018"
"231848","0.053961917757987976","0.053961917757987976","0.053961917757987976"
"231860","0.04197223111987114","0.04197223111987114","0.04197223111987114"
"231874","0.03937626630067825","0.03937626630067825","0.03937626630067825"
"231889","0.06087857484817505","0.06087857484817505","0.06087857484817505"
"231915","0.04338151589035988","0.04338151589035988","0.04338151589035988"
"231939","0.048182565718889236","0.048182565718889236","0.048182565718889236"
"231970","0.05843345820903778","0.05843345820903778","0.05843345820903778"
"231974","0.04407203942537308","0.04407203942537308","0.04407203942537308"
"231984","0.03593553602695465","0.03593553602695465","0.03593553602695465"
"231997","0.04002503678202629","0.04002503678202629","0.04002503678202629"
"232039","0.053662557154893875","0.053662557154893875","0.053662557154893875"
"232069","0.045026995241642","0.045026995241642","0.045026995241642"
"232088","0.060776568949222565","0.060776568949222565","0.060776568949222565"
"232089","0.0674452930688858","0.0674452930688858","0.0674452930688858"
"232106","0.08084111660718918","0.08084111660718918","0.08084111660718918"
"232135","0.04890156537294388","0.04890156537294388","0.04890156537294388"
"232153","0.055695001035928726","0.055695001035928726","0.055695001035928726"
"232154","0.059476882219314575","0.059476882219314575","0.059476882219314575"
"232201","0.04318012669682503","0.04318012669682503","0.04318012669682503"
"232208","0.04004942625761032","0.04004942625761032","0.04004942625761032"
"232218","0.03730112314224243","0.03730112314224243","0.03730112314224243"
"232221","0.028622137382626534","0.028622137382626534","0.028622137382626534"
"232327","0.048536572605371475","0.048536572605371475","0.048536572605371475"
"232330","0.0468190461397171","0.0468190461397171","0.0468190461397171"
"232374","0.06596376746892929","0.06596376746892929","0.06596376746892929"
"232386","0.03512417525053024","0.03512417525053024","0.03512417525053024"
"232393","0.06085691973567009","0.06085691973567009","0.06085691973567009"
"232437","0.02876659855246544","0.02876659855246544","0.02876659855246544"
"232443","0.0389019213616848","0.0389019213616848","0.0389019213616848"
"232484","0.06720112264156342","0.06720112264156342","0.06720112264156342"
"232486","0.060068029910326004","0.060068029910326004","0.060068029910326004"
"232526","0.06263595074415207","0.06263595074415207","0.06263595074415207"
"232618","0.04952356964349747","0.04952356964349747","0.04952356964349747"
"232678","0.04856506735086441","0.04856506735086441","0.04856506735086441"
"232724","0.04627583175897598","0.04627583175897598","0.04627583175897598"
"232780","0.043283380568027496","0.043283380568027496","0.043283380568027496"
"232796","0.044447898864746094","0.044447898864746094","0.044447898864746094"
"232822","0.05643264576792717","0.05643264576792717","0.05643264576792717"
"232836","0.03424926474690437","0.03424926474690437","0.03424926474690437"
"232852","0.04551082104444504","0.04551082104444504","0.04551082104444504"
"232857","0.05375217646360397","0.05375217646360397","0.05375217646360397"
"232876","0.050960786640644073","0.050960786640644073","0.050960786640644073"
"232962","0.05255415663123131","0.05255415663123131","0.05255415663123131"
"232976","0.04483046382665634","0.04483046382665634","0.04483046382665634"
"232999","0.03003532998263836","0.03003532998263836","0.03003532998263836"
"233004","0.04067547246813774","0.04067547246813774","0.04067547246813774"
"233040","0.06626644730567932","0.06626644730567932","0.06626644730567932"
"233050","0.04581137374043465","0.04581137374043465","0.04581137374043465"
"233062","0.033641401678323746","0.033641401678323746","0.033641401678323746"
"233075","0.05174054950475693","0.05174054950475693","0.05174054950475693"
"233080","0.059702493250370026","0.059702493250370026","0.059702493250370026"
"233128","0.04358140751719475","0.04358140751719475","0.04358140751719475"
"233139","0.043099939823150635","0.043099939823150635","0.043099939823150635"
"233163","0.0439877063035965","0.0439877063035965","0.0439877063035965"
"233185","0.04018687084317207","0.04018687084317207","0.04018687084317207"
"233187","0.03170290216803551","0.03170290216803551","0.03170290216803551"
"233211","0.06387533992528915","0.06387533992528915","0.06387533992528915"
"233213","0.041264910250902176","0.041264910250902176","0.041264910250902176"
"233263","0.05861414968967438","0.05861414968967438","0.05861414968967438"
"233311","0.037599895149469376","0.037599895149469376","0.037599895149469376"
"233375","0.04336709901690483","0.04336709901690483","0.04336709901690483"
"233376","0.047279514372348785","0.047279514372348785","0.047279514372348785"
"233381","0.03822704032063484","0.03822704032063484","0.03822704032063484"
"233394","0.04821185767650604","0.04821185767650604","0.04821185767650604"
"233395","0.04130334034562111","0.04130334034562111","0.04130334034562111"
"233404","0.04621320962905884","0.04621320962905884","0.04621320962905884"
"233436","0.04586106166243553","0.04586106166243553","0.04586106166243553"
"233440","0.043693430721759796","0.043693430721759796","0.043693430721759796"
"233453","0.03745022043585777","0.03745022043585777","0.03745022043585777"
"233458","0.0501493401825428","0.0501493401825428","0.0501493401825428"
"233468","0.05182206630706787","0.05182206630706787","0.05182206630706787"
"233496","0.05051765590906143","0.05051765590906143","0.05051765590906143"
"233516","0.054133765399456024","0.054133765399456024","0.054133765399456024"
"233522","0.04416900500655174","0.04416900500655174","0.04416900500655174"
"233562","0.048644520342350006","0.048644520342350006","0.048644520342350006"
"233590","0.062436945736408234","0.062436945736408234","0.062436945736408234"
"233603","0.04135625809431076","0.04135625809431076","0.04135625809431076"
"233606","0.04919279366731644","0.04919279366731644","0.04919279366731644"
"233666","0.055873505771160126","0.055873505771160126","0.055873505771160126"
"233737","0.049163106828927994","0.049163106828927994","0.049163106828927994"
"233754","0.03990887850522995","0.03990887850522995","0.03990887850522995"
"233836","0.0381350964307785","0.0381350964307785","0.0381350964307785"
"233838","0.05834214389324188","0.05834214389324188","0.05834214389324188"
"233855","0.04658558964729309","0.04658558964729309","0.04658558964729309"
"233857","0.0701368898153305","0.0701368898153305","0.0701368898153305"
"233867","0.055620841681957245","0.055620841681957245","0.055620841681957245"
"233884","0.04734188690781593","0.04734188690781593","0.04734188690781593"
"233924","0.05987503379583359","0.05987503379583359","0.05987503379583359"
"233929","0.046625979244709015","0.046625979244709015","0.046625979244709015"
"233933","0.047653600573539734","0.047653600573539734","0.047653600573539734"
"233978","0.03718201816082001","0.03718201816082001","0.03718201816082001"
"233994","0.05275482311844826","0.05275482311844826","0.05275482311844826"
"233998","0.058224160224199295","0.058224160224199295","0.058224160224199295"
"234019","0.05239381641149521","0.05239381641149521","0.05239381641149521"
"234038","0.048546213656663895","0.048546213656663895","0.048546213656663895"
"234078","0.061468951404094696","0.061468951404094696","0.061468951404094696"
"234151","0.030925080180168152","0.030925080180168152","0.030925080180168152"
"234203","0.04608174413442612","0.04608174413442612","0.04608174413442612"
"234228","0.04340193048119545","0.04340193048119545","0.04340193048119545"
"234289","0.03065035119652748","0.03065035119652748","0.03065035119652748"
"234311","0.0454515740275383","0.0454515740275383","0.0454515740275383"
"234360","0.03869808092713356","0.03869808092713356","0.03869808092713356"
"234378","0.044018231332302094","0.044018231332302094","0.044018231332302094"
"234409","0.05104418843984604","0.05104418843984604","0.05104418843984604"
"234434","0.0613526850938797","0.0613526850938797","0.0613526850938797"
"234440","0.03697667643427849","0.03697667643427849","0.03697667643427849"
"234450","0.06184655800461769","0.06184655800461769","0.06184655800461769"
"234455","0.05070404335856438","0.05070404335856438","0.05070404335856438"
"234466","0.05506579205393791","0.05506579205393791","0.05506579205393791"
"234477","0.036656029522418976","0.036656029522418976","0.036656029522418976"
"234495","0.05424338951706886","0.05424338951706886","0.05424338951706886"
"234544","0.06123406067490578","0.06123406067490578","0.06123406067490578"
"234556","0.04960179328918457","0.04960179328918457","0.04960179328918457"
"234572","0.03128771856427193","0.03128771856427193","0.03128771856427193"
"234609","0.06158897653222084","0.06158897653222084","0.06158897653222084"
"234613","0.04865170270204544","0.04865170270204544","0.04865170270204544"
"234656","0.04203546792268753","0.04203546792268753","0.04203546792268753"
"234686","0.05103065073490143","0.05103065073490143","0.05103065073490143"
"234689","0.06082630529999733","0.06082630529999733","0.06082630529999733"
"234692","0.036198876798152924","0.036198876798152924","0.036198876798152924"
"234699","0.04295015335083008","0.04295015335083008","0.04295015335083008"
"234701","0.04845527186989784","0.04845527186989784","0.04845527186989784"
"234733","0.04562227427959442","0.04562227427959442","0.04562227427959442"
"234753","0.06246926262974739","0.06246926262974739","0.06246926262974739"
"234824","0.04582306742668152","0.04582306742668152","0.04582306742668152"
"234842","0.05630519241094589","0.05630519241094589","0.05630519241094589"
"234845","0.04465079307556152","0.04465079307556152","0.04465079307556152"
"234853","0.04948710650205612","0.04948710650205612","0.04948710650205612"
"234872","0.05201217159628868","0.05201217159628868","0.05201217159628868"
"234880","0.05056688189506531","0.05056688189506531","0.05056688189506531"
"234900","0.049636244773864746","0.049636244773864746","0.049636244773864746"
"234901","0.033511728048324585","0.033511728048324585","0.033511728048324585"
"234934","0.047752268612384796","0.047752268612384796","0.047752268612384796"
"234939","0.04578585922718048","0.04578585922718048","0.04578585922718048"
"234964","0.04963340610265732","0.04963340610265732","0.04963340610265732"
"234990","0.04312766343355179","0.04312766343355179","0.04312766343355179"
"235043","0.037234365940093994","0.037234365940093994","0.037234365940093994"
"235052","0.05401361733675003","0.05401361733675003","0.05401361733675003"
"235111","0.036070823669433594","0.036070823669433594","0.036070823669433594"
"235121","0.03480299562215805","0.03480299562215805","0.03480299562215805"
"235124","0.04231632873415947","0.04231632873415947","0.04231632873415947"
"235159","0.04119037091732025","0.04119037091732025","0.04119037091732025"
"235193","0.08445782959461212","0.08445782959461212","0.08445782959461212"
"235228","0.04651181399822235","0.04651181399822235","0.04651181399822235"
"235249","0.03812333941459656","0.03812333941459656","0.03812333941459656"
"235272","0.053862590342760086","0.053862590342760086","0.053862590342760086"
"235288","0.0603703036904335","0.0603703036904335","0.0603703036904335"
"235332","0.05168883129954338","0.05168883129954338","0.05168883129954338"
"235379","0.058835238218307495","0.058835238218307495","0.058835238218307495"
"235431","0.05026070028543472","0.05026070028543472","0.05026070028543472"
"235443","0.047696955502033234","0.047696955502033234","0.047696955502033234"
"235444","0.04675374925136566","0.04675374925136566","0.04675374925136566"
"235451","0.04096183925867081","0.04096183925867081","0.04096183925867081"
"235474","0.04504943639039993","0.04504943639039993","0.04504943639039993"
"235487","0.03746824711561203","0.03746824711561203","0.03746824711561203"
"235499","0.043447792530059814","0.043447792530059814","0.043447792530059814"
"235514","0.03344520926475525","0.03344520926475525","0.03344520926475525"
"235518","0.043746668845415115","0.043746668845415115","0.043746668845415115"
"235525","0.04218592494726181","0.04218592494726181","0.04218592494726181"
"235554","0.06448514759540558","0.06448514759540558","0.06448514759540558"
"235571","0.059410400688648224","0.059410400688648224","0.059410400688648224"
"235655","0.05375361442565918","0.05375361442565918","0.05375361442565918"
"235669","0.0348641499876976","0.0348641499876976","0.0348641499876976"
"235721","0.031435951590538025","0.031435951590538025","0.031435951590538025"
"235784","0.03903607651591301","0.03903607651591301","0.03903607651591301"
"235868","0.04665418714284897","0.04665418714284897","0.04665418714284897"
"235889","0.04891984909772873","0.04891984909772873","0.04891984909772873"
"235918","0.06855848431587219","0.06855848431587219","0.06855848431587219"
"235928","0.05715664476156235","0.05715664476156235","0.05715664476156235"
"235932","0.05820964649319649","0.05820964649319649","0.05820964649319649"
"235933","0.038160789757966995","0.038160789757966995","0.038160789757966995"
"235935","0.056788522750139236","0.056788522750139236","0.056788522750139236"
"235957","0.03623485192656517","0.03623485192656517","0.03623485192656517"
"235972","0.0514618381857872","0.0514618381857872","0.0514618381857872"
"235988","0.040999867022037506","0.040999867022037506","0.040999867022037506"
"236031","0.05022942274808884","0.05022942274808884","0.05022942274808884"
"236034","0.057951509952545166","0.057951509952545166","0.057951509952545166"
"236037","0.04297291114926338","0.04297291114926338","0.04297291114926338"
"236047","0.0401306226849556","0.0401306226849556","0.0401306226849556"
"236060","0.04643967002630234","0.04643967002630234","0.04643967002630234"
"236073","0.055779825896024704","0.055779825896024704","0.055779825896024704"
"236081","0.03286697715520859","0.03286697715520859","0.03286697715520859"
"236085","0.035736069083213806","0.035736069083213806","0.035736069083213806"
"236101","0.035787634551525116","0.035787634551525116","0.035787634551525116"
"236109","0.03392501920461655","0.03392501920461655","0.03392501920461655"
"236141","0.05475898087024689","0.05475898087024689","0.05475898087024689"
"236208","0.04668726772069931","0.04668726772069931","0.04668726772069931"
"236216","0.052165113389492035","0.052165113389492035","0.052165113389492035"
"236226","0.04327408969402313","0.04327408969402313","0.04327408969402313"
"236277","0.02930898219347","0.02930898219347","0.02930898219347"
"236294","0.030422966927289963","0.030422966927289963","0.030422966927289963"
"236397","0.032938145101070404","0.032938145101070404","0.032938145101070404"
"236429","0.052542395889759064","0.052542395889759064","0.052542395889759064"
"236447","0.05147993564605713","0.05147993564605713","0.05147993564605713"
"236486","0.05024052783846855","0.05024052783846855","0.05024052783846855"
"236497","0.04630497470498085","0.04630497470498085","0.04630497470498085"
"236508","0.04430545121431351","0.04430545121431351","0.04430545121431351"
"236514","0.03827511891722679","0.03827511891722679","0.03827511891722679"
"236583","0.03671775385737419","0.03671775385737419","0.03671775385737419"
"236602","0.03724566847085953","0.03724566847085953","0.03724566847085953"
"236638","0.038591958582401276","0.038591958582401276","0.038591958582401276"
"236650","0.041289735585451126","0.041289735585451126","0.041289735585451126"
"236655","0.03586733713746071","0.03586733713746071","0.03586733713746071"
"236692","0.029888339340686798","0.029888339340686798","0.029888339340686798"
"236712","0.03258730471134186","0.03258730471134186","0.03258730471134186"
"236726","0.04597994685173035","0.04597994685173035","0.04597994685173035"
"236737","0.035021863877773285","0.035021863877773285","0.035021863877773285"
"236754","0.07181373238563538","0.07181373238563538","0.07181373238563538"
"236775","0.05693506821990013","0.05693506821990013","0.05693506821990013"
"236779","0.03560043126344681","0.03560043126344681","0.03560043126344681"
"236799","0.049925148487091064","0.049925148487091064","0.049925148487091064"
"236844","0.04694842919707298","0.04694842919707298","0.04694842919707298"
"236873","0.03882221132516861","0.03882221132516861","0.03882221132516861"
"236888","0.05214530974626541","0.05214530974626541","0.05214530974626541"